node,BiBC
3-Hydroxypicolinic acid-F,0.6666666666666666
trans-Coniferryl alchool-F,0.9534881037822116
4-Pentenoic acid-F,7.257689338580468
Glycolic acid-F,76.82824977244363
Acetohydroxamic acid-F,58.8527523539003
5-Hydroxy-2-methylpyridine-F,1.8822410023627465
Argininosuccinic acid-F,0.3915123989949577
2-Hydroxy-3-methylbutyric acid-F,1060.8079327741384
"Hexadecanoic acid, tetradecyl ester-F",0.48198858947114814
Butyl caprylate-F,4.091476300989538
"1,7-Dimethyl-4-(1-methylethyl)cyclodecane-F",929.5299265658213
Arabinitol-F,0.0
"cis,cis,cis-1-Isobutyl-2,5-dimethylcyclohexane-F",0.0
phenoxyethanol-F,28.079710950389153
Ethanamine-F,0.0
1-Octadecanol-F,107.8817714860195
L-Asparagine-F,0.0
3-Amino-2-piperidone-F,9.473748915481133
L-Hydroxyproline-F,18.363707381851775
Niacinamide-F,76.08156644005538
Arabinose-F,63.76526622536575
Pyrrole-2-carboxylic acid-F,934.5461603723809
L-Norvaline-F,371.8574208073474
4-Hydroxybenzoic acid-F,63.2507118399699
"Thymidine, 5'-phosphate-F",121.23290856723837
L-Serine-F,599.0236965335787
Cytosine-F,831.7666058955689
L-(+)-Rhamnopyranose-F,458.3629502566325
L-Valine-F,266.1219346188553
N-Acetylglucosamine-F,133.88649933649478
"(4,4-Dimethyl-5-methylene-4,5-dihydro-3H-pyrrol-2-yl)-(4,4-dimethyl-5-methylene-pyrrolidin-2-ylidene)-acetonitrile-F",320.0954215754719
"D-(+)-Ribono-1,4-lactone-F",80.79704426023156
"2,6-Di-O-methyl-d-galactopyranose-F",5.361591511684407
"2-Pentenedioic acid, 2-hydroxy--F",92.73631092040105
Methylsuccinic acid-F,19.23110519033824
N-Acetyl-L-glutamic acid-F,2.651941729645714
Niacin-F,0.0
N-Methyl-alpha-aminoisobutyric acid-F,2.7117789038251363
4-Hydroxybenzaldehyde-F,260.58793735134395
9H-Purin-6-ol-F,19.171306689111688
Levulinic acid-F,541.9117472420028
N-Ethyldiethanolamine-F,10.321405557824196
Phloretic acid-F,0.4123113465461787
Thr-Leu-F,20.4659459881174
L-(+)-Lactic acid-F,2.0214428511095996
Pimelic acid-F,16.55008851951849
Xanthine-F,0.013333333333333334
Citric acid-F,4.351465788944148
Pentanoic acid-F,10.577200652033754
Phenol-F,156.93971851191085
Pyrogallol-F,17.69262094924275
"(2,2-Dimethyl-5-[2-(2-ethoxymethoxy)propyl][1,3]dioxolan-4-yl)methanol-F",20.28427927001481
D-Mannopyranose-F,39.26835489214095
alpha-D-(+)-Talopyranose-F,239.4202322356171
"Gulonic acid, gamma-lactone-F",0.0
Idoxuridine-F,0.029411764705882353
"1,3-Dioxane, 2,2-dimethyl-5-hydroxy--F",0.0
"2,3-Dihydroxy-2-methylpropanoic acid-F",0.7134199134199134
"1,5-Anhydroglucitol-F",0.40713671433485676
17-alpha-Hydroxypregnenolone-F,14.41493481821702
5-Hydroxymethyl-2-furoic acid-F,65.20809458701974
D-(+)-Glucosamine-F,826.5334695800091
Pantothenic acid-F,3.3068439256155315
"Methyl galactoside (1S,2S,3S,4R,5R)-F",332.6193987595513
Octadecyl octyl ether-F,51.2048368339796
11-Hydroxy-.DELTA.-9-tetrahydrocannabinol-F,0.0
2'-Deoxyribolactone-F,24.55979594150798
4-Hydroxybutanoic acid-F,0.0
11-Methyldodecanol-F,58.52242963661117
"Acetamide, N-(2-butyl)-N-methyl--F",23.393932996854907
D-(+)-Talofuranose-F,9.038596526822937
"Guanidine, N,N-dimethyl-F",110.87501937276087
"Hexadecanoic acid, 4-hydroxybutyl ester-F",3.4071266170484877
12-Oxooctadecanoate-F,0.0
5-Methyluridine-F,26.799721450675055
13-Docosenamide-F,40.097567554974624
Benzoic Acid-F,2.4416595139951585
1-Dodecanol-F,50.72504265831516
3-Deoxyhexitol-F,127.67865350703201
D-Arabinose-F,6.265664101250243
Undecanoic acid-F,42.18314225863796
1-Hexacosene-F,0.0
Ethyl glycolate-F,1.555147462833179
1-Hexanol-F,0.0
Cyclo(L-prolyl-L-valine)-F,1.5849151059423772
"D-Erythro-Pentitol, 2-deoxy--F",0.0
1-Methyl-4-hydroxy-1H-imidazol-2-amine-F,2.4921336473609634
d-Erythrotetrofuranose-F,17.57402320468854
"Dimethyl hexopyranosiduronate, alpha-D-F",32.864004717935686
"Inosose-2, myo-F",20.37777236336024
Ribitol-F,2.269692126893127
1-Monopalmitin-F,0.031746031746031744
Hexanedioic acid-F,0.6078211018248275
Pipecolic acid-F,1511.7023741862151
"2-Furanacetaldehyde, tetrahydro-alpha-F",0.005847953216374269
Isopropyl palmitate-F,0.0
1-Octanol-F,510.5245101092996
Tetrahydrolinalool-F,297.83931229118457
1-Tetradecanol-F,4.281328480671193
"2-Butenoic acid, 2-hydroxy--F",3.1915932830397145
"Cyclopenta[g]-2-benzopyran, 1,3,4,6,7,8-hexahydro-4,6,6,7,8,8-hexamethyl-F",28.782903282158024
Palmitic Acid-F,0.0
"2',2,3,6'-Tetramethoxychalcone-F",31.140936283715657
"beta-D-Galactopyranoside, methyl-, acetate-F",10.251171154362993
Dodecanamide-F,59.54259443553325
"2,3,4,5-Tetrahydroxypentanoic acid-1,4-lactone-F",0.3993600930773705
"2,3,4-Trihydroxybutyric acid-F",553.5817228731692
2-Ethylacetoacetate-F,576.6773430162815
"3-Hydroxy-2,3-dihydromaltol-F",91.0961665428325
"Erythrono-1,4-lactone-F",0.017699115044247787
Ribonic acid-F,102.28665975136215
"2,3-Butanediol-F",173.43596734052608
4-Pyridinol-F,1.2306612927302583
"2,5-Cyclohexadiene-1,4-dione, 2,6-bis(1,1-dimethylethyl)-F",180.27314217364494
"2,5-Di-tert-butyl-4-hydroxyphenol-F",245.90405901123864
3-Methyl-2-furoic acid-F,5.131777722154108
3-Undecene-F,9.756508945208143
"2,5-Dimethoxymandelic acid-F",415.55631007407675
alpha-D-Xylopyranose-F,4.327341653811778
l-Leucyl-l-valine-F,546.9606307792354
"2,5-Dimethoxyphenol-F",4.572261512194304
"2-Allyl-1,4-dimethoxybenzene-F",451.1903050685491
"3,4-Dihydrocoumarin, 4,4-dimethyl-6-dimethylamino-F",634.1348855211842
Syringaldehyde-F,350.5344599776859
L-Glutamic acid-F,0.022751684405819747
Syringic acid-F,16.10624849360205
3-Hexenedioic acid-F,40.97673874081034
2-Aminoadipic acid-F,120.16775560463279
"Pentanoic acid, 4-methyl-2-oxo--F",63.95854570618887
2-Aminobutanoic acid-F,304.89132508050614
4-Coumaric acid-F,656.4574746977738
Butyl Succinate-F,733.9723485591493
"2-Butenoic acid, 2-methyl-, 2-methyl-2-propenyl ester-F",2.868084861948959
Cyclohexanecarboxylic acid-F,2.4477210572605124
Methyl stearate-F,201.9026883465353
Myristic acid-F,82.1278698699904
Nonadecanoic acid-F,7.867132439038666
"Propanoic acid, 2-hydroxy-3-phosphate--F",0.0
Tetrahydrogeranyl formate-F,7.281228323707995
Glycerol tricaprylate-F,12.836102763031986
"Hexadecanoic acid, ethyl ester-F",471.74492602945577
Trisaminol-F,1125.737503770571
2'-Desoxyuridine-F,9.819239153311715
Thymidine-F,68.5690805673938
8-Hydroxy-5-(hydroxymethyl)quinoline-F,1.034837212308993
beta-D-(-)-Ribopyranose-F,2.5514089256099064
"Propanoic acid, 2-oxo-F",1541.6296550745103
Tricine-F,0.3817746795687971
2-Ethylhexanoic acid-F,31.427464178695736
Dehydroabietic acid-F,0.0
Oxalic acid-F,324.3192652973102
Serine-F,365.7654357049293
2-tert-Butyl-4-ethylphenol-F,183.69055747435445
6-Hydroxyhexanoic acid-F,202.63584669647992
Decanoic acid-F,2.9556757109295444
2-Hydroxy-5-methoxybenzaldehyde-F,0.11716735133826564
2-Palmitoylglycerol-F,0.6020286852037768
9-Octadecen-1-ol-F,0.0
2-Pentenedioic acid-F,4.947018662845551
4-Methoxyphenol-F,495.10791226062724
2-Piperidinone-F,14.33942311585204
5-Aminovaleric acid-F,0.0
Butanedioic acid-F,0.0
"Thymine, 1,3-dimethyl-6-hydroxymethyl-F",146.26845854164458
"2-Propenoic acid, 2-hydroxy-3-(4-hydroxyphenyl)-F",0.0
4-hydroxy-3-penten-2-one-F,396.5814881973923
Lignoceric acid-F,467.64790666988443
Sebacic acid-F,272.6964966840716
3-(3-Hydroxyphenyl)propanoic acid-F,123.93028165704003
Cyclohexanemethanol-F,724.7819775229852
L-Valyl-L-leucine-F,1216.8296438560828
beta-Arabinopyranose-F,51.5274225911442
L-5-Oxoproline-F,3.7759193420958126
3-Hydroxybutyric acid-F,2.257172340438318
Hexacosanoic acid-F,0.0
3-Hydroxyisovaleric acid-F,4.859262848883587
3-O-methyl-beta-D-Glucopyranose-F,10.646237612185129
alpha-Ketoisovaleric acid-F,0.0
Menthol-F,405.0982478773869
Valylvaline-F,0.0
4-Aminobenzoic acid-F,0.6925087397543683
"Hexadecanoic acid, methyl ester-F",54.00737224742889
4-Hydroxy-5-(hydroxymethyl)oxolan-2-one-F,223.18607400998187
alpha-Tocopheryl acetate-F,40.483856813168565
Nonanoic acid-F,9.071563005475154
DL-Phenylalanine-F,120.64486042078974
Phenylalanine-F,226.97231231334717
4-Hydroxybenzeneacetic acid-F,0.0
Kojic acid-F,825.9394661219623
4-Hydroxyphenyllactic acid-F,8.569604386091244
4-Methyl-5-thiazoleethanol-F,37.85617267321103
9-Octadecenoic acid-F,1011.1685887607066
"5,10-Diethoxy-2,3,7,8-tetrahydro-1H,6H-dipyrrolo[1,2-a:1',2'-d]pyrazine-F",0.0
Levoglucosan-F,0.16374893887550587
Hydracrylic acid-F,114.02131638511067
"7,9-Di-tert-butyl-1-oxaspiro(4,5)deca-6,9-diene-2,8-dione-F",15.141806547589535
"Propane, 2-methyl-F",0.49509031198686365
Dihydrouracil-F,506.1408657806755
Aconitic acid-F,5.567554772449086
"Benzenepropanoic acid, 3,5-bis(1,1-dimethylethyl)-4-hydroxy-, methyl ester-F",26.440819852620773
Acetoacetic acid-F,162.5598138262418
Ser-Leu-F,0.3544079794079794
D-Ribose-F,0.0
Arachidic acid-F,0.11437908496732026
Pentadecanoic acid-F,5.810767546665767
"Azetidine, 1-acetyl-2-methyl-F",2.2171882593446997
Pyridoxic acid-F,0.0
Stearic acid-F,601.9017600950415
beta-Alanine-F,433.1752821085882
"beta-d-Glucopyranose, 2-(acetylamino)-3,6-anhydro-2-deoxy-F",17.768238359618895
"Butanoic acid, 3,4-dihydroxy--F",62.17552275900973
Ketamine-F,0.0
Campesterol-F,3.9944324119454215
Propanedioic acid-F,195.24207944174324
Cholesterol-F,1.3065936651061476
D-(-)-Ribofuranose-F,243.04496697186804
D-Allofuranose-F,41.09613996572713
Methyl 2-acetamido-2-deoxy-3-O-methyl-alpha-D-galactopyranoside-F,625.67844465479
Glycerol-F,1.0311120253573343
D-Fructose-F,21.877679714775166
D-Glucose-F,78.60201968823571
L-Isoleucine-F,1031.1376635193533
Uracil-F,1377.4259527194374
"Gluconolactone (3R,4S,5R,6R)-F",62.15999017381686
Picolinic acid-F,277.6400866421241
Heptadecanoic acid-F,7.1990876923171205
Methyl beta-Arabinofuranoside-F,0.09047619047619047
L-(-)-Sorbofuranose-F,0.11698717948717949
"Methyl (3,4-dimethoxyphenyl)(hydroxy)acetate-F",3.3748154971902884
Isocitric acid lactone-F,4.335956037346321
L-Aspartic acid-F,949.639294106308
Norketamine-F,276.08039592914946
"N,N-Diethyl-2-aminoethanol-F",3.521001152436761
Lactic Acid-F,49.01747069889157
Palmitelaidic acid-F,1.4699163415213434
Tyrosine-F,1267.2576252142135
L-Leucine-F,22.057010281316167
L-Rhamnose-F,994.3599479322374
L-Threonine-F,213.09431733834944
"L-Valinamide, N(2),N(2)-dimethyl-F",410.46884632589183
N-Acetyl-L-phenylalanine-F,4.027108320258247
"Xylonic acid, delta-lactone-F",104.72128211438604
Monolaurin-F,3.6908380241423284
Xylose-F,560.947702220805
N-(2-hydroxyethyl)-succinimide-F,133.20217652586274
N-Acetyl glucosamine methoxime-F,138.9369134438477
Uridine-F,1.794771743465512
Vanillin-F,390.3534908010027
3-Aminobutanoic acid-F,8.90463400980338
"Cephalotaxine, 3-deoxy-3,11-epoxy-, (3alpha,11alpha)--P",214.2620825905824
Dihydrouracil-P,1502.0963457105688
Indole-3-lactic acid-P,5457.839442305964
Albizziin-P,1.89228052250443
Benzyl alcohol-P,16.75121925691161
DL-Ornithine-P,35.44131617991188
L-Glutamine-P,23.83481048386916
3-Indoleacetic acid-P,5629.402367443823
"9H-Fluorene, 9-methylene--P",10.194947294991717
"2,6-Dimethyl-N-[3-(trimethylsilyl)-1,3-thiazinan-2-ylidene]aniline-P",833.8700195411147
Uridine-P,402.38979052247873
Deoxyglucose-F,0.0
"Octane, 1-propoxy--P",176.2930786007103
Erythritol-F,21.70351139464081
2-Hydroxybutyric acid-P,487.0435029436554
3-Aminobenzoic acid-P,248.28972070030284
Tetradecanenitrile-P,29.563634879371936
L-Glutamine-F,1.3813322968594233
"2,2-Diallylpyrrolidine-P",424.0642835016345
Campesterol-P,1.839055653984045
"1H-Pyrazole, 3,4-bis(trimethylsilyl)--P",87.58281556648737
"Acetohydrazide, 2-(2-isopropyl-5-methylphenoxy)-N2-benzylideno--P",1277.634369017006
10-Heptadecenoic acid-P,5078.807725886542
"3-Methylpiperazine-2,5-dione, (R)--P",2554.460278008722
"alpha-L-Galactopyranoside, methyl 6-deoxy-, (R,R,R,S,S)--P",90.84621637512026
Arsenous acid-P,158.67214203981695
Glyceric acid-P,456.6543581090359
L-Alanine-P,257.41745670938025
L-Isoleucine-P,74.63687184454415
Palmitelaidic acid-P,9.044298913848163
2-Isopropyl-5-methyl-1-heptanol-P,1021.4360696901412
3-Aminobutanoic acid-P,408.7504419782926
3-Methoxysalicylic acid-P,1410.1711567066573
"3beta-TRIMETHYLSILOXY-5alpha,6alpha-EPOXYCHOLESTANE-P",1217.0258281658105
5-Hydroxyquinoline-P,2488.5570145941633
9-Octadecenoic acid-P,520.7990243361506
"Benzaldehyde, 2,5-dimethyl--P",17466.50632720664
"Butanoic acid, 2,4-bis[(trimethylsilyl)oxy]--P",1808.3044773762656
Dinoseb-P,4105.015031660256
DL-Glyceraldehyde-P,2382.8493778125003
"Dodecane, 4,6-dimethyl--P",2377.8368880922803
Isofucosterol-P,7768.913326841939
Mirin-P,469.92080718004166
N-Isobutyrylglycine-P,7.196541737168206
"N,O-Bis(trimethylsilyl)carbamate-P",992.8508168131901
Cyclobutanol-P,78.49113288634173
Tartronic acid-P,4321.334876545192
Trimethylsilyl oct-2-enoate-P,659.2690779363907
4-Hydroxybutanoic acid-P,37.27956745633584
"Benzene, 4-ethenyl-1,2-dimethoxy--P",40.68539896510168
"2,6-Bis[2-[2-S-thiosulfuroethylamino]ethoxy]pyrazine-P",964.7277491056755
Butylated Hydroxytoluene-P,352.9380278015008
Myristic acid-P,1023.2704937635324
4-Hydroxybenzaldehyde-P,2.788509176009175
"L-Tryptophan, N-acetyl-1-P",79.38646258740272
"Erythrono-1,4-lactone, (Z)--P",1536.4190933495481
Ethanolamine-P,485.84621828842546
"Glycine, N-(1-oxobutyl)--P",657.4709488367328
1-Aminocyclopropanecarboxylic acid-P,22.15338858139804
"1-Methyl-N,N-bis(trimethylsilyl)-4-[(trimethylsilyl)oxy]-1H-imidazol-2-amine-P",380.26810205238047
3-Amino-2-piperidone-P,267.2364771279696
"D-Isoleucine, N-acetyl--P",286.21719890697995
"D-Xylofuranose, 1,2,3,5-tetrakis-O--P",13.411305140396353
Galactopyranose-P,436.8381495803966
"Inosose-2, 1,3,4,5,6-pentakis--P",2519.140292613595
L-Aspartic acid-P,1413.5821214960022
L-Glutamic acid-P,32.87329429129016
Methyl-3-methoxy-5-methyl benzoate-P,1358.4479611614622
"Pyrimidine, 5-methyl-2,4-bis[(trimethylsilyl)oxy]--P",1061.4503312649222
Uracil-P,53.44231626274314
(pm)-N-Propylamphetamine-P,3.3030522948813115
n-Pentadecanol-P,1103.0520282969223
Xylazine-P,21.951448088719516
"5-Cholesten-3beta, 7alpha-bis[(trimethylsilyl)oxy]--P",1.9259300683491798
Decanoic acid-P,405.89137969037125
1-Hydroxy-3-methoxy-6-methylanthraquinone-P,2777.830402898192
"Dodecanamide, N-(2-hydroxyethyl)--P",64.18195750373363
Trimidox-P,1289.644998442271
"1H-Indole-2-carboxylic acid, 5-ethyl-1-(trimethylsilyl)-F",105.59239029772796
2-Ketoisocaproic acid-P,824.4992333969085
"2,5-Dimethoxymandelic acid-P",18.500074729604883
"Cholest-7-en-3-ol, (3beta,5alpha)--P",502.7781911373592
"Propanoic acid, 2-methyl--P",1375.5193085880069
Bis(trimethylsilyl)acetylene-P,503.52450016469146
"Ethanone, 1-(2,5-dimethoxyphenyl)--P",692.2890329211431
2-Heptenoic acid-P,1936.2887067017275
"2,2,4-Trimethyl-1,3-pentanediol diisobutyrate-P",1283.720394602814
3-Hydroxyisovaleric acid-P,1049.0883403008934
4-Cumylphenol-P,1543.38058988239
"Acetin, bis-1,3-trimethylsilyl ether-P",102.80786609971814
Benzophenone-P,3028.9147981727224
Butylmethylamine-P,1220.1525555516641
Dehydronorketamine-P,26.457436384532667
Diphenyl ether-P,402.7774150091981
Glycine-P,1016.4897016995831
Methyl aminoacetate-P,6698.3236841850185
Nonadecanoic acid-P,1801.4987030385262
Nonanal-P,527.5266532825312
"Stigmast-5-ene, 3beta--P",3079.4420513402083
1-Tetracosene-F,1.3804019675360915
"(S,S)-(-)-Hydrobenzoin-P",126.4420906744467
N-Acetyl-L-glutamic acid-P,226.5124960857294
N-Isovaleroylglycine-P,986.4628641637282
Glyoxime-P,400.9542337787228
(pm)-Norketamine-P,84.63559777173647
"1,3-Cyclohexanebis(methylamine)-P",12.932743162326798
Acetoacetic acid-P,304.67726000549715
"Cholesta-3,5-dien-7-one-P",220.61045354774436
4-Hydroxybenzoic acid-P,115.63414883335575
Cyclo(L-prolyl-L-valine)-P,22.780587534424033
Pipecolic acid-P,5.297313511835822
3'-(Trimethylsilyl)oxy-beta-naphthoflavone-P,1035.696961713677
"2,4-Di-tert-butylphenol-F",730.9021560007216
"1-Phenyl-1,2-ethanediol-P",76.1415868489959
2-Furoic acid-P,14.607823014884842
2-Methyl-4-pentenoic acid-P,2838.3770609036073
"3,4-Dihydrocoumarin, 4,4-dimethyl-6-dimethylamino--P",14.270088142147953
beta-Hydroxypyruvic acid-P,1.921710192937889
cis-4-Trimethylsilyloxy-cyclohexyl(trimethylsilyl)carboxylate-P,1345.9920556503198
Octocrylene-P,481.77206584946964
"Quinolin-4-one, 1-[2-(3,4-dimethoxyphenyl)ethyl]-octahydro--P",85.94884869651897
Succinic anhydride-P,14.916296020450188
DL-Phenylalanine-P,542.3602366166992
"2,5-Dimethoxybenzhydrazide-F",71.45002740852041
D-Leucylglycylglycine-P,2.9398663822815614
"2,5-Dimethoxy-4-methylamphetamine-P",10.748450056611405
"3-Cyclohexyl-L-alanine amide, N,N,N'N'-tetramethyl--P",44.788794984805925
"5alpha-Pregnane-3,20-dione-P",690.2685539668945
"Cyclohexene, 3-butyl-3-methyl-1-trimethylsilyloxy--P",101.2782192636827
"2,3,4-Trihydroxybutyric acid tetrakis-P",886.0779111491732
Dobutamine-P,1.398802261978337
"Glycine, N-(N-DL-leucylglycyl)--P",165.9251893069642
Methylmalonic monoamide-P,2310.4746536824364
Oxalic acid-P,96.88654491504046
Quazodine-P,56.99720218647437
Trimethylsilyl 3-((trimethylsilyl)thio)propanoate-P,17.637181486062747
"(7a-Isopropenyl-4,5-dimethyloctahydroinden-4-yl)methanol-P",1014.8821602184672
"2-Propanone, bis(1-methylethyl)hydrazone-P",1953.6799053077666
2-Pyrrolidinone-P,1001.288970235318
"2,4-Imidazolidinedione, 5,5-dimethyl--P",2561.95740887488
"beta-D-Galactofuranose, 1,2,3,5,6-pentakis-O-(trimethylsilyl)--P",687.9950305529345
"Dodecanoic acid, 1-methylethyl ester-P",426.58179360040435
"L-Lysine, ethyl ester-P",323.1741497195071
"1,3,5-Trimethyl-1H-pyrazol-4-amine-P",88.18173457856268
3'-Hydroxyacetophenone-P,522.9125738248275
1-Phenethylamine-P,602.5976224626651
"6,8-Dioxapentadecane-P",456.80931206517033
"9,12-Octadecadienoic acid-P",294.705430832082
alpha-Linolenic acid-P,977.1866480250114
4-Pyridinol-P,100.13716078935899
Alloxanic acid-P,1.5164579544370214
3-Nonen-1-ol-P,250.47025235627328
5-Henicosylresorcinol-P,1182.5844204850937
"Benzo[b]fluorene, 5-amino-7-methyl-1,2,3,4,6,7,8,9-octahydro-11-thia-10-aza--P",97.65112760222706
Desmosterol-P,385.81730025693827
Dopamine-P,9.883967712313297
Hydroquinidine-P,415.59024868369767
"1,2,3,10,11,11a-Hexahydro-6,7,8-trimethoxy-3-oxo-5H-dibenzo(a,d)cycloheptene-P",683.5037245907109
"Cholest-22-ene-21-ol, 3,5-dehydro-6-methoxy-, pivalate-P",209.2806169351607
Trisaminol-P,42.10167349323346
2-Pyrrolidinone-F,465.8296613500322
"2-Heptanone, 4,6-dimethyl--P",1380.6179212505433
2-Pentenoic acid-P,235.85392540335943
"Cyclopentanone, 2,2,4-trimethyl--P",689.9377984113053
Metanephrine-P,551.7886297313693
2-Ethyl-3-hydroxypropionic acid-P,421.5510169218987
Cyclohexanol-P,1436.1503957325747
"Pentenoic acid, 4-[(trimethylsilyl)oxy]--P",106.27640812435723
"1,5-Anhydroglucitol-P",1026.538927507427
Nonanoic acid-P,3.5307565698710763
3-Buten-2-one-F,339.1384204586036
"2-(Decanoyloxy)propane-1,3-diyl dioctanoate-P",8319.865714052974
"7-Acetyl-6-ethyl-1,1,4,4-tetramethyltetralin-P",298.2606958908002
"Benzene, 3-cyclohexen-1-yl--P",106.77519852236934
Isonicotinic Acid-P,296.82663115795106
Pentylone-P,0.06026516673362796
Hexanoic acid-P,186.1939490481873
"N,9-bis(Trimethylsilyl)-6-[(trimethylsilyl)oxy]-9H-purin-2-amine-P",309.59621147963344
3-Pyridylcarbinol-F,2169.6920986986006
"1-Butanamine, N,N-diethyl--P",2188.2000014841947
3-Amino-5-morpholinomethyl-2-oxazolidinone-P,1445.8235701298815
Arachidonic acid-P,408.98146135105026
"Azetidine, 1-acetyl-2-methyl--P",226.1695080090479
D-Fructose-P,667.3933748122396
D-Ribose-P,128.81032599246743
Glycolic acid-P,507.6289352820739
Hydracrylic acid-P,1230.9581523565716
L-Hydroxyproline-P,59.41430017692889
Sertraline carbamoyl glucuronide-P,1913.3950463640927
pyrazole-F,80.1766012837932
3-Indolepropionic acid-P,1025.5896163125894
"3,5-di-tert-Butyl-4-hydroxyacetophenone-P",0.0056179775280898875
alpha-Tocopherol-P,875.8677412625719
Salsoline-P,114.42916824877365
Nitrosothymol-P,1072.6376459483893
"(R*,S*)-2,3-Dihydroxybutanoic acid-P",661.2558878537116
"2,5-Dimethoxybenzonitrile-P",4.983763084335355
Adipoyl-L-carnitine-P,1361.6862112778863
5-Hydroxyhexanoic acid-P,175.62548695848025
Phosalone-P,172.72991447780186
Aceturic acid-P,1177.2352885345647
Glucose-P,5.720711250811375
"1,1'-Biphenyl, 3,4-diethyl--P",2644.6985583671053
"Cholesta-3,5-diene-P",7.319973118895485
Isoxaben-P,115.53620146673822
"Phenol, 3,5-bis(1,1-dimethylethyl)--P",179.13699888413686
"Dimethyl hexopyranosiduronate, alpha-D--P",5.8343054711339155
"2-Allyl-1,4-dimethoxybenzene-P",622.5137634666763
4-Hydroxyphenyllactic acid-P,645.8877113555644
"Ethanone, 1-(5-methoxy-2-methyl-3(1H)-indolyl)--P",152.47975122375126
"1,2-Benzenedicarboxylic acid-P",1726.8038236773712
"3-Buten-2-one, 3-trimethylsilyloxy--P",40.65157937489621
12-Oxooctadecanoate-P,3476.1607368789623
(pm)-Phenylpropanolamine-P,11.656190279665578
"Aziridine, 1-(2-buten-2-yl)--P",157.5226787410254
Ketamine-P,710.852959755227
4-Methylvaleric acid-P,379.59853978594623
5-Oxohexanoic Acid-F,1.3113574982092784
Hexanedioic acid-P,66.22899990555955
9-Octadecenamide-F,41.06873141535842
2-Naphthol-P,49.5091449626765
3-Methyladenine-P,171.00621512184614
"3,5-Dimethylpyrazole-P",1601.827132118371
"3beta,4beta-Bis(trimethylsiloxy)cholest-5-ene-P",3389.807044620035
"Benzimidazole, 5-trifluoromethyl-2-methyl--P",4240.150518331306
Indole-5-carboxylic acid-P,961.737119596919
Phenoxyacetic acid-P,3274.3529676824933
Triethanolamine-P,2338.446003541735
Octopamine-P,296.3323944258253
12-Hydroxyoctadecanoic acid-P,24.16277362013191
Ethyl cis-2-trimethylsilyl-cyclopropane-1-carboxylate-P,0.43677760492804907
"N,N-Dimethyl-2-cyclohexyloxyethylamine-P",1590.0274862851404
"Propiophenone, 3',4'-dimethoxy--P",845.8837222055844
alpha-L-(-)-Fucopyranose-F,0.0
1-Cyclopentylethanol-P,2531.8704108676548
alpha-Linolenic acid-F,6.068580458710257
L-Asparagine-P,47.51782899233582
"Arabinofuranose, 1,2,3,5-tetrakis-F",63.026347315483655
"2,2,8,8-Tetramethyl-3,7-dioxa-4-aza-2,8-disilanon-4-ene-P",14.358724082241878
"2-Hexenoic acid, 2-[(trimethylsilyl)oxy]--P",204.87270145982046
Allylescaline-P,149.07607152633818
"Propanetriol, 2-methyl--P",1205.4952718803245
Azelaic acid-F,0.0
Octan-2-yl palmitate-P,0.637663906142167
"Benzeneethanamine, N-[(pentafluorophenyl)methylene]-4-[(trimethylsilyl)oxy]--P",0.0
Erythritol-P,7.210987037836656
"Glycine, N-[4-[(trimethylsilyl)oxy]benzoyl]--P",102.18028711836064
2-Amino-4-methylphenol-P,151.7877512729092
Levulinic acid-P,2634.895665726065
Tributyl acetylcitrate-P,507.4590983143812
"D-(+)-Ribono-1,4-lactone (R,S,R)--P",567.8759223591594
"cis-4,5-Dihydroxy-o-dithiane-F",221.86142228146107
Cyclohexanol-F,117.86695204225413
"Benzene, 1,3-bis(1,1-dimethylethyl)--P",14.782398332531207
4-Hydroxybenzeneacetic acid-P,1039.9567023815866
L-Leucine-P,655.8380170266719
D-(-)-Fructofuranose-F,106.39156299875998
Neostigmine-P,671.0117990359649
p-Toluic acid-P,1082.1227792636348
D-(-)-Fructopyranose-F,362.6855393399131
13-Docosenamide-P,458.95714610084025
"2,5-Dimethoxyphenol-P",6.509341203527341
Ribitol-P,403.68526514521824
1-Tetradecanol-P,306.02478780190575
"DL-Proline, 5-oxo--P",18.273394398272323
Ornithine-P,611.9764169023797
Palmitic Acid-P,7.4533579427472105
"(9H-fluoren-9-yl)methanol, O-methoxycarbonyl--P",0.029551337359792925
"2,3-Butanediol-P",16.96667944881411
Guanabenz-P,426.6537829911279
Decyl oleate-F,87.06541755737243
"D-(-)-Fructofuranose, pentakis-P",26.158740613689748
Deoxycholic Acid-F,0.0
"Pregn-16-en-20-one, 3,18-bis(acetyloxy)-14,15-epoxy-, (3beta,5alpha,14beta,15beta)--P",2.058505833497349
Deoxyribopyranose-F,161.34185521897967
D-Proline-P,0.0
"Butanoic acid, 2-methyl-3-[(trimethylsilyl)oxy]--P",460.2552775672319
Dihydroxyacetone-F,12.450696073537138
1-Monoacetin-P,424.25585786135525
N-Methyl-N-(tetrahydro-2-furanylmethyl)-4-piperidinamine-P,1626.4601778898525
Niclosamide-P,1317.4215388116986
"Arabinofuranose, 1,2,3,5-tetrakis-O--P",18.630884382174806
D-Psicofuranose-F,289.5343715243641
"1,3,5-Benzetriol-P",2817.5041421813135
Isopropyl palmitate-P,11973.636023247716
Ethyl alpha-D-glucopyranoside-F,10.315834841274542
Glyceric acid-F,116.03946077611249
Lactic Acid-P,106.64376414455566
beta-D-Glucopyranose-P,31.15695548287459
"3-(3-Cyclohexylaminopropionylamino)-5-ethylthiophene-2-carboxylic acid, ethyl ester-P",299.43873777099503
Glucopyranose-P,216.35405156807008
Hydroquinone-F,149.52653405432534
"1,4-diazabicyclo[4.3.0]nonan-2,5-dione, 3-methyl-P",361.1185093937798
Hymexazole-F,0.0
"1-Decene, 8-methyl--P",420.15625870252074
Itaconic acid-F,2386.845065285589
"3-Methoxyamphetamine, 4-Trimethylsilyloxy, N,N-bis(Trimethylsilyloxy)--P",3.626596128296477
2-Aminobutanoic acid-P,41.128931755564906
Niacinamide-P,151.27729564052626
"Benzenemethanamine, 2,3-dimethoxy--P",106.16796134208187
D-Threitol-P,12.286498786060493
L-Proline-F,81.48752215618354
"Furan, 2-pentyl--P",251.57837337231692
Heptadecanoic acid-P,24.483753620871386
"2,5-Piperazinedione, 3-benzyl-6-isopropyl--P",7847.295323212388
Azatadine-P,435.7193967832167
3-Hydroxybutyric acid-P,34.792685811560744
S-Methyl-L-cysteine-P,865.5699657594031
"1-Octanol, 2-butyl--P",683.3262998440196
"Benzene, 1,1'-(1,2-cyclobutanediyl)bis--P",64.56932465995496
"Benzoic acid, methyl ester-P",1367.1416496389934
Cinnamic acid-P,57.17050121555338
"2-(2,5-Dimethoxy-phenyl)-propionaldehyde-P",131.97190571391047
Phenylpropanolamine-P,0.27325581395348836
Methylmaleic acid-F,788.1845329654609
Monomethyl succinate-F,53.04470950696154
3-Ureidopropionic acid-P,338.5607269376752
"N-Acetyl-D-galactosamine, (R,R,R,R)-F",1331.6065266123014
N-Methyl-L-proline-F,352.366337543505
Malic acid-P,30.547069471319865
Octanoic acid-F,4.1433135195965285
"Acetamide, 2,2,2-trifluoro--P",66.38193772720882
Pentanedioic acid-F,1201.8219100471003
Ammeline-P,11.781196736090081
"7-Isoquinolinol, 1,2,3,4-tetrahydro-1-[(4-hydroxyphenyl)methyl]-6-methoxy--P",190.7684699955884
l-Histidine ethyl ester-P,1.617333921275052
Norketamine-P,97.00203953588044
Indole-3-carboxaldehyde-P,70.14408023224264
"Pentitol, 3-desoxy-F",22.546098394690674
Pyrrole-2-carboxylic acid-P,30.641010312542768
"Cetaben, N,O-bis(trimethylsilyl)--P",86.53256271101726
p-Hydroxydiisopropylbenzene-P,211.49247115342405
"Trimethylsilyl (5-benzyl-3,6-dioxopiperazin-2-yl)acetate-P",1316.7729713064
Salsoline-F,1366.7076948844735
3-Hexenedinitrile-P,1008.7284252841591
L-5-Oxoproline-P,882.4524540672023
2-Hydroxy-5-methoxybenzaldehyde-P,757.7631498087998
"2-Amino-4,6-dihydroxypyrimidine-P",166.37436024154056
Suberic acid-F,571.2548816626681
Naphthofluorescein-P,571.7293307394203
Supraene-F,573.1896357200457
Cadaverine-P,2311.7241657805216
"Trimethylsilyl (5-benzyl-3,6-dioxopiperazin-2-yl)acetate-F",42.19787960323947
L-Tryptophan-P,435.0264134261941
Tripropylene glycol monomethyl ether-F,203.59116880435963
Urea-F,507.3196785862101
7-(Trimethylsilyl)amino-4-methylcoumarin-P,98.77557109572008
beta-Lyxopyranose-P,1686.2087383947428
Delorazepam-P,80.38890487658757
Hydroquinone-P,115.09658287659406
Phloroglucinol-P,253.27890065711745
"beta-d-Fructopyranose, 1-deoxy-1-(4-morpholinyl)-2,3,4,5-tetrakis-O-(trimethylsilyl)--P",376.5105430640104
Xylazine-F,347.56302260724635
4-Hydroxy-5-(hydroxymethyl)oxolan-2-one-P,54.23270143701533
N-Valerylglycine-P,336.02852093936724
Niacin-P,0.0
2-Methylglutaconic acid-P,366.8140551966109
Propylamine-P,3152.9704328458756
"(2S,3R)-3-[(4E,7E)-Nona-4,7-dienoyl]-N,N-bis(trimethylsilyl)oxirane-2-carboxamide-P",197.33933450711686
"6-Methoxy-1-methyl-1,2,3,4-tetrahydroisoquinolin-7-ol-P",64.65382138361477
(pm)-alpha-Tocopherol acetate-P,1798.9148220916284
1-Deoxypentitol-P,1748.821995601296
2-Hydroxy-2-methylbutyric acid-P,1.606145979447075
"Benzoic acid, pentadecyl ester-P",4275.814716249082
"Cyclopentaneacetic acid, 3-oxo-2-pentyl--P",249.24564375150746
"Pentanedioic acid, 3-methyl-3-[(trimethylsilyl)oxy]--P",396.76514738422196
"Thymine, 1,3-dimethyl-6-(trimethylsilyloxymethyl)--P",778.3077762561311
(CH3)2C=NC2H558-P,1838.0430529569642
"2,5-Cyclohexadiene-1,4-dione, 2,6-bis(1,1-dimethylethyl)--P",1223.8357826252638
"1-(4-Methoxyphenyl)-4,6-dimethyl-2(1H)-pyrimidinone-P",37.57726092955279
"15-Oxo-11Z,13E-eicosadienoic acid-P",283.2624784411086
2-Acetyl-5-chloro-3-methylbenzo(b)thiophene-P,198.17686761062492
5-Hydroxytryptophan-P,840.7451209532373
"6,7,4'-Trihydroxyisoflavone-P",546.5349044634918
Benzeneacetic acid-P,98.67239754693205
Itaconic acid-P,200.72226468924134
"N-(Trifluoroacetyl)-N,O,O'-tris(trimethylsilyl)normetanephrine-P",262.8994622300343
Pentadecanoic acid-P,1358.3660540059682
Pimelic acid-P,4047.314451918782
L-Tyrosine-P,237.57660929347725
"1,2-Butadiene, 1,1,4-triphenyl-3-trimethylsilyl-4-trimethylsilyloxy--P",880.0534101801684
"3,4-dimethyl-5-(3,4-methylenedioxy)phenyloxazolidine-P",2.2321129134812745
Benzeneacetamide-P,4.9810259080095225
"Acetic acid, bis[(trimethylsilyl)oxyl]--P",48.45169958977145
1-(3-Methylphenyl)piperazine-P,392.2576592355187
1-(4-Hydroxybenzylidene)acetone-P,1134.4438447852126
Phlorizin-P,844.2867436557485
"1,3-bis[(Trimethylsilyl)ethynyl]benzene-P",58.441384467871885
Hydantoic acid-P,1513.4630950545534
L-Threitol-P,69.67879372166226
"N,N-Diethyl-2-aminoethanol-P",3953.1130108219895
"3,4,5-Trihydroxypentanoic acid, tetrakis(trimethylsilyl)--P",507.780397202161
1-Octanol-P,207.8121447593445
"1-Octene, 2-methyl--P",208.54677360550247
"Butanal, 2,3,4-tris[(trimethylsilyl)oxy]-, O-methyloxime, [R-(R*,R*)]--P",761.7414191262811
Dodecylcyclohexane-P,5703.341613187475
1-Phenylethanol-P,813.1405033972716
"Propanoic acid, 2-oxo--P",818.8497722560336
D-(-)-Citramalic acid-P,2301.898065423675
1-Hexadecanol-P,1294.5907556009433
1-Hexanol-P,0.0
Methyl isovanillate-P,218.00023549000738
Octanoic acid-P,905.9343186581278
Cholesterol-P,35.05904308954756
"Benzene, 1-acetoxy-2,6-dimethoxy-4-(2-propenyl)--P",2583.075643331152
Deoxycholic Acid-P,1874.8802589871914
"Methyl (3,4-dimethoxyphenyl)(hydroxy)acetate-P",1.6189621429431176
"1-Piperazineethanol, 4-dibenzo[b,f][1,4]thiazepin-11-yl--P",623.6095832462662
Boric acid-P,0.0
5-Aminovaleric acid-P,79.04736032532875
"1,3-Dioxane-4-methanol, 4,5-dimethyl--P",17.383211229815505
Eicosapentaenoic acid-P,776.771754664745
Dodecanoic acid-P,320.47082338357035
Phenylalanine-P,672.7767875768785
"3-Hydroxy-2,3-dihydromaltol-P",139.5475290067961
"2-Acetyl-3-(1-methyl-2-pyrrolyl)-1,4-benzenediol-P",382.3933395052217
2-Aminoadipic acid-P,729.3752272515374
cyclobutanecarboxylic acid-P,43.06563966486435
Suberic acid-P,820.959119624298
2-Hexen-1-ol-P,96.66602896805334
2-Hydroxy-3-methylbutyric acid-P,68.55514106366006
"3-Buten-2-one, 4-(4-methoxyphenyl)--P",101.35778383566665
5-(2-Aminopropyl)-2-methylphenol-P,774.3538064606064
Aspartic acid-P,850.2646767834502
"5,6-Dimethyl-4-phenyl-3-cyanopyridine-2(1H)-thione-P",0.0
"2-Propenamide, 3-phenyl-N-2-propenyl--P",114.30275533411456
N-Acetyltyrosine-P,131.10333979598053
L-Norleucine-P,0.0
Arabinaric acid-P,1723.6776149816678
Dimethyl fumarate-P,41.17065183661837
"2,5-di-tert-Butyl-1,4-benzoquinone-P",1077.7419230543248
"2,5-Di-tert-butylhydroquinone-P",0.0
"Tacrine, N-trimethylsilyl--P",763.838160733734
"2,5-Dimethyl-1-aza-bicyclo[2.2.1]heptane-P",166.82994607240866
"Acetamide, N,N-diethyl--P",60.317348040020526
"2',2,3,6'-Tetramethoxychalcone-P",0.0
"Morpholine, 4-[2,3,4,6-tetrakis-O-(trimethylsilyl)-alpha-d-mannopyranosyl]--P",1157.9808316060025
"N-isobutyl-2-(trimethylsilyloxy]-4,5-dihydro-1H-imidazole-1-carboxamide-P",20.81366037862144
Xylose-P,4.291064342554435
"3,4-Dihydroxymandelic acid, ethyl ester-P",0.0
D-Arabinose-P,49.48889488750474
"5-Androsten-17alpha-methyl-3beta,17beta-diol-P",133.2597300419298
"Ethanamine, N,N-diethyl-2,2-dimethyl-2-[(3,5-dimethoxy)phenyl]--P",894.2057997704014
4-(Methoxycarbonyl)phenol-P,0.0
"9H-Purine, 9-(trimethylsilyl)-2,6,8-tris[(trimethylsilyl)oxy]--P",0.0
"Pyrazine, 3,6-dihydro-3,6-dimethyl--P",34.00236752998504
5-Ethyluracil-P,14.071554124043692
N-(Trimethylsilyl)hexanamide-P,481.65965401133195
"Pentanedioic acid, 2-[(trimethylsilyl)oxy]--P",163.82920439737796
6-Hydroxyflavone-beta-D-glucoside-P,5.18041674946291
9-Octadecenamide-P,17.79404111566363
Latanoprost lactone diol-P,778.8580923869251
Cyclo-(l-leucyl-l-phenylalanyl)-P,93.42242857090677
Citric acid-P,0.0
"D-(-)-Lyxose, tetrakis-P",0.0
"D-(-)-Ribofuranose, tetrakis-P",0.0
"D-Erythro-Pentofuranose, 2-deoxy-1,3-bis-O--P",0.0
D-Mannose-P,255.88633255027403
Vanillylmandelic acid-P,13.76280798731168
"Ribonic acid, 2,3,4,5-tetrakis--P",0.556704171713786
Gln-Ala-P,0.793278455801339
Phthalazin-1-one-P,0.0
L-Lysine-P,0.0
Stearic acid-P,652.0000000000123
"O-Methyl-N,N'-diisopropylisourea-P",0.0
"Pyrazine, 3,6-dimethyl-2,5-bis(trimethylsilyloxy)--P",0.0
Mrps5-C,447.7478209969434
Shc1-C,3338.3335553349298
Cope-C,12.66490702401287
Tmem62-C,2304.9703205675
Nedd4-C,3550.1331237056047
Exph5-C,330.8977600207665
Dnajc21-C,698.9339329930974
Wbp11-C,6858.4618590760665
Ptges3-C,208.68091045666318
Fcf1-C,681.4924226599294
Ttf1-C,1263.9549619060508
Usf3-C,1810.0175072549614
Zkscan8-C,1171.759273755548
Silc1-C,0.0
Fn3krp-C,6156.437726653876
Pak2-C,2210.3758661104616
Hmces-C,4056.104490241633
Dhx29-C,1141.3991103975682
Gm43339-C,1137.1603261859525
Scyl1-C,177.9254820296147
Zfp219-C,61.21269543336176
Ccnd1-C,828.1919322363107
Hmga1-C,2105.4437930025597
Ankrd12-C,1213.461137985912
Rai14-C,0.0
Thra-C,1205.3205179480733
Mfsd2a-C,1093.399018427398
Por-C,20.22861562574959
Atf6b-C,1918.2568698891848
Grpel1-C,522.0141990781435
Msh2-C,489.3118459184578
Psmd8-C,250.62074735674932
Tubgcp2-C,6.384139590254436
Adcy9-C,706.9444883383192
1110004F10Rik-C,457.861009860869
Ibtk-C,4054.2619147634496
Syt17-C,746.4869766829668
Ppp1r12a-C,1262.9060093073745
Dctn2-C,1010.7053387123807
Ppp1r1b-C,1453.7200172375228
Ncaph2-C,643.5961762897675
Pdlim5-C,857.9405772317643
Pycr2-C,1719.0012190664477
Mrpl17-C,78.57152441191845
Cast-C,175.7798770805275
Lpgat1-C,360.92790492818875
Emd-C,288.0777599834597
Eipr1-C,8.470283458911338
Nfe2l2-C,796.4379932635767
Zfp879-C,89.07457507950866
Flcn-C,740.1641503465212
Niban1-C,867.5928624898265
Atrazine desethyl-P,0.0
Sptan1-C,1837.4724873287362
Pigyl-C,687.9168767641893
Ser-Leu-P,0.0
Cox18-C,0.0
Dnajc7-C,1261.7735927459669
Micall2-C,429.39115415208516
Lmtk3-C,665.9944376748433
Gm15675-C,879.5555791527255
Cyyr1-C,2728.504701600233
Arhgef12-C,1256.7309498139407
UNKNOWN-C,1046.3649441210653
Telo2-C,29.46726839304885
Slc29a4-C,440.0370560981717
Dynlt2b-C,1322.5567295935214
Arhgap5-C,3726.887709672182
Cmtm8-C,652.3243571958967
Slk-C,3049.703464288756
Tmem259-C,4350.260503061428
Mcfd2-C,9.744052905373616
Zfp638-C,2574.263559023284
Ndufs3-C,109.24035352868555
Nt5m-C,345.03159858478466
Osbp-C,4120.883229795275
Pmm2-C,16.608706351816945
S100a8-C,19.675768419873986
Stat3-C,18.896423730577027
Ddb1-C,615.5003093400428
Nek8-C,760.8139582035295
mt-Nd2-C,372.8420442130547
Lrrc17-C,2167.7982547879287
Gas6-C,1359.4476364640334
Amfr-C,967.4776955814198
Pdap1-C,5345.433510315074
Tmem204-C,799.5237354307048
Ubl3-C,4926.312355508848
Cep41-C,1076.4394373862553
Emc10-C,117.52749758210032
Rplp1-C,150.3902102697435
Rora-C,5000.820503325512
Igfbp2-C,2611.317612427941
Pdss1-C,801.326703909231
Stk33-C,705.6442057535753
Doconexent-P,0.0
Fndc3a-C,275.6071852032743
Sppl3-C,5604.960766209401
4930556M19Rik-C,4716.289739681467
BC065397-C,878.8699574586053
Brd2-C,0.0
Tgfb1i1-C,0.0
Cd47-C,44.42757216146555
Nicol1-C,919.9911136235728
Pdlim1-C,174.63511100069783
Plscr2-C,60.568644254037686
Mrps18a-C,465.64536395111963
Adam15-C,2160.498938409483
0610040J01Rik-C,13.823214806017011
Wapl-C,3744.088720955579
Aox3-C,79.71669616417292
Eif3h-C,2205.2126737384924
Apc2-C,1869.7926732845992
Heatr3-C,83.89641693901652
Adck2-C,1038.5003479709994
Rtkn-C,562.4098373835375
Wrn-C,24.98310246192146
Rmnd5b-C,148.32465204199235
Zfp322a-C,870.7354058717304
Mfge8-C,1009.9067250990089
Hk1-C,1987.3407000530876
Col5a3-C,782.8739049073893
Mtmr2-C,0.0
Atp5mg-C,678.758215389377
Tceanc-C,846.7552244656483
Plekhn1-C,1101.0411657683405
Ap3b1-C,824.7662050267144
Pdcd4-C,897.3714345438722
Ada-C,260.28028371263576
Ano8-C,6.654407894283878
Gstm6-C,30.171537574106363
Net1-C,487.8711363297393
Pomgnt1-C,1586.8863287157426
Ergic2-C,2850.8718323606704
Tkt-C,988.3664874561103
Bhlhe41-C,2347.544798012505
Hsdl2-C,486.61203188072926
Psmd3-C,901.8327040497528
Kif21b-C,13.354475684355279
Opa1-C,776.7997325594303
Adamtsl1-C,652.7629731379741
"D-(+)-Talofuranose, pentakis-P",0.0
Gprc5c-C,486.3712408894347
Aqp11-C,113.30716508456236
Zfp36l2-C,1978.5230509117032
Iqgap2-C,565.0308766881769
Gnas-C,1665.3601288158777
Ccdc33-C,52.77703687006613
Dcp2-C,0.0
Gm43513-C,188.112817062717
Bcat1-C,987.1872909255572
Tada1-C,1202.017518690438
Tmem229b-C,7143.778182094941
Zfp760-C,360.27832447904865
Gpsm3-C,0.0
Pi4ka-C,682.2839038394122
Adamts15-C,0.0
Asb8-C,232.46697656453821
Arhgap15-C,74.15094980912899
Rpl37-C,194.11734657363814
Eeig1-C,651.9999999999882
Carfentrazone-ethyl-P,0.0
Pbx1-C,728.9883891131071
Dstn-C,1495.1973710181612
Ildr2-C,738.4707090176821
Atp6v1f-C,674.6778832076897
Kpna4-C,435.1149290941166
Cldn22-C,664.6248851548983
Hcn3-C,158.71525496904846
Tatdn2-C,4617.303215818122
Itch-C,1722.3924645412253
Csnk1a1-C,2284.1117719497965
Ppp4c-C,1338.6255895761603
Bnip1-C,1778.806719360422
Emc3-C,1580.09265278832
Cerox1-C,77.59682887261583
Zfp383-C,274.32254017672363
Tulp4-C,4569.615289501357
Gm15083-C,0.0
Tpr-C,583.6750711082943
Gm42636-C,428.76188345689235
Wbp4-C,9424.309046367598
Gm5141-C,196.45189571445744
Tspan9-C,185.4557386547488
Vps13b-C,363.0988795430897
Snora35-C,317.8513787516371
Mpi-C,0.0
Men1-C,769.7148189201166
Ahcyl2-C,809.4890881405884
Josd1-C,182.73956627878783
Evi5-C,923.7047256536262
Chi3l1-C,600.1115639095794
Jph1-C,64.11551558342126
Col8a1-C,424.6041446667074
Uqcc5-C,1448.2837177641425
L-Cysteine-P,0.0
Xylitol-P,0.0
Frg1-C,1235.2470910030752
Tmem80-C,986.4296126294656
Rlbp1-C,666.8096121725673
Clpp-C,741.6357246199458
9-Hexadecenoic acid-P,0.0
Sh3bgrl-C,7973.681545852224
Cep57-C,1032.596019460411
Zfp654-C,94.79817187043506
Imp3-C,870.2323967837488
Bcl7a-C,2070.7016974394683
Reep2-C,0.0
G2e3-C,87.84708108674559
Nsmf-C,36.878649058198725
Clec14a-C,1304.5541398735782
Rec8-C,0.0
Tmem167-C,103.5139531820986
Zfp27-C,906.7552015398992
Strada-C,0.32710113960113957
Hip1-C,638.1384827924298
Dlgap4-C,612.9567772834203
Gpr162-C,2316.1516222943733
Smc4-C,287.02007849645054
Vangl1-C,6.689086415399779
Tnfsf13os-C,863.2998223454014
Fzr1-C,104.62682238165063
Cebpd-C,73.8901906770902
9530026P05Rik-C,121.87484842710276
Ifi209-C,0.0
Rab5c-C,961.191552503455
2810021J22Rik-C,1739.5027926634205
Sh3bgrl2-C,1011.4024629303873
Psmg3-C,1851.6538651433405
Glod4-C,1537.1193929133237
2410124H12Rik-C,859.1881063380886
Gm17530-C,0.0
Pcmtd1-C,3168.615835088414
Mafg-C,5232.93976247989
Trpc4ap-C,100.14065390297392
Mtrex-C,6146.713089921034
Dnajc13-C,638.4319563946474
Prpf3-C,1538.6793410165128
Ric3-C,398.2274330486587
Camk1d-C,153.89574498575763
Cep78-C,74.6198400961973
Dcaf12l1-C,4241.534941589958
mt-Tv-C,621.854591344864
Vps37d-C,1013.0371363258524
Gmppa-C,316.5170232422128
Clcn2-C,458.1267170837308
Tppp3-C,804.1600354510947
Dlg4-C,3674.5401708088693
Ubc-C,1605.6861129954525
Arrdc4-C,271.747916600111
Erbin-C,4315.088962104144
Tmem184c-C,614.955223700466
Twsg1-C,855.9999999999856
Cyren-C,337.63482576499615
Rad54l2-C,765.480825731857
Ppfibp1-C,0.234625179315607
Leprotl1-C,12.683510586058265
Osgepl1-C,1.4663593757177453
Mansc4-C,175.2572014073343
Eif3l-C,0.0
mt-Tl1-C,6.071553054053306
Sox13-C,732.8228470307967
Scrib-C,433.5550149129326
Zfp1007-C,3332.0376694529373
Sytl2-C,963.3171481280011
Hlf-C,1959.8393729459053
Flvcr1-C,462.2667282316046
Foxc2-C,0.0
Tm9sf3-C,3634.410941987962
Cebpa-C,0.0
Rpp30-C,1504.545122768098
Tmem203-C,558.7198987801196
Usp22-C,0.2054945054945055
Iba57-C,53.16129464282651
Atp7a-C,187.73259601991833
Dync1h1-C,1139.7431788431393
Pfn1-C,1302.934649147213
Rgs7-C,897.1581794072398
Chdh-C,0.0
Fcho2-C,1861.6727508384063
Lrrc75b-C,0.0
Smarca5-C,14682.862643098628
Pard6a-C,320.18624554933814
Sh2b3-C,623.86520197347
Gm38380-C,152.60135734674427
Zfp300-C,1.7204187332830914
Ube3c-C,25.978494695353678
Src-C,7.404564968118713
Sufu-C,13.409045239350062
Stxbp4-C,771.3995734915779
Cnnm4-C,34.06752098670575
Igfbp6-C,11.402233248390528
Shoc2-C,1261.7264529265606
Dcxr-C,60.37262529035264
Gm1976-C,1334.4262459718022
Dhx9-C,461.5935169967892
Haus4-C,3.942327030231532
Ehd1-C,4068.423565937039
Mia2-C,115.30723764295838
Mef2a-C,1262.0564719020076
Spata13-C,521.1434543799696
Dr1-C,394.68360672487285
Vps36-C,2207.5692364075944
Tbc1d2-C,336.4791178737556
Crygn-C,388.42635359954113
Trappc14-C,2452.9090278443023
Agrn-C,2075.4044643622337
Irak1bp1-C,2310.139058160884
Ube2m-C,145.26287414866505
Cnih2-C,442.3276872308344
Id1-C,12.66490702401287
Slc44a1-C,10.304380547990293
Irf3-C,0.0
Ndfip1-C,133.90847497447376
Pkn2-C,1407.8053936448516
Bclaf1-C,60.969761344062576
Acox1-C,0.26147129508575795
Smarca2-C,265.8561188173536
Dek-C,281.64001434310063
Ccdc59-C,54.53423961397211
Rock1-C,796.3404679720691
Eea1-C,171.63410414767344
Snrnp48-C,190.7116304571678
Ylpm1-C,313.44463889119936
Krcc1-C,34.77973744508774
Wasl-C,394.0463281129238
Psip1-C,290.6744802892295
Sntb2-C,446.7716298429901
Ccdc88a-C,86.64187103365305
Arid4a-C,686.1230742571536
Rdx-C,13.030724219336012
Tmem161b-C,480.86062560763844
Fhad1-C,300.2680856828293
Baz1b-C,13.984152890197931
Luzp1-C,359.74699431097343
B230219D22Rik-C,1306.3694054858179
Rad50-C,422.68401549426983
Rif1-C,29.70056408627674
Kif21a-C,74.17899205392061
Phactr2-C,529.7242669175225
Gtpbp4-C,798.7653487906489
Slain2-C,20.90277107906639
Gm15408-C,227.87036072743928
Eef1a1-C,666.7187954979497
Setx-C,165.79677371664707
Ndufa8-C,1554.0446538514595
Rab11fip5-C,0.5664532904434485
Cebpz-C,75.25723445417646
Btbd2-C,451.4137376233682
Pawr-C,951.0503787194616
Thyn1-C,116.41555380835891
Usp9x-C,284.9462268763344
Pabpc1-C,215.72093623326336
Kif2a-C,1356.1132437621086
Lepr-C,29.77050565641593
Smc6-C,248.6770362996392
Zhx1-C,113.04694735558779
Nkapd1-C,198.60226742793773
Nipbl-C,426.9908715979024
Phf3-C,890.0385322617844
Enpp5-C,28.137751971082928
Ash1l-C,386.78036955655966
Qser1-C,779.3568948095663
Mtor-C,1.1400183150183152
Camsap2-C,1.1400183150183152
Slc22a17-C,5680.630838300658
Pja2-C,2832.5148911113147
Map9-C,78.43847734114907
Serbp1-C,508.99828627609224
Pura-C,10.546671088256991
Zbtb7a-C,1062.7928434061096
Cdkn1c-C,754.089505091194
Rbm27-C,60.23276539528413
Ap2b1-C,36.18634526696377
Eif3g-C,21.41822076549648
Top1-C,70.81178225652312
Golm2-C,32.213460017053926
Cct4-C,0.430427089463109
Fgfr1op2-C,249.63788363328962
Efhb-C,429.5235025052771
Lrp6-C,10.948290986889225
Upf2-C,12.990687505190461
Fgl2-C,28.84652144250312
Cep290-C,92.66471138075582
Ccdc186-C,1273.970999360682
Tet1-C,442.2954958517349
Errfi1-C,0.37921754268129815
Dap3-C,532.233370912461
Morn4-C,0.0
Psma4-C,676.6657149408178
Slc2a2-C,5.062072912398111
Limch1-C,397.138467894281
Lrrc8a-C,637.7281800767557
Rab5a-C,0.0
Guk1-C,55.95907678674282
Ilvbl-C,2074.030944357865
Ptk2b-C,673.8385135855891
Ctr9-C,403.5342610691173
Plgrkt-C,58.474570070461915
St6galnac4-C,41.14958968798373
Shb-C,1.6248636270308645
Fer-C,203.86447309655057
Ro60-C,214.67086375256693
Smim15-C,385.60411138211947
Npepps-C,440.532078195215
Pten-C,363.8712250691907
Tagln2-C,280.18139474552294
Arid2-C,427.99999999998875
Chmp4c-C,437.78964651639217
Zfp975-C,966.6450084946139
Kras-C,382.74903413622854
Papss1-C,528.3591137347911
Bhmt2-C,884.1067795139002
Prxl2c-C,81.19962162743693
Rassf4-C,0.0
Pqbp1-C,16.03378205614611
Cog8-C,606.5613435490374
Samd14-C,233.09978739397758
Dhx36-C,1643.7094211228662
Inpp5a-C,5.713561758070123
Pebp4-C,37.347802915186435
Fsbp-C,0.0
Slc25a13-C,115.97758238229027
Rpn2-C,3395.2409533603272
Fam13b-C,96.4422408100391
Cep95-C,81.12647266225066
Plcb4-C,514.4768268586413
Nol8-C,117.57638441873857
Zic2-C,2.0168074146926025
Fxr1-C,108.61501389526414
Gxylt1-C,689.2496812591539
Setbp1-C,380.41106034255023
Mpp7-C,425.5505526211353
Kpna3-C,39.40124227668117
Ube2q2-C,606.9419608954391
4930412C18Rik-C,73.89430919450096
Mrpl28-C,39.214835265334344
Hdgfl3-C,2.8001114571119197
Kin-C,1587.06422070443
Xpc-C,11.441399687935952
Nfyb-C,660.1922498729
Cfap46-C,149.61443459826728
Smim10l1-C,57.27085217433965
4921504A21Rik-C,54.92275844856703
Gsk3b-C,72.20325643315942
Cltb-C,100.18719527967592
Suz12-C,618.0725972660065
Ctdspl2-C,39.93692431739259
Ccdc18-C,155.63150600880218
Brd4-C,40.935152001689744
Ccar1-C,303.090144207039
Prkaca-C,504.06933966264586
Zfp358-C,35.41214343756165
Arl2bp-C,0.0
Acbd4-C,891.8162207773609
Scg5-C,53.82361313303812
Zfp768-C,250.4654367564673
Ramac-C,3.8514801337042344
Ganab-C,961.1955598165665
Ddit4-C,0.0
Dusp1-C,0.0
Mterf4-C,16.829838647858857
Aasdhppt-C,74.90047305796469
Agbl3-C,609.4081606332352
Mtf1-C,10.4381508277732
Ilkap-C,0.0
Krt23-C,0.0
Rnasel-C,1047.1561144753844
Smyd2-C,42.71737586292114
Smpdl3b-C,0.0
Tmem87a-C,0.0
Mospd3-C,0.4512359774137166
Acacb-C,367.3315572696594
Gpaa1-C,209.04959263686018
Rpl18a-C,0.0
Arf2-C,427.99999999999756
Eid2b-C,0.0
Art4-C,0.6122147295809408
Iqcc-C,0.0
Nup214-C,0.0
Pcgf5-C,436.2728381419654
Afg3l1-C,1579.531857568164
Dynll1-C,137.71684051829658
Cspg5-C,0.1958603968536055
Cbarp-C,0.1558603968536055
Klc1-C,2427.551894141122
Ap3s2-C,452.07071012647117
Aldh9a1-C,26.503029493082245
Kcnk5-C,0.0
Dock10-C,0.0
Atp5me-C,32.57896989732051
Repin1-C,8.257875399608228
mt-Cytb-C,0.0
Prpf6-C,0.6274501782224894
Ints11-C,0.0
Map3k5-C,724.832442896479
Sin3a-C,5.14975841813332
Stag2-C,173.23445568856656
Klf3-C,41.263540349350734
Slc17a5-C,114.01703483558993
Pknox2-C,0.0
Klhl18-C,0.0
Mrps24-C,0.0
Synm-C,19.14940590625462
Gin1-C,0.029411764705882353
Dbndd1-C,4.3452559760564515
Cracr2b-C,358.878788627258
Scp2-ps2-C,605.6175141102261
Rhob-C,31.785966617861835
Ide-C,429.6474183936946
Ppp5c-C,427.99999999998374
Gsta3-C,72.49575813533131
4632415L05Rik-C,475.3018380414732
Npat-C,455.1783232820723
Phf1-C,0.0
Gm12346-C,1044.8203734996077
Suclg2-C,1167.034581559133
5730455P16Rik-C,13.0942643677229
Birc2-C,147.37811885664996
Irak3-C,3068.6819168523034
Slc25a26-C,0.0
H1f10-C,0.0
Capn2-C,0.0
Zbtb37-C,72.24898004980817
Ccdc148-C,7.63132207425231
Secisbp2l-C,909.9069181004303
Baiap2l1-C,463.3502200744471
Olfm2-C,0.0
Npas3-C,12.032417662126223
Shfl-C,326.84279320760805
Atn1-C,14.118570435217283
Slc16a7-C,0.0
Gsta4-C,24.17584313296872
Cdc14a-C,29.064832873501405
Sec62-C,25.14862124378634
Recql5-C,0.0
Mfsd3-C,0.03830629167804256
B130034C11Rik-C,131.97911594660152
Fhl1-C,6.425943760283947
Cables2-C,427.99999999999744
1700125H03Rik-C,5.938271098286692
Tsc22d1-C,577.1634780960726
Copg1-C,851.6612487165311
Tax1bp3-C,429.7475972617208
Tnfrsf1b-C,303.1090867545691
Nsg2-C,431.13842555249374
Sncg-C,0.0
Foxk2-C,0.0
Slc25a20-C,0.17729327326980582
Pfas-C,0.0
Adprh-C,1199.9791545671721
Ptges2-C,847.2945846997872
Ikzf5-C,396.0022844124051
Rnf187-C,7.131345221581214
Ruvbl1-C,0.0
Gpr19-C,430.05805080875854
Gm19817-C,1284.5166666667444
Pold1-C,0.0
Tomm34-C,0.0
Inpp4a-C,380.56171458942237
Mtap-C,1705.7815676444495
Aldh1l1-C,0.0
Fhod3-C,33.993721301131856
Dync2li1-C,672.9750810373192
Magix-C,2.5575947242123402
Slc25a16-C,54.74006993847759
Ccpg1-C,21.57263361526929
Ola1-C,24.16187495258064
Fance-C,50.3680183573685
Cerkl-C,552.4248930148578
Fchsd2-C,5.873659242229004
Jmjd4-C,921.1904888637837
Btg1-C,666.6077340208532
Topbp1-C,223.85898710627407
4933439K11Rik-C,97.0879664745013
Sulf2-C,0.0
Tbck-C,0.0
Gdpd3-C,0.0
Nprl2-C,1.7204187332830914
Maco1-C,5.985596019048032
Gm25517-C,431.2415329768218
Actr3-C,4.295994628492504
Fam98b-C,194.24454064093044
Cxxc4-C,1.241797677807157
Uros-C,179.20898753961154
Ofd1-C,228.2423423486112
Zfp78-C,0.0
Srebf2-C,293.49696259197225
Pla2g3-C,801.2898491940398
Stk26-C,248.90229740793814
Myof-C,2.6799868340777193
Cntn1-C,5.778393630614407
Ctsc-C,111.29153022010723
Gm20052-C,21.982269227140915
Slc35a3-C,0.25263157894736843
Txnrd2-C,49.60070023555951
Meaf6-C,0.0
Gm6548-C,0.0
Sesn3-C,13.327319537079715
Mtpn-C,151.94098465220682
Ints10-C,0.0
1700018L02Rik-C,1618.871311997244
Gm37219-C,0.10530303030303031
Lurap1-C,0.10530303030303031
Kif22-C,0.10530303030303031
Casp8-C,0.0
Lrrc8c-C,1.2578125
Mx2-C,0.0
Cul7-C,0.0
Trabd-C,0.0
Ndufaf1-C,0.0
Gm37204-C,231.17004678335815
Ralgapa2-C,2094.83482062081
Ifih1-C,13.13572773566466
A430108G06Rik-C,2.022909454719697
Gpr4-C,176.37317304162542
Capn15-C,0.0
Gm43360-C,0.0
Drc3-C,856.0000000000234
Faap24-C,782.8739049073893
C130089K02Rik-C,0.0
Gm4017-C,0.0
Dipk1a-C,0.0
Sema6a-C,0.0
Gm9920-C,427.99999999999073
Sp4-C,5.556119695122391
Dok1-C,4.410958963150797
D630036H23Rik-C,1186.0621553714163
Rwdd3-C,0.0
Dbpht2-C,0.0
Sema3g-C,0.0
Lrp2bp-C,0.0
Perm1-C,58.449087154163735
Armcx2-C,16.60266681540395
Alkbh6-C,36.19452850150742
Icam4-C,0.0
Isg15-C,51.92095580217025
Serpinb8-C,150.01577447582315
2610020C07Rik-C,134.71379668327398
Ino80c-C,0.0
Zmat5-C,0.0
Gm2445-C,427.9999999999961
Mex3a-C,0.0
Dennd2c-C,0.0
Kcmf1-C,0.0
Dpysl4-C,0.0
Acad9-C,0.0
Pthlh-C,32.96894369796263
Cstf2-C,399.74728022919743
Tomm22-C,0.16797410744910007
Serp2-C,2.0434782608695654
Dnase1l1-C,3.482433445065259
Zbtb11os1-C,17.271492607595963
Zfp217-C,2.4389551841956942
Gm15587-C,0.0
Polr1c-C,0.6336158192090394
Lgr4-C,0.0
Vmp1-C,0.0
C130021I20Rik-C,0.0
Abitram-C,74.63450797726219
Sfi1-C,0.0
Nit2-C,176.33498639885616
Ndn-C,89.00818332437447
2310014F06Rik-C,7.885384844102327
Junb-C,0.04446911989500214
Sympk-C,0.0
B230398E01Rik-T,0.0
Arhgap5-T,2337.8895762486873
Zfp74-T,1497.2829859177343
Adsl-T,516.4802683581579
Ppp1r26-T,0.0
Dap3-T,133.35517427645175
C030013C21Rik-T,840.581179488026
Plpp3-T,2617.4723108327776
Mto1-T,981.9256744545679
Mob4-C,0.0
UNKNOWN-T,1659.308908072571
Ddt-T,157.06853959677738
Kdelr1-T,584.1515588012967
Nosip-T,502.2701288284501
Ywhah-T,1642.6690105715277
Cdc27-T,1343.4351124497573
Ttc8-T,700.7095239187105
Klhl22-T,2512.1820500071335
Mrgbp-T,1306.7423679290468
Yars1-T,444.8270251273801
Extl1-T,416.57283349934846
Mfn2-T,1957.9087914872143
Asphd2-T,82.02361750468937
Tsen34-T,399.6298181895776
Lrfn5-T,1846.066748703773
Zc3hc1-T,114.2757297123078
Oaz2-T,710.7980412670149
Patl1-T,505.2457267137185
Mir9-2hg-T,1292.757554162699
Tnfrsf19-T,2975.2370098932824
H3f3a-T,27.711533702977125
B9d2-T,3686.952821727587
Urm1-T,1112.0503623803002
Nkain2-T,1307.3669084874437
Ftx-T,667.5304805570673
Gm12999-T,1606.795033026752
Gab2-T,427.23420026822475
Rbm7-T,821.9525825603152
Nol3-T,211.3329999814934
Gdf9-T,0.0
Mtpap-T,419.9760895632831
Sgf29-T,61.39603434437666
Sema6c-T,11.155386535294856
Kcnj4-T,702.2732037426365
Taf1b-T,555.1809144731163
Glmn-T,1647.0453066094406
Pcdha8-T,0.0
Manea-T,1063.0004890816747
Klhl26-T,179.62337856207807
Cmtm7-T,189.07712836472612
Gm3687-T,623.00466504986
Gm43311-T,32.48507341488305
Jam2-T,198.00251180128538
Rnaset2b-T,88.22250310366698
Myct1-T,0.0
Scarf1-T,429.80155116767867
Hspb8-T,1794.4416307321137
Zcchc12-T,211.7746231088633
Zfp704-T,0.0
Slf2-T,107.04971175448111
Gm37420-T,81.49992990194231
Gm42837-T,879.1430315266903
Cdc73-T,774.7864320073161
Fcho2-T,5011.408596906692
Bclaf3-T,2017.524197705663
Med12l-T,2255.5722617878905
Scrt2-T,2873.8674920966378
Exoc5-T,628.6680276305607
Rpl31-T,1085.6609748328817
Ccdc97-T,3.04910953574174
Spata7-T,916.5590291304596
Mterf3-T,1546.3354248244862
Eps8l2-T,6.146197853003171
H2az2-C,0.0
Abca4-T,0.0
Mrps18c-T,217.48678397541482
Brwd1-T,2282.3517918012367
Lrba-T,210.88340519675347
Smco3-T,93.20563066758633
Gdf11-T,6.911859150542514
Ubr5-T,28.613353964794488
Dctpp1-T,723.3312327104009
Rps9-T,1061.3246829049563
Ip6k2-T,0.0
Hmgb2-T,147.7000942041697
Fsbp-T,997.5231750062749
Gm28523-T,442.73975581240774
Slc2a4rg-ps-T,206.97083006895235
Gaa-T,35.58488573365953
Gpbp1l1-T,1938.2849114354292
Gm13340-T,378.74671686668216
Furin-T,2344.3423419864507
Atosb-T,1473.4011496953083
Tmtc4-T,69.89942320054789
Nudt2-T,0.0
Srprb-T,20.40000777396764
Ercc1-T,185.72167609356615
Gh-T,362.7675516525404
Tulp3-T,1099.9063756325927
Mtmr10-T,278.5140110606508
Psmd10-T,483.81482667234974
Gm43066-T,617.8353683748887
Ipo4-C,0.0
Gm10221-T,2.3223172268163084
Gm43176-T,0.8537356199839846
Gm43420-T,841.479729197293
Gm42463-C,441.9747338491456
Zmym6-T,535.4587381729174
Gm42989-T,0.0
Galnt15-C,0.0
Kmt2c-T,63.4306280729614
Fadd-T,1184.7198953679106
Neu1-T,6.2866908662635606
Arhgap19-T,382.96928742600244
Gm26652-T,879.2352720067069
Sp4-T,859.3576217082291
Sigirr-T,0.0
Arhgef7-C,55.250670079138764
Tmem242-T,331.2978821757665
Sqstm1-T,101.79514960770994
Gde1-T,386.3857378592644
Tmem232-T,3.09211632706876
Ppil6-T,45.94941660360214
Kank3-T,857.1738472696204
Fam168a-T,2710.282439109562
Ctu1-T,9.942859924638299
Phip-T,77.75824708141359
Serpinb1b-T,237.82651777374292
Iqgap3-T,196.06061830939916
Fastk-C,0.0
H1f10-T,418.5737067135565
Zfp869-T,178.9756012189
Heg1-T,412.55320428907726
Dqx1-T,62.738867159614124
Rtl8b-T,2391.861697738463
Gm38077-T,266.6780291376903
Ccnyl1-T,1078.1061419598846
Atg4d-T,231.70677410022577
Gm42853-T,436.27510474023376
Ess2-C,161.63319709536574
Erbin-T,192.68865092814298
Tfip11-T,71.1279076316597
Gm38104-T,1984.3688440015574
Wdr47-T,0.0
Rpl28-ps1-T,374.31278674589015
Trdmt1-T,0.2313827873987108
Erh-T,558.1835142548173
Gm15542-T,0.0
Mllt6-T,39.0224809903292
Gm26592-T,97.97436374131911
Gm42941-T,11.178993808767586
Gm42679-T,0.0
Pcdhb19-T,554.2521855843975
Fbxl22-T,428.9863568624484
Mmp24-T,19.920864383526325
Rab36-T,0.27856726566294315
Tor1aip1-T,166.3788972781752
Zfp677-T,19.264771512911416
Ess2-T,0.0
Itgb1bp1-T,957.9946814635174
1700047K16Rik-T,22.584360598318398
Shh-T,1.8550857954192845
Etv1-T,116.63062977560139
Habp4-T,1592.4429736894651
Flnb-T,611.6012072598787
Msi2-T,457.2366986999615
Skic3-T,17.36102422335117
Cbx6-T,1980.2351710055812
Selenon-C,0.0
Mpst-T,516.5779004827972
Cand1-T,0.0
Tmem229b-T,1090.4828671571233
Rfx1-T,454.5300534351149
Gm37941-T,534.081500147336
Rnf13-T,2460.33984078955
5730408A14Rik-T,436.76672165335833
Cfap418-T,449.28181050985705
Rab24-T,496.490391863182
Ankrd9-T,0.27131348390171917
D630023F18Rik-T,136.42024920259544
Cables1-T,0.0
Rfxank-T,0.0
St14-T,0.0
Cemip-T,0.0
Gm42727-T,770.8793372323827
Dalrd3-T,389.9086856973003
Sypl2-T,0.40311944186120513
Dlg3-T,204.33397022380225
Psme1-T,393.1093807942703
Kmt2b-T,73.68120013371713
Naa40-T,176.622191644928
Rps26-T,1351.8333047396277
Atp1b1-T,166.63869679212542
Nans-T,108.89813518358993
Rpgr-T,106.62433798725257
Ptk2b-T,32.99070307846052
Zbtb45-T,983.6562912818231
A430018G15Rik-T,1.5416531462796526
Rhebl1-T,430.05805080875854
Nudt6-T,15.051996847234237
Paxbp1-T,362.2372323863636
Zpr1-T,835.2065236705188
Ncoa5-C,0.0
Zfp799-T,0.0
Dnmt3a-T,150.07772298658102
Pwp2-T,0.0
Nlgn2-T,194.28833954153575
Arl1-T,560.59924871949
Abhd11-T,374.74041307689896
Cntd1-T,0.0
Plcg1-T,1646.6014263758643
Ptch2-T,96.90724585674133
Flna-T,4.695780144477145
Mtm1-T,393.27205208735666
Gm37777-T,388.46808901926056
Gm43765-T,522.6480432346564
Rab40c-T,501.60670169821935
Plekhg5-T,249.30206527615636
Med18-T,770.733685987142
Ndst2-T,428.3370370370311
Gne-T,53.543814115159606
Thap11-T,0.2605042016806723
Kdm3b-T,461.4866804189914
Smyd5-T,464.47042336808914
Utp4-C,17.910137831328832
Tcf23-T,6.961121564120216
Tnrc18-T,114.69100801420241
Brwd3-T,446.643782850997
Gm37452-T,850.2561683391266
Fdft1-T,161.64049187703966
Fry-T,260.10233995187326
Cry2-T,181.77787591649042
Ss18-T,17.255437975336456
Ndufb9-T,2446.5929863259653
Csnk2b-T,1046.3216192302552
Ppme1-T,1912.7180747813445
4933439C10Rik-T,45.09606778626075
Ripply3-C,0.0
Gm37061-T,533.3902198747711
Xpnpep1-T,271.070793334876
Csrp1-T,2202.1453652216683
Nr3c2-T,0.37424242424242427
Dgkh-T,1600.1036271001524
Mib1-T,4705.396472869904
Nphp3-T,106.89098800467094
Dipk1b-T,1398.6486758578346
Tceal3-T,0.0
Fgf12-T,2358.2582685493935
Chmp6-T,255.62527230940216
Gdap1-T,739.3539669242277
Tbc1d30-T,0.0
Gm14634-T,504.03489508292415
Zfp646-C,0.0
Slc25a12-T,283.77649825065293
Gas1-T,317.81332930876016
Gypc-T,0.0
Myo9a-T,0.0
Pkd2-T,29.140600034064594
Tarbp1-T,0.13871635610766045
Larp4-T,35.828137430840236
Nufip2-T,108.01630861703455
Slc38a9-T,818.7929743475117
Gigyf1-T,80.08796859330009
Rasa2-T,10.372841396150807
Arhgef1-T,422.6210230873714
Gm15513-T,229.24755429388932
Samd5-T,20.575437758767183
Gm38217-T,0.0
Ncaph-T,0.0
H2bc27-T,458.51873484023884
Trib1-T,521.1440976633173
D030028A08Rik-T,107.23804593350033
Rom1-T,18.96098552153349
Gm15124-T,0.05281969774723397
Gpr65-C,0.0
Popdc3-T,0.0
Dhtkd1-T,232.9314566665661
Arhgef26-T,217.83793026728344
Gdf10-T,0.0
Zfp689-T,427.9999999999931
Dynlt1f-C,0.0
Zfp738-T,429.0152409429871
Fam199x-T,0.0
Arb2a-T,1086.314054033687
Uty-T,18.215501343277534
Gm43677-T,0.0
Zbtb44-T,0.14285714285714285
Bean1-T,79.7708391781782
Fads3-T,0.0
Usp33-C,482.8725673265874
Mettl5-T,62.490282257804786
Fra10ac1-T,128.30826771564665
Aatf-T,454.062604573606
Gm43133-T,309.5492961947395
Sncg-T,0.0
Ppp1r3g-T,6.199926004867553
Pheta1-C,0.0
Vmac-T,366.4510482309717
Gm3764-T,1485.8874207142153
Fam91a1-T,53.731823721281756
Adamts15-T,0.0
Gria4-T,332.03125626400146
Zranb2-T,421.4062044501277
Nptn-T,100.6965838362412
Vps39-T,304.83882633385355
Grk3-T,10.005294569480391
Eid2-T,623.7553096263445
Hook2-C,167.35769844007623
Zfp638-T,306.09302974813056
Wwc2-T,0.0
Mier3-T,81.53727156575748
Kcnma1-T,6804.283756060508
Gm37266-T,887.0833465041949
Vps13a-T,2029.6753320299156
E230020A03Rik-T,0.0
Ascc3-T,343.2841161443025
Zfp382-T,0.0
Hmgcs1-T,93.65138768422241
Mipol1-T,47.40839712256143
Alkbh1-T,345.04173768948556
Notch3-T,14.935929972032648
2310034G01Rik-T,0.014084507042253521
Hspa1b-C,0.0
Cdk7-T,0.041666666666666664
Acsbg3-T,0.0
Sox30-T,887.0803590992095
Cmc4-C,0.0
Dmxl1-T,138.907271240677
Cdc42bpa-T,927.4634063240273
Crygn-T,103.49130357782816
Setd2-T,2083.392619845361
Tle5-T,2604.1932794143045
Dusp28-C,0.0
Pigv-T,34.8878375283802
Ptrh1-C,0.0
Gm5845-T,4706.1062009487305
Gprin2-T,6.32136269325818
Rpl8-T,454.8610786308165
Hmox2-T,542.9910620387378
Serpina3n-T,821.6364874277941
Ctso-T,765.741341053398
Tubg2-T,299.43692982084224
C130023A14Rik-T,1551.6048225931627
Mitd1-T,0.0
Preb-C,0.0
Exoc1-C,257.6582275778377
Patz1-T,947.25914538161
5730409E04Rik-T,305.78186502992037
Gm3364-T,29.153188533337012
4930444P10Rik-C,0.0
Ankra2-T,427.99999999996976
Ascl4-T,5.446202017368623
Brdt-T,143.615787122035
Retreg3-C,0.0
Phldb1-T,8.84522851292501
Gm37529-T,67.34864953703095
Sdr39u1-T,1330.7262497866095
Ubb-T,351.08136177207007
Tmem138-T,102.23993937143756
Sh2b1-T,1016.7346319350954
4921524J17Rik-T,280.86223990112245
Pard6a-T,1276.9857447341562
Zgrf1-T,112.23113279704694
Ppm1j-T,0.0
Zfp523-T,502.1227142768994
Mrpl34-T,796.7140805442792
E2f3-T,427.9999999999961
Phf8-T,0.0
Nudt22-T,151.74484959756944
Gm38357-T,3.0587513132869315
Slc13a5-T,0.0
Cxcl14-T,2169.1777862939525
Nudt16l1-T,67.52758619834772
Slc7a14-T,1.9503639865304165
Pnkp-T,21.612236886831994
Adrb3-C,11.37518007835652
Agk-T,1.942118840565336
Acot6-C,4.8205850178024425
Ece2-T,10.291890738593276
Pcmtd1-T,622.526261234134
Gm17259-T,125.0257545232862
Gm29488-T,73.7831833206441
Muc3a-T,704.7709138346019
Zfp874a-T,0.0
Sdhb-T,2640.156288271619
Snx22-T,0.0
Zfp469-T,1125.5180937909329
Wdr6-C,0.0
F9-T,2568.0000000001733
Gm10654-T,1283.8640106929251
Fam193b-T,459.8396112940836
A930024E05Rik-C,0.0
Mchr1-T,0.0
Tcea1-ps1-T,441.31447291075295
Xpr1-T,457.7990959194739
4833417C18Rik-T,0.0
Etohd2-C,0.0
Ptpn4-T,1059.4409750739023
Wbp1-T,413.8225189768019
Gm38299-T,505.1186966805651
Folh1-T,0.0
Plag1-T,0.0
Vps13d-T,240.13302162557548
Epcip-T,1283.9999999999911
St8sia6-T,307.3181214073764
Iqank1-T,0.0
Idi1-T,1343.3647909477472
Tmem104-T,819.8213296283438
Cul4b-T,427.99999999999676
Bcl2l12-C,427.9999999999992
Npas3-T,0.0
Hs3st3b1-T,427.9999999999992
Bvht-C,0.20226863244269927
Bicd1-T,20.068955565237424
Prima1-T,0.44872197264695646
Map3k20-T,0.0
Zc3h11a-T,52.66579603642807
Utp20-T,533.6121442149515
Cops8-T,454.88500119796487
Dpp10-C,0.0
1700007L15Rik-C,0.0
Slc7a11-T,455.54884621789944
Aldh8a1-T,0.0
Mrps22-C,0.0
Ccdc180-C,0.0
Kcnh2-T,14.841241670475872
Hycc1-T,0.0
Cd24a-T,0.0
Gm37834-T,708.8183654117313
Map3k2-T,620.2797652376072
Dcp2-T,2.0628727959688082
Gm15764-T,2.780004892096542
Steap3-T,505.38323911822164
Usp48-C,1.1208254045278554
Med13l-T,237.55310076161967
Elmo2-C,0.0
Pstpip2-T,80.49216219030689
Gm42442-T,282.1108387642688
Ncl-T,427.99999999999375
Stard4-T,73.05558408491423
Mthfd1l-C,0.0
Ndufv3-T,227.33804361364585
Lrp4-T,81.11957674717083
Ankrd16-T,987.6909989632387
Pole-T,0.0
Svil-T,427.99999999998636
Hlx-T,854.4586158578462
Minar1-T,304.5793968636393
Nod1-C,0.0
Gm26225-T,7.166098566334057
Psd3-T,250.4873238617472
Ddx6-T,0.22544266994731393
Vps13c-T,376.651430817108
1810021B22Rik-T,123.60706855204101
Prkn-C,0.0
Cdc25c-T,0.0
Phka1-T,0.5926257040450589
Socs5-T,159.16064430705757
Fpgt-T,519.367222961375
Col25a1-T,954.8686027610523
Gopc-T,0.0
Yars1-C,0.0
2810021J22Rik-T,410.41726096724227
Wdr27-T,303.7596048647018
Gm10516-T,0.0
Knstrn-T,120.51140559578404
Sp3-T,170.77441734957878
Nicn1-T,2691.8341851149735
Tmem250-T,1179.8148159576479
Ints5-C,0.0
Ncbp2-C,0.0
Gm43187-T,127.08937910985988
Sec24a-T,615.2939666328442
Gm43417-T,130.39567083153773
Hmmr-C,0.0
Zcwpw2-T,1.1784509825150224
Btbd1-T,35.96552933538293
Mpnd-C,0.0
Psmd2-T,312.92025055058707
Nek1-T,2.7109828239481994
Emc6-T,18.365086027832824
Kmt5b-C,0.0
Rgs5-T,306.16665893006797
Lama1-C,0.0
Ap2a1-T,15.803944938845008
Kmt2d-T,246.9545006151382
Cfp-T,4.150075897369195
Atad5-T,0.0
Dusp11-T,1297.1754061667134
L3mbtl1-T,765.9928895564215
Atp5mf-T,445.1001036383661
Senp7-T,315.66802403831497
Phpt1-T,198.98621913995484
Mrpl41-T,36.3404857075327
Rpl37-T,858.0654978219185
Plekha3-T,292.9970120629866
Cyria-T,5.229606085615447
Trp53bp2-T,6.535319704293661
Osgin2-T,427.99999999998613
Adam10-T,49.4425027428177
Sntg1-T,0.0
Ddhd1-T,24.001523272610584
Naip6-T,9.596469663077121
Arrdc2-T,57.97274995088957
Pum1-T,120.10513373701438
Lmbrd2-T,110.68112357009214
B230217C12Rik-T,21.745692672460137
Etv3-T,432.128709708506
Ogdhl-T,30.74426541478372
Impact-T,452.0603369109305
Mgat5b-T,61.75247198570776
Cpxm1-T,12.609105979201455
Gm18284-T,120.65361092510481
Fam120b-T,2.195394716389983
Mydgf-T,170.77134468388655
Gls-T,136.1584178299541
R3hdm1-T,417.69061242361215
Gm42482-T,26.84100019204789
Emg1-T,6.557592220567133
Tbcb-T,306.58163805521406
Drap1-T,117.6560851010299
Ift122-T,38.89461099067315
Dmtf1-T,84.46312855121546
Srcap-T,482.8743415130549
Gm43751-T,161.47389896177285
Stk32c-T,375.7308689226176
Peg13-T,123.52773173907488
Lypd6b-T,0.881083242866138
Tmem82-T,0.7675389785785962
9330159F19Rik-T,1069.3936331001155
Cfdp1-T,2497.4424168944593
Mast1-T,4465.800943255986
Dnajc8-T,0.0
Gimap4-T,428.0
Mdh1-T,1171.94801491569
Ermard-T,2.627161037774185
Rad54l2-T,412.7322371841652
Krtcap2-T,22.5686647397908
Slc1a2-T,121.63340650179777
Slc22a17-T,670.3936282921987
Ybx1-T,857.4185307770831
Bend3-T,516.1585306766474
Apc-T,118.00602014427366
Trip11-T,957.7983083239122
Pja2-T,711.4985080445787
Cep350-T,134.0369812251633
Ehbp1-T,45.64378329194429
Ep300-T,0.15211402195994547
Rxrb-T,170.14635654753167
Casq2-T,21.88967208185787
Tcf4-T,303.7986666330395
Cfap69-T,29.088823216393198
Lpl-T,0.0
Sting1-T,2139.999999999995
Mtif3-T,0.0
Dzip1l-T,0.0
Etaa1-T,94.80336700945158
Rarb-T,0.0
Clip4-T,265.89187378843644
Wwp1-T,92.47892794078217
Mrfap1-T,646.6062922621608
Tubb2a-T,64.38104530194589
Appbp2-T,148.35337103224202
Nhsl1-T,0.0
Gm42771-T,15.785221285321361
Carf-T,434.60458322127096
Spopl-T,94.61247203098425
Ndn-T,880.2701734002812
Nap1l1-T,176.28563194169175
L3hypdh-T,0.0
Rgs17-T,855.9999999999997
Elf4-T,0.0
Gm16168-T,0.0
Pex3-T,36.81105392523839
Dock6-T,18.14422322856684
Ndufaf4-T,0.0
Map3k13-T,116.88406210138996
Nbeal1-T,0.0
Ndufa5-T,208.45318462643687
Eif2s2-T,695.6615638963174
Nxph3-T,86.11670392486424
Sdc1-T,0.0
Dus4l-T,428.0000000000039
Kctd12b-T,0.0
Macf1-T,1175.7221797511274
Gphn-T,566.4133952643016
Aard-T,0.0
Unk-T,855.9999999999754
Qng1-T,0.0
Thumpd1-T,0.0
Mxra7-T,195.0205663359852
Mia2-T,0.0
Hexim2-T,135.35738794077133
Vcpip1-T,241.64959333713844
Cep15-T,45.12565363004131
Zbtb37-T,340.59797331947607
Zfp664-T,102.9493419423544
Kif26a-T,0.0
Gm8186-T,428.0000000000038
Mrpl3-T,6.110970853858781
Cast-T,0.0
Vash2-T,0.0
Nkain1-T,46.0148918314422
Carmil3-T,428.00000000000455
Gm37033-T,0.0
Nrm-T,14.52069456736708
Col14a1-T,0.0
Mecp2-T,427.999999999995
Eif4ebp1-T,24.85044924957167
Fzd5-T,284.2653850571603
Shisa9-T,21.845728604665073
Me1-T,3.5195122483937844
Cep97-T,3.4022292411779835
Lrch3-T,9.351775446988333
Pcx-T,294.80627592734714
6430511E19Rik-T,30.75669368863453
Scaf4-T,3.416029842299706
Iws1-T,971.0953663565618
Tet1-T,18.360317475561455
2310057M21Rik-T,0.0
Spata24-T,427.999999999995
Col8a1-T,0.0
Plin2-T,0.0
Atg9b-T,0.0
Fads2-T,432.3237663926519
Thoc3-T,167.97002913237253
Cfh-T,0.0
Dynlt1a-T,1.7485566720899612
Krt73-T,237.82212694359086
Klf8-T,4.109252523933038
Rpn2-T,80.05521847274667
Ankib1-T,0.0
Spp2-T,0.0
Ltbp4-T,1.220333047832253
Rdh11-T,52.23693066386287
Gm23751-T,135.63989090837126
Rps13-ps5-T,0.0
Gm43795-T,25.54144384803727
Soat1-T,0.0
Cyb5d2-T,945.1693671792353
Ccdc134-T,1165.4528569530744
Ccdc28b-T,0.0
Tmem100-T,221.48702693593086
Neu2-T,255.40486944977982
Atp8a1-T,499.67750686588937
Spns1-T,711.9605812107222
Immp1l-T,8.285652354759856
Gimap9-T,0.0
Msmo1-T,864.7591152928479
Cnot1-T,0.0
Chic1-T,0.0
Appl1-T,63.771682762552544
5330413P13Rik-T,110.66033884220097
Tbx3os1-T,427.99999999999557
Gm12144-T,16.25455159936314
Vps4a-T,0.0
Zdhhc9-T,1712.0000000000211
4930513N10Rik-T,0.0
Lyzl4-T,0.0
Flnc-T,427.9999999999999
Gm37124-T,0.5916183402478127
Rpap2-T,0.0
Tmem132c-T,14.380360641759008
Prdm1-T,102.29606056822328
Hectd1-T,0.0
Slc18a1-T,0.0
Or52b2-T,0.0
Alg5-T,0.0
Snip1-T,0.0
Dgkeos-T,0.0
Ccdc149-T,2.2814258819755313
Mpp7-T,25.432025094604633
Spsb2-T,428.2133576387389
Pramel1-T,0.0
Dock10-T,0.31299019607843137
Rsad1-T,152.32507114402387
Gm37968-T,0.0
Lrrc40-T,0.0
Gm4804-T,0.0
Chst14-T,485.1890859712438
Prdm10-T,0.0
Smim24-T,0.0
Kcnh7-T,0.05263157894736842
Ccdc169-T,0.0
Synpo2-T,0.0
Maf-T,427.9999999999824
Celrr-T,0.0
C030034I22Rik-T,6.993642895709909
Gm19439-T,0.0
Tmem8b-T,0.0
Pign-T,0.0
Hopx-T,0.0
A330040F15Rik-T,0.0
Pepd-T,0.0
Cntnap5b-T,0.0
Gm26691-T,427.9999999999966
Gm27151-T,0.0
Gm37258-T,0.0
A530041M06Rik-T,0.0
Gm37397-T,0.0
Gm43009-T,0.0
