NAME,Feci_LPS_CTRL_934_23022024,Feci_LPS_CTRL_935_23022024,Feci_LPS_CTRL_938_26022024,Feci_LPS_CTRL_940_26022024,Feci_LPS_CTRL_943_26022024,Feci_LPS-CTRL_941REP_01032024
,LPS_CTRL,LPS_CTRL,LPS_CTRL,LPS_CTRL,LPS_CTRL,LPS_CTRL
10-Heptadecenoic acid,1.68707E-05,1.89573E-05,5.48908E-06,1.68317E-05,1.6426E-05,1.99295E-07
3-Aminobutanoic acid,0,4.2925E-05,0,0,0,0
3-Hydroxypicolinic acid,1.21666E-05,1.10365E-05,7.63088E-06,1.13201E-05,1.01533E-05,0
4-Pentenoic acid,1.34351E-05,3.09889E-05,2.99055E-05,2.84379E-05,2.40502E-05,1.36946E-05
Acetohydroxamic acid,5.46393E-06,3.59668E-06,1.29142E-06,5.50861E-06,4.18266E-06,8.63137E-07
Argininosuccinic acid,1.37639E-05,0,8.65786E-06,0,8.54005E-06,2.79951E-05
Butyl caprylate,4.12707E-05,3.56342E-05,0,0,9.12636E-06,0
Deoxyglucose,1.29466E-05,2.86604E-05,2.04594E-06,1.36356E-08,6.8102E-06,0
Dodecanedioic acid,0,0,0,0,0,0
Erythritol,2.74942E-05,2.15536E-05,2.00579E-05,0,2.0076E-05,7.91872E-05
Ethanamine,5.73928E-06,4.22097E-06,1.49572E-05,7.14945E-06,1.28765E-05,6.2074E-05
L-Asparagine,5.3961E-06,4.03935E-06,2.67921E-06,8.11291E-06,4.89711E-06,0
L-Glutamine,1.00507E-05,1.12664E-05,0,1.29942E-05,6.28608E-06,0
L-Hydroxyproline,1.14536E-05,1.29233E-05,7.78455E-06,3.22938E-05,1.2111E-05,2.2711E-05
L-Lysine,0,3.21608E-07,0,1.6771E-05,5.99415E-06,0
L-Norvaline,1.34122E-06,8.32051E-06,2.3374E-06,4.63505E-06,4.02942E-06,7.39424E-06
L-Serine,6.87436E-06,7.75868E-06,9.25917E-06,1.25786E-05,1.09735E-05,2.11368E-05
N-Acetylglucosamine,1.01466E-05,1.20826E-05,9.47994E-06,1.67326E-05,1.61744E-05,1.51959E-05
Niacinamide,0,6.82863E-06,0,1.55015E-05,5.05192E-06,0
N-Methyl-alpha-aminoisobutyric acid,3.10558E-06,0,5.29431E-06,2.90915E-05,0,0
Phloroglucinol,2.06963E-05,1.64468E-05,9.92078E-06,1.33042E-05,1.20917E-05,7.48831E-06
Thr-Leu,3.70034E-06,0,3.83256E-06,2.17307E-05,5.39408E-06,0
Xanthine,5.23855E-06,2.46663E-06,3.57858E-06,3.21494E-06,3.88908E-06,2.49733E-05
"(2,2-Dimethyl-5-[2-(2-ethoxymethoxy)propyl][1,3]dioxolan-4-yl)methanol",0,0,0,0,0,0
"(4,4-Dimethyl-5-methylene-4,5-dihydro-3H-pyrrol-2-yl)-(4,4-dimethyl-5-methylene-pyrrolidin-2-ylidene)-acetonitrile",1.15804E-05,0,1.19542E-05,1.39159E-05,1.83406E-05,0
"(9H-fluoren-9-yl)methanol, O-methoxycarbonyl",0,0,0,0,0,0
"1(2H)-Naphthalenone, 3,4-dihydro-3,3,6,8-tetramethyl-",4.57633E-06,3.03467E-06,1.56838E-05,1.63937E-05,1.30548E-05,1.10322E-05
1-(2-Methoxy-1-methylethoxy)-2-propanol,0.000145286,0.000105845,0,0,0,0
"1,1'-Biphenyl, 2,2',5,5'-tetramethyl",0,0,0,0,0,0
"1,2,4,5-Cyclohexanetetrol",1.94656E-05,0,0,0,2.6624E-05,0
"1,2,4-Butanetriol",0,0,0,6.06889E-05,0,0
"1,3-Dioxane, 2,2-dimethyl-5-hydroxy-",0,1.7193E-06,0,0,0,0
"1,4-Butanediol",0,0,0,0,0,0
"1,5-Anhydroglucitol",8.0824E-07,1.83182E-06,1.36962E-05,1.05578E-05,9.4414E-06,5.27779E-06
"1,7-Dimethyl-4-(1-methylethyl)cyclodecane",0,0,0,0,0.000198914,0
11-Hydroxy-.DELTA.-9-tetrahydrocannabinol,2.4662E-06,0,0,1.89998E-06,0,1.34354E-05
11-Methyldodecanol,1.50899E-05,1.27114E-05,9.12115E-06,7.93076E-06,9.28951E-06,6.98139E-05
12-Oxooctadecanoate,1.09236E-05,6.68253E-06,1.82799E-05,4.01524E-07,4.91492E-05,0
13-Docosenamide,1.72006E-05,1.53987E-07,2.91435E-06,1.86839E-06,0,0.0001809
17-alpha-Hydroxypregnenolone,8.73135E-05,0,0,0,0,0
18-Methyl-nonadecanol,0,0,0,1.39311E-05,0,0
1-Deoxypentitol,0,0,2.97911E-06,2.3312E-05,0,0
1-Dodecanol,5.77327E-06,4.79169E-06,3.37081E-06,2.14049E-06,3.57782E-06,2.74265E-05
1-Dodecene,0,0,0.000144832,0,0,0
1-Hexacosene,1.24621E-05,1.40183E-05,8.51156E-06,1.35416E-05,1.35187E-05,7.55143E-05
1-Hexadecanol,1.03736E-05,1.13282E-05,6.56795E-06,6.41937E-06,7.66492E-06,6.06217E-05
1-Hexanol,0,0,2.16973E-05,0,1.43641E-05,0.000165992
"1H-Indole-2-carboxylic acid, 5-ethyl-1-(trimethylsilyl)",8.10937E-06,7.59826E-06,9.26722E-06,8.54488E-06,1.13902E-05,0
"1H-Naphtho[2,1-b]pyran, 3-ethenyldodecahydro-3,4a,7,7,10a-pentamethyl-, [3R-(3alpha,4abeta,6aalpha,10abeta,10balpha)]-",0,0,0,0,0,4.9876E-05
1-Methyl-4-hydroxy-1H-imidazol-2-amine,1.19374E-05,0,1.12765E-05,2.73243E-06,1.65001E-05,8.90678E-05
1-Monomyristin,0,0,0,0,0,0
1-Monopalmitin,5.1809E-05,0.000160242,4.48226E-05,0,0,0
1-Octadecanol,1.91726E-05,1.58097E-05,1.94529E-05,1.42546E-05,2.04435E-05,0.000112772
1-Octanol,0,0,0.0001354,0,0,0
"1-Phenanthrenemethanol, 1,2,3,4,4a,9,10,10a-octahydro-1,4a-dimethyl-7-(1-methylethyl)-, [1R-(1alpha,4abeta,10aalpha)]-",0,0,0,0,0,0
"1-Propanamine, N,N-diethyl-",2.64738E-06,2.06049E-06,6.68721E-06,4.67651E-06,8.46775E-06,7.8807E-05
1-Tetracosene,2.21107E-05,1.75417E-05,1.02839E-05,2.17752E-05,2.02219E-05,6.24388E-05
1-Tetradecanol,8.61291E-06,6.23866E-06,4.48108E-06,0,4.14379E-06,4.16176E-05
"2',2,3,6'-Tetramethoxychalcone",0,0.000107344,8.43532E-05,0,0,8.58298E-06
"2,2,4-Trimethyl-1,3-pentanediol diisobutyrate",1.05806E-05,9.13734E-06,8.07807E-06,6.90773E-06,7.7633E-06,7.00127E-05
"2,3,4,5-Tetrahydroxypentanoic acid-1,4-lactone",1.19066E-05,8.8484E-07,2.86409E-05,1.26226E-06,5.55367E-06,0.000100676
"2,3,4-Trihydroxybutyric acid",3.82872E-06,5.65508E-06,1.25885E-05,1.46241E-05,1.72049E-05,2.4413E-05
"2,3-Butanediol",4.97484E-06,3.82769E-06,3.16498E-06,1.61364E-06,2.55045E-06,7.05132E-06
"2,3-Dihydroxy-2-methylpropanoic acid",1.41186E-05,8.56752E-06,1.54608E-05,5.06266E-06,2.93488E-05,2.26655E-05
"2,3-Dihydroxypropyl icosanoate",0,0,0,4.20676E-05,0,0
"2,4,6-Tris(1,1-dimethylethyl)-4-methylcyclohexa-2,5-dien-1-one",0,0,0,0,0,0
"2,4-Di-tert-butylphenol",0,0,2.12447E-05,0,0,0.000237823
"2,5-Cyclohexadiene-1,4-dione, 2,6-bis(1,1-dimethylethyl)",9.28981E-06,8.79913E-06,3.04458E-06,6.45056E-06,6.47024E-06,9.34163E-05
"2,5-Dimethoxybenzhydrazide",1.10185E-05,8.29806E-06,5.6691E-06,1.87116E-05,1.17534E-05,3.28802E-05
"2,5-Dimethoxymandelic acid",0,0,7.31162E-06,1.20504E-05,1.38709E-05,3.58172E-05
"2,5-Dimethoxyphenol",7.04112E-06,6.9876E-06,6.90283E-06,1.15762E-05,9.43926E-06,6.16497E-05
"2,5-Di-tert-butyl-4-hydroxyphenol",9.94256E-06,1.05201E-05,7.28901E-06,1.03266E-05,8.22086E-06,5.37853E-05
"2,6-Di-O-methyl-d-galactopyranose",4.81441E-05,5.02038E-06,2.56826E-06,0,2.1804E-05,7.29219E-06
"2-Allyl-1,4-dimethoxybenzene ",1.00951E-05,8.92867E-06,8.63121E-06,1.891E-05,1.41027E-05,5.45396E-05
2-Amino-4-tert-butylphenol,1.10999E-05,5.84338E-06,0,0,3.12543E-05,5.22035E-05
2-Aminoadipic acid,4.65221E-06,3.99916E-06,5.82664E-06,5.51983E-06,6.0599E-06,9.29933E-06
2-Aminobutanoic acid,0,6.95489E-06,7.00408E-06,2.12841E-05,5.69478E-06,0
2-Butenedioic acid,2.29731E-05,1.70716E-05,1.71786E-05,1.9627E-05,2.31432E-05,5.59208E-05
"2-Butenoic acid, 2-hydroxy-",1.64363E-05,1.30766E-05,6.82868E-06,0,0,7.8613E-05
"2-Butenoic acid, 2-methyl-, 2-methyl-2-propenyl ester",1.54203E-05,1.1076E-05,1.10793E-06,1.07888E-05,1.46622E-05,0.000103675
2'-Deoxyribolactone,7.49504E-07,1.29255E-06,0,3.53711E-07,1.15222E-06,7.33127E-07
2'-Desoxyuridine,2.48815E-06,3.09886E-06,5.64927E-06,1.908E-05,6.22597E-06,5.0931E-06
2-Ethylacetoacetate,5.89831E-06,6.56838E-06,1.37494E-05,1.41836E-05,1.5717E-05,1.54013E-05
2-Ethylhexanoic acid,3.75711E-06,4.41378E-06,2.35031E-06,4.23453E-06,2.92615E-06,0
"2-Furanacetaldehyde, tetrahydro-alpha",0,0,0,0,0,0
2-Furoic acid,0,0,0,0,0,0
2-Hydroxy-2-methylbutyric acid,3.4449E-05,2.67912E-05,0,0,8.94536E-06,0
2-Hydroxy-3-methylbutyric acid,0,0,0,0,0,0.000153596
2-Hydroxy-5-methoxybenzaldehyde,1.18474E-05,9.91087E-06,8.65373E-06,1.11671E-05,1.12245E-05,2.55986E-05
2-Isopropyl-5-methyl-1-heptanol,2.0499E-05,7.92056E-07,4.31112E-07,1.28275E-06,9.47591E-07,1.99144E-05
2-Ketobutyric acid,1.87439E-05,1.5406E-05,1.26323E-05,1.34232E-05,1.59762E-05,0.000110556
2-Ketohexanoic acid,0,0,0,0.000122726,0,0
"2-Methyl-4,6-dinitrophenol",0,0,0,0,0,0
2-Octanol,3.21335E-05,0,2.83799E-05,0,0,0.000135785
2-Palmitoylglycerol,0,0,1.85894E-07,0,0,8.06792E-05
"2-Pentenedioic acid, 2-hydroxy-",1.0984E-06,1.86842E-06,7.27509E-06,5.39138E-06,2.6892E-06,1.07893E-06
2-Pentenedioic acid,0,0,0,6.42033E-06,0,4.38707E-05
2-Piperidinone,0,0,0,8.04286E-06,0,0
"2-Propenoic acid, 2-hydroxy-3-(4-hydroxyphenyl)",1.12411E-06,1.79952E-06,3.95659E-06,1.02104E-05,5.42353E-06,0
2-Pyrrolidinone,7.75598E-06,6.30737E-06,7.03112E-06,1.18961E-05,9.79555E-06,1.79054E-05
2-tert-Butyl-4-ethylphenol ,1.58457E-05,1.29183E-05,9.94689E-06,1.41648E-05,0,0
3-(3-Hydroxyphenyl)propanoic acid,8.92107E-06,1.80825E-05,4.26538E-06,5.71159E-07,2.26339E-05,3.76671E-05
"3,3,5-Trimethylcyclohexan-1-ol",0,0,0,0,0,0
"3,4,5-Trihydroxypentanoic acid",0,6.98214E-06,1.48375E-05,0,2.0235E-05,8.74923E-06
"3,4-Dihydrocoumarin, 4,4-dimethyl-6-dimethylamino",8.31644E-06,6.36229E-06,8.71511E-06,1.34584E-05,1.17781E-05,7.70671E-05
"3,4-Dihydroxy-5-methyl-dihydrofuran-2-one",0.000594492,0,0,0,0,0
"3,4-Dimethoxymandelic acid",2.58405E-05,1.09837E-05,1.42649E-05,1.6645E-05,1.1834E-05,1.37002E-05
"3,4-dimethyl-5-(3,4-methylenedioxy)phenyloxazolidine",1.67725E-05,0,7.67952E-06,9.44953E-06,9.91149E-06,5.62597E-05
"3,5-Dimethylphenol",3.82388E-05,3.02738E-05,0,2.39583E-05,0,0
3-Amino-2-piperidone,8.55413E-06,0,3.24023E-06,1.04341E-05,5.70249E-06,0
3-Aminoisobutyric acid,0,0,0,0,0,0
3-Buten-2-one,0,0,0,0,0,0
3-Deoxyhexitol,0,4.68439E-06,3.81189E-06,4.32636E-06,4.68804E-06,0
"3-Ethyl-3-methyl-pyrrolidine-2,5-dione",8.46465E-06,6.14193E-06,8.2644E-06,6.9609E-06,1.21358E-05,2.07451E-05
3-Hexenedioic acid,1.00182E-05,6.11451E-06,4.11461E-06,1.96796E-05,8.18706E-06,3.19197E-05
"3-Hydroxy-2,3-dihydromaltol",4.75438E-06,5.34117E-06,1.84313E-05,1.20239E-05,3.00591E-05,1.47116E-05
3-Hydroxybutyric acid,1.28559E-05,5.197E-06,7.62757E-06,1.56959E-05,6.63366E-06,2.33131E-05
3-Hydroxyisovaleric acid,0,8.48474E-06,1.27182E-05,2.21133E-07,1.30636E-05,0
3-Methyl-2-furoic acid,1.02684E-05,1.43139E-05,1.54302E-05,2.10467E-05,1.12883E-05,0
3-Methyl-2-oxovaleric acid,0,0,0,0,0,0
3-Methylvaleric acid,0,0,5.77167E-06,0,1.98558E-06,0
3-O-methyl-beta-D-Glucopyranose,1.67682E-05,0,0,1.8869E-05,1.38222E-06,0
3-Oxo-1-cyclohexene-1-carboxylic acid ,0,0,0,5.00829E-05,5.86369E-05,0
"3-Pentenoic acid, 4-methyl",0,0,0,0,0,9.97866E-05
3-Pyridylcarbinol,4.87712E-06,3.01226E-06,8.88299E-06,1.00366E-05,1.02351E-05,2.99605E-05
3-hydroxypalmitic acid,0,0,0,0,0,0
3-Undecene,8.92228E-06,5.79365E-06,5.82975E-06,4.51643E-06,9.17531E-06,4.99268E-05
pyrazole,6.62067E-06,1.61507E-06,0,1.29524E-05,0,0.000112793
4-hydroxy-3-penten-2-one,1.40198E-05,0,0,0,1.41418E-05,0
4-Aminobenzoic acid,4.2316E-06,1.89634E-05,0,1.89723E-05,1.18678E-05,0
4-Coumaric acid,6.1058E-06,4.2761E-06,9.36283E-06,3.80399E-06,3.3788E-05,0
4-Hydroxy-5-(hydroxymethyl)oxolan-2-one,9.24401E-06,6.43427E-06,9.51194E-06,8.01405E-06,1.13625E-05,4.50359E-05
4-Hydroxybenzaldehyde,5.56395E-06,4.90306E-06,6.80111E-06,1.95897E-05,8.30498E-06,1.30694E-05
4-Hydroxybenzeneacetic acid,3.93477E-06,7.24851E-06,5.78694E-06,1.1438E-05,1.05203E-05,2.58261E-05
4-Hydroxybenzoic acid,2.39844E-06,5.75408E-06,5.2226E-06,2.02644E-05,5.61254E-06,1.43367E-05
4-Hydroxybutanoic acid,0,0,0,0,0,0
4-Hydroxyphenyllactic acid,3.07967E-06,0,1.00838E-05,1.19204E-06,2.19191E-07,0
4-Methoxyphenol,1.18001E-05,1.0585E-05,1.06041E-05,1.51052E-05,1.15008E-05,4.52006E-05
4-Methyl-5-thiazoleethanol,7.78173E-06,9.85491E-06,6.80081E-06,9.93567E-06,8.06058E-06,1.92396E-05
4-Methylvaleric acid,1.1807E-05,1.05325E-05,5.44128E-06,8.8561E-06,6.47016E-06,3.84876E-05
"4-Nonanone, 2,6,8-trimethyl",0,0,1.28288E-05,1.12071E-05,0,0
4-Pyridinol,1.0102E-05,4.80083E-06,5.43839E-06,1.43533E-05,8.32421E-06,4.33994E-05
4-Pyrimidinamine,0,0,0,0,0,7.91465E-05
4-hydroxycyclohexylacetate,3.30956E-07,0,3.97775E-06,3.16958E-05,0,0
"5,10-Diethoxy-2,3,7,8-tetrahydro-1H,6H-dipyrrolo[1,2-a:1',2'-d]pyrazine",0,0,6.07546E-06,0,1.62049E-06,0
"5,8,11-Eicosatrienoic acid",8.75788E-06,8.58357E-06,0,1.79964E-05,1.38504E-05,1.10077E-05
5alpha-Ergost-8(14)-ene,0,0.000206919,0,0,0,0
5-Amino-1-pentanol,0,0,0,0,0,0
5-Aminovaleric acid,4.55297E-06,0,1.71374E-06,0,3.64243E-06,5.08609E-05
"5-Androsten-17alpha-methyl-3beta,17beta-diol",0,6.64565E-06,0,0,2.51225E-05,1.61102E-05
5-Henicosylresorcinol,0,0,0,0,0,0
5-Hydroxy-2-methylpyridine,0.000184563,0,0,0,0,0
5-Hydroxymethyl-2-furoic acid,0,0,1.14067E-05,1.45601E-05,0,0
5-Methyluridine,0,0,3.96967E-06,3.11704E-05,1.4135E-06,0
5-Oxohexanoic Acid,4.8266E-05,0,1.31583E-05,0,9.55592E-06,4.3318E-06
5-hydroxy-n-valeric acid,0,0,0,0,0,0
6-Hydroxyhexanoic acid,0,2.17614E-05,0,1.22106E-05,1.25261E-05,0
"7,9-Di-tert-butyl-1-oxaspiro(4,5)deca-6,9-diene-2,8-dione",9.47998E-06,7.1354E-06,7.8733E-06,9.22391E-06,9.0022E-06,8.07619E-05
8-Hydroxy-5-(hydroxymethyl)quinoline,7.60344E-07,4.77304E-06,3.14889E-05,3.56183E-06,0,6.51441E-06
8-Hydroxyquinoline-2-carbaldehyde,0,0,0,0,0,0
"9,12-Octadecadienoic acid",0,0,0,0,0,0
9H-Purin-6-ol,5.96128E-07,1.38036E-06,2.31637E-06,1.58852E-05,1.96257E-06,0
9-Octadecen-1-ol,8.34191E-06,1.02409E-05,7.76368E-06,3.47316E-07,5.07434E-06,0
9-Octadecenamide,1.10335E-05,2.01178E-06,2.46865E-06,0,2.38563E-06,0.000181888
9-Octadecenenitrile,0.000144594,0,0,0,0,0
9-Octadecenoic acid,7.76589E-06,1.08916E-05,1.54663E-05,8.49802E-06,9.34554E-06,3.34984E-05
"Acetamide, N-(2-butyl)-N-methyl-",1.18914E-05,7.39344E-06,8.49055E-06,5.95677E-06,1.00281E-05,5.96849E-05
"acetic acid, [(2-hydrloxyethyl)thio]-",0.00012263,0.00015874,0,0,0,0
"Acetin, 1,3-dihydroxy",0,0,0,0,8.88964E-05,0
Acetoacetic acid,9.57792E-06,0,1.83665E-05,1.24749E-05,1.96502E-05,0
Aconitic acid,0,0,9.0312E-06,0,9.21429E-06,3.85973E-06
alpha-D-(+)-Talopyranose,1.07891E-05,2.03611E-05,1.53129E-05,1.40996E-05,1.92941E-05,1.53465E-05
"alpha-D-Glucopyranoside, methyl 2-(acetylamino)-2-deoxy-3-hydroxy-, cyclic methylboronate",0,0,0,0,0,0.000105125
alpha-D-Mannopyranose,1.5033E-06,0,1.5145E-05,0,5.13545E-06,0
alpha-D-Xylopyranose,0,3.08359E-05,5.53918E-06,0,0,0
alpha-Ketoisovaleric acid,0,0,1.22535E-05,1.42576E-05,5.96812E-06,9.4899E-05
alpha-L-(-)-Fucopyranose,1.27019E-05,0,1.62346E-05,1.00389E-05,1.29918E-05,0
"alpha-L-Galactofuranose, 6-deoxy-",0,0,0,0,0,9.72028E-06
alpha-Linolenic acid,7.82868E-06,7.39479E-06,0,2.4986E-06,0,0
alpha-Tocopheryl acetate,0,7.87028E-05,0,0,0,0.000117187
Anthranilic acid,1.55475E-05,1.1512E-05,1.42207E-05,1.20607E-05,1.56557E-05,9.76838E-05
Arabinitol,4.96623E-05,3.91386E-05,2.10912E-05,3.29883E-05,2.39326E-05,2.17898E-05
"Arabinofuranose, 1,2,3,5-tetrakis",4.593E-06,9.85557E-06,8.91028E-06,1.37672E-05,1.31567E-05,5.19567E-06
"Arabino-Hexonic acid, 2-deoxy-, gamma-lactone",1.1431E-05,1.02534E-05,1.53452E-05,8.4242E-06,2.05622E-05,4.00664E-05
Arabinose,0,1.69874E-05,3.902E-05,1.39225E-06,2.31004E-05,0
Arachidic acid,1.0583E-05,8.32069E-06,9.63065E-06,8.74896E-06,9.86397E-06,5.06649E-05
Azelaic acid,0,1.28304E-05,0,0,0,0.000102604
"Azetidine, 1-acetyl-2-methyl",1.1477E-05,5.4265E-06,6.10519E-06,7.72077E-06,1.2134E-05,4.77757E-05
Behenic acid,0,0,0,0,0,0
"Benzaldehyde, 2,5-dimethoxy",1.15072E-05,4.72837E-06,1.1319E-05,1.31562E-05,1.52231E-05,7.09652E-05
Benzeneacetic acid,0.000238788,0,0,0,0,0
"Benzenepropanoic acid, 3,5-bis(1,1-dimethylethyl)-4-hydroxy-, methyl ester",1.55081E-05,1.27453E-05,1.12429E-05,8.88756E-06,9.92551E-06,6.07704E-05
Benzoic Acid,7.55345E-06,5.94715E-06,8.70149E-06,7.83902E-06,8.81881E-06,9.34463E-05
beta-Alanine,6.87912E-06,0,9.50973E-06,3.38006E-05,0,0
beta-Arabinopyranose,0,0,1.86342E-07,0,5.92125E-06,1.78333E-05
beta-D-(-)-Ribopyranose,6.54723E-06,8.01918E-06,0,1.62127E-05,0,2.66411E-05
"beta-D-Galactopyranoside, methyl-, acetate",1.51982E-05,1.86274E-05,2.55367E-05,1.78752E-05,1.77514E-05,9.84648E-07
"beta-d-Glucopyranose, 2-(acetylamino)-3,6-anhydro-2-deoxy",4.26672E-06,3.86113E-06,4.13009E-06,9.46604E-06,1.60146E-05,5.44925E-05
Butanedioic acid,5.4357E-06,6.05703E-06,7.78789E-06,4.21511E-06,4.67107E-06,8.43287E-06
"Butanoic acid, 3,4-dihydroxy-",0,2.29379E-06,0.000156824,0,0,6.36014E-05
Butyl Succinate,6.50697E-06,5.23731E-06,4.60654E-06,7.43745E-06,7.29478E-06,3.3467E-05
Cadaverine,0,0,0,0,0,0
Caffeic acid,0,0,0,0,0,0
Campesterol,2.24547E-05,0,5.52796E-06,5.62379E-06,1.4821E-05,3.1483E-05
Cholesterol,4.14423E-06,7.39471E-06,1.74255E-06,2.83531E-06,3.28742E-06,4.67153E-05
Cinnamic acid,0,0,0,2.47071E-05,0,0
"cis,cis,cis-1-Isobutyl-2,5-dimethylcyclohexane",0,4.64144E-05,0,0,0,0
"cis-4,5-Dihydroxy-o-dithiane",6.32398E-06,8.0776E-06,7.6323E-06,9.21757E-06,9.43647E-06,2.18567E-05
Citric acid,1.04018E-05,0,6.95312E-06,7.23464E-06,7.52726E-06,0
Cyclo(L-prolyl-L-valine),2.18636E-05,1.57027E-05,7.82589E-06,1.45919E-06,1.84598E-05,1.58813E-05
Cyclohexanecarboxylic acid,0,0,0,0.000135234,0,0
Cyclohexanemethanol,1.13821E-05,8.94249E-06,8.79165E-06,9.03163E-06,1.39909E-05,2.97804E-05
Cyclohexanol,1.0418E-05,0,7.12625E-06,1.91276E-06,1.73333E-05,7.12781E-05
"Cyclopenta[g]-2-benzopyran, 1,3,4,6,7,8-hexahydro-4,6,6,7,8,8-hexamethyl",1.66423E-05,1.26697E-05,8.95506E-06,8.12785E-06,5.42493E-06,8.2184E-05
"Cyclopentanone, 2,4,4-trimethyl",0,0,0,0,0,0
Cytosine,3.9664E-06,3.10019E-06,1.46354E-05,1.72861E-05,6.51951E-06,6.14335E-06
D-(-)-Citramalic acid,0,0,0,0,0,0
D-(-)-Fructofuranose,4.92164E-06,3.22259E-06,7.65665E-06,5.14026E-05,2.97952E-06,1.01242E-05
D-(-)-Fructopyranose,3.73173E-06,3.59806E-06,2.75223E-06,1.53197E-06,4.38297E-06,9.24075E-06
D-(-)-Ribofuranose,2.41594E-05,3.50928E-05,7.97817E-06,3.86272E-05,4.28414E-05,5.02112E-05
D-(+)-Galactopyranose,2.87035E-05,6.61181E-05,5.12905E-05,2.7587E-05,0,2.53186E-05
D-(+)-Glucosamine,2.84421E-06,0,0,3.54851E-05,8.10148E-06,8.864E-06
"D-(+)-Ribono-1,4-lactone ",0,0,0,0,0,0
D-(+)-Talofuranose,3.57105E-05,8.59802E-05,6.96706E-05,7.72813E-05,4.88356E-05,1.26113E-05
D-Allofuranose,2.58843E-05,1.69375E-05,4.13271E-06,8.62928E-07,7.2039E-06,9.24343E-05
D-Arabinose,6.34517E-06,1.4295E-05,1.17526E-05,1.66586E-05,1.26343E-05,8.74107E-06
Decanoic acid,1.09542E-05,1.09704E-05,1.03399E-05,8.04985E-06,6.38014E-06,6.37844E-05
Decyl oleate,1.38598E-05,6.85451E-06,3.50174E-06,1.51751E-05,1.13481E-06,9.99697E-05
Dehydroabietic acid,9.44453E-06,1.15283E-05,1.03495E-05,4.57367E-06,1.26378E-05,3.89594E-05
Deoxycholic Acid,0,0,0,0,0,0
Deoxyribopyranose,1.92302E-05,2.26438E-06,9.36143E-06,4.06127E-06,9.30302E-06,7.59829E-05
"D-Erythro-Pentitol, 2-deoxy-",6.35607E-07,8.43158E-06,5.804E-06,1.69988E-06,0,0
"D-Erythro-Pentofuranose, 2-deoxy-1,3-bis-O-posphate",0,4.14506E-06,5.84615E-06,2.88708E-05,9.25718E-06,8.39628E-08
d-Erythrotetrofuranose,2.05238E-06,0,0,6.79893E-07,0,5.36716E-06
Desmethylverapamil,9.46647E-06,1.18056E-05,0,0,8.80653E-06,0
D-Fructose,6.47721E-06,2.54537E-06,9.46057E-06,0,7.41394E-06,0
D-Fucitol,0,8.04675E-07,2.77663E-06,9.74685E-06,1.34983E-06,0
D-Glucose,2.23153E-06,6.06176E-06,1.47705E-06,1.45219E-08,1.43284E-05,2.64824E-05
Dihydrouracil,4.78952E-06,5.75463E-06,8.27824E-06,1.66048E-05,9.44186E-06,1.53838E-05
Dihydroxyacetone,1.00609E-05,1.72064E-06,6.34015E-06,1.40182E-05,3.87087E-06,0
"Dimethyl hexopyranosiduronate, alpha-D",2.59115E-05,3.33323E-05,1.22939E-06,0,0,0
DL-Phenylalanine,4.47969E-06,2.89989E-06,5.92941E-06,1.24564E-05,6.55864E-06,2.42898E-05
D-Mannopyranose,4.74508E-06,2.99945E-08,3.72362E-06,9.88598E-07,6.96818E-06,0
D-Mannose,0,1.26979E-07,1.86471E-06,4.34363E-05,0,0
Dodecanamide,2.17031E-05,0,2.43427E-05,0,0,4.66592E-05
"Dodecanoic acid, isooctyl ester",0,0,0,0,0,3.42176E-06
Dodecanoic acid,0,0,0,0.000570666,0,0
D-Psicofuranose,6.07563E-07,0,2.02366E-06,0,8.97384E-07,0
D-Ribofuranose,0,4.54556E-05,0,0,0,0
D-Ribose,0,3.1354E-07,3.59922E-07,9.32281E-06,1.90308E-05,0
D-Xylopyranose,0,0,0,0,0,0
D-Xylose,1.09981E-05,1.60093E-05,1.47084E-05,1.05438E-05,2.19816E-05,2.69518E-05
"Erythrono-1,4-lactone",1.42971E-05,1.4771E-05,1.95511E-05,3.68744E-05,2.84781E-05,8.79911E-05
Ethanolamine,9.7026E-06,1.639E-06,1.21308E-05,8.594E-06,6.75191E-05,7.9426E-05
Ethyl alpha-D-glucopyranoside,6.91378E-07,3.23261E-06,0,9.30548E-06,6.753E-07,5.75443E-06
Ethyl glycolate,1.30647E-05,1.52688E-05,8.00016E-06,1.0989E-05,0,6.93978E-05
Ferulic acid,1.56413E-05,1.17917E-05,1.41214E-05,6.19715E-06,2.58806E-05,3.40085E-05
"Gluconolactone (3R,4S,5R,6R)",3.18736E-06,2.35134E-06,8.5687E-07,5.35105E-06,3.50335E-06,2.50883E-06
Glucopyranose,1.04631E-06,2.80547E-06,6.74959E-07,8.79963E-06,6.6571E-06,1.25459E-05
Glyceric acid,1.63558E-05,1.1837E-05,1.09705E-05,8.1773E-06,1.39413E-05,1.09575E-06
Glycerol monostearate,0,0,0,0,0,0
Glycerol tricaprylate,0,0,0,0,0,0
Glycerol,1.65798E-05,4.62853E-06,1.48649E-05,1.44561E-05,2.2345E-05,8.80891E-05
Glycolic acid,9.77408E-06,9.17126E-06,1.05758E-05,1.03926E-05,1.13977E-05,2.90147E-05
"Guanidine, N,N-dimethyl",1.24447E-05,9.77446E-06,8.86671E-06,7.59926E-06,1.04874E-05,7.19283E-05
"Gulonic acid, gamma-lactone",8.46332E-06,6.73939E-06,1.0977E-05,1.36772E-05,1.40625E-05,8.82162E-06
Heptadecanoic acid,1.00899E-05,8.18266E-06,9.24316E-06,8.27765E-06,1.00851E-05,3.5361E-05
Hexacosanoic acid,0,0,0,0,0,0
"Hexadecanoic acid, 4-hydroxybutyl ester",1.02218E-05,1.87976E-06,1.15469E-06,0,0,0.000171501
"Hexadecanoic acid, ethyl ester",7.3848E-06,5.84012E-06,7.07286E-06,6.01818E-06,7.4446E-06,5.16822E-05
"Hexadecanoic acid, methyl ester",8.77046E-06,7.06034E-06,8.07773E-06,5.6525E-06,6.90139E-06,7.14186E-05
"Hexadecanoic acid, tetradecyl ester",2.5071E-05,6.27759E-08,0,1.66052E-05,1.845E-07,2.71247E-06
Hexanedioic acid,8.9396E-06,1.32541E-05,9.21765E-06,6.26398E-06,7.3899E-06,8.37569E-05
Hexanoic acid,0,0,0,0,0,0.000165018
"Hexonic acid, 3-deoxy-, gamma-lactone",9.16976E-06,9.35802E-06,6.72399E-06,5.15347E-06,6.67167E-06,8.356E-07
"Hydantoin, 5-hydroxy",6.24406E-05,0,0,0,0,0
Hydracrylic acid,6.88342E-06,6.44328E-06,7.67462E-06,9.82703E-06,0,2.0208E-05
Hydroquinone,1.79979E-05,1.43639E-05,7.04563E-06,1.05787E-05,1.05548E-05,3.92714E-05
Hymexazole,1.00942E-05,7.6319E-06,8.07603E-06,1.16269E-05,1.09876E-05,3.13391E-05
Idoxuridine ,5.26977E-06,6.32396E-06,1.00929E-05,7.29195E-06,1.24253E-05,3.23928E-05
"Inosose-2, myo",9.96564E-06,5.36267E-06,1.10921E-05,5.86668E-06,2.84842E-05,5.55452E-05
Isocitric acid lactone,0,6.02055E-06,7.88253E-06,5.71068E-06,1.49889E-05,3.07348E-05
Isonicotinic Acid,0,0,0,0,0,0
Isopropyl myristate,1.12705E-05,8.49955E-06,8.74092E-06,7.66894E-06,8.86896E-06,6.22984E-05
Isopropyl palmitate,1.02536E-05,8.24819E-06,9.45503E-06,8.69821E-06,1.01244E-05,6.04147E-05
Itaconic acid,0,2.20358E-05,2.55832E-05,0,2.88325E-05,0
Ketamine,1.13206E-05,6.76403E-06,1.00955E-05,3.19085E-06,6.4004E-06,2.55389E-05
Kojic acid,6.6363E-06,1.2537E-05,9.97147E-06,2.299E-05,1.86168E-05,0
L-(-)-Sorbofuranose,0,7.65759E-07,2.32954E-06,2.09707E-05,0,0
L-(+)-Lactic acid,0,0,0,0,0,0
L-(+)-Rhamnopyranose,1.49613E-05,1.03988E-05,9.06427E-06,0,1.09016E-05,0
L-5-Oxoproline,5.63361E-06,4.67692E-06,5.93988E-06,1.5315E-05,7.49845E-06,2.20605E-05
Lactic Acid,4.13676E-05,2.82632E-05,9.8572E-08,1.06152E-05,2.9969E-05,6.84619E-05
L-Alanine,0,0,0,0,0,0
L-Aspartic acid,5.08803E-06,8.19894E-06,7.74531E-06,1.80343E-05,8.76243E-06,3.19642E-05
Levoglucosan,1.0072E-05,7.76951E-06,9.38091E-06,8.53943E-06,1.17097E-05,4.79179E-05
Levulinic acid,2.04203E-05,1.95596E-05,1.07137E-05,6.15563E-06,8.54419E-06,3.73384E-05
L-Fucose,1.13568E-05,1.74061E-05,8.78007E-06,0,2.3352E-05,4.91528E-06
L-Glutamic acid,3.7199E-06,2.22165E-06,7.4476E-06,2.1788E-05,5.75631E-06,1.93579E-05
Lignoceric acid,4.90377E-05,4.89413E-05,0,0,0,0.000143221
L-Isoleucine,1.19101E-05,8.87462E-06,1.20692E-05,3.08156E-05,2.30175E-05,7.08954E-05
L-Leucine,9.8689E-06,7.17721E-06,1.10402E-05,5.81396E-06,1.72213E-05,6.18821E-05
l-Leucyl-l-valine,2.17884E-05,1.40676E-05,1.18476E-05,4.50828E-05,0,0
L-Proline,8.63791E-06,5.26314E-06,1.25132E-05,7.45258E-06,7.44038E-06,3.54241E-05
L-Rhamnose,1.46839E-05,1.96534E-05,1.54706E-05,9.93709E-06,1.1542E-05,8.22845E-06
"L-Sorbopyranose, (1S,2R,3S)",0,0,0,0,0,0
L-Threonine,5.433E-06,1.82234E-06,1.14179E-05,2.96759E-05,1.31248E-05,4.22049E-05
"L-Valinamide, N(2),N(2)-dimethyl",0,0,0,0,0,0
L-Valine,7.79841E-06,5.3084E-06,9.06239E-06,1.20672E-05,1.69088E-05,3.32224E-05
L-Valyl-L-leucine,0,0,1.44902E-05,0,0,0
Malic acid,7.34381E-06,2.46279E-05,5.82874E-06,4.25725E-06,8.74548E-06,3.9022E-05
"Mannonic acid, gamma-lactone",0,0,0,1.37261E-05,1.40988E-05,7.01907E-05
Menthol,1.053E-05,7.50265E-06,7.35166E-06,5.30046E-06,7.45082E-06,5.47637E-05
"Methyl (3,4-dimethoxyphenyl)(hydroxy)acetate",1.00757E-05,8.55631E-06,9.10381E-06,3.46579E-06,1.44063E-05,2.59169E-05
Methyl 2-acetamido-2-deoxy-3-O-methyl-alpha-D-galactopyranoside,0,2.01683E-05,0,2.427E-05,1.91091E-05,0
Methyl alpha-Arabinofuranoside,0,3.41498E-05,0,0,5.13153E-05,0
Methyl alpha-D-glucofuranoside,0,0.000134427,0,0,0,0
Methyl alpha-N-acetyl-D-galactosamine,0,0,0,0,0,0
Methyl beta-Arabinofuranoside,0,0,2.18173E-06,0,0,3.03713E-05
"Methyl galactoside (1S,2S,3S,4R,5R)",4.16146E-07,0,3.31607E-05,6.0411E-06,3.28335E-06,0
Methyl stearate,6.79577E-06,6.88231E-06,6.49082E-06,7.49274E-06,7.9002E-06,4.16336E-05
Methylmaleic acid,0,0,0,0,0,0
Methylsuccinic acid,3.18215E-06,5.35226E-06,7.05545E-06,1.11997E-05,4.89767E-06,1.55218E-05
Monocaprylin,7.60117E-08,2.9099E-07,5.42361E-07,0,0,3.46979E-05
Monolaurin,0,0.000164433,0,3.92895E-05,0,0
Monomethyl succinate,8.68704E-06,8.75478E-06,7.17068E-06,6.34656E-06,8.10294E-06,4.20781E-05
Myristic acid,9.55799E-06,7.45476E-06,7.40703E-06,7.95609E-06,7.55462E-06,4.62826E-05
"N,N-Diethyl-carbamate",1.19159E-05,9.51294E-06,7.1882E-06,8.0245E-06,9.67746E-06,5.65506E-05
"N,N-Diethyl-2-aminoethanol",4.38921E-06,1.95215E-05,6.50832E-06,2.54351E-06,1.00497E-05,3.58018E-06
N-(2-hydroxyethyl)-succinimide,1.4414E-05,1.18673E-05,7.17551E-06,6.61978E-06,1.01492E-05,2.44177E-05
N-Acetyl glucosamine methoxime,5.69172E-06,1.21557E-05,4.46404E-06,0,0,1.31567E-05
"N-Acetyl-D-galactosamine, (R,R,R,R)",5.22767E-06,1.32191E-05,5.47546E-06,4.35072E-05,4.52408E-05,7.4316E-05
N-Acetyl-L-glutamic acid,3.93973E-06,2.54857E-06,6.38755E-06,1.02419E-05,3.20236E-06,0
N-Acetyl-L-phenylalanine,0,1.71302E-05,0,0,0,1.1215E-05
Nadolol,0,0,3.11856E-05,0,0,0
N-Ethyldiethanolamine,8.33031E-06,1.3135E-05,1.19651E-05,1.86031E-05,1.34452E-05,0
Niacin,1.14638E-05,1.03208E-05,1.49158E-05,3.41444E-05,1.09365E-05,1.82277E-05
N-Methyl-L-proline,1.17907E-05,1.19046E-05,0,1.35168E-05,8.65937E-06,0
n-Nonylcyclohexane,1.41109E-05,1.13512E-05,1.27366E-05,8.84346E-06,7.66052E-07,0.000105087
Nonadecanoic acid,1.11291E-05,6.93977E-06,8.49751E-06,8.05228E-06,9.06118E-06,4.77406E-05
Nonanoic acid,1.14274E-05,8.67461E-06,1.9811E-05,1.12114E-05,6.03457E-06,6.67411E-05
Norketamine,1.41704E-05,8.57593E-06,9.29409E-06,9.91131E-06,1.63563E-05,4.5918E-05
n-Tridecylcyclohexane,0,0,0,0,0,0
Octadecyl octyl ether,3.25424E-05,1.18344E-05,0,9.42969E-06,0,0
Octanoic acid,1.1768E-05,8.16511E-06,1.37405E-05,9.46614E-06,8.26676E-06,6.63674E-05
Oxalic acid,1.55398E-05,5.72885E-06,8.99865E-06,1.03476E-05,1.19174E-05,5.2876E-05
"Oxalic acid, isobutyl heptyl ester",0,0,0,0,0,0
Palmitelaidic acid,6.56667E-06,0,7.21926E-06,9.69339E-06,7.55961E-06,0
Palmitic Acid,1.57464E-05,7.17785E-08,1.28643E-05,1.11988E-05,4.36529E-08,8.36071E-05
Pantolactone,2.00545E-05,1.52337E-05,1.40661E-05,1.2993E-05,1.41395E-05,9.04723E-05
Pantothenic acid ,3.16897E-06,2.29912E-06,7.06421E-06,1.63943E-05,6.23395E-06,1.51272E-06
Pentadecanoic acid,7.77534E-06,8.00268E-06,7.71912E-06,7.77315E-06,8.17182E-06,4.11139E-05
Pentanedioic acid,1.37928E-05,1.47412E-05,1.64059E-05,2.83164E-05,8.87162E-06,2.09357E-05
"Pentanoic acid, 4-methyl-2-oxo-",0,0,0,1.63022E-05,2.19217E-05,0
Pentanoic acid,4.85517E-06,2.01031E-06,5.10313E-06,2.94042E-06,1.05348E-05,1.54739E-05
"Pentitol, 3-desoxy",1.34161E-05,6.26109E-05,8.81886E-06,3.0551E-05,4.25546E-07,4.93726E-06
Phenol,1.50815E-05,1.13771E-05,5.63742E-06,8.10413E-06,6.8974E-06,5.95028E-05
phenoxyethanol,2.18638E-05,1.7444E-05,6.79107E-06,6.53767E-06,9.74989E-06,4.50928E-05
Phenylalanine,3.27898E-06,1.43618E-06,4.50793E-06,1.48687E-05,5.17144E-06,1.85851E-05
Phenylpropanolamine,9.92698E-06,0,1.10064E-05,4.37218E-06,0,0
Phloretic acid,0,0,0.000115498,0,0,0
Phthalazin-1-one ,1.01863E-05,8.55789E-06,8.65667E-06,9.46868E-06,1.02053E-05,6.3467E-05
Phthalimide,0,0,0,0,0,0
Picolinic acid,4.11081E-06,3.71031E-06,8.25046E-06,6.70686E-06,1.05046E-05,4.80531E-05
Pimelic acid,1.49635E-05,1.71136E-05,5.81553E-06,2.7493E-06,1.50453E-06,0.000100427
Pipecolic acid,1.73253E-05,1.06012E-05,1.35575E-05,1.45514E-05,1.32037E-05,1.62894E-05
"Pregn-4-ene-3,20-dione, 16,17-epoxy-, (16alpha)",0,1.40894E-07,0,0,8.75839E-06,0
"Propane, 2-methyl",1.49774E-05,5.80637E-06,1.46394E-05,8.97747E-06,1.37373E-05,7.66209E-05
Propanedioic acid,1.27427E-05,9.48234E-06,8.64659E-06,6.95758E-06,1.09646E-05,3.81269E-05
"Propanoic acid, 2-methyl-, hexyl ester",0,0,0,0,0,0
"Propanoic acid, 2-oxo",0,0.000146297,7.97133E-05,0,0,0
"Propanoic acid, 2-hydroxy-3-phosphate-",0,1.31514E-05,1.7899E-06,4.59656E-06,0,0
Propylamine,1.01799E-05,8.06106E-06,6.71411E-06,6.87098E-06,7.93412E-06,6.14571E-05
Protocatechoic acid,8.96346E-06,9.37159E-06,8.43137E-06,9.40942E-06,5.56919E-06,4.68831E-05
Putrescine,0,4.02052E-07,1.32177E-06,8.36015E-07,0,5.29361E-05
Pyridoxic acid,0,0,0,0,0,0.000183741
Pyridoxine,0,0,0,9.87865E-05,0,0
Pyrogallol,1.51659E-05,8.94057E-06,3.85243E-06,4.6103E-06,6.89606E-06,9.5027E-05
Pyroglutamic acid,0.000305235,0,0,0,0,0
Pyrrole-2-carboxylic acid,9.87761E-06,8.33973E-06,7.28702E-06,1.36475E-05,1.05431E-05,2.25728E-05
Ribitol,1.00851E-05,1.73276E-06,4.49434E-06,0,4.21282E-06,3.10193E-06
Ribonic acid,0,2.96624E-06,4.37899E-06,1.65819E-05,2.0862E-05,1.28646E-05
Salsoline,3.78188E-06,2.95774E-06,4.01556E-06,3.99512E-06,3.15089E-06,0.000193842
Sebacic acid,0,0,4.41684E-05,5.16002E-05,0,0
Sedoheptulose anhydride,1.14267E-05,1.18235E-05,1.03233E-06,1.60641E-06,8.66999E-06,1.24504E-05
Serine,5.51885E-06,4.90279E-06,7.23302E-06,8.70405E-06,9.04016E-06,3.79795E-05
Ser-Leu,0,0,0,4.93608E-05,0,0
Sinapinic acid,7.82044E-05,0,0,0,0,0
Stearic acid,1.3452E-05,8.31646E-06,2.19825E-05,2.12519E-06,6.33534E-06,0.000156717
"Stigmast-5-ene, 3beta",0,5.2968E-05,0,0,0,0
Stigmastanol,0,0,0,0,0,0
Suberic acid,5.62373E-06,5.87852E-06,7.26429E-06,8.08099E-06,7.02743E-06,3.82618E-05
Supraene,7.0215E-06,5.48798E-06,4.52246E-06,3.40711E-06,2.97835E-06,6.91103E-05
Syringaldehyde,7.99326E-06,7.89666E-06,7.35303E-06,1.23832E-05,9.9569E-06,3.40271E-05
Syringic acid,1.76675E-05,1.35473E-05,9.68921E-06,7.36018E-06,1.18766E-05,1.2106E-05
Tetrahydro-2-furanylmethanol,0,1.74E-05,0,0,0,7.35135E-05
Tetrahydrogeranyl formate,9.91853E-06,7.38035E-06,1.8581E-06,6.62877E-06,1.08808E-05,7.64545E-05
Tetrahydrolinalool,0,0,0,0,0,0
Thymidine,2.59132E-06,2.73499E-06,5.42764E-06,1.9906E-05,5.64323E-06,6.89668E-06
"Thymidine, 5'-phosphate",0,0,0,0,3.05247E-06,0
"Thymine, 1,3-dimethyl-6-hydroxymethyl",9.19184E-06,1.77929E-05,1.10974E-05,1.19453E-05,7.0503E-06,1.53173E-05
trans-Coniferryl alchool,0,0,0,4.32132E-05,0,0
Tributyl acetylcitrate,0,5.81031E-06,0,0,2.68248E-05,0
Tricine,1.01761E-06,8.09484E-07,1.50039E-05,1.95273E-06,1.7782E-05,0
Triethanolamine,5.92042E-06,5.45795E-06,8.40923E-06,1.02441E-05,7.40565E-06,3.95992E-05
"Trimethylsilyl (5-benzyl-3,6-dioxopiperazin-2-yl)acetate",5.3608E-06,8.08886E-06,0,3.69308E-05,1.15023E-05,0
Triphenylene,0,0,6.38229E-05,0,0,0
Tripropylene glycol monomethyl ether,8.52855E-06,7.03691E-06,2.68925E-06,9.97096E-06,1.68056E-05,4.96447E-05
Trisaminol,8.07056E-06,8.33098E-06,4.467E-06,4.23674E-06,4.49384E-06,2.86011E-05
Tyrosine,4.39603E-06,2.60827E-06,6.94165E-06,1.07542E-05,6.99037E-06,1.27931E-05
Undecanoic acid,3.97045E-06,3.55688E-06,3.98972E-06,3.72739E-06,3.56572E-06,2.60274E-05
Uracil,3.90984E-06,3.86129E-06,7.17691E-06,1.27967E-05,6.59555E-06,1.04425E-05
Urea,2.65524E-06,1.63504E-06,3.44672E-06,6.21228E-06,7.23872E-06,4.07378E-05
Uridine,2.85927E-06,3.43124E-06,3.71679E-06,1.75608E-05,4.01532E-06,4.34275E-06
Valylglycine,0,0,0,1.52869E-05,2.05649E-06,0
Valylvaline,7.76352E-06,6.00406E-06,7.21066E-06,2.48954E-05,7.00715E-06,0
Vanillic Acid,0,0,0,0,0,0
Vanillin,7.64781E-07,5.71444E-07,5.55408E-06,1.15374E-05,5.14083E-06,3.05605E-05
Xylazine,1.33049E-05,8.10392E-06,9.68825E-06,0,1.2059E-05,8.53391E-06
"Xylonic acid, delta-lactone",3.95229E-06,3.43341E-06,3.2012E-06,2.0606E-05,1.43497E-05,1.0073E-05
Xylose,3.72698E-06,8.09368E-06,1.77679E-05,3.09323E-05,0,2.95939E-05
