NAME,Feci_Vecpac-WT_3297REP_01032024,Feci_Vecpac-WT_3302_29022024,Feci_Vecpac-WT_3307_29022024,Feci_Vecpac-WT_3319_29022024,Feci_Vecpac-WT_3329_29022024,Feci_Vecpac-WT_3337_29022024,Feci_Vecpac-WT_3353_29022024,Feci_Vecpac-WT_3354_29022024,Feci_Vecpac-WT_3369_29022024,Feci_Vecpac-WT_3673_28022024,Feci_Vecpac-WT_3674_28022024,Feci_Vecpac-WT_3675_28022024,Feci_Vecpac-WT_3677_28022024,Feci_Vecpac-WT_3678_28022024,Feci_Vecpac-WT_3679_29022024,Feci_Vecpac-WT_3680_29022024,Feci_Vecpac-WT_3681_29022024,Feci_Vecpac-WT_3687_29022024,Feci_Vecpac-WT_3688_29022024
,VECPAC_CTRL,VECPAC_CTRL,VECPAC_CTRL,VECPAC_CTRL,VECPAC_CTRL,VECPAC_CTRL,VECPAC_CTRL,VECPAC_CTRL,VECPAC_CTRL,VECPAC_CTRL,VECPAC_CTRL,VECPAC_CTRL,VECPAC_CTRL,VECPAC_CTRL,VECPAC_CTRL,VECPAC_CTRL,VECPAC_CTRL,VECPAC_CTRL,VECPAC_CTRL
10-Heptadecenoic acid,0,1.6488E-05,0,7.37979E-08,0,0,2.41804E-05,1.78336E-05,2.5918E-07,1.94497E-05,1.49365E-05,5.41643E-06,1.76203E-05,2.14028E-05,2.54417E-05,0,0,2.2002E-05,2.36208E-05
3-Aminobutanoic acid,4.92258E-05,1.8053E-05,0,2.29736E-05,1.72518E-05,0,0,0,0,0,0,0,2.10029E-05,0,0,2.0454E-05,0,2.0098E-05,0
3-Hydroxypicolinic acid,2.32452E-05,3.14024E-05,0,1.46883E-05,2.00729E-05,9.44485E-06,1.51147E-05,0,1.28831E-05,1.38142E-05,1.31805E-05,6.86783E-06,1.71227E-05,2.2011E-05,1.67973E-05,1.24362E-05,1.59347E-05,1.21161E-05,1.00257E-05
4-Pentenoic acid,6.16919E-06,3.38833E-05,2.40254E-05,1.19362E-05,3.4654E-05,2.23779E-05,1.42153E-05,1.35337E-05,1.01073E-05,2.74633E-05,2.93268E-05,1.01099E-05,2.95253E-05,1.6394E-05,2.84373E-05,2.18021E-05,2.28286E-05,2.51337E-05,2.7665E-05
Acetohydroxamic acid,0,1.8537E-06,7.59231E-07,1.51978E-06,4.60354E-06,1.48871E-06,1.22451E-06,0,1.55737E-06,1.97422E-06,1.15214E-06,9.07332E-07,1.99751E-06,1.01693E-05,1.43388E-06,0,4.3234E-06,0,4.21598E-07
Argininosuccinic acid,1.48725E-05,6.96123E-06,0,0,7.04396E-06,8.84333E-06,0,0,0,6.34503E-06,0,7.36997E-06,0,6.43906E-06,0,8.42493E-06,6.64635E-06,0,6.65888E-06
Butyl caprylate,1.44441E-05,5.8556E-06,8.02343E-06,0,0,1.78961E-05,1.85557E-05,1.2279E-05,9.43249E-06,1.09602E-05,1.21851E-05,6.88801E-06,6.8157E-06,0,0,8.69732E-06,1.55275E-05,0,0
Deoxyglucose,2.09906E-05,4.02862E-06,2.42717E-06,2.31374E-06,0,2.21994E-06,4.58459E-06,0,6.49151E-07,0,0,0,6.40348E-06,2.06585E-06,0,5.14747E-06,0,5.2402E-06,0
Dodecanedioic acid,0,0,0,0,0,0,0,0,0,0,0,0,0,0,0,0,0,0,0
Erythritol,1.39873E-05,9.87184E-05,0,1.73822E-05,0,3.28192E-05,0,3.23417E-05,1.84321E-05,7.53501E-06,2.01473E-05,0,4.22223E-06,6.40766E-06,0,2.19986E-06,1.89425E-05,0,5.3926E-07
Ethanamine,2.47781E-06,1.10619E-05,1.3241E-05,6.67271E-06,8.12236E-06,6.69236E-06,5.84019E-06,2.33958E-05,1.08881E-05,8.67721E-06,4.91506E-06,1.18989E-05,1.09632E-05,1.08515E-05,9.1541E-06,1.1576E-05,4.13308E-06,9.38313E-06,6.97283E-06
L-Asparagine,0,8.45818E-06,0,0,3.61355E-06,3.52013E-06,4.19462E-06,5.20574E-06,4.99531E-06,4.86033E-06,3.55912E-06,0,3.03442E-06,6.10032E-06,4.36864E-06,4.64738E-06,0,0,7.06589E-08
L-Glutamine,1.02438E-05,9.05657E-06,0,2.0051E-05,0,1.3933E-05,5.82272E-06,0,3.57274E-07,9.27816E-06,0,8.57151E-06,0,5.9943E-06,2.27294E-05,0,1.39465E-05,9.18327E-06,1.17836E-05
L-Hydroxyproline,1.38288E-05,1.22977E-05,1.18066E-05,6.50773E-06,1.08418E-06,1.29482E-05,1.35195E-05,4.73348E-05,1.46014E-05,9.24758E-06,1.48007E-05,6.43165E-06,4.78408E-06,5.4274E-06,1.05278E-05,1.0572E-05,9.56673E-06,6.55025E-06,7.34656E-06
L-Lysine,3.42271E-06,5.03186E-05,3.33546E-06,4.11804E-06,0,0,2.05157E-05,2.19433E-06,1.48052E-06,1.86966E-05,1.10264E-05,3.85712E-06,4.63767E-06,2.62534E-05,5.99321E-05,1.47789E-06,2.4898E-06,1.00927E-05,4.75972E-06
L-Norvaline,2.93832E-05,1.01047E-05,2.30332E-06,2.33022E-06,2.14783E-06,3.56287E-06,7.19387E-06,1.99505E-06,1.57309E-06,2.26616E-06,4.19943E-06,1.02581E-06,0,2.05175E-06,8.43675E-06,2.66416E-06,3.94758E-06,2.53187E-06,6.52464E-06
L-Serine,1.57373E-05,1.5551E-05,1.02399E-05,1.43141E-05,2.24057E-05,9.57564E-06,1.16255E-05,1.37739E-05,7.49065E-06,6.46143E-06,3.78491E-06,5.60484E-06,4.36221E-06,6.30007E-06,8.20886E-06,1.06468E-05,1.15185E-05,6.74006E-06,6.09043E-06
N-Acetylglucosamine,7.45357E-06,6.88852E-06,7.88018E-06,1.90905E-05,1.33653E-05,1.05562E-05,2.26691E-05,6.73654E-06,7.37158E-06,4.22237E-06,2.71372E-06,3.79762E-06,3.52666E-06,8.19577E-06,7.77622E-06,1.65948E-05,1.236E-05,4.52606E-06,3.76725E-06
Niacinamide,0,1.38027E-05,0,1.42222E-05,6.9578E-06,1.56258E-05,2.52405E-05,0,0,1.26574E-05,2.16566E-05,9.26232E-06,2.88964E-05,9.83896E-06,2.13703E-05,0,1.77684E-05,1.16838E-05,2.44416E-05
N-Methyl-alpha-aminoisobutyric acid,0,3.65267E-05,5.72208E-06,1.55663E-05,0,9.48956E-06,2.90654E-05,0,5.27526E-06,1.2884E-05,1.6524E-05,0,1.39413E-05,2.38348E-05,2.03747E-05,0,9.59895E-06,7.43377E-06,2.02846E-05
Phloroglucinol,1.05898E-05,1.3237E-05,9.37465E-06,1.51185E-05,1.08374E-05,1.06257E-05,2.17316E-05,1.46981E-05,8.80543E-06,1.22997E-05,8.51491E-06,7.84232E-06,1.02073E-05,1.582E-05,1.13215E-05,1.68296E-05,1.4019E-05,1.05894E-05,9.82094E-06
Thr-Leu,4.88681E-06,1.15212E-05,3.42193E-07,5.54045E-06,0,6.80163E-06,1.76223E-05,3.52984E-06,2.13387E-06,1.44942E-05,2.57189E-05,0,2.82594E-05,1.98448E-05,1.7809E-05,2.95858E-08,1.19329E-05,8.94762E-06,2.3629E-05
Xanthine,0,0,0,0,0,0,0,0,0,0,1.01361E-05,0,0,0,6.63784E-06,0,0,0,0
"(2,2-Dimethyl-5-[2-(2-ethoxymethoxy)propyl][1,3]dioxolan-4-yl)methanol",0,0,0.000112867,0,0,0,5.59261E-05,0,0,0,0,0,2.03738E-05,0,0,0,3.72573E-05,0,0
"(4,4-Dimethyl-5-methylene-4,5-dihydro-3H-pyrrol-2-yl)-(4,4-dimethyl-5-methylene-pyrrolidin-2-ylidene)-acetonitrile",5.65301E-06,6.60338E-06,5.96953E-06,5.82295E-06,1.25125E-05,1.35373E-05,1.54824E-05,2.05574E-05,1.01805E-05,0,4.1985E-06,3.17296E-06,5.05915E-06,1.43478E-05,1.28174E-05,1.76892E-05,9.76741E-06,6.20707E-06,0
"(9H-fluoren-9-yl)methanol, O-methoxycarbonyl",0,0,0,0,0,0,0,0,0,0,0,0,0,0,0,0,0,0,0
"1(2H)-Naphthalenone, 3,4-dihydro-3,3,6,8-tetramethyl-",6.55556E-06,2.49106E-06,0,2.27832E-05,5.47005E-06,1.37079E-05,1.36822E-05,4.44619E-06,2.70817E-06,0,0,1.13562E-05,1.17311E-05,0,1.84703E-05,8.58977E-06,2.22953E-05,1.26226E-05,0
1-(2-Methoxy-1-methylethoxy)-2-propanol,0,0,0,0,0,0,0,0,0,0,0,0,0,0,0,0,0,0,0
"1,1'-Biphenyl, 2,2',5,5'-tetramethyl",0,0,0,0,0,0,0,0,0,0,0,0,0,0,0,0,0,0,0
"1,2,4,5-Cyclohexanetetrol",0,2.32997E-05,2.6965E-05,3.65329E-05,0,0,0,3.53244E-05,1.40811E-05,1.69237E-05,3.19312E-05,0,9.86284E-05,0,0,0,0,0,0
"1,2,4-Butanetriol",0,0,0,0,0,0,0,0,0,0,0,0,0,0,0,0,0,0,0
"1,3-Dioxane, 2,2-dimethyl-5-hydroxy-",0,0,0,5.03888E-05,0,3.81335E-07,1.53023E-05,0,4.80689E-07,0,1.88623E-07,0,0,0,1.79972E-07,0,0,3.84803E-07,0
"1,4-Butanediol",0,0,0,0,0,4.4892E-06,4.20265E-06,0,0,0,0,6.18107E-06,0,0,0,4.54736E-05,1.91434E-05,6.24769E-06,0
"1,5-Anhydroglucitol",2.22417E-05,1.21787E-05,1.46559E-05,3.23357E-06,9.81197E-06,8.8472E-06,1.26672E-05,1.91366E-06,1.92405E-06,5.38359E-06,5.11192E-06,1.34211E-06,4.69E-06,6.43403E-06,1.24892E-05,1.91936E-06,2.41738E-05,1.79644E-05,7.5577E-06
"1,7-Dimethyl-4-(1-methylethyl)cyclodecane",2.40912E-06,0,9.68353E-07,0,0,0,0,0,0,0,1.16039E-06,2.79396E-06,2.05937E-07,6.09271E-07,8.40073E-06,9.88998E-07,1.17866E-05,2.07643E-07,0
11-Hydroxy-.DELTA.-9-tetrahydrocannabinol,0,1.79596E-06,2.33515E-06,1.46495E-06,2.14016E-06,0,0,0,0,0,0,2.25419E-06,0,1.02247E-06,0,2.61632E-06,0,2.06708E-06,6.01434E-06
11-Methyldodecanol,1.9051E-05,7.89118E-06,7.47118E-06,6.97723E-06,6.38263E-06,8.36375E-06,8.37608E-06,1.61523E-05,7.32227E-06,7.16069E-06,7.69258E-06,8.70676E-06,8.34876E-06,8.06153E-06,6.43969E-06,8.91037E-06,7.6861E-06,7.19024E-06,8.27602E-06
12-Oxooctadecanoate,2.45113E-05,4.5209E-06,0,1.03806E-05,2.93395E-05,8.44577E-06,9.74956E-06,2.95002E-05,1.74637E-05,7.26948E-06,2.08654E-06,3.86218E-06,7.94231E-06,1.81381E-05,9.46129E-06,1.71246E-06,1.30528E-05,7.22083E-06,6.16577E-06
13-Docosenamide,8.4939E-06,3.96086E-06,9.6242E-06,5.285E-06,2.34908E-05,6.37094E-06,5.98796E-06,1.10848E-05,5.34645E-06,4.16544E-06,2.59532E-06,4.79127E-06,2.91897E-06,3.57433E-06,6.18836E-06,1.23538E-05,5.8609E-06,5.18174E-06,0
17-alpha-Hydroxypregnenolone,0,0,1.09376E-06,0,0,0,0,0,0.000168699,0,0,0,0,0,0.000133626,0,0,1.20849E-06,0
18-Methyl-nonadecanol,0,2.056E-05,0,2.22064E-05,0,0,0,0,0,0,0,0,0,0,0,0,0,0,0
1-Deoxypentitol,1.67715E-05,0,0,0,5.44954E-05,0,1.4172E-05,0,1.5225E-05,0,2.75164E-06,2.82725E-05,0,0,3.26729E-05,0,0,0,0
1-Dodecanol,3.5156E-06,1.32145E-06,0,7.34843E-08,1.50094E-06,2.6615E-07,1.48492E-06,3.935E-06,1.6108E-06,1.36331E-06,1.24629E-06,1.65544E-06,1.49915E-06,1.45906E-06,1.28423E-06,1.89395E-06,1.67894E-06,1.39213E-06,1.70929E-06
1-Dodecene,0,0,0,0,0,0,0,0,0,0,0,0,0,0,0,0,0,0,0
1-Hexacosene,0,0,1.41868E-06,0,1.64595E-07,7.72332E-06,0,0.000175116,0,2.59229E-08,5.09866E-06,0,7.77774E-05,3.09149E-06,7.91876E-06,0,0,2.94383E-06,2.49412E-05
1-Hexadecanol,1.22657E-05,5.41259E-06,6.16645E-06,7.6106E-06,0,1.35869E-05,7.10196E-06,1.27938E-05,5.44795E-06,4.60598E-06,6.64138E-06,8.16447E-06,5.46172E-06,5.13726E-06,7.38993E-06,8.89487E-06,7.03657E-06,5.17564E-06,6.13452E-06
1-Hexanol,0,0,0,0,0,0,0,0,0,7.48921E-06,8.08136E-06,0,0,0,0,0,0,1.48508E-05,0
"1H-Indole-2-carboxylic acid, 5-ethyl-1-(trimethylsilyl)",9.52645E-06,1.07702E-05,5.82134E-06,6.65281E-06,1.18166E-05,7.49898E-06,7.49744E-06,9.85035E-06,4.49171E-06,9.9101E-06,9.96108E-06,5.34002E-06,1.15232E-05,1.26873E-05,1.24469E-05,8.1073E-06,1.16115E-05,1.00315E-05,1.058E-05
"1H-Naphtho[2,1-b]pyran, 3-ethenyldodecahydro-3,4a,7,7,10a-pentamethyl-, [3R-(3alpha,4abeta,6aalpha,10abeta,10balpha)]-",0,0,0,0,0,0,0,3.77153E-05,0,0,0,0,0,0,0,0,0,0,0
1-Methyl-4-hydroxy-1H-imidazol-2-amine,0,1.50477E-05,0,8.54183E-06,0.000155707,8.01345E-07,3.48686E-06,1.50776E-05,1.37478E-05,1.4004E-05,9.63124E-07,2.39261E-06,1.39063E-06,7.38371E-06,7.22336E-07,1.72167E-05,2.62301E-06,1.0002E-05,1.31578E-05
1-Monomyristin,0,0,0,0,0,0,0,0,0,0,0,0,0,0,0,0,0,0,0
1-Monopalmitin,0,0,0,0,0,0,0,0,0,0,0,0,0,0,0,0,0,0,0
1-Octadecanol,3.02198E-05,1.35132E-05,1.25117E-05,1.36877E-05,1.53879E-05,1.68444E-05,1.32934E-05,3.35584E-05,1.68327E-05,1.23216E-05,1.11052E-05,1.35717E-05,1.26913E-05,1.23977E-05,1.3712E-05,1.64221E-05,1.52671E-05,1.28248E-05,1.48969E-05
1-Octanol,3.62657E-05,1.45339E-05,1.31096E-05,0,0,0,1.26392E-05,3.79625E-05,0,1.42228E-05,1.60829E-05,1.95868E-05,0,1.33129E-05,1.31784E-05,0,1.32282E-05,1.5687E-05,1.80163E-05
"1-Phenanthrenemethanol, 1,2,3,4,4a,9,10,10a-octahydro-1,4a-dimethyl-7-(1-methylethyl)-, [1R-(1alpha,4abeta,10aalpha)]-",0,0,0,5.86293E-05,0,0,0,0,7.05457E-07,0,7.09511E-05,3.96931E-05,0,0,0,0,0,0,6.87271E-05
"1-Propanamine, N,N-diethyl-",2.91436E-05,8.60646E-06,4.06692E-06,2.9611E-06,1.39763E-05,1.92101E-06,7.60743E-06,2.49517E-05,1.3742E-05,1.23627E-05,9.05725E-06,1.29069E-05,9.13085E-06,1.26619E-05,1.03107E-05,4.86507E-06,1.52917E-05,9.74247E-06,1.39835E-05
1-Tetracosene,0,0,9.72523E-06,6.11528E-06,2.2648E-05,8.92308E-06,0,3.68294E-05,1.44147E-05,2.62152E-06,4.7162E-07,6.9532E-05,1.10043E-05,1.05762E-05,0,3.28625E-06,0,0,0
1-Tetradecanol,7.42243E-06,2.77629E-06,3.7941E-06,4.36018E-06,3.02183E-06,4.22941E-06,2.72472E-06,8.70911E-06,3.51686E-06,0,2.50138E-06,3.27027E-06,2.79622E-06,3.25704E-06,2.79077E-06,4.18005E-06,3.84972E-06,0,3.30147E-06
"2',2,3,6'-Tetramethoxychalcone",0,0,9.88757E-05,2.18617E-05,0,0,0,0,0,0,0,0,2.37946E-05,0,0,0,0,0,0
"2,2,4-Trimethyl-1,3-pentanediol diisobutyrate",1.54697E-05,5.38063E-06,6.68384E-06,7.60701E-06,6.13048E-06,7.89951E-06,6.11026E-06,1.74025E-05,7.49188E-06,5.94148E-06,5.3244E-06,7.48779E-06,7.08693E-06,6.71581E-06,5.27916E-06,8.18547E-06,7.59223E-06,5.43502E-06,7.92991E-06
"2,3,4,5-Tetrahydroxypentanoic acid-1,4-lactone",0,6.89608E-06,2.1254E-06,6.40374E-06,1.01474E-05,1.32133E-06,6.31399E-08,8.5134E-06,2.34236E-06,4.63989E-06,3.8468E-07,3.13003E-06,4.34028E-07,4.68404E-06,1.60804E-06,2.35722E-06,4.63944E-06,3.37525E-06,3.45073E-06
"2,3,4-Trihydroxybutyric acid",1.73632E-05,1.85772E-05,9.05277E-06,5.11739E-06,1.25627E-05,9.12198E-06,6.8411E-06,2.02766E-05,8.38051E-06,9.50324E-06,9.14098E-06,6.20777E-06,7.04507E-06,6.25742E-06,9.26026E-06,1.10198E-05,1.0503E-05,8.42321E-06,7.87047E-06
"2,3-Butanediol",3.96928E-06,1.23076E-06,1.47215E-06,1.13747E-06,1.54326E-06,2.6419E-06,2.66483E-06,3.46121E-06,6.40276E-07,1.17525E-06,3.12807E-06,1.54083E-06,1.33427E-06,1.62756E-06,2.26192E-06,1.89979E-06,3.71157E-06,1.69227E-06,1.60874E-06
"2,3-Dihydroxy-2-methylpropanoic acid",1.40768E-05,2.27268E-05,0,0,0,0,0,0,5.87087E-06,6.23801E-06,1.76467E-06,0,1.9632E-05,4.33282E-05,4.3044E-05,0,4.74629E-06,0,9.72844E-06
"2,3-Dihydroxypropyl icosanoate",0,0,0,0,0,0,0,0,0,0,0,0,0,0,0,0,0,0,2.82867E-06
"2,4,6-Tris(1,1-dimethylethyl)-4-methylcyclohexa-2,5-dien-1-one",0,0,0,0,0,0,0,0,0,0,0,0,0,0,0,0,0,0,0
"2,4-Di-tert-butylphenol",0,1.37123E-05,6.46105E-06,0,2.16233E-05,0,0,2.88747E-05,0,0,0,0,0,1.07198E-05,0,3.07144E-05,0,1.71374E-05,1.99618E-05
"2,5-Cyclohexadiene-1,4-dione, 2,6-bis(1,1-dimethylethyl)",4.50241E-05,3.81139E-06,6.28503E-06,4.52912E-06,3.91964E-06,5.82257E-06,2.52577E-06,1.18949E-05,4.67996E-06,4.37642E-06,3.73705E-06,5.40681E-06,4.87016E-06,6.904E-06,2.39072E-06,8.31957E-06,2.81894E-06,3.53684E-06,4.08249E-06
"2,5-Dimethoxybenzhydrazide",2.1264E-05,9.82938E-06,9.93231E-06,4.3546E-06,9.2048E-06,1.23227E-05,8.15495E-06,1.10058E-05,7.26862E-06,6.29392E-06,1.07166E-05,4.71833E-06,8.13225E-06,7.40321E-06,9.96705E-06,1.14086E-05,1.03102E-05,1.01078E-05,1.1365E-05
"2,5-Dimethoxymandelic acid",0,4.88928E-05,2.1617E-05,1.87367E-05,0,1.65545E-05,0,4.58102E-05,0,0,1.48402E-05,0,0,0,0,0,1.3833E-05,0,0
"2,5-Dimethoxyphenol",4.1329E-05,6.70803E-06,6.40444E-06,5.79208E-06,5.67336E-06,6.75591E-06,5.67582E-06,2.20494E-05,6.9615E-06,6.75997E-06,9.26988E-06,8.10045E-06,5.54961E-06,3.70336E-06,6.83828E-06,9.35439E-06,7.82699E-06,8.4775E-06,7.32135E-06
"2,5-Di-tert-butyl-4-hydroxyphenol",3.28903E-05,4.77811E-06,5.89493E-06,6.10316E-06,4.82282E-06,5.43387E-06,5.08092E-06,1.18475E-05,5.42624E-06,4.34927E-06,4.67674E-06,5.06446E-06,3.57711E-06,3.49006E-06,4.64402E-06,7.36783E-06,4.62152E-06,5.38606E-06,5.78223E-06
"2,6-Di-O-methyl-d-galactopyranose",0,6.6585E-07,0,0,3.38942E-05,0,0,1.32357E-05,1.42882E-05,0,9.57223E-08,0,0,0,3.86868E-07,3.93489E-05,0,0,0
"2-Allyl-1,4-dimethoxybenzene ",2.21533E-05,8.30418E-06,9.78903E-06,7.08474E-06,7.29409E-06,1.16973E-05,8.9112E-06,3.27575E-05,1.01787E-05,9.89423E-06,1.05447E-05,8.91408E-06,7.50359E-06,6.02583E-06,9.64956E-06,1.21584E-05,1.24448E-05,9.65085E-06,8.43097E-06
2-Amino-4-tert-butylphenol,2.25324E-05,0,8.8685E-07,0,0,2.24537E-07,0,0,0,0,4.87304E-06,0,0,0,0,0,7.61313E-06,1.97419E-05,1.60299E-05
2-Aminoadipic acid,5.37234E-06,8.12881E-06,6.57548E-06,8.61899E-06,3.56425E-06,6.13278E-06,5.1042E-06,3.53391E-06,3.14748E-06,5.4559E-06,4.68107E-06,5.45316E-06,5.9982E-06,6.25008E-06,7.07383E-06,7.68441E-06,9.75103E-06,5.09876E-06,6.52121E-06
2-Aminobutanoic acid,2.50698E-05,0.000165137,1.70698E-05,6.49891E-06,6.3743E-06,7.34857E-06,1.64309E-05,0,1.0566E-05,1.21717E-05,8.49897E-06,1.14433E-05,9.93859E-06,6.09771E-06,7.0417E-06,1.91398E-05,2.05672E-05,0,7.84804E-06
2-Butenedioic acid,1.96287E-05,2.14547E-05,1.24261E-05,1.49458E-05,1.46269E-05,1.38884E-05,1.74828E-05,2.63963E-05,1.55612E-05,1.95264E-05,1.36847E-05,1.52595E-05,1.67214E-05,2.42192E-05,1.56922E-05,2.60398E-05,2.54165E-05,1.70075E-05,1.87187E-05
"2-Butenoic acid, 2-hydroxy-",0,0,3.42565E-05,0,0,0,1.38804E-05,0,0,0,0,0,0,0,0,0,0,0,1.92715E-05
"2-Butenoic acid, 2-methyl-, 2-methyl-2-propenyl ester",1.93418E-05,7.27522E-06,7.11413E-06,5.68396E-06,8.11642E-06,7.9358E-06,6.68103E-06,2.05588E-05,8.60196E-06,0,8.08257E-06,9.52828E-06,8.72933E-06,8.5572E-06,7.01557E-06,1.0494E-05,4.91317E-06,7.89207E-06,8.72951E-06
2'-Deoxyribolactone,4.04072E-07,3.23783E-07,2.45642E-07,1.92855E-07,7.07907E-07,8.28117E-08,2.86852E-07,8.1832E-07,7.22926E-07,3.85217E-07,3.10429E-07,2.20576E-07,2.88618E-07,7.84924E-08,3.5363E-07,6.5867E-07,0,4.41418E-08,4.16689E-07
2'-Desoxyuridine,2.85057E-05,6.24291E-05,6.02641E-06,1.05863E-05,1.20925E-05,1.21123E-05,1.74964E-05,1.03451E-05,5.58754E-06,5.32076E-06,4.55987E-06,4.36086E-06,4.52714E-06,1.04946E-05,1.39638E-05,4.80172E-06,1.61163E-05,9.63145E-06,1.53427E-05
2-Ethylacetoacetate,6.10687E-06,5.61736E-06,6.42222E-06,3.81843E-06,1.05849E-05,1.1448E-05,7.77997E-06,1.91845E-05,7.47942E-06,7.22206E-06,5.85799E-06,3.27796E-06,3.20579E-06,6.7874E-06,5.84714E-06,1.25135E-05,9.39791E-06,4.66701E-06,5.09367E-06
2-Ethylhexanoic acid,8.63113E-06,1.36423E-05,9.94917E-06,6.56215E-05,5.77004E-06,1.44445E-05,4.29315E-06,3.14782E-06,6.63406E-06,3.40654E-06,5.75838E-07,1.06408E-06,1.37486E-06,1.54355E-06,9.69132E-07,1.21373E-06,7.31019E-07,4.65142E-06,5.33507E-06
"2-Furanacetaldehyde, tetrahydro-alpha",0,0,0,0,0,0,0,0,0,0,0,0,0,0,0,7.26658E-06,7.81371E-06,9.64968E-06,1.10658E-05
2-Furoic acid,0,0,0,0,0,0,0,0,0,0,0,0,0,0,0,0,0,0,0
2-Hydroxy-2-methylbutyric acid,1.05349E-05,3.91217E-06,5.90792E-06,0,0,1.20087E-05,1.02342E-05,1.05811E-05,6.68909E-06,7.39334E-06,7.17528E-06,5.05095E-06,4.37168E-06,0,0,6.4734E-06,1.14639E-05,0,0
2-Hydroxy-3-methylbutyric acid,0,3.85525E-06,0,1.35169E-05,0,1.79307E-05,0,3.74246E-05,0,0,1.48832E-05,4.45034E-05,0,0,1.5425E-05,4.38255E-06,1.43305E-06,0,0
2-Hydroxy-5-methoxybenzaldehyde,8.70213E-06,7.29065E-06,9.60124E-06,6.58411E-06,9.60728E-06,9.77989E-06,7.32699E-06,2.62706E-05,9.45646E-06,8.39084E-06,8.29045E-06,8.26717E-06,6.8563E-06,6.39632E-06,1.10218E-05,1.3389E-05,1.02721E-05,9.40272E-06,1.05137E-05
2-Isopropyl-5-methyl-1-heptanol,1.7528E-06,3.71611E-06,4.25126E-06,3.25701E-06,4.81006E-07,2.76082E-05,3.78657E-06,1.21118E-05,9.89302E-07,4.48564E-06,4.11858E-06,5.16336E-06,4.29134E-06,2.84349E-05,3.62012E-06,1.16631E-06,6.75531E-07,4.37927E-06,4.93082E-06
2-Ketobutyric acid,4.80563E-05,1.98016E-05,4.39104E-06,4.70156E-06,2.37582E-05,7.3432E-06,1.74765E-05,5.8094E-05,2.21951E-05,1.93639E-05,2.099E-05,2.41851E-05,2.02686E-05,2.06332E-05,1.70398E-05,3.71447E-06,2.2719E-05,2.17978E-05,2.47136E-05
2-Ketohexanoic acid,0,0,0,0,0,0,0,0,0,0,0,0,0,0,0,0,0,0,0
"2-Methyl-4,6-dinitrophenol",0,0,0,0,0,0,9.465E-06,0,0.000112646,0,0,0,0.00020457,0,0,0,0,0,0
2-Octanol,0,9.65038E-06,0,1.26021E-05,1.41683E-05,1.97529E-05,0,0,0,0,0,1.5542E-05,0,0,0,0,0,0,0
2-Palmitoylglycerol,0,0,0,0,3.16162E-06,3.59E-05,0,0,3.56405E-05,0,0,2.9101E-06,0,0,0,0,0,0,4.74403E-05
"2-Pentenedioic acid, 2-hydroxy-",6.21061E-06,7.62737E-06,1.32492E-05,9.31262E-06,2.38071E-06,1.27157E-05,1.379E-05,0,4.93446E-07,6.81501E-06,5.75613E-06,7.60166E-06,1.43539E-05,3.23524E-06,9.46356E-06,1.30837E-06,2.6545E-05,1.49687E-05,1.01496E-05
2-Pentenedioic acid,0,3.36915E-06,7.13256E-06,0,0,0,0,0,0,4.88694E-06,0,0,0,0,0,0,2.83057E-06,0,7.8131E-06
2-Piperidinone,2.14419E-06,0,1.70507E-06,1.13279E-06,3.22941E-05,1.33275E-06,1.24519E-06,3.92915E-06,2.51256E-05,1.77269E-06,1.87051E-06,2.83925E-06,1.72891E-06,0,1.61248E-06,4.463E-06,3.14596E-06,2.31263E-06,1.56538E-06
"2-Propenoic acid, 2-hydroxy-3-(4-hydroxyphenyl)",7.51158E-06,1.46257E-05,3.48407E-06,4.28757E-06,9.7883E-06,3.50101E-06,8.57625E-06,4.70252E-06,2.13785E-06,3.22774E-06,5.11503E-06,2.15398E-06,4.9153E-06,1.35196E-06,1.09178E-05,3.84951E-06,8.25578E-06,4.20686E-06,0
2-Pyrrolidinone,2.28094E-06,1.129E-05,6.31529E-06,8.63313E-06,8.30571E-06,1.02254E-05,8.42715E-06,1.16827E-05,6.15477E-06,7.58919E-06,6.67787E-06,5.40457E-06,6.16188E-06,6.61095E-06,6.68572E-06,1.11399E-05,7.73656E-06,6.73929E-06,7.61114E-06
2-tert-Butyl-4-ethylphenol ,0,0,1.49573E-05,1.28194E-05,6.05345E-06,1.47586E-05,6.8511E-06,0,0,6.60841E-06,0,0,0,5.71975E-06,0,6.46191E-06,0,7.21453E-06,8.57956E-06
3-(3-Hydroxyphenyl)propanoic acid,1.70292E-06,4.19101E-05,3.23514E-07,2.54558E-07,4.5414E-05,3.32411E-07,9.2759E-07,8.36074E-06,1.35265E-05,4.79177E-07,5.51125E-07,1.98602E-07,0,4.91068E-06,4.17116E-07,8.77925E-06,2.72703E-07,2.97185E-07,0
"3,3,5-Trimethylcyclohexan-1-ol",0,4.0831E-05,0,3.17807E-05,0,0,0,0,0,0,0,0,0,0,0,0,0,0,0
"3,4,5-Trihydroxypentanoic acid",9.87789E-07,0,1.95986E-07,2.22678E-06,7.94527E-06,4.17081E-06,4.96721E-06,5.41385E-06,5.66964E-06,9.24323E-06,4.38088E-06,3.35514E-06,6.15896E-07,3.54964E-06,3.531E-06,4.98612E-06,3.23096E-06,2.69744E-06,4.82706E-06
"3,4-Dihydrocoumarin, 4,4-dimethyl-6-dimethylamino",4.66598E-05,7.76225E-06,7.48011E-06,7.3233E-06,6.47712E-06,8.14131E-06,5.78529E-06,2.667E-05,7.24221E-06,8.28945E-06,9.86436E-06,8.49557E-06,4.85781E-06,4.76981E-06,7.91288E-06,9.38826E-06,8.78211E-06,7.60053E-06,5.95799E-06
"3,4-Dihydroxy-5-methyl-dihydrofuran-2-one",0,0,0,0,0,0,0,0,0,0,0,0,0,0,0,0,0,0,0
"3,4-Dimethoxymandelic acid",1.87935E-05,5.52855E-06,0,0,8.94626E-06,9.51297E-06,9.13907E-06,2.74136E-05,1.02086E-05,8.3197E-06,9.61599E-06,8.08472E-06,8.6303E-06,6.8959E-06,6.43152E-06,0,0,9.95297E-06,0
"3,4-dimethyl-5-(3,4-methylenedioxy)phenyloxazolidine",3.08551E-05,1.17736E-05,2.18003E-06,1.27628E-05,1.11523E-05,1.27318E-05,9.21316E-06,2.81794E-05,1.25412E-05,5.58246E-06,1.33899E-06,9.54573E-06,2.9095E-06,4.16168E-06,5.78592E-06,8.19831E-06,1.10829E-05,9.78476E-06,5.65965E-06
"3,5-Dimethylphenol",0,0,0,0,0,0,0,0,0,0,3.51192E-05,0,0,0,2.69297E-05,0,0,0,0
3-Amino-2-piperidone,0,9.5624E-06,1.3403E-06,2.92996E-06,4.3969E-06,4.33259E-06,2.84165E-06,0,5.88409E-06,6.20208E-06,4.14514E-07,1.45227E-06,2.82057E-06,7.91967E-06,2.60793E-06,8.66986E-06,4.67454E-06,1.69438E-06,4.13172E-06
3-Aminoisobutyric acid,0,0,0,0,0,0,0,0,0,0,0,0,0,0,0,0,0,0,0
3-Buten-2-one,0,0,0,0,0,0,3.89092E-05,0,0,0,0,5.9603E-05,4.11546E-05,0,4.2777E-05,0.000190734,0,0,0
3-Deoxyhexitol,5.71607E-06,2.12581E-06,2.67931E-06,2.16983E-06,1.00393E-05,0,1.63008E-06,6.11871E-06,2.16185E-06,2.00903E-06,1.99451E-06,3.08581E-06,2.66146E-06,2.30386E-06,4.01917E-06,0,0,2.26067E-06,2.87128E-06
"3-Ethyl-3-methyl-pyrrolidine-2,5-dione",9.69676E-06,1.49863E-05,0,0,1.83876E-05,0,0,3.55372E-05,0,0,6.67166E-06,0,1.06282E-05,1.11372E-05,7.61596E-06,1.39467E-05,1.02215E-05,0,8.41727E-06
3-Hexenedioic acid,1.09288E-05,1.1993E-05,1.10568E-05,7.46472E-06,4.03832E-06,9.22798E-06,1.23893E-05,3.2248E-05,6.97499E-06,1.07328E-05,1.28928E-05,8.33675E-06,9.07306E-06,5.63391E-06,9.08356E-06,8.38326E-06,1.18746E-05,1.13289E-05,1.20985E-05
"3-Hydroxy-2,3-dihydromaltol",6.4294E-06,9.68697E-06,7.87929E-06,2.57497E-06,6.11384E-05,6.16605E-06,4.23101E-06,6.26504E-06,1.48984E-05,3.87108E-06,3.25072E-06,2.0998E-06,6.56368E-06,4.94103E-06,4.38663E-06,1.24697E-05,6.10025E-06,5.25527E-06,9.19063E-06
3-Hydroxybutyric acid,1.54809E-05,6.82521E-06,8.95213E-06,7.97658E-06,7.04077E-06,1.03227E-05,6.73151E-06,0,4.46156E-06,9.00235E-06,1.043E-05,4.68737E-06,4.91824E-06,6.16862E-06,1.0683E-05,1.35272E-05,1.56322E-05,6.40769E-06,1.67261E-05
3-Hydroxyisovaleric acid,1.61891E-05,6.458E-06,6.22697E-06,6.02259E-06,7.03969E-06,7.10481E-06,6.57597E-06,1.90214E-05,7.2908E-06,6.24174E-06,9.48434E-06,1.11122E-05,7.09385E-06,6.16294E-06,6.20472E-06,9.8703E-06,6.8766E-06,6.89053E-06,7.80122E-06
3-Methyl-2-furoic acid,3.28662E-06,1.57607E-05,1.37922E-05,1.04941E-05,2.1864E-05,1.27638E-05,1.35504E-05,3.5048E-05,1.5702E-05,2.11896E-06,1.73895E-06,0,2.15877E-06,2.27114E-06,2.7477E-05,2.98388E-05,3.24865E-05,2.26748E-05,3.39012E-05
3-Methyl-2-oxovaleric acid,0,0,0,0,0,0,0,0,0,0,0,0,0,0,0,0,0,0,0
3-Methylvaleric acid,0,1.89513E-05,0,3.8664E-06,8.62536E-07,0,6.62171E-06,6.1909E-05,0,1.66318E-05,0,2.68516E-05,2.28207E-05,0,2.26864E-05,6.28868E-06,4.75179E-06,2.15523E-05,0
3-O-methyl-beta-D-Glucopyranose,0,4.04169E-05,0,0,0,6.12199E-05,0,0,0,3.64838E-05,2.88893E-05,0,7.63854E-06,0,0,0,4.3875E-05,0,0
3-Oxo-1-cyclohexene-1-carboxylic acid ,0,0,0,0,0,0,7.91061E-05,0,0,9.29816E-05,0,0,0,0,8.6195E-05,0,0,0,0
"3-Pentenoic acid, 4-methyl",0,0,0,0,0,0,0,0,0,0,0,0,0,0,0,0,0,0,0
3-Pyridylcarbinol,0,4.16078E-06,1.67877E-05,1.00464E-05,6.73913E-06,1.02961E-05,5.54909E-06,9.25932E-06,4.29523E-06,4.16496E-06,4.45695E-06,5.33437E-06,3.76784E-06,3.45064E-06,6.52065E-06,1.05655E-05,9.96093E-06,5.09197E-06,5.46446E-06
3-hydroxypalmitic acid,0,0,1.90061E-05,2.08486E-05,0,0,0,0,0,0,0,0,0,0,0,0,4.45717E-07,0,0
3-Undecene,1.26847E-05,3.61764E-06,3.94653E-06,3.33792E-06,4.81768E-06,4.39189E-06,3.72152E-06,1.12412E-05,5.47471E-06,4.65666E-06,4.60417E-06,6.14685E-06,5.35427E-06,4.764E-06,3.88376E-06,6.48723E-06,4.78418E-06,4.44473E-06,5.82469E-06
pyrazole,0,2.22509E-06,2.02593E-07,0,0,0,6.30233E-07,0,1.13811E-06,1.63423E-06,8.64747E-07,0,3.13774E-06,1.00537E-09,4.45663E-11,1.98319E-06,6.13312E-07,0,0
4-hydroxy-3-penten-2-one,0,5.22586E-06,0,2.40591E-05,1.34565E-05,2.64211E-05,3.79797E-06,0,1.00315E-05,1.56658E-05,1.76801E-05,2.04974E-05,5.70716E-06,1.07477E-05,1.75826E-05,0,6.54876E-06,0,2.27446E-05
4-Aminobenzoic acid,2.67426E-05,8.0321E-06,1.9421E-05,2.02309E-05,7.65853E-06,1.22747E-05,0,0,7.70755E-06,1.10456E-05,1.33391E-05,0,7.94753E-06,3.91942E-06,1.45837E-05,0,9.66029E-06,2.02313E-05,2.73589E-05
4-Coumaric acid,1.24609E-05,7.20582E-06,5.40747E-06,6.73981E-06,4.27049E-06,3.01412E-06,4.85782E-06,1.91928E-05,8.14125E-06,6.15321E-06,7.04923E-06,7.99783E-06,6.92869E-06,3.83325E-05,1.85979E-05,5.56886E-06,3.84504E-06,6.6052E-06,9.86446E-06
4-Hydroxy-5-(hydroxymethyl)oxolan-2-one,2.36291E-05,1.53283E-05,6.03321E-06,4.29827E-06,1.19343E-05,9.31313E-06,1.2259E-05,2.25549E-05,1.34298E-05,5.14065E-06,4.38444E-06,6.31123E-06,4.9807E-06,6.55136E-06,6.46421E-06,8.76857E-06,8.42147E-06,6.44843E-06,8.39726E-06
4-Hydroxybenzaldehyde,1.16054E-05,1.9683E-05,9.0819E-06,7.43189E-06,1.04259E-05,8.32402E-06,9.64349E-06,1.2053E-05,4.79278E-06,6.21312E-06,7.4026E-06,4.78044E-06,6.63003E-06,7.45532E-06,1.37257E-05,1.041E-05,1.04302E-05,8.11204E-06,1.00623E-05
4-Hydroxybenzeneacetic acid,6.79702E-06,1.34667E-05,4.47653E-06,4.80486E-06,3.67966E-05,3.49274E-06,9.08378E-06,1.07835E-05,1.4735E-05,2.01581E-06,3.01975E-06,2.99382E-06,2.30097E-06,1.14276E-05,1.05834E-05,1.19498E-05,5.99195E-06,4.34939E-06,6.18844E-06
4-Hydroxybenzoic acid,1.35414E-05,2.17555E-05,6.69349E-06,9.31797E-06,1.22639E-05,7.09736E-06,9.38295E-06,1.1394E-05,3.16488E-06,5.96525E-06,6.99648E-06,3.29458E-06,5.16856E-06,4.77724E-06,1.56532E-05,6.01486E-06,1.13056E-05,4.97292E-06,9.57261E-06
4-Hydroxybutanoic acid,0,8.61346E-06,1.21039E-05,0,0,0,0,2.29974E-05,0,0,4.16429E-06,0.000253638,0,0,0,0,0,5.38951E-06,9.87175E-06
4-Hydroxyphenyllactic acid,3.96066E-06,0,4.98272E-06,2.47417E-06,1.61808E-05,1.3325E-06,0,7.89263E-06,5.87059E-06,8.08134E-06,5.02773E-06,9.60594E-07,2.01985E-06,4.63059E-06,5.10772E-06,8.51954E-06,6.95786E-06,3.62096E-06,4.87515E-06
4-Methoxyphenol,3.20786E-05,0,1.53662E-05,1.23724E-05,9.54622E-06,1.45637E-05,0,2.03732E-05,7.79811E-06,1.23678E-05,0,1.3311E-05,0,0,1.524E-05,1.28792E-05,1.4916E-05,0,0
4-Methyl-5-thiazoleethanol,2.04411E-05,1.11329E-05,7.65402E-06,6.21246E-06,8.16262E-06,5.87317E-06,7.72318E-06,1.2008E-05,5.70963E-06,7.11804E-06,8.103E-06,5.29872E-06,7.75079E-06,7.70526E-06,6.65643E-06,8.41867E-06,7.88861E-06,7.12438E-06,4.9762E-06
4-Methylvaleric acid,1.73156E-05,3.96527E-06,6.56818E-06,4.98915E-06,7.13298E-06,9.01297E-06,4.37113E-06,1.42588E-05,5.00949E-06,5.96229E-06,6.82016E-06,4.52804E-06,4.53281E-06,4.84492E-06,5.12503E-06,8.80374E-06,7.75447E-06,5.55021E-06,5.90801E-06
"4-Nonanone, 2,6,8-trimethyl",0,0,0.000108038,0,0,1.66988E-06,0,0,0,0,0,0,0,0,0,0,0,0.000139384,0
4-Pyridinol,4.68194E-06,6.78239E-06,1.12914E-05,8.38391E-06,6.29177E-06,1.35949E-05,4.39634E-06,2.44815E-05,6.91838E-06,6.38447E-06,9.94094E-06,8.77953E-06,6.2422E-06,4.34962E-06,1.0294E-05,1.4333E-05,1.30893E-05,7.33726E-06,8.40854E-06
4-Pyrimidinamine,0,0,0,0,0,0,0,0,8.38484E-07,0,3.415E-06,0,0,0,0,0,0,0,0
4-hydroxycyclohexylacetate,1.02037E-07,0,5.47308E-06,1.84052E-05,0,1.38482E-05,0,0,0,0,3.7428E-05,0,0,0,5.75393E-05,0,0,3.75151E-05,5.46754E-05
"5,10-Diethoxy-2,3,7,8-tetrahydro-1H,6H-dipyrrolo[1,2-a:1',2'-d]pyrazine",4.03592E-06,7.7399E-06,1.45088E-05,1.58757E-05,0,4.16523E-05,5.62483E-06,0,0,2.94699E-06,0,5.09544E-06,3.48091E-06,0,1.48629E-06,3.30172E-06,6.8542E-06,6.59092E-06,2.47072E-06
"5,8,11-Eicosatrienoic acid",2.39957E-05,7.79907E-06,7.88118E-06,4.73496E-06,7.28355E-06,7.25857E-06,9.4594E-06,2.46934E-05,9.10228E-06,9.52359E-06,7.97996E-06,7.63532E-06,6.65484E-06,6.424E-06,8.22364E-06,8.14178E-06,7.7152E-06,7.86831E-06,0
5alpha-Ergost-8(14)-ene,0,0,0,0,0,0,0,0,0,0,0,0,0,0,0,0,0,0,0
5-Amino-1-pentanol,0,0,0,0,0,0,0,0,0,0,0,0,0,0,0,0,0.000181239,0,0
5-Aminovaleric acid,2.20944E-06,3.70088E-06,0,1.84847E-06,1.98418E-05,8.76038E-07,1.96541E-06,9.27465E-06,2.22418E-05,4.72841E-06,3.81269E-06,4.77347E-06,5.7254E-06,5.22688E-06,8.19928E-06,7.60409E-06,3.34765E-06,6.27093E-06,3.74681E-06
"5-Androsten-17alpha-methyl-3beta,17beta-diol",0,0,0,0,6.97353E-07,0,0,4.54117E-05,8.48681E-07,0,0,0,0,0,1.20665E-05,1.2846E-05,7.09166E-06,0,0
5-Henicosylresorcinol,0,0,0,0,0,0,0,0,0,0,0,0,0,0,0,0,0,0,0
5-Hydroxy-2-methylpyridine,0,6.44606E-07,0,8.84116E-07,8.70103E-07,0,0,0,0,0,0,0,0,0,3.78847E-07,0,0,0,0
5-Hydroxymethyl-2-furoic acid,0,2.15958E-05,3.74093E-05,0,0,2.29474E-05,5.52071E-05,0,6.67402E-06,0,1.92027E-05,0,0,0,2.36662E-05,4.03734E-06,3.9003E-05,2.29695E-05,1.58523E-05
5-Methyluridine,2.60624E-05,1.21127E-05,8.18671E-06,5.37833E-06,1.92343E-06,1.00562E-05,6.72638E-06,3.864E-07,5.60774E-07,8.69425E-06,1.82223E-05,4.36138E-06,2.28194E-05,5.19552E-06,1.40576E-05,2.32845E-06,1.6234E-05,2.45742E-05,2.4856E-05
5-Oxohexanoic Acid,0,0,0,0,0,1.11001E-05,0,0,0,0,0,8.03393E-06,9.38326E-06,0,0,0,0,0,0
5-hydroxy-n-valeric acid,0,0,0,0,0,0,0,0,0,0,0,0,0,0,0,0,0,0.000400504,0
6-Hydroxyhexanoic acid,2.08449E-05,0,0,8.06176E-06,1.08046E-05,1.73607E-05,1.05439E-05,0,6.54335E-06,8.57458E-06,1.30335E-05,0,1.15938E-05,0,8.36511E-06,0,0,0,1.04384E-05
"7,9-Di-tert-butyl-1-oxaspiro(4,5)deca-6,9-diene-2,8-dione",1.84182E-05,6.56901E-06,7.97879E-06,6.42539E-06,7.20142E-06,5.73274E-06,3.70859E-06,1.73192E-05,6.73616E-06,5.9129E-06,3.82902E-06,5.59809E-06,6.04643E-06,6.57182E-06,3.54293E-06,8.81289E-06,4.40279E-06,6.31991E-06,6.83745E-06
8-Hydroxy-5-(hydroxymethyl)quinoline,7.79521E-06,9.00897E-06,4.89299E-06,3.01189E-06,3.52671E-05,4.7302E-06,7.70232E-06,2.32116E-05,2.20276E-05,7.34504E-06,3.87032E-06,1.31791E-06,3.14348E-06,8.32283E-06,1.22226E-05,1.1547E-05,1.5744E-05,3.98287E-06,2.09243E-06
8-Hydroxyquinoline-2-carbaldehyde,0,0,0,0,0,0,0,0,5.91592E-05,1.66924E-05,0,0,0,0,0,0,0,0,0
"9,12-Octadecadienoic acid",0,8.0509E-05,0,0,0,0,8.19686E-07,0,0,0,0,0,0,0,2.0588E-05,0,0,0,0
9H-Purin-6-ol,3.45923E-06,1.6039E-05,5.99527E-07,1.27825E-06,1.06297E-06,5.97356E-06,1.5535E-05,1.65119E-06,1.14237E-06,1.04367E-05,1.12459E-05,5.14139E-06,1.56532E-05,6.0865E-06,8.11907E-06,1.506E-07,9.11666E-06,1.15101E-05,1.81063E-05
9-Octadecen-1-ol,1.04032E-05,8.06088E-06,6.05605E-06,1.26726E-06,6.58629E-06,0,8.71779E-06,0,1.3492E-06,5.76373E-06,4.92488E-06,1.40446E-06,5.44279E-06,8.8192E-06,5.82437E-06,5.86474E-06,5.86729E-06,6.02905E-06,0
9-Octadecenamide,4.59896E-06,1.49515E-05,1.02151E-05,4.84634E-06,2.31454E-05,4.37528E-06,3.49546E-06,4.3687E-06,3.38091E-06,0,0,2.18993E-06,1.46635E-06,3.75415E-06,3.433E-06,7.85805E-06,2.10904E-06,1.46107E-06,6.29906E-07
9-Octadecenenitrile,0,0,0,0,0,0,0,0,0,0,0.000453206,0,0,0,0,0,0,0,0
9-Octadecenoic acid,1.75733E-05,8.34158E-06,4.07556E-06,9.47619E-06,9.97392E-06,4.74859E-06,6.23101E-06,1.14792E-05,1.67404E-05,1.07676E-05,7.53118E-06,9.33981E-06,1.22979E-05,1.02738E-05,8.17213E-06,9.38751E-06,6.58278E-06,1.19467E-05,8.80826E-06
"Acetamide, N-(2-butyl)-N-methyl-",2.53857E-05,1.32883E-05,3.15969E-06,3.18625E-06,1.37131E-05,3.67062E-06,8.14446E-06,3.00762E-05,1.26136E-05,1.00807E-05,1.05738E-05,1.25477E-05,1.16178E-05,1.02299E-05,9.25427E-06,1.97308E-06,1.32033E-05,1.20629E-05,1.38105E-05
"acetic acid, [(2-hydrloxyethyl)thio]-",0,0,0,0,0,0,0,5.3892E-06,0,0,0,0,0,0,0,0,0,0,0
"Acetin, 1,3-dihydroxy",0,0,0,0,0,0,0,0,0,0,0,0,0,8.96847E-05,0.000130252,0,0,0,0
Acetoacetic acid,1.19372E-05,5.42714E-06,6.31796E-06,6.45041E-06,9.6742E-06,0,5.59971E-06,1.57036E-05,6.60922E-06,7.37413E-06,6.69476E-06,7.58864E-06,5.63523E-06,4.90688E-06,1.06352E-05,9.80158E-06,0,7.59762E-06,9.79847E-06
Aconitic acid,1.28905E-05,9.39959E-06,1.03221E-05,0,0,0,1.24479E-05,9.33823E-06,3.31269E-06,0,0,3.15655E-06,0,7.58049E-06,1.14143E-06,0,5.9708E-06,6.2755E-06,6.24824E-06
alpha-D-(+)-Talopyranose,6.0612E-06,5.79402E-06,4.82471E-06,4.65648E-06,1.76009E-05,9.58884E-06,5.69513E-06,1.69242E-05,9.95933E-06,1.06317E-05,6.22082E-06,4.53973E-06,5.37863E-06,6.84624E-06,1.10812E-05,1.21239E-05,3.3601E-06,5.22588E-06,4.24086E-06
"alpha-D-Glucopyranoside, methyl 2-(acetylamino)-2-deoxy-3-hydroxy-, cyclic methylboronate",0,0,9.88705E-08,0,2.11517E-06,0,2.3531E-06,0,0,0,0,0,1.90659E-06,2.14199E-06,0,2.12711E-06,3.00872E-08,1.86144E-06,1.23829E-06
alpha-D-Mannopyranose,0,0,0,0,0,0,0,0,0,0,0,0,0,0,0,7.2495E-05,0,0,0
alpha-D-Xylopyranose,0,4.88754E-08,0,0,0,0.000327412,0,0,2.13118E-06,0,5.80571E-08,3.5885E-08,0,0,4.20823E-06,2.5242E-06,0,0,0
alpha-Ketoisovaleric acid,2.44557E-05,0,0,6.55939E-06,8.74382E-06,9.26324E-06,0,2.42296E-05,0,9.35396E-06,0,5.55034E-07,1.80352E-06,8.1361E-06,7.22289E-06,1.21647E-05,0,2.24741E-06,1.03344E-05
alpha-L-(-)-Fucopyranose,2.4091E-07,9.71312E-06,0,0,0,5.89232E-06,0,0,0,0,0,0,0,7.21798E-06,4.48142E-06,0,1.34206E-06,1.26001E-06,5.6757E-06
"alpha-L-Galactofuranose, 6-deoxy-",0,0,0,1.90736E-07,0,0,0,0,0,0,0,0,0,0,0,0,0,0,0
alpha-Linolenic acid,0,2.49177E-06,9.34146E-06,1.91452E-06,7.3881E-06,0,8.71571E-06,0,0,0,6.3058E-06,0,0,3.43257E-06,4.21429E-06,0,0,0,4.13156E-06
alpha-Tocopheryl acetate,0,1.40754E-05,0,4.05467E-05,0,0,0,2.77694E-05,4.97912E-06,2.15933E-05,0,0,2.42271E-05,0,0,1.26188E-05,0,2.73506E-05,1.47774E-05
Anthranilic acid,2.40362E-05,1.24695E-05,1.12506E-05,9.32234E-06,1.28352E-05,1.13668E-05,8.62208E-06,2.90669E-05,1.12906E-05,9.87814E-06,1.06572E-05,1.34607E-05,1.15416E-05,1.10712E-05,9.50839E-06,1.39587E-05,1.16176E-05,1.16961E-05,1.33691E-05
Arabinitol,0,0,0,0,0,0,0,0,0,0,0,0,0,0,0,0,0,0,0
"Arabinofuranose, 1,2,3,5-tetrakis",2.34229E-05,5.4608E-06,5.79694E-06,4.37325E-06,8.82133E-06,8.27912E-06,9.42933E-06,1.06943E-05,4.85757E-06,3.53582E-06,5.40208E-06,4.1656E-06,4.38692E-06,6.02164E-06,3.49202E-06,9.28542E-06,8.87872E-06,5.82233E-06,2.6292E-06
"Arabino-Hexonic acid, 2-deoxy-, gamma-lactone",0,0,0,0,8.67186E-06,0,2.35628E-05,5.98171E-05,4.39228E-06,1.34761E-06,0,2.69728E-06,1.96887E-06,1.24407E-06,1.70217E-06,9.00538E-06,4.24803E-07,1.13353E-06,3.28099E-07
Arabinose,0,0,0,0,0,0,1.00065E-05,0,0,7.9005E-06,0,1.14794E-05,0,8.24662E-05,2.98754E-06,0,8.23139E-06,1.02093E-05,0
Arachidic acid,1.5235E-05,6.78803E-06,6.43538E-06,6.99538E-06,7.08094E-06,7.26678E-06,6.31673E-06,1.40305E-05,8.47784E-06,6.91143E-06,7.58312E-06,8.98489E-06,8.32105E-06,6.38168E-06,8.16176E-06,8.6403E-06,6.70563E-06,7.67327E-06,8.33444E-06
Azelaic acid,0,4.948E-07,6.97673E-06,2.54757E-05,3.77877E-06,0,0,0,7.31835E-06,0,0,0,3.7477E-06,4.01964E-05,0,1.05916E-06,0,0,1.7825E-06
"Azetidine, 1-acetyl-2-methyl",1.65891E-05,5.39694E-06,5.66804E-06,5.74164E-06,1.51945E-05,1.58358E-05,8.26445E-06,1.43353E-05,5.19606E-06,6.46812E-06,6.67888E-06,6.54818E-06,5.76583E-06,8.5244E-06,1.15223E-05,1.27863E-05,7.12128E-06,5.68416E-06,1.19759E-05
Behenic acid,0,0,0,0,0,0,0,0,0,0,0,0,0,0,0,0,0,0,0
"Benzaldehyde, 2,5-dimethoxy",2.3779E-05,7.86807E-06,8.33012E-06,6.48757E-06,7.90862E-06,8.55238E-06,6.13358E-06,2.7239E-05,7.59924E-06,8.60904E-06,9.61503E-06,9.381E-06,7.62658E-06,7.33849E-06,7.7549E-06,1.17163E-05,9.05569E-06,1.08389E-05,9.58385E-06
Benzeneacetic acid,0,0,0,0,0,0,0,0,0,0,0,0,0,0,0,0,0,0,0
"Benzenepropanoic acid, 3,5-bis(1,1-dimethylethyl)-4-hydroxy-, methyl ester",0,7.02766E-06,5.82358E-06,8.28081E-06,9.91273E-06,6.8987E-06,3.97476E-06,1.9574E-05,9.13671E-06,8.05748E-06,2.348E-06,8.54036E-06,7.66866E-06,8.98624E-06,4.9166E-06,4.79578E-06,4.80066E-06,8.47019E-06,9.60603E-06
Benzoic Acid,1.86467E-05,7.65965E-06,9.14977E-06,6.89063E-06,7.90825E-06,4.12967E-06,2.95396E-06,1.93465E-05,7.73148E-06,5.70052E-06,2.95688E-06,6.883E-06,7.52939E-06,5.37944E-06,3.37371E-06,9.6551E-06,3.64034E-06,7.801E-06,6.53568E-06
beta-Alanine,0,2.96269E-05,7.03677E-06,1.99608E-05,5.79781E-06,1.2922E-05,1.71472E-05,6.99812E-06,4.42991E-06,9.83382E-06,9.57749E-06,8.22912E-06,1.70399E-05,0,3.47079E-06,5.16716E-06,7.91623E-06,8.66083E-06,2.35723E-05
beta-Arabinopyranose,1.6937E-05,9.78722E-06,1.29548E-05,0,3.91014E-06,1.37474E-05,0,0,7.05243E-06,3.91792E-06,8.63717E-06,5.18836E-06,8.4143E-06,3.09757E-06,2.38502E-06,8.93973E-06,9.63573E-06,1.07392E-05,3.85407E-05
beta-D-(-)-Ribopyranose,1.68768E-05,7.5758E-06,1.39971E-05,9.48907E-06,1.11956E-05,1.22625E-05,1.38352E-05,2.19923E-05,1.00647E-05,1.79946E-05,8.94012E-06,6.77163E-06,6.51608E-06,4.79827E-06,7.97082E-06,1.18171E-05,1.26429E-05,7.99859E-06,8.6924E-06
"beta-D-Galactopyranoside, methyl-, acetate",0,0,0,0,0,0,0,0,0,0,0,0,0,0,0,0,0,0,0
"beta-d-Glucopyranose, 2-(acetylamino)-3,6-anhydro-2-deoxy",1.41798E-05,6.94477E-06,8.76569E-06,1.14816E-05,9.95769E-06,7.87591E-06,1.193E-05,1.33178E-05,9.33682E-06,5.3653E-06,5.11461E-06,8.40805E-06,6.02557E-06,4.79421E-06,5.99785E-06,1.83235E-05,9.00883E-06,7.38111E-06,5.93431E-06
Butanedioic acid,1.07503E-05,8.57401E-06,1.17512E-05,4.08541E-06,1.61427E-05,8.63137E-06,5.18234E-06,8.47771E-06,6.7403E-06,7.13223E-06,8.53328E-06,1.08082E-05,1.0649E-05,4.56841E-06,8.07301E-06,1.46585E-05,1.10452E-05,1.1748E-05,8.57943E-06
"Butanoic acid, 3,4-dihydroxy-",4.79201E-09,1.91344E-08,9.22417E-09,2.45955E-09,0,0,0,0,3.44794E-06,0,3.53495E-06,2.47045E-06,3.36121E-06,1.36582E-05,2.10354E-05,2.21885E-05,0,2.00067E-05,0
Butyl Succinate,1.95995E-06,6.46513E-06,7.80744E-06,5.2225E-06,3.09008E-06,8.10309E-06,2.88908E-06,1.6321E-05,5.44329E-06,5.88707E-06,7.2469E-06,6.12719E-06,1.39508E-06,4.32194E-06,4.28318E-06,7.18836E-06,8.78506E-06,6.14417E-07,5.93399E-06
Cadaverine,0,0,0,0,0,0,0,0,0,0,0,0,0,0,0,0,0,0,0
Caffeic acid,4.3019E-05,0,0,0,0,0,0,0,0,0,0,0,0,0,0,0,0.000168903,0,5.35178E-06
Campesterol,5.94551E-06,0,9.36343E-06,0,0,0,0,2.04318E-05,1.85739E-07,0,0,0,8.43191E-06,0,0,0,0,4.83807E-06,1.95512E-05
Cholesterol,8.22702E-06,7.12359E-06,0,2.04221E-05,4.15436E-06,5.83804E-06,1.01008E-05,6.50148E-06,3.05617E-06,3.01738E-06,2.51927E-06,3.15121E-06,2.7383E-06,4.2291E-06,3.1069E-06,1.09498E-05,3.80574E-06,2.90622E-06,3.55915E-06
Cinnamic acid,0,3.12103E-05,0,3.04569E-05,0,0,2.76823E-05,0,0,0,0,0,5.97109E-06,0,0,0,0,0,0
"cis,cis,cis-1-Isobutyl-2,5-dimethylcyclohexane",0,6.61074E-06,0,6.18971E-06,6.93449E-06,5.37563E-05,4.74016E-05,0,0,0,0,0,0,5.90601E-06,0,0,0,5.78295E-06,0
"cis-4,5-Dihydroxy-o-dithiane",2.34813E-06,1.3673E-06,3.19498E-05,3.63979E-05,9.90269E-07,3.07022E-05,1.42007E-06,0,8.76013E-07,1.12624E-06,1.08539E-06,9.71431E-07,1.12097E-06,1.20374E-06,1.37931E-06,1.04228E-06,1.12921E-06,1.28267E-06,1.41031E-06
Citric acid,2.33601E-05,0,2.53415E-06,2.21637E-06,3.01796E-05,3.82049E-06,1.95713E-06,8.35393E-06,1.41132E-06,4.569E-06,5.15414E-06,3.08361E-06,1.20188E-09,3.27416E-06,6.39941E-06,5.04895E-06,6.36459E-06,4.10481E-06,7.00477E-06
Cyclo(L-prolyl-L-valine),2.17815E-05,0,5.53609E-06,0,8.85432E-06,9.96139E-06,9.69364E-06,2.43935E-05,0,7.91669E-06,8.99771E-06,1.08634E-05,4.2331E-06,1.50142E-06,9.30813E-06,0,2.09931E-07,0,8.22688E-06
Cyclohexanecarboxylic acid,9.21318E-05,4.27847E-05,1.54061E-06,1.26597E-06,0,1.16441E-06,3.72566E-05,0.000115993,0,0,0,0,0,0,0,1.59714E-06,8.71316E-07,0,1.224E-06
Cyclohexanemethanol,1.06445E-05,7.99637E-06,5.5864E-06,4.92285E-06,9.86978E-06,5.95832E-06,7.5725E-06,1.42513E-05,8.16676E-06,6.68384E-06,5.0102E-06,5.19798E-06,5.81431E-06,6.9893E-06,4.96824E-06,1.18386E-05,7.28188E-06,5.89582E-06,6.5435E-06
Cyclohexanol,0,8.43772E-06,1.19422E-05,2.98477E-06,9.59326E-06,9.43873E-06,3.19172E-06,2.16427E-05,7.37566E-06,5.12392E-06,0,1.16979E-05,8.20101E-06,1.07609E-05,1.06623E-05,1.59577E-05,6.47866E-06,2.70811E-06,7.77029E-06
"Cyclopenta[g]-2-benzopyran, 1,3,4,6,7,8-hexahydro-4,6,6,7,8,8-hexamethyl",1.43314E-05,5.82378E-06,5.43126E-06,7.64119E-06,0,9.35539E-06,3.84584E-06,1.63711E-05,5.26351E-06,3.89598E-06,5.64458E-06,3.97179E-06,5.81235E-06,6.6727E-06,6.0809E-06,4.86792E-06,4.22369E-06,3.11636E-06,4.05087E-06
"Cyclopentanone, 2,4,4-trimethyl",0,0,0,0,0,0,0.000482456,0,0,0,0,0,0,0,0,0,0,0,0
Cytosine,2.28274E-06,7.40884E-06,0,1.86824E-05,5.26269E-06,1.76018E-05,2.93692E-05,0,5.01305E-06,5.15683E-06,9.26417E-07,5.39705E-06,2.11499E-06,5.25624E-06,4.73206E-06,0,6.42545E-06,1.28251E-06,1.90436E-06
D-(-)-Citramalic acid,0,0,0,0,0,0,0,0,0,0,0,0,0,0,0,0,0,0.000507949,0
D-(-)-Fructofuranose,4.60374E-07,1.96224E-05,2.99277E-05,1.80403E-05,3.21483E-05,2.68456E-05,1.31872E-05,5.58052E-05,3.71764E-06,1.21015E-05,1.88037E-05,1.54247E-07,9.19012E-06,4.38886E-06,1.08175E-05,1.4271E-05,9.63445E-06,1.13649E-05,1.94075E-05
D-(-)-Fructopyranose,4.04258E-06,2.42228E-06,0,1.8043E-07,3.70863E-06,2.89433E-06,0,9.36886E-06,7.38296E-07,3.3287E-06,3.07204E-06,2.63655E-06,4.80538E-06,5.01944E-06,1.34516E-05,1.24543E-06,5.25886E-06,2.68121E-06,3.18715E-06
D-(-)-Ribofuranose,2.63568E-05,1.63059E-05,1.49909E-05,5.8453E-06,2.744E-05,1.77871E-05,7.71331E-06,4.06831E-05,1.63007E-05,1.39443E-05,2.72068E-05,1.46391E-05,6.77382E-06,8.93937E-06,9.41645E-06,2.6661E-05,2.49188E-05,2.35399E-05,1.92947E-05
D-(+)-Galactopyranose,0,0,0,0,0,0,0,0,0,0,0,0,0,0,0,0,0,0,0
D-(+)-Glucosamine,4.25038E-05,7.49688E-05,1.15863E-05,8.01437E-06,4.76099E-06,6.06638E-06,1.01517E-05,0,1.75431E-06,4.86994E-06,4.7921E-06,2.65138E-06,6.57473E-06,7.40527E-06,4.97815E-06,8.26498E-06,8.82679E-06,8.14027E-06,6.46782E-06
"D-(+)-Ribono-1,4-lactone ",0,3.635E-07,1.98373E-05,0,0,0,0,0,0,0,3.83115E-06,1.44812E-06,8.13786E-06,8.40828E-06,1.72556E-05,1.75146E-05,1.4948E-05,9.88069E-06,0
D-(+)-Talofuranose,3.54186E-06,4.49744E-05,2.84898E-05,2.79267E-06,3.3749E-05,1.71613E-05,1.08526E-05,1.66069E-06,1.46048E-05,3.47181E-05,1.39898E-05,1.36219E-06,1.68151E-05,1.53704E-05,2.27934E-05,9.86491E-06,5.26064E-05,3.10877E-05,2.3604E-05
D-Allofuranose,7.3905E-06,8.85274E-06,3.85747E-06,5.58917E-06,4.9935E-06,4.57254E-06,7.47523E-07,7.26178E-06,5.77636E-06,5.31324E-07,2.05284E-07,4.3717E-06,3.96312E-07,2.06061E-07,1.61639E-07,1.69979E-05,3.65574E-07,2.53904E-07,5.87474E-06
D-Arabinose,1.6229E-06,0,8.28878E-07,0,0,0,7.60872E-05,0,0,0,0,0,0,0,0,0,0,0,0
Decanoic acid,1.79037E-05,5.85112E-06,6.54714E-06,5.57325E-06,4.99895E-06,7.48279E-06,6.1717E-06,1.54928E-05,5.02414E-06,4.52294E-06,4.90975E-06,6.8173E-06,6.41227E-06,5.2616E-06,6.17848E-06,8.16867E-06,6.36712E-06,5.58775E-06,7.33244E-06
Decyl oleate,0,9.56078E-07,4.98869E-06,5.54671E-06,1.25363E-05,9.01648E-06,1.52945E-05,4.37989E-06,6.21085E-06,1.66089E-05,1.29882E-05,3.91137E-06,4.87807E-06,2.14161E-06,2.79114E-06,0,1.26831E-06,1.11726E-05,7.04112E-08
Dehydroabietic acid,1.39658E-05,5.30346E-06,8.70676E-06,5.10654E-06,0,0,3.63284E-06,1.00386E-05,4.55982E-06,2.90203E-06,4.35181E-06,4.49658E-06,4.07714E-06,2.55659E-06,1.409E-05,1.16006E-05,5.15387E-06,4.00175E-06,3.82807E-06
Deoxycholic Acid,0.000162917,0,0,6.95788E-06,0,1.32491E-05,1.99183E-05,2.7662E-06,3.11997E-05,1.57644E-05,5.66308E-06,1.573E-05,0,0,3.84507E-08,9.69665E-06,2.64359E-05,3.2778E-06,5.10042E-06
Deoxyribopyranose,3.53995E-07,1.28468E-05,1.20844E-05,7.32783E-06,1.85971E-05,8.08489E-06,1.00117E-05,2.53304E-05,1.34219E-05,0,3.12861E-08,0,0,0,2.87473E-05,3.28895E-05,3.17958E-05,1.97336E-05,3.03271E-05
"D-Erythro-Pentitol, 2-deoxy-",2.77203E-05,0,2.8123E-06,4.83094E-06,5.3399E-06,1.60975E-06,3.72328E-06,3.20604E-06,1.19496E-06,8.66362E-07,5.53083E-06,4.88407E-06,8.79384E-08,1.87068E-05,0,6.07166E-05,1.18443E-05,1.59752E-05,2.17668E-06
"D-Erythro-Pentofuranose, 2-deoxy-1,3-bis-O-posphate",2.73276E-05,1.39071E-05,8.41258E-06,1.15485E-05,2.86762E-05,1.08869E-05,6.92059E-06,4.19187E-05,5.93869E-06,3.42666E-05,8.63976E-06,3.20778E-05,1.10495E-05,1.33345E-05,9.72961E-06,1.04342E-05,9.55858E-06,3.41136E-05,1.20535E-05
d-Erythrotetrofuranose,8.49758E-07,2.09652E-07,7.42353E-07,1.72052E-06,7.3691E-06,2.69076E-07,5.9582E-07,1.99308E-05,5.34435E-06,9.9491E-07,4.29869E-06,5.28997E-07,1.23526E-07,3.78813E-06,9.40333E-07,1.26322E-05,7.10628E-06,2.84985E-07,2.88313E-06
Desmethylverapamil,0,0,1.79557E-06,0,0,8.42103E-06,0,1.61933E-05,1.23963E-05,0,0,2.68602E-06,0,0,0,9.87538E-06,0,6.31055E-06,7.15542E-06
D-Fructose,5.73438E-05,6.45622E-08,1.79884E-06,0,9.60601E-09,0,2.32979E-05,1.36542E-07,2.14709E-07,0,3.2814E-05,0,7.58956E-08,0,5.32409E-06,0,0,0,3.52383E-09
D-Fucitol,0,1.19546E-06,2.51696E-06,0,0,0,0,9.96998E-06,1.24163E-05,0,2.12671E-06,2.33106E-06,1.02649E-06,4.44682E-06,1.0152E-05,6.5241E-06,3.26618E-07,5.05191E-06,6.12249E-06
D-Glucose,1.41586E-05,4.02968E-06,1.02484E-05,7.29876E-06,7.99065E-06,1.35392E-05,6.46835E-06,2.03033E-05,8.42185E-06,8.06219E-06,5.69969E-06,4.51889E-06,7.19458E-06,7.96846E-06,8.84328E-06,7.24511E-06,8.58891E-06,8.90443E-06,6.18395E-06
Dihydrouracil,1.16556E-05,9.34696E-06,1.45797E-05,1.32863E-05,5.1016E-06,1.24625E-05,5.48123E-06,5.80482E-06,3.75654E-06,1.31141E-05,1.1082E-05,6.15772E-06,1.3191E-05,4.53287E-06,1.05962E-05,5.21122E-06,1.28204E-05,1.2889E-05,1.26566E-05
Dihydroxyacetone,1.10004E-05,1.35934E-05,1.21675E-05,7.7721E-06,1.28777E-05,1.59516E-05,2.16187E-06,0,2.31097E-06,6.89716E-06,1.45131E-05,0,1.32568E-05,1.23516E-05,1.43652E-05,1.74052E-05,1.89335E-05,1.02868E-05,1.04739E-05
"Dimethyl hexopyranosiduronate, alpha-D",0,0,0.000129994,0,0,0,0,0,0,0,0,2.66946E-05,0,0,0,3.3686E-05,2.79307E-05,0,0
DL-Phenylalanine,1.16142E-05,2.46798E-05,9.09717E-06,9.32725E-06,1.63911E-05,6.57114E-06,8.39055E-06,9.18288E-06,4.35253E-06,3.92188E-06,4.20598E-06,3.52417E-06,3.19895E-06,4.26012E-06,9.74184E-06,6.70641E-06,6.86763E-06,4.87308E-06,7.05379E-06
D-Mannopyranose,1.19443E-05,6.48038E-06,8.06556E-06,3.94974E-06,1.38914E-06,6.0443E-06,4.5111E-06,0,7.10225E-07,9.04568E-06,8.63562E-06,1.47954E-06,1.1669E-05,5.6962E-06,1.27356E-05,0,9.7211E-06,1.02867E-05,9.15819E-06
D-Mannose,0,4.33709E-06,9.68273E-06,6.2441E-06,4.03351E-06,0,4.19052E-06,8.2404E-06,3.30921E-06,0,4.58626E-06,3.9459E-06,4.8552E-06,4.7658E-06,6.99857E-06,5.39112E-06,7.1439E-06,7.50324E-06,0
Dodecanamide,1.25431E-05,1.61328E-05,1.90393E-05,9.32916E-06,0,3.91742E-05,0,0,0,1.26531E-05,0,1.24396E-05,1.74041E-05,1.62833E-06,1.55986E-05,0,5.64831E-05,2.73191E-05,1.42712E-05
"Dodecanoic acid, isooctyl ester",0,0,0,0,0,0,0,0,0,0,0,0,0,0,0,0,0,0,0
Dodecanoic acid,2.92704E-05,1.35155E-05,1.58158E-05,1.2745E-05,1.37602E-05,1.42926E-05,1.14055E-05,2.75429E-05,1.32501E-05,1.07442E-05,1.27179E-05,5.90573E-06,1.32969E-05,1.10336E-05,1.48696E-05,1.68979E-05,0,0,1.68205E-05
D-Psicofuranose,6.39147E-06,1.31659E-08,7.80681E-06,2.56567E-08,3.95996E-06,4.29495E-06,1.22407E-08,1.239E-06,3.41316E-06,7.17855E-06,3.90948E-06,2.49234E-06,4.82124E-06,5.59752E-06,0,8.23714E-06,1.07308E-07,7.29097E-06,4.381E-06
D-Ribofuranose,0,0,0,0,0,8.23151E-07,0,0,0,0,0,0,0,4.78847E-05,7.30005E-05,0,0,0,0
D-Ribose,4.18279E-07,0,0,0,0,0,0,0,0,0,0,0,0,0,0,0,0,2.13462E-06,0
D-Xylopyranose,0,0,7.45034E-07,0,0,0,0,1.39928E-06,0,0,0,0,0,1.18943E-05,1.50173E-05,0,1.09315E-05,6.49644E-06,0
D-Xylose,4.0322E-06,5.10933E-06,3.87685E-06,2.98763E-06,1.232E-05,7.50072E-06,4.82019E-06,2.50192E-05,0,5.11874E-08,3.90177E-06,2.69042E-06,4.93791E-08,8.086E-06,5.70834E-07,1.44636E-05,8.4236E-06,4.67314E-06,4.53226E-06
"Erythrono-1,4-lactone",3.38226E-05,3.01938E-05,1.74816E-05,8.70744E-06,1.87098E-05,2.11393E-05,1.52173E-05,6.7239E-05,2.31129E-05,2.19174E-05,2.39703E-05,1.43706E-05,1.53789E-05,1.19261E-05,1.91018E-05,2.60771E-05,2.46466E-05,1.94926E-05,1.83575E-05
Ethanolamine,1.28659E-05,1.48587E-05,1.18889E-05,9.60242E-06,1.1678E-05,1.32091E-05,1.4301E-05,1.98996E-05,1.23134E-05,2.05228E-06,3.51079E-06,5.95097E-06,1.50429E-05,2.9209E-05,1.79283E-05,9.61496E-06,5.95467E-06,3.05517E-06,3.84013E-06
Ethyl alpha-D-glucopyranoside,4.36052E-06,9.36635E-08,1.01122E-07,1.98538E-07,5.00063E-06,5.42133E-05,0,6.51318E-06,6.99083E-05,2.47836E-07,0,3.5483E-07,7.88473E-05,2.47669E-07,5.28354E-07,0,5.16766E-06,1.04058E-06,1.42917E-07
Ethyl glycolate,2.9306E-05,5.69108E-06,6.32425E-06,9.03501E-06,3.5782E-06,1.03701E-05,4.0562E-06,2.26423E-05,6.84993E-06,4.85213E-06,4.26675E-06,8.13652E-06,5.67887E-06,0,0,1.37635E-05,5.73025E-06,3.80644E-06,6.04418E-06
Ferulic acid,8.46517E-06,9.95451E-06,4.77252E-06,5.57362E-06,1.23657E-05,8.4767E-06,8.64755E-06,3.10815E-05,1.34284E-05,8.07332E-06,6.54434E-06,4.35539E-06,5.18965E-06,1.10652E-05,5.65058E-06,1.07133E-05,9.99384E-06,4.7793E-06,0
"Gluconolactone (3R,4S,5R,6R)",0,3.17297E-06,2.92304E-06,2.38352E-06,0,3.68269E-06,3.11184E-06,5.67678E-06,1.97197E-06,0,2.97687E-06,1.5003E-07,2.20889E-06,2.66252E-06,3.4732E-06,3.4391E-06,3.14496E-06,2.91022E-06,1.53464E-06
Glucopyranose,7.65691E-06,2.17845E-06,5.68071E-06,3.22422E-08,3.58285E-06,6.6578E-06,3.56194E-06,9.99894E-06,3.12649E-06,4.22309E-06,3.09102E-06,2.44382E-06,3.40236E-06,4.2871E-06,4.83707E-06,3.97628E-06,4.69395E-06,4.86637E-06,3.38684E-06
Glyceric acid,1.26601E-05,1.49818E-05,6.83182E-06,4.96098E-06,1.07851E-05,3.51616E-06,4.76694E-06,2.27138E-05,1.01172E-05,1.02477E-05,1.09977E-05,1.13488E-05,6.79907E-06,9.33237E-06,7.28453E-06,1.02812E-05,1.78376E-05,1.178E-05,6.10943E-06
Glycerol monostearate,0,0,0,0,0,0,0,0,0,0,0,0,0,0,0,0,0,0,0
Glycerol tricaprylate,0,0,0,9.82515E-06,0,6.89919E-05,0,0,0,0,0,0,0,0,8.27171E-06,0,0,0,0
Glycerol,1.77174E-05,1.45493E-05,1.3136E-05,8.69806E-06,1.39339E-05,1.30098E-05,9.98345E-06,3.26537E-05,1.43642E-05,1.00085E-05,9.76682E-06,7.87015E-06,1.26082E-05,1.35751E-05,8.94184E-06,1.73669E-05,1.23342E-05,1.16747E-05,1.20092E-05
Glycolic acid,1.47322E-05,8.86147E-06,1.23337E-05,6.06743E-06,9.53228E-06,1.13075E-05,6.52702E-06,1.9286E-05,7.14516E-06,1.06312E-05,9.33787E-06,7.84279E-06,1.04294E-05,5.91144E-06,8.9183E-06,9.0279E-06,1.30807E-05,1.15295E-05,1.1629E-05
"Guanidine, N,N-dimethyl",1.5622E-05,6.40501E-06,6.49667E-06,5.61251E-06,7.16566E-06,6.92235E-06,4.90461E-06,1.62281E-05,6.44197E-06,5.74446E-06,6.71023E-06,7.03714E-06,5.85243E-06,6.83687E-06,5.30092E-06,9.64549E-06,8.79819E-06,6.27594E-06,7.57812E-06
"Gulonic acid, gamma-lactone",0,2.13414E-06,1.34066E-06,0,0,0,0,0,0,2.25222E-05,0,1.72503E-05,0,0,5.22689E-05,0,3.6096E-05,2.46879E-05,0
Heptadecanoic acid,1.54611E-05,6.15086E-06,5.65712E-06,6.85763E-06,6.50959E-06,6.55546E-06,6.02728E-06,1.39181E-05,7.66648E-06,6.65183E-06,7.35727E-06,8.47945E-06,7.6043E-06,6.68064E-06,6.78455E-06,7.83306E-06,6.40243E-06,6.91194E-06,7.02217E-06
Hexacosanoic acid,0,0,0,8.79939E-06,0,0,0,0,4.79651E-06,0,0,0,0,0,0,1.58314E-05,0,0,0
"Hexadecanoic acid, 4-hydroxybutyl ester",3.37494E-06,7.31656E-07,4.56856E-06,1.0194E-06,3.69474E-06,3.54083E-06,2.16021E-06,2.93503E-06,1.5982E-06,0,0,0,0,0,1.15448E-06,1.1571E-05,3.19832E-06,2.05031E-06,5.51475E-06
"Hexadecanoic acid, ethyl ester",1.23961E-05,5.01912E-06,5.21732E-06,4.68704E-06,5.50291E-06,5.85158E-06,4.77917E-06,1.30065E-05,5.70077E-06,4.6347E-06,5.5401E-06,6.77032E-06,5.90177E-06,5.05745E-06,5.38763E-06,7.35773E-06,4.99129E-06,5.16499E-06,5.81483E-06
"Hexadecanoic acid, methyl ester",1.42723E-05,4.77304E-06,5.86436E-06,7.67716E-06,5.39672E-06,6.11359E-06,4.67159E-06,1.29781E-05,6.51272E-06,4.51677E-06,5.18213E-06,6.39674E-06,5.89614E-06,5.02893E-06,5.16119E-06,7.22483E-06,5.4042E-06,5.08627E-06,5.71589E-06
"Hexadecanoic acid, tetradecyl ester",1.06956E-06,1.0622E-07,0,5.2208E-06,0,0,0,1.61736E-07,6.60606E-08,0,9.45007E-08,2.50136E-07,6.4007E-06,0,1.86937E-07,1.65835E-06,1.52932E-07,3.66441E-05,0
Hexanedioic acid,1.50697E-05,5.41438E-06,5.09919E-06,7.6874E-06,6.5589E-06,5.84867E-06,3.76839E-06,1.18479E-05,3.73653E-06,4.11276E-06,4.44646E-06,4.45136E-06,4.38245E-06,4.66607E-06,5.68408E-06,6.04756E-06,5.65991E-06,4.22654E-06,6.96552E-06
Hexanoic acid,0,0,8.88481E-06,5.81262E-06,1.1787E-05,0,8.50959E-06,2.66229E-05,1.06846E-05,9.45049E-06,0,1.87627E-05,1.43003E-05,1.32002E-05,8.52375E-06,1.89038E-05,8.65611E-06,1.23502E-05,1.14377E-05
"Hexonic acid, 3-deoxy-, gamma-lactone",8.56719E-06,7.92799E-06,4.31299E-06,7.06464E-06,4.79838E-06,2.28359E-06,6.56922E-06,9.64685E-06,1.36222E-06,2.30617E-06,6.89636E-06,1.84345E-06,5.47382E-06,3.73735E-06,7.40023E-06,8.53187E-06,8.49092E-06,5.38901E-06,6.52102E-06
"Hydantoin, 5-hydroxy",0,0,0,0,0,0,0,0,0,0,0,0,1.81423E-05,0,2.9109E-05,0,0,1.58029E-05,3.93033E-05
Hydracrylic acid,1.37901E-05,1.8271E-05,1.69455E-05,6.96761E-06,7.92988E-06,7.50327E-06,1.08533E-05,1.14697E-05,5.3705E-06,7.36837E-06,8.42298E-06,6.85953E-06,7.68997E-06,5.12944E-06,1.11134E-05,7.87055E-06,1.16089E-05,1.5274E-05,1.84328E-05
Hydroquinone,1.0695E-05,1.53572E-05,5.35286E-06,4.91688E-06,9.13149E-06,4.78166E-06,4.77481E-06,1.30887E-05,4.08545E-06,5.68105E-06,4.32719E-06,4.34339E-06,4.77988E-06,0,5.05365E-06,6.95927E-06,6.19308E-06,4.57918E-06,5.29185E-06
Hymexazole,1.2613E-05,1.28461E-05,9.47017E-06,8.87451E-06,9.98634E-06,1.05659E-05,7.75348E-06,1.3864E-05,6.77267E-06,9.39413E-06,8.25032E-06,6.73728E-06,8.16827E-06,8.63501E-06,8.87718E-06,1.07546E-05,1.06641E-05,8.69606E-06,1.01434E-05
Idoxuridine ,8.24199E-06,2.06676E-06,4.82392E-06,1.80222E-06,5.8504E-06,6.03781E-06,4.43461E-06,3.75996E-05,7.22108E-06,4.80429E-06,4.99775E-06,2.51148E-06,1.82279E-06,3.75181E-06,4.74699E-06,7.32676E-06,4.81901E-06,3.03678E-06,2.60602E-06
"Inosose-2, myo",1.37326E-05,1.22414E-05,3.77555E-06,5.27761E-06,1.96855E-05,2.29145E-06,6.40993E-06,8.55869E-06,1.07952E-05,5.24143E-06,3.27538E-06,3.61142E-06,4.20663E-06,7.86785E-06,4.17451E-06,1.15012E-05,3.57952E-06,5.81266E-06,4.82061E-06
Isocitric acid lactone,2.62557E-06,0,7.43912E-06,1.75767E-05,2.00874E-05,7.69376E-06,2.79135E-06,0,7.43424E-06,5.68638E-06,0,0,0,0,2.56208E-06,8.43419E-06,0,0,0
Isonicotinic Acid,0,0,0,0,0,0,0,0,0,0,0,0,3.49873E-05,1.24453E-06,0,0,2.04559E-05,3.20098E-05,0
Isopropyl myristate,1.3824E-05,6.41368E-06,6.66284E-06,6.17463E-06,6.29268E-06,7.94406E-06,6.64556E-06,1.45933E-05,6.36451E-06,5.38588E-06,6.62051E-06,7.65881E-06,6.79648E-06,5.99369E-06,6.54117E-06,9.2505E-06,6.33578E-06,5.97513E-06,6.89906E-06
Isopropyl palmitate,1.48814E-05,6.86163E-06,7.36526E-06,6.45987E-06,7.33804E-06,8.18216E-06,6.50827E-06,1.76517E-05,7.71153E-06,6.39076E-06,7.25715E-06,8.82153E-06,7.72016E-06,7.23196E-06,7.59397E-06,9.99894E-06,6.95494E-06,7.33412E-06,7.81215E-06
Itaconic acid,0,1.68739E-05,2.07071E-05,1.82691E-05,0,2.58847E-05,1.65227E-05,0,0,1.61426E-05,0,0,0,2.06174E-05,0,0,2.23704E-05,0,0
Ketamine,6.799E-07,4.31817E-07,0,4.76104E-08,2.75402E-05,0,3.30395E-05,1.50964E-05,1.46134E-05,2.34668E-05,7.22068E-06,1.25197E-05,1.28566E-05,8.37857E-06,6.62228E-06,3.29062E-05,5.25944E-06,2.063E-05,1.28194E-05
Kojic acid,4.75112E-06,4.58969E-06,4.73232E-06,4.66274E-06,3.64209E-06,4.2206E-06,3.71989E-06,0,3.01201E-06,2.67463E-06,0,1.99183E-06,1.1487E-06,2.38059E-06,5.07223E-06,3.69952E-06,4.63357E-06,3.48744E-06,5.82517E-06
L-(-)-Sorbofuranose,0,0,0,0,0,0,0,0,0,0,0,0,0,0,0,0,0,0,0.000138805
L-(+)-Lactic acid,0,0,9.381E-06,6.13049E-06,0,8.71675E-06,3.47505E-06,1.47332E-05,5.54185E-06,4.65473E-06,0,5.39736E-06,5.5649E-06,5.00452E-06,4.45233E-06,9.53672E-06,0,4.99697E-06,5.15759E-06
L-(+)-Rhamnopyranose,0,2.06686E-05,0,9.8678E-06,0,1.07448E-05,7.22773E-06,0,8.6364E-06,7.89329E-06,1.20931E-05,6.89612E-06,1.18198E-05,1.8322E-05,3.91748E-05,1.24625E-05,9.068E-06,1.3151E-05,3.49956E-05
L-5-Oxoproline,1.16858E-05,1.37312E-05,1.20667E-05,1.10562E-05,6.26017E-06,1.12415E-05,1.06338E-05,6.61908E-06,3.78546E-06,8.63223E-06,9.21265E-06,9.11754E-06,9.12224E-06,5.51612E-06,1.02692E-05,5.58079E-06,1.07356E-05,1.11415E-05,1.46423E-05
Lactic Acid,2.56203E-05,8.22528E-06,1.57263E-05,1.2279E-05,2.3122E-05,2.87969E-05,1.44967E-05,6.76891E-05,1.98554E-05,1.13118E-05,9.56894E-06,1.43306E-05,1.86669E-05,7.87834E-06,1.26108E-05,1.95532E-05,2.02076E-05,1.2313E-05,1.54074E-05
L-Alanine,8.82469E-05,0,0,0,0,0,0,0,0,0,0,0,0,0,0,0,0,0,0
L-Aspartic acid,4.1436E-05,1.71156E-05,1.0379E-05,1.16465E-05,4.47704E-06,1.78272E-05,2.12512E-05,7.75065E-06,4.16202E-06,5.50747E-06,1.17409E-05,6.91633E-06,6.9128E-06,5.98801E-06,2.55448E-05,8.4079E-06,2.26596E-05,1.04628E-05,1.68766E-05
Levoglucosan,2.45383E-06,8.72084E-06,0,4.50494E-06,9.04864E-06,5.29029E-06,6.07909E-06,1.49364E-05,6.9707E-06,1.16128E-06,9.75404E-07,1.92593E-06,1.08441E-06,1.54238E-06,1.31509E-05,1.14185E-05,8.24813E-07,1.01287E-05,1.50191E-05
Levulinic acid,1.20332E-05,6.10791E-06,9.89526E-06,8.8234E-06,5.80743E-06,1.06595E-05,4.45485E-06,3.41985E-06,4.14348E-06,4.65267E-06,3.70858E-06,5.29293E-06,4.90562E-06,4.72757E-06,3.91295E-06,6.5357E-06,5.5434E-06,5.44335E-06,5.61996E-06
L-Fucose,8.13487E-06,4.90344E-06,4.22153E-06,4.43693E-06,1.77249E-05,7.96917E-06,4.09423E-06,1.11654E-05,8.85635E-06,5.14171E-06,3.177E-06,3.26508E-06,1.6235E-06,6.04853E-06,6.93307E-06,1.48464E-05,6.99759E-06,4.45493E-06,4.75632E-06
L-Glutamic acid,9.69579E-06,1.34644E-05,2.31828E-05,2.12859E-05,3.31998E-06,1.91322E-05,1.26342E-05,3.68293E-06,1.96216E-06,9.11201E-06,1.08315E-05,1.301E-05,1.27195E-05,5.42009E-06,1.61647E-05,5.07655E-06,1.58458E-05,1.48214E-05,2.0232E-05
Lignoceric acid,0,0,0,3.96182E-05,1.86503E-05,0,0,0,0,0,8.85469E-06,0,0,1.61507E-05,3.2139E-05,0,9.29169E-06,0,0
L-Isoleucine,4.37206E-05,7.38397E-05,2.17115E-05,2.18447E-05,4.22621E-05,1.3281E-05,2.20016E-05,3.14157E-05,1.26824E-05,8.90681E-06,9.45526E-06,7.1534E-06,4.99918E-06,1.00199E-05,1.78491E-05,1.7633E-05,1.47345E-05,1.01184E-05,1.92959E-05
L-Leucine,3.11665E-05,4.98587E-05,1.59918E-05,5.12214E-06,2.52207E-05,1.01954E-05,1.44286E-05,2.46085E-05,1.05146E-05,6.95007E-06,7.10763E-06,5.90639E-06,3.48702E-06,8.17532E-06,1.52186E-05,1.80927E-05,1.0909E-05,8.58268E-06,1.55424E-05
l-Leucyl-l-valine,1.06318E-05,1.51615E-05,2.05153E-05,1.71573E-05,0,1.28919E-05,1.21013E-05,0,0,6.88603E-06,8.17454E-06,0,8.205E-06,1.45788E-05,3.2276E-05,1.50305E-05,1.01646E-05,1.13251E-05,1.896E-05
L-Proline,2.68254E-05,3.52461E-05,1.69272E-05,1.19999E-05,1.38646E-05,1.01995E-05,1.19036E-05,1.13156E-05,5.96969E-06,6.93323E-06,2.64266E-06,9.25252E-06,8.99548E-06,8.80041E-06,1.10145E-05,1.69997E-05,1.4934E-05,7.34715E-06,9.75242E-06
L-Rhamnose,7.30317E-06,1.72166E-06,5.30638E-06,5.67798E-06,7.5266E-06,7.01094E-06,6.01088E-06,4.85483E-06,3.66027E-06,4.41523E-06,3.31598E-06,1.90963E-06,3.68808E-06,3.54191E-06,5.05277E-06,6.35837E-06,5.2921E-06,5.04081E-06,4.50334E-06
"L-Sorbopyranose, (1S,2R,3S)",0,0,0,0,0,0,0,0,0,0,0,0,0,0,0,0,0,0,0
L-Threonine,1.6114E-05,1.27433E-05,2.64014E-05,2.3939E-05,7.38944E-06,1.86579E-05,1.46557E-05,1.39624E-05,7.04739E-06,6.30072E-06,1.04703E-05,1.0818E-05,9.0821E-06,9.05357E-06,1.89573E-05,9.56689E-06,1.46225E-05,8.13119E-06,2.63452E-05
"L-Valinamide, N(2),N(2)-dimethyl",0,0,0,2.31828E-06,0,8.59578E-07,0,5.53658E-05,4.89873E-05,0,9.05737E-05,0,4.34402E-05,9.2073E-05,3.60398E-05,0,5.13959E-05,0,0
L-Valine,2.71194E-05,3.82612E-05,1.28862E-05,1.19168E-05,1.84051E-05,7.99422E-06,1.31673E-05,1.81587E-05,7.73684E-06,5.8005E-06,5.97057E-06,5.27773E-06,4.02735E-06,6.22889E-06,1.16042E-05,1.2016E-05,1.2654E-05,7.26872E-06,1.11527E-05
L-Valyl-L-leucine,0,2.17554E-05,0,0,1.6871E-05,2.05342E-05,3.82961E-05,0,0,0,0,2.88473E-05,3.38164E-05,2.30353E-05,6.39307E-05,0,5.84496E-05,8.14423E-05,0
Malic acid,9.55435E-07,1.28069E-05,5.48853E-07,8.10597E-07,2.78203E-05,4.36578E-06,7.47372E-07,2.00436E-05,3.88438E-05,9.26387E-07,3.03161E-07,6.18346E-07,2.0468E-05,6.34598E-07,7.1248E-07,2.24887E-06,9.27963E-07,2.71085E-06,3.11361E-05
"Mannonic acid, gamma-lactone",0,0,0,0,0,0,3.10505E-07,0,0,0,0,0,0,0,0,0,0,0,0
Menthol,1.93088E-05,8.53013E-06,3.63115E-06,1.56493E-06,1.02952E-05,0,6.69142E-06,2.52517E-05,9.39438E-06,7.88393E-06,1.04968E-05,1.05382E-05,9.27965E-06,8.66019E-06,7.15716E-06,4.60095E-06,9.68487E-06,9.22327E-06,1.03948E-05
"Methyl (3,4-dimethoxyphenyl)(hydroxy)acetate",1.54925E-05,1.59817E-05,8.6592E-06,8.08022E-06,8.26171E-06,8.46676E-06,3.80896E-06,1.70754E-05,7.44406E-06,5.56717E-06,6.08615E-06,3.00053E-06,2.56651E-06,4.40231E-06,7.40711E-06,1.16858E-05,7.36793E-06,2.5199E-06,7.12058E-06
Methyl 2-acetamido-2-deoxy-3-O-methyl-alpha-D-galactopyranoside,0,1.86991E-05,0,0,0,0,1.26919E-05,4.23982E-05,1.40167E-05,1.78087E-05,2.08785E-05,0,0,1.44477E-05,1.33376E-05,0,0,1.76909E-05,0
Methyl alpha-Arabinofuranoside,5.50933E-06,0,1.01051E-05,1.06994E-05,7.26335E-06,9.82994E-06,4.28155E-06,3.94247E-06,4.76782E-06,1.11235E-05,1.02143E-05,8.45642E-06,1.24889E-05,1.3682E-05,1.50394E-05,1.75707E-05,1.8421E-05,1.26354E-05,1.31344E-05
Methyl alpha-D-glucofuranoside,0,0,0,0,0,0,0,0,0,0,0,0,0,0,0,0,0,0,0
Methyl alpha-N-acetyl-D-galactosamine,0,0,0,0,0,0,0,0,0,0,0,0,0,0.000157711,8.20137E-05,0,0,0,0
Methyl beta-Arabinofuranoside,0,0,0,0,5.47492E-06,6.06776E-06,1.62011E-09,8.62378E-06,1.33727E-05,0,0,0,1.2689E-06,0,0,0,0,0,0
"Methyl galactoside (1S,2S,3S,4R,5R)",2.90344E-06,0,2.84493E-06,0,0,0,0,5.9071E-05,2.54903E-06,0,0,0.000152197,0,0,6.43197E-06,3.03104E-06,0,0,0
Methyl stearate,1.42311E-05,5.22287E-06,4.60165E-06,5.12751E-06,5.02483E-06,6.23376E-06,6.07832E-06,1.21553E-05,5.22116E-06,5.48808E-06,1.00061E-05,6.7263E-06,6.70885E-06,6.00789E-06,6.87131E-06,5.33361E-06,6.435E-06,5.60428E-06,5.25091E-06
Methylmaleic acid,0,2.85797E-05,1.35162E-05,1.51381E-05,0,2.47679E-05,2.54781E-05,8.92916E-05,2.14452E-05,2.16069E-05,1.53241E-05,1.41631E-05,0,0,2.18081E-05,5.11649E-05,2.21942E-05,4.57206E-05,3.49473E-05
Methylsuccinic acid,2.59054E-05,1.30278E-05,1.0169E-05,1.0795E-05,5.56224E-06,6.463E-06,7.92953E-06,6.47614E-06,2.73596E-06,6.67843E-06,1.18482E-05,4.87123E-06,1.48059E-05,7.41009E-06,8.60589E-06,5.13494E-06,1.09276E-05,1.43656E-05,1.21768E-05
Monocaprylin,0,0,7.74675E-08,0,0,0,0,0,1.09381E-05,0,3.48301E-06,0,0,7.15723E-06,1.00159E-05,7.64405E-06,2.81021E-06,9.30537E-06,0
Monolaurin,0,0,0,0,0,0,1.04389E-05,0,1.03339E-05,0,0,0,0,0,0,0,1.41323E-05,1.57386E-05,0
Monomethyl succinate,1.32629E-05,6.35723E-06,3.68095E-06,3.95949E-06,8.44541E-06,3.24488E-06,4.69801E-06,1.54245E-05,5.68066E-06,6.31561E-06,6.10129E-06,7.4954E-06,5.99531E-06,5.62842E-06,4.14127E-06,4.51352E-06,6.85159E-06,6.28865E-06,1.05957E-05
Myristic acid,2.1365E-06,1.06853E-06,9.66256E-07,8.5876E-07,1.06184E-06,9.74072E-07,8.01424E-07,1.95112E-06,2.62511E-06,2.26093E-06,9.69388E-07,2.70894E-06,1.03723E-06,8.23494E-07,9.83803E-07,4.02027E-05,9.32111E-07,2.64524E-06,2.9574E-06
"N,N-Diethyl-carbamate",2.16427E-05,7.59801E-06,4.64028E-06,4.40827E-06,9.45219E-06,6.1101E-06,7.6192E-06,2.32398E-05,9.60458E-06,7.78209E-06,9.22274E-06,1.05911E-05,8.65459E-06,7.91101E-06,7.0184E-06,6.12015E-06,8.59561E-06,9.3468E-06,9.9758E-06
"N,N-Diethyl-2-aminoethanol",1.86907E-06,2.75636E-06,4.62743E-06,3.42466E-06,1.75787E-06,5.49207E-06,4.93517E-07,4.48482E-06,3.11119E-06,5.14628E-06,5.49746E-06,0,4.72693E-06,8.15795E-07,5.49297E-06,8.35562E-06,1.03623E-05,6.40455E-06,6.70425E-06
N-(2-hydroxyethyl)-succinimide,1.0774E-05,1.5041E-05,1.23206E-05,3.97367E-06,1.34597E-05,1.46506E-05,1.0955E-05,9.61394E-06,4.5469E-06,8.74744E-06,8.0807E-06,3.80916E-06,3.07326E-06,7.85756E-06,4.85424E-06,8.00198E-06,6.09821E-06,6.21757E-06,1.14891E-05
N-Acetyl glucosamine methoxime,2.20144E-06,7.99914E-06,0,1.30282E-06,4.8977E-06,3.62323E-07,0,3.67175E-07,0,6.86886E-06,7.49487E-06,6.21455E-06,7.51824E-06,5.52093E-06,3.53857E-06,3.30501E-07,6.85718E-06,0,6.01678E-06
"N-Acetyl-D-galactosamine, (R,R,R,R)",4.73286E-05,1.7295E-05,2.03981E-05,2.44681E-05,2.42355E-05,1.93312E-05,3.62062E-05,2.55095E-05,2.07738E-05,1.5975E-05,1.1624E-05,1.31377E-05,1.95139E-05,1.66747E-05,2.10464E-05,2.29312E-05,2.70758E-05,1.86709E-05,1.58194E-05
N-Acetyl-L-glutamic acid,8.19133E-06,6.80562E-06,1.72001E-05,1.03424E-05,1.1737E-06,1.16956E-05,1.2231E-05,3.14821E-06,1.18107E-06,5.36025E-06,6.8779E-06,7.21517E-06,9.03429E-06,2.86901E-06,8.59976E-06,1.64974E-06,7.88504E-06,1.0105E-05,1.05434E-05
N-Acetyl-L-phenylalanine,0,0,0,5.24535E-06,0,0,0,4.80483E-06,0,0,1.065E-06,0,0,8.67594E-07,0,1.48769E-06,0,0,0
Nadolol,0,0,0,0,0,0,0,0,0,0,0,0,0,0,0,0,0,0,0
N-Ethyldiethanolamine,0,1.48496E-05,0,9.64229E-06,9.5752E-06,2.82037E-06,1.16122E-05,9.53832E-06,5.86235E-06,1.57784E-05,1.33663E-05,8.53584E-06,1.54022E-05,2.26126E-05,1.18734E-05,1.17805E-05,1.45355E-05,1.18148E-05,1.79278E-05
Niacin,3.67714E-05,1.68099E-05,2.69219E-05,1.92497E-05,7.05722E-06,2.30042E-05,1.71634E-05,7.72576E-06,4.5225E-06,2.05461E-05,2.47071E-05,1.76469E-05,3.36426E-05,1.37552E-05,2.21296E-05,7.44934E-06,2.35534E-05,2.41698E-05,2.82181E-05
N-Methyl-L-proline,1.14596E-05,9.28069E-06,0,1.81755E-05,0,1.43401E-05,4.92578E-06,0,3.8861E-07,9.59961E-06,0,9.64068E-06,0,6.3928E-06,2.0169E-05,0,1.57931E-05,1.0984E-05,1.39156E-05
n-Nonylcyclohexane,0,0,0,0,0,0.000208359,0,0,4.11887E-06,3.22612E-06,0,0,0,4.28586E-05,0,0,4.46734E-06,0,0
Nonadecanoic acid,1.64455E-05,6.2729E-06,5.42888E-06,7.49015E-06,0,6.02574E-06,6.26723E-06,0,7.40182E-06,6.54554E-06,7.23977E-06,8.14826E-06,0,6.58016E-06,7.05854E-06,6.81419E-06,6.70683E-06,6.83747E-06,6.58887E-06
Nonanoic acid,1.89146E-05,9.72532E-06,5.23422E-06,4.9618E-06,5.48213E-06,6.12772E-06,5.07733E-06,1.57911E-05,4.79465E-06,4.22982E-06,3.53471E-06,1.66133E-05,9.35565E-06,1.21643E-05,4.8446E-06,1.02722E-05,5.31001E-06,5.14038E-06,6.03563E-06
Norketamine,0,0,0,0,2.56194E-05,0,1.65624E-05,9.65433E-06,2.35544E-05,1.24238E-05,2.00206E-05,1.64826E-05,9.05605E-06,1.47745E-05,1.90179E-05,3.73794E-05,0,2.47359E-05,2.97725E-05
n-Tridecylcyclohexane,0,0,0,0,0,0,0,0,0,0,0,0,0,0,0.000450957,0,0,0,0
Octadecyl octyl ether,3.11851E-05,0,7.44049E-06,9.32056E-06,0,7.11215E-06,6.9445E-06,4.54221E-05,0,9.43133E-06,1.66983E-05,2.38256E-05,3.68902E-06,0,1.2354E-05,0,0,6.37666E-06,1.6992E-05
Octanoic acid,1.79851E-05,7.91341E-06,5.12845E-06,5.03062E-06,5.6599E-06,5.52225E-06,4.32752E-06,1.6202E-05,5.55937E-06,5.06204E-06,4.50481E-06,1.37193E-05,9.03349E-06,9.01947E-06,4.91054E-06,1.06807E-05,4.9331E-06,6.04178E-06,6.67372E-06
Oxalic acid,5.1164E-06,1.25532E-05,1.96498E-05,1.22278E-05,5.55561E-06,1.61949E-05,3.99077E-06,1.09359E-05,4.96694E-06,5.32778E-06,5.41164E-06,8.89704E-06,5.25896E-06,5.37022E-06,6.67026E-06,2.11217E-05,1.15585E-05,7.76985E-06,8.04497E-06
"Oxalic acid, isobutyl heptyl ester",0,0,0,0,0,0,0,0,0,0,0,0,0,0,0,0.000168922,0,0,0
Palmitelaidic acid,5.38519E-06,2.26969E-06,0,4.18056E-06,3.49814E-06,3.88206E-06,0,5.20092E-06,2.37668E-06,6.44096E-06,9.93093E-07,6.16051E-06,6.08869E-06,8.52205E-06,3.06526E-06,4.2988E-06,3.21607E-06,3.74607E-06,2.90217E-06
Palmitic Acid,1.91274E-05,8.59418E-06,8.24675E-06,8.11201E-06,9.17317E-06,8.95384E-06,4.89342E-06,1.85102E-05,1.07057E-05,8.7539E-06,8.7324E-06,1.14009E-05,1.01172E-05,1.25039E-08,9.54889E-06,6.8525E-09,8.8323E-06,9.50746E-06,1.00726E-05
Pantolactone,2.84869E-05,1.50006E-05,1.18807E-05,1.10821E-05,1.38198E-05,1.37803E-05,1.43853E-05,2.92992E-05,1.26414E-05,1.09522E-05,1.2925E-05,1.40844E-05,1.43086E-05,1.01948E-05,1.14783E-05,1.43006E-05,1.33474E-05,1.33136E-05,1.4711E-05
Pantothenic acid ,2.93249E-05,1.55229E-05,1.69081E-05,1.23441E-05,6.51515E-06,1.02637E-05,1.29828E-05,3.10373E-06,5.07439E-06,9.08038E-06,1.36269E-05,6.76068E-06,1.77525E-05,5.54538E-06,1.48484E-05,4.40355E-06,1.21709E-05,1.35169E-05,7.42855E-06
Pentadecanoic acid,1.72221E-05,5.72371E-06,7.09481E-06,6.35039E-06,5.50806E-06,5.53298E-06,4.47712E-06,1.31973E-05,5.66615E-06,5.54408E-06,7.4361E-06,6.63092E-06,6.42657E-06,5.72862E-06,5.11051E-06,6.75406E-06,4.65797E-06,5.03721E-06,5.47411E-06
Pentanedioic acid,3.13918E-05,1.79275E-05,1.55909E-05,1.00951E-05,1.85344E-05,1.30335E-05,3.27214E-05,3.30582E-05,7.87545E-06,1.16338E-05,1.31463E-05,1.00947E-05,1.66714E-05,1.08943E-05,1.43814E-05,1.53119E-05,2.27101E-05,1.65227E-05,1.40878E-05
"Pentanoic acid, 4-methyl-2-oxo-",0,0,1.51095E-07,0,0,0,0,0.000110281,0,0,3.72806E-05,0,0,2.0178E-05,0,0,0,5.92681E-05,0
Pentanoic acid,9.93556E-06,5.8873E-06,6.35615E-06,4.94997E-06,6.44357E-06,6.20976E-06,4.62753E-06,1.38535E-05,5.78996E-06,6.16436E-06,4.15484E-06,8.0896E-06,6.6066E-06,6.73073E-06,4.94219E-06,8.15034E-06,5.7959E-06,6.38649E-06,7.24067E-06
"Pentitol, 3-desoxy",1.33185E-05,2.37238E-05,4.10988E-06,5.8892E-06,1.90711E-05,1.81108E-06,2.05013E-05,1.72869E-05,3.94963E-06,2.47361E-06,1.16353E-05,3.89773E-06,1.17926E-05,4.47451E-06,1.37382E-05,6.24148E-06,0,4.0904E-07,1.71988E-05
Phenol,8.94611E-06,5.98716E-06,9.14107E-06,6.89142E-06,4.09786E-06,7.93035E-06,3.71429E-06,7.15058E-06,4.03251E-06,3.87561E-06,3.35801E-06,3.20017E-06,4.10888E-06,3.75248E-06,3.78307E-06,4.67358E-06,4.1208E-06,4.34626E-06,4.52608E-06
phenoxyethanol,1.17077E-05,6.02804E-06,9.66959E-06,8.90334E-06,7.50012E-06,1.06361E-05,7.56689E-06,1.25956E-05,5.53643E-06,6.02269E-06,6.96834E-06,5.63207E-06,6.14732E-06,7.03979E-06,8.10309E-06,7.34662E-06,7.3175E-06,7.2773E-06,7.81211E-06
Phenylalanine,4.46919E-06,1.61385E-05,9.91633E-06,1.02244E-05,1.47853E-05,7.30206E-06,5.88163E-06,6.39991E-06,3.73458E-06,3.05696E-06,3.86603E-06,2.54335E-06,2.99151E-06,3.64895E-06,1.09205E-05,5.75517E-06,5.37716E-06,4.1288E-06,6.6271E-06
Phenylpropanolamine,0,0,0,0,0,6.94886E-06,0,1.43864E-06,0,0,5.83255E-06,3.02886E-06,0,0,4.46412E-06,5.44316E-06,4.29141E-06,4.68239E-06,6.42818E-06
Phloretic acid,1.70282E-05,1.04768E-05,0,7.41889E-06,1.76381E-05,0,0,0,0,0,0,0,0,9.14649E-06,0,5.57127E-06,0,0,0
Phthalazin-1-one ,1.70342E-05,7.66744E-06,6.91768E-06,5.77058E-06,7.5964E-06,7.48856E-06,6.92264E-06,1.44578E-05,7.30541E-06,6.97626E-06,8.96248E-06,1.02936E-05,8.66235E-06,6.9798E-06,7.8866E-06,9.80924E-06,6.64406E-06,8.23606E-06,8.73785E-06
Phthalimide,0,0,0,7.41973E-05,0,0,7.22742E-05,0,3.4858E-05,0,0,0,0,0,0,0,0,0,0
Picolinic acid,1.39158E-05,6.32026E-06,8.38312E-06,7.97392E-06,6.19962E-06,9.40091E-06,4.52934E-06,1.04429E-05,4.59864E-06,4.93128E-06,5.02711E-06,5.87394E-06,5.89189E-06,5.49721E-06,4.89048E-06,6.83762E-06,7.02248E-06,4.32067E-06,4.2937E-06
Pimelic acid,2.34587E-05,2.89791E-06,8.15956E-06,3.45521E-06,2.54116E-06,1.79243E-06,1.15177E-06,6.94824E-06,2.23575E-06,1.52089E-06,4.75632E-06,4.53561E-06,1.08216E-06,1.01909E-06,1.38901E-06,6.19712E-06,1.2275E-06,1.23718E-06,2.08516E-06
Pipecolic acid,1.58965E-05,2.3729E-05,1.48688E-05,1.90147E-05,1.14059E-05,1.26052E-05,1.59729E-05,1.28705E-05,6.88832E-06,1.21675E-05,1.02067E-05,1.01086E-05,1.62665E-05,1.13574E-05,1.65116E-05,1.49746E-05,2.13829E-05,1.19551E-05,1.27572E-05
"Pregn-4-ene-3,20-dione, 16,17-epoxy-, (16alpha)",6.63645E-05,0,2.77447E-10,0,0,0,0,0,0,0,0,0,0,0,0,1.78326E-05,0,0,0
"Propane, 2-methyl",2.44194E-05,4.20064E-06,9.70183E-06,7.90476E-06,9.20307E-06,0,7.02061E-06,2.16822E-05,8.82658E-06,7.65412E-06,1.08638E-05,1.04243E-05,8.7222E-06,7.98075E-06,8.99776E-06,0,1.09844E-05,1.13949E-05,9.3219E-06
Propanedioic acid,9.50278E-06,7.7672E-06,6.48303E-06,4.37737E-06,6.71165E-06,7.28967E-06,5.21355E-06,1.37325E-05,5.83344E-06,6.50093E-06,5.36859E-06,5.77902E-06,6.3703E-06,5.61873E-06,5.33393E-06,1.08346E-05,8.65913E-06,6.6165E-06,8.14649E-06
"Propanoic acid, 2-methyl-, hexyl ester",0,7.62087E-05,0,0,0,0,0,0,0,0,0,0,0,9.37621E-06,8.91363E-05,0,0,0,0
"Propanoic acid, 2-oxo",0,0,0,0,0,6.36261E-05,0,0,1.84713E-05,0,0,0,0,1.94879E-05,0,0,0,0,0
"Propanoic acid, 2-hydroxy-3-phosphate-",0,0,5.1315E-06,4.89268E-06,0,9.22187E-06,1.48755E-05,0,0,0,1.26717E-05,0,1.45614E-05,2.15805E-05,1.44014E-05,1.372E-06,6.00878E-06,1.80855E-05,3.01843E-05
Propylamine,2.57283E-05,1.04297E-05,2.54583E-06,2.58561E-06,1.27819E-05,4.01244E-06,9.52054E-06,3.30726E-05,1.18791E-05,1.09501E-05,1.166E-05,1.35396E-05,1.06468E-05,1.05561E-05,8.54882E-06,2.27861E-06,1.24126E-05,1.14573E-05,1.35365E-05
Protocatechoic acid,1.76256E-05,0,7.62268E-06,0,9.55777E-06,6.03675E-06,3.67593E-06,1.38939E-05,3.49856E-06,3.29096E-06,6.90287E-06,8.41437E-06,8.60787E-06,3.62276E-06,7.27501E-06,4.16805E-06,7.12692E-06,6.27804E-06,3.29652E-06
Putrescine,1.05134E-06,1.04194E-06,5.17664E-07,1.00347E-06,4.87405E-06,0,1.86676E-06,7.54419E-06,1.01069E-05,1.6182E-06,0,5.49559E-07,9.29935E-07,0,4.13377E-06,4.55458E-06,3.49799E-07,7.54093E-07,8.678E-07
Pyridoxic acid,0,2.08498E-05,2.13404E-05,1.45367E-05,2.13115E-05,0,0,4.54532E-05,1.81293E-05,8.3549E-06,0,0,1.59285E-05,8.0079E-06,0,1.56734E-05,0,1.76989E-05,9.19149E-06
Pyridoxine,0,0,0,0,0,0,0,0,0,3.39935E-05,0.000201441,0,5.11671E-05,0,0,0,0,0,2.99997E-05
Pyrogallol,7.56742E-06,5.31184E-06,4.90096E-06,4.27487E-06,6.21938E-06,5.0131E-06,4.55103E-06,1.12834E-05,4.85858E-06,1.5294E-06,1.13832E-06,1.6633E-06,3.73333E-07,1.72985E-06,7.05073E-06,8.70578E-06,8.82649E-06,6.53976E-06,8.46842E-06
Pyroglutamic acid,0,0,0,0,0,0,0,0,0,0,0,0,0,0,0,0,0,0,0
Pyrrole-2-carboxylic acid,8.06712E-06,1.03305E-05,8.07967E-06,6.2377E-06,4.59867E-06,1.30716E-05,7.77102E-06,1.37398E-05,4.65343E-06,9.00768E-06,5.11579E-06,3.16477E-06,4.45302E-06,5.19312E-06,1.08463E-05,5.80727E-06,1.40225E-05,4.2986E-06,5.83571E-06
Ribitol,2.96607E-06,1.14261E-05,6.33684E-06,4.80935E-06,4.55421E-06,5.52211E-06,5.73123E-06,4.42033E-06,1.72308E-06,3.54398E-06,5.02786E-06,3.47674E-06,4.7864E-06,5.17477E-06,4.35932E-06,2.99126E-06,6.14153E-06,4.15506E-06,4.56114E-06
Ribonic acid,1.8977E-05,1.26327E-05,2.48636E-06,1.06455E-06,1.24164E-05,1.01649E-05,6.56092E-06,2.21235E-05,7.36211E-06,1.20061E-05,1.51505E-06,6.67689E-06,1.52323E-06,9.19839E-06,1.48228E-05,1.48393E-07,1.05168E-05,9.89745E-06,1.46153E-06
Salsoline,3.64016E-05,8.74846E-07,1.2628E-06,6.27897E-06,4.39793E-07,6.57968E-06,8.00496E-07,1.10434E-06,3.9885E-07,4.47051E-07,4.57259E-07,6.97051E-07,1.31927E-06,1.25798E-06,5.83979E-07,3.34776E-07,2.21339E-07,2.90204E-06,6.75742E-07
Sebacic acid,0.000108521,0,0,3.32381E-05,2.72023E-05,0,0,0,0,0,3.01764E-05,0,0,2.34352E-05,3.16516E-05,0,0,0,0
Sedoheptulose anhydride,1.42395E-05,1.46252E-05,9.40264E-06,4.00708E-06,3.22364E-06,8.2181E-06,4.3995E-06,1.00798E-05,3.06352E-06,8.06667E-06,5.1145E-06,5.48126E-06,5.04457E-06,5.29379E-06,4.99044E-06,8.91214E-06,1.34217E-05,7.1512E-06,7.84606E-06
Serine,1.14759E-05,1.03878E-05,8.48425E-06,1.02671E-05,1.70402E-05,6.51143E-06,6.4108E-06,1.18671E-05,5.31106E-06,4.35783E-06,2.22836E-06,4.10926E-06,2.79747E-06,4.37974E-06,5.70137E-06,7.92297E-06,8.5025E-06,5.25503E-06,5.76194E-06
Ser-Leu,1.49118E-05,1.32575E-05,1.83147E-05,1.72588E-05,7.3237E-06,4.17324E-06,1.05491E-05,1.42768E-05,0,5.9319E-06,0,5.82615E-06,0,9.33902E-06,0,1.40816E-05,7.15882E-06,1.05354E-05,1.65641E-05
Sinapinic acid,0,0,2.40521E-06,1.47228E-05,0,0,0,0,0,0,0,0,0,0,0,0,6.86654E-09,0,0
Stearic acid,2.3693E-07,3.09317E-07,1.18503E-08,4.19998E-07,2.19192E-08,1.7477E-08,8.10452E-09,2.52668E-08,5.61175E-07,4.06245E-08,2.67539E-08,4.01061E-08,3.01351E-07,3.23862E-08,1.46196E-08,2.14E-07,1.06578E-05,1.22295E-05,1.57512E-08
"Stigmast-5-ene, 3beta",0,2.17639E-05,0,5.35215E-05,0,1.43868E-05,6.87599E-05,0,0,0,0,0,0,0,0,0,0,0,0
Stigmastanol,0,0,0,0,0,0.000185574,0,0,0,0,0,0,0,0,0,0,0,0,0
Suberic acid,6.98956E-06,5.3583E-06,3.55981E-06,6.36638E-06,7.444E-06,6.40061E-06,4.68399E-06,8.68893E-06,2.41851E-06,4.12172E-06,5.19432E-06,3.81809E-06,5.40855E-06,5.29786E-06,6.75551E-06,5.31189E-06,5.84029E-06,5.44359E-06,6.60543E-06
Supraene,1.39186E-05,6.55203E-06,4.13825E-06,5.1307E-06,6.34952E-06,0,3.21437E-06,9.86574E-06,8.16993E-06,9.20429E-06,5.33762E-06,7.27376E-06,7.69659E-06,1.12416E-05,8.00631E-06,1.3074E-05,7.30162E-06,1.0221E-05,1.03839E-05
Syringaldehyde,1.66081E-05,7.88693E-06,7.9085E-06,6.54695E-06,7.77757E-06,8.47913E-06,7.80197E-06,1.8158E-05,6.67441E-06,7.01304E-06,7.96223E-06,6.43493E-06,6.19397E-06,5.98559E-06,9.3219E-06,9.8938E-06,9.41512E-06,8.19405E-06,8.28789E-06
Syringic acid,4.69326E-06,8.43801E-06,4.91538E-06,7.76922E-06,9.24481E-06,7.42128E-06,7.63264E-06,1.1549E-05,1.19392E-05,8.18507E-06,4.2518E-06,6.20129E-06,5.54515E-06,8.56235E-06,5.99734E-06,1.04917E-05,1.12647E-05,6.38016E-06,7.8894E-06
Tetrahydro-2-furanylmethanol,0,0,1.95071E-06,0,0,1.80376E-06,0,0,1.55676E-06,0,1.60056E-06,6.75059E-07,0,2.45205E-06,0,0,0,0,2.48699E-06
Tetrahydrogeranyl formate,2.51079E-05,6.01191E-06,4.21524E-06,4.94726E-06,8.32154E-06,6.49269E-06,6.99342E-06,2.32109E-05,8.5775E-06,5.79235E-06,6.97678E-06,8.18438E-06,8.53606E-06,6.92876E-06,5.97734E-06,9.80932E-06,3.14084E-06,6.77299E-06,7.64553E-06
Tetrahydrolinalool,0,0,0,0,1.77714E-05,1.92117E-05,0,4.1934E-05,0,0,0,0,0,0,1.45145E-05,0,1.66445E-05,0,1.98575E-05
Thymidine,2.41064E-05,4.47889E-05,4.43459E-06,1.11185E-05,1.18286E-05,1.56951E-05,1.56409E-05,9.96212E-06,7.00038E-06,5.07078E-06,4.14732E-06,4.46958E-06,5.73723E-06,1.36552E-05,1.33784E-05,6.02083E-06,1.35427E-05,8.84617E-06,1.37955E-05
"Thymidine, 5'-phosphate",1.40195E-06,5.83443E-06,0,9.97395E-07,6.77813E-11,3.82033E-06,2.2932E-06,0,7.84296E-07,7.78271E-07,1.51289E-06,0,0,0,4.41581E-06,2.36388E-08,3.04148E-06,6.54554E-07,3.95197E-06
"Thymine, 1,3-dimethyl-6-hydroxymethyl",9.59296E-06,1.0929E-05,8.65872E-06,1.39147E-05,6.5313E-06,8.94406E-06,1.03382E-05,1.21427E-05,5.37114E-06,6.68776E-06,3.94037E-06,3.36507E-06,5.08543E-06,7.64129E-06,5.97666E-06,5.42522E-06,5.85126E-06,6.80474E-06,9.82688E-06
trans-Coniferryl alchool,0.000169285,0,0,3.36264E-05,0,0,0,0,0,0,0,0,0,0,0,0,3.52817E-05,0,0
Tributyl acetylcitrate,0,0,0,0,0,0,0,0,0,0,0,3.4702E-05,0,0,0,0,0,0,0
Tricine,3.32137E-06,4.06994E-06,1.91919E-06,2.86493E-06,3.72593E-05,2.77745E-06,5.42595E-06,1.80411E-05,2.11831E-05,1.02973E-05,4.83748E-06,3.12168E-06,3.95928E-06,8.99325E-06,4.36203E-06,8.56535E-06,9.87717E-06,3.14772E-06,3.13195E-06
Triethanolamine,1.42296E-05,5.11542E-06,5.15257E-06,5.27343E-06,6.76468E-06,5.01974E-06,4.95127E-06,2.02791E-05,5.43712E-06,3.85277E-06,5.92863E-06,4.88018E-06,6.13373E-06,4.62858E-06,7.49691E-06,5.29974E-06,6.53492E-06,4.65216E-06,5.15177E-06
"Trimethylsilyl (5-benzyl-3,6-dioxopiperazin-2-yl)acetate",2.87839E-05,4.8028E-06,1.09371E-05,0,0,1.68837E-05,1.91423E-05,0,8.59039E-06,1.30337E-05,1.22086E-05,9.12236E-06,9.0991E-06,7.10438E-06,1.13751E-05,8.6493E-06,0,0,0
Triphenylene,0,0,0,0,0,0,0,0,0,0,0,0,0,0,0,0,0,0,0
Tripropylene glycol monomethyl ether,1.13284E-05,4.83996E-06,6.43563E-06,8.61002E-07,6.5286E-06,4.47851E-06,5.82313E-06,1.08143E-05,5.38614E-06,5.31808E-06,7.66969E-06,7.04691E-06,7.25856E-06,1.8179E-06,6.14071E-06,6.6598E-06,6.41998E-06,7.52166E-06,8.28722E-06
Trisaminol,3.07189E-07,1.13792E-07,1.85496E-05,1.44372E-05,1.1393E-07,1.9123E-05,1.21321E-07,3.86051E-07,4.12138E-07,1.41895E-07,9.14645E-08,1.63081E-07,1.11761E-07,3.04693E-07,9.35026E-08,7.26612E-07,1.21317E-07,1.20058E-07,1.39258E-06
Tyrosine,9.99927E-06,1.44033E-05,1.09118E-05,1.2048E-05,8.0795E-06,6.93813E-06,6.13485E-06,6.37939E-06,3.0986E-06,2.24022E-06,2.42957E-06,2.6055E-06,2.41643E-06,3.64729E-06,8.95887E-06,9.53183E-06,5.41177E-06,3.52373E-06,4.24593E-06
Undecanoic acid,7.84502E-06,3.11373E-06,3.24171E-06,3.04076E-06,2.85247E-06,3.18623E-06,2.70968E-06,6.46045E-06,2.59412E-06,2.49823E-06,3.3409E-06,3.28649E-06,3.26199E-06,2.5702E-06,3.23027E-06,3.59472E-06,3.31032E-06,3.13808E-06,4.1766E-06
Uracil,1.59692E-05,1.30862E-05,1.08534E-05,1.04476E-05,4.56023E-06,8.34715E-06,1.30262E-05,6.69089E-06,2.88627E-06,6.73721E-06,7.01172E-06,6.70292E-06,7.72158E-06,4.60148E-06,9.42345E-06,3.79904E-06,1.0999E-05,1.07421E-05,1.254E-05
Urea,1.25175E-06,7.86024E-06,5.41452E-06,4.05503E-05,2.07967E-06,8.51721E-06,1.55929E-06,4.71254E-06,1.99281E-06,2.10506E-06,2.26663E-06,1.00176E-06,1.33391E-06,1.64213E-06,2.14082E-06,1.41433E-06,1.68032E-06,1.75454E-06,1.83229E-06
Uridine,1.38059E-05,3.3222E-05,2.7091E-06,8.13308E-06,6.9888E-06,7.8001E-06,3.45175E-06,2.91698E-06,2.43522E-06,1.58112E-05,1.49059E-05,9.24977E-06,1.31829E-05,1.05731E-05,7.69355E-06,4.57038E-06,1.66964E-05,1.56927E-05,2.14186E-05
Valylglycine,0,1.08169E-05,7.34487E-06,6.47415E-06,0,4.89416E-06,5.73438E-06,0,2.37495E-06,4.45823E-06,5.00247E-06,3.84128E-06,4.36957E-06,4.91753E-06,7.10706E-06,0,0,6.28427E-06,8.94389E-06
Valylvaline,4.9066E-06,1.50898E-05,6.5801E-06,8.73038E-06,0,7.0587E-06,5.03163E-06,0,3.59253E-06,4.7527E-06,8.71691E-06,0,6.42255E-06,9.25335E-06,2.79552E-05,5.1874E-06,5.02416E-06,9.7204E-06,2.36723E-05
Vanillic Acid,0,0,0,0,0,0,0,0,0,0,0,0,0,0,0,0,0.000392327,0,0
Vanillin,2.65636E-06,1.08715E-05,3.47562E-07,1.16118E-05,4.20639E-06,3.46903E-07,3.90294E-07,2.78682E-06,3.92462E-06,6.91556E-06,6.26254E-06,7.95266E-06,6.13401E-06,4.54405E-06,2.80351E-07,5.84112E-06,3.91225E-07,0,3.84787E-07
Xylazine,0,0,0,0,2.24651E-05,0,4.07661E-05,1.38507E-05,2.02779E-05,1.17699E-05,8.35707E-06,1.35929E-05,6.49846E-06,4.17949E-06,3.94362E-06,5.45466E-05,1.31705E-06,2.05038E-05,1.36023E-05
"Xylonic acid, delta-lactone",1.48723E-05,9.97082E-06,1.11077E-05,9.13744E-06,9.05192E-06,1.11561E-05,9.9656E-06,1.70685E-05,9.86186E-06,1.18802E-05,1.0042E-05,8.54652E-06,1.33199E-05,1.08449E-05,1.28548E-05,1.49809E-05,1.41358E-05,1.38359E-05,1.08247E-05
Xylose,5.5048E-06,4.90824E-06,4.80628E-06,4.42973E-06,8.897E-06,8.6641E-06,3.8195E-06,0,8.22143E-06,0,4.05956E-08,5.12618E-06,5.69951E-06,1.04406E-05,7.16762E-07,2.76915E-05,2.91752E-05,0,1.67242E-05
