NAME,75_feci_100322,100_rep_110322,101_rep_110322,102_feci_100322,103_rep_110322,104_feci_100322,105_rep_110322,106_110322,Feci_DSS-T0_896_27022024,Feci_DSS-T0_897_27022024,Feci_DSS-T0_T0.5_27022024,Feci_DSS-T0_T0.6_27022024,Feci_DSS-T0_T0.7_27022024,Feci_DSS-T0_T0.8_27022024
,DSS_T0,DSS_T0,DSS_T0,DSS_T0,DSS_T0,DSS_T0,DSS_T0,DSS_T0,DSS_T0,DSS_T0,DSS_T0,DSS_T0,DSS_T0,DSS_T0
10-Heptadecenoic acid,0.000002,0.00000361,0.00000768,0,0.00000401,0.00000178,0.00000605,0.00000779,2.07084E-05,6.21703E-08,1.52579E-05,0,2.96109E-05,1.70735E-05
3-Aminobutanoic acid,0.00000509,0.0000186,0.0000175,0.00000513,0.0000185,0.00000714,0.0000144,0.0000161,0,0,0,0,0,2.47815E-05
3-Hydroxypicolinic acid,0.000012,0.00000535,0.0000197,0.00000995,0.0000161,0.0000318,0.0000112,0.00000851,2.01616E-05,1.82439E-05,1.12328E-05,1.80859E-05,1.63744E-05,2.11775E-05
4-Pentenoic acid,0.00001078,0.0000277,0.0000653,0.00001575,0.000038,0.0000374,0.0000259,0.00002156,0.000118719,0.000116017,0,0,0,0
Acetohydroxamic acid,0.0000108,0.00000226,0.0000382,0.00000311,0.0000122,0.0000121,0.000014,0,1.13756E-05,1.72334E-05,5.32498E-06,1.18717E-05,1.72246E-05,1.31748E-05
Argininosuccinic acid,0,0,0,0,0,0,0,0.00000112,7.26425E-06,0,0,7.26819E-06,0,0
Butyl caprylate,0.0000076,0.00000718,0.0000133,0.00000636,0.00000948,0.0000117,0.0000101,0.00000909,2.36503E-05,0,1.74732E-05,1.21417E-05,0,0
Deoxyglucose,0,0,0,0.0000132,0,0,0,0,0,0,6.79009E-08,0,0,3.03487E-07
Dodecanedioic acid,0.00000765,0.0000202,0.0000339,0.000011,0.0000158,0.0000288,0.00000796,0.00000879,0,0,0,0,0,0
Erythritol,0.0000108,0.00000762,0.0000192,0.00000557,0.0000105,0.0000143,0.00000874,0.0000146,2.2705E-07,1.02818E-07,0,1.08371E-08,0,3.92595E-05
Ethanamine,0,0.00000859,0.0000127,0,0.0000125,0,0.0000364,0.000000472,1.14067E-05,1.48984E-05,6.67185E-06,1.51298E-05,1.5109E-05,1.32126E-05
L-Asparagine,0,0.000012,0.0000084,0,0.0000067,0,0.00000871,0,1.11732E-07,1.78414E-05,1.13692E-05,1.61168E-05,1.60649E-05,1.5136E-05
L-Glutamine,0,0,0,0,0,0,0,0,2.8931E-05,0,1.56993E-05,0,1.68176E-05,1.73624E-05
L-Hydroxyproline,0.00000423,0.0000102,0.0000137,0.00000504,0.0000112,0.00000813,0.00000765,0.0000193,7.03502E-06,1.76526E-05,9.61311E-06,1.26879E-05,1.20399E-05,9.22185E-06
L-Lysine,0.0000146,0.00002273,0.000013655,0.00000425,0.00001522,0.0000186,0.00001802,0.00000386,1.26586E-05,1.89216E-05,1.33149E-05,4.36229E-05,3.07066E-05,1.06759E-05
L-Norvaline,0.00000708,0.0000214,0.0000187,0.00000386,0.0000148,0,0,0.00000839,2.21185E-05,8.25102E-06,1.25281E-05,6.26229E-06,9.10474E-06,6.47538E-06
L-Serine,0.00000879,0.0000105,0.0000141,0.00000594,0.0000129,0.0000121,0.0000141,0.0000117,1.7043E-05,1.92903E-05,1.35706E-05,2.21297E-05,1.34898E-05,1.55924E-05
N-Acetylglucosamine,0.00000534,0.00000728,0.000019,0.00000687,0.00000835,0.00000973,0.00000888,0.0000109,2.0883E-05,2.26514E-05,1.68862E-05,3.19207E-05,3.27915E-05,3.05335E-05
Niacinamide,0.00000941,0.0000084,0.0000174,0.00000334,0.00000958,0.0000116,0.0000108,0.0000186,2.00532E-05,1.14246E-05,2.36007E-05,1.91896E-05,2.05573E-05,2.926E-05
N-Methyl-alpha-aminoisobutyric acid,0.00000257,0.00000822,0.0000203,0.00000456,0.00000806,0.00000916,0.00000364,0,6.53981E-05,1.69019E-05,2.43883E-05,3.21904E-05,3.72455E-05,4.23895E-05
Phloroglucinol,0.00000967,0.0000115,0.0000229,0.00000852,0.0000122,0.0000179,0.0000112,0.0000116,1.8086E-05,1.58579E-05,1.37491E-05,2.2574E-05,2.54113E-05,2.68224E-05
Thr-Leu,0.0000117,0.00000995,0,0.00000486,0.00000674,0,0.0000088,0.0000181,2.33559E-05,1.61431E-05,1.63613E-05,1.78373E-05,2.20696E-05,2.65359E-05
Xanthine,0,0.0000053,0.00000818,0,0.0000021,0,0.0000029,0.00000971,0,7.07938E-06,2.08247E-06,4.86299E-06,6.62708E-06,6.91047E-06
"(2,2-Dimethyl-5-[2-(2-ethoxymethoxy)propyl][1,3]dioxolan-4-yl)methanol",0.0000149,0.00000467,0,0.00000282,0,0.0000201,0,0.00000359,0,0,0,0,0,0
"(4,4-Dimethyl-5-methylene-4,5-dihydro-3H-pyrrol-2-yl)-(4,4-dimethyl-5-methylene-pyrrolidin-2-ylidene)-acetonitrile",0.00000969,0.0000159,0.0000262,0.00000677,0.0000177,0.0000154,0.000012,0.0000143,3.33412E-05,4.0507E-05,0,4.16218E-05,4.21665E-05,3.80508E-05
"(9H-fluoren-9-yl)methanol, O-methoxycarbonyl",0.00000696,0.00000756,0.000018,0.00000657,0.00001,0.000012,0.0000103,0.00000899,0,6.76066E-05,0,0,0,0
"1(2H)-Naphthalenone, 3,4-dihydro-3,3,6,8-tetramethyl-",0.00000738,0.00000781,0.0000147,0.00000576,0.00001,0.0000106,0.0000109,0.0000087,3.23391E-05,4.03685E-05,2.84443E-05,1.23522E-05,2.13261E-05,3.12431E-05
1-(2-Methoxy-1-methylethoxy)-2-propanol,0.00000795,0.0000121,0.0000202,0.00000739,0.0000134,0.0000134,0.00000909,0.0000114,0,0,0,0,0,0
"1,1'-Biphenyl, 2,2',5,5'-tetramethyl",0.0000162,0.00000369,0.0000392,0.00000101,0.00000488,0.00000445,0.0000138,0.0000194,0,0,0,0,0,0
"1,2,4,5-Cyclohexanetetrol",0.0000062,0.00000985,0,0,0.00000566,0.0000117,0,0,0,1.75593E-05,0,0,0,1.25508E-05
"1,2,4-Butanetriol",0,0.0000211,0.0000289,0.000000532,0,0.0000024,0.000000529,0.00000256,0,0,0,0,7.70049E-05,0
"1,3-Dioxane, 2,2-dimethyl-5-hydroxy-",0.00000645,0.00000467,0.00000659,0.00000452,0.0000101,0.00000883,0.00000883,0.0000106,3.2241E-08,0,1.22346E-05,0,5.79019E-07,0
"1,4-Butanediol",0,0.00000608,0.0000135,0.00000588,0.00000757,0,0.00000923,0.0000132,0,0,0,0,0,0
"1,5-Anhydroglucitol",0.00000374,0.00000296,0.0000232,0.00000468,0.00000806,0.00000988,0.00000222,0.0000073,5.26488E-05,8.26036E-07,4.02778E-05,2.97236E-05,8.08465E-05,7.73547E-07
"1,7-Dimethyl-4-(1-methylethyl)cyclodecane",0.0000082,0,0,0,0,0.0000126,0,0.0000102,0,0,0,0,0,6.89291E-05
11-Hydroxy-.DELTA.-9-tetrahydrocannabinol,0,0,0,0.0000138,0,0.0000232,0,0,3.00508E-05,0,6.94657E-07,0,0,8.85876E-06
11-Methyldodecanol,0.00000673,0,0.00000668,0.00000261,0.0000108,0.0000187,0.0000101,0.00000795,9.2068E-06,9.88665E-06,1.07963E-05,1.21917E-05,1.02352E-05,1.20147E-05
12-Oxooctadecanoate,0.00000825,0.0000077,0.0000133,0.00000635,0.0000102,0.000014,0.00000942,0.0000125,2.95784E-06,2.75393E-05,1.26582E-05,2.41727E-05,2.38787E-05,7.03073E-06
13-Docosenamide,0.00000848,0.00000629,0.0000118,0.00000649,0.00000787,0.0000112,0.00000792,0.0000139,5.29391E-06,6.18562E-06,6.96067E-06,1.09229E-05,1.18547E-05,5.9175E-06
17-alpha-Hydroxypregnenolone,0.00000918,0.00000505,0.00000106,0.000000157,0.00000556,0.00000177,0.0000258,0.0000005,0,3.06449E-05,0,0,0,0
18-Methyl-nonadecanol,0.00000079,0,0,0,0,0,0,0,7.32582E-06,0,0,0,0,0
1-Deoxypentitol,0.0000159,0,0,0,0,0,0,0,0,0,0,0,0,0
1-Dodecanol,0,0,0,0,0,0,0,0,3.27444E-06,3.53893E-06,3.06475E-06,3.83843E-06,3.64019E-06,3.86664E-06
1-Dodecene,0.00000823,0.00000708,0.0000137,0.00000706,0.00000946,0.0000132,0.0000109,0.00000911,0,0,0,0,0,0
1-Hexacosene,0.00000541,0.00000797,0.0000161,0.00000725,0.00000781,0.00000705,0.0000088,0.00000476,5.06515E-05,9.34788E-06,3.85347E-05,1.36133E-05,8.37128E-06,7.15461E-05
1-Hexadecanol,0.00000306,0.0000122,0.0000184,0.00000294,0.0000143,0.00000497,0.0000138,0.00000394,1.17196E-05,0,1.00317E-05,9.08137E-06,1.21454E-05,8.94467E-06
1-Hexanol,0.0000102,0.0000149,0.0000159,0.0000036,0.00000859,0.0000132,0.00000233,0.00000689,9.56178E-06,2.08386E-05,0,2.1346E-05,2.81394E-05,0
"1H-Indole-2-carboxylic acid, 5-ethyl-1-(trimethylsilyl)",0.0000154,0.0000174,0.0000329,0.00000973,0.0000159,0.0000392,0.0000103,0.0000135,1.45093E-05,1.66131E-05,1.32737E-05,1.8194E-05,1.96042E-05,1.64041E-05
"1H-Naphtho[2,1-b]pyran, 3-ethenyldodecahydro-3,4a,7,7,10a-pentamethyl-, [3R-(3alpha,4abeta,6aalpha,10abeta,10balpha)]-",0,0,0.0000497,0,0.00000318,0,0,0.00000709,0,0,0,0,0,0
1-Methyl-4-hydroxy-1H-imidazol-2-amine,0.000000457,0.00000725,0.0000168,0.00000242,0.00000519,0.00000316,0.00000714,0.00000706,1.49345E-06,2.06319E-05,3.56535E-06,2.17812E-06,4.14374E-06,2.34293E-06
1-Monomyristin,0.00000698,0.00000839,0.0000149,0.00000621,0.0000106,0.0000115,0.0000109,0.00000856,0,0,0,0,0,0
1-Monopalmitin,0.0000081,0.00000749,0.0000142,0.00000705,0.00000976,0,0.0000103,0.00000914,0,0,0,0,0,0
1-Octadecanol,0.0000086,0.0000132,0.00002107,0.00000873,0.00002125,0.0000174,0.00001597,0.00000614,1.62429E-05,2.60688E-05,1.85177E-05,2.44995E-05,2.07378E-05,2.24766E-05
1-Octanol,0.00001572,0.0000146,0.0000284,0.0000132,0.00001738,0.0000239,0.00001805,0.00002104,2.32305E-06,0,0,0,1.80962E-05,2.21792E-05
"1-Phenanthrenemethanol, 1,2,3,4,4a,9,10,10a-octahydro-1,4a-dimethyl-7-(1-methylethyl)-, [1R-(1alpha,4abeta,10aalpha)]-",0.00000267,0.00000341,0,0,0.00000287,0,0.0000143,0,0,0,0,0,0,0.000165258
"1-Propanamine, N,N-diethyl-",0.00000773,0.00000779,0.0000143,0.00000589,0.00000988,0.0000112,0.0000106,0.00000808,1.12988E-05,9.00051E-06,7.00448E-06,9.8536E-06,1.30903E-05,1.30154E-05
1-Tetracosene,0.00000675,0.00000459,0.00000849,0.00000529,0.00000446,0.00000983,0.0000142,0.00000813,0,0,0,9.60633E-06,4.07283E-06,6.67188E-06
1-Tetradecanol,0,0,0,0,0,0,0,0,5.31871E-06,4.61517E-06,5.02418E-06,5.24551E-06,5.78589E-06,4.98133E-06
"2',2,3,6'-Tetramethoxychalcone",0.00000509,0.00000495,0.0000105,0.00000625,0.00000658,0.0000104,0.00000946,0.00000544,0,0,0,0,0,6.00412E-05
"2,2,4-Trimethyl-1,3-pentanediol diisobutyrate",0.00000833,0.00000558,0.0000238,0.00000702,0.0000113,0.0000113,0.0000177,0.0000087,8.41735E-06,7.58737E-06,6.73277E-06,9.3448E-06,8.95618E-06,9.8388E-06
"2,3,4,5-Tetrahydroxypentanoic acid-1,4-lactone",0.00000422,0.00000832,0.0000138,0.00000326,0.0000083,0.00000604,0.00000609,0.00000797,1.46291E-07,1.11106E-05,7.86945E-06,9.22468E-06,2.90537E-06,6.45249E-06
"2,3,4-Trihydroxybutyric acid",0.00000911,0.0000133,0.000033,0.00000929,0.0000208,0.0000178,0.0000111,0.0000112,1.74725E-05,2.34594E-05,2.00128E-05,2.28485E-05,1.73803E-05,1.73235E-05
"2,3-Butanediol",0.00000565,0,0.0000187,0,0,0.0000157,0,0,1.28898E-06,3.43057E-06,3.51229E-06,2.36905E-06,4.44568E-06,3.77694E-06
"2,3-Dihydroxy-2-methylpropanoic acid",0.0000104,0.00000951,0.0000229,0.00000566,0.000013,0.0000149,0.00000838,0.0000118,0,7.33883E-06,8.25668E-06,0,4.33727E-05,7.28906E-06
"2,3-Dihydroxypropyl icosanoate",0.0000116,0.00000562,0.0000127,0.00000544,0.00000761,0.0000197,0.00000695,0.00000722,0,0,0,0,0,0
"2,4,6-Tris(1,1-dimethylethyl)-4-methylcyclohexa-2,5-dien-1-one",0.00000998,0.0000146,0.0000296,0.00000608,0.00000654,0,0.00000847,0.0000106,0,0,0,0,0.000100254,0
"2,4-Di-tert-butylphenol",0.0000051,0.00000445,0.00000716,0.00000333,0.00000723,0.00000489,0.0000082,0.00000506,0,0,0,2.06104E-05,0,0
"2,5-Cyclohexadiene-1,4-dione, 2,6-bis(1,1-dimethylethyl)",0.00000651,0.00000895,0.0000201,0.00000694,0.0000129,0.000014,0.0000128,0.00000768,6.61742E-06,8.2332E-06,8.0036E-06,1.10696E-05,7.73381E-06,8.14505E-06
"2,5-Dimethoxybenzhydrazide",0.00000633,0.00000967,0.0000136,0.00000498,0.0000104,0.00000834,0.00000764,0.0000131,1.71538E-05,2.13043E-05,2.13745E-05,2.16856E-05,1.76426E-05,2.0607E-05
"2,5-Dimethoxymandelic acid",0.00000702,0.00000719,0.0000121,0.00000516,0.0000126,0.0000105,0.0000108,0.000012,2.16121E-05,1.87315E-05,1.72038E-05,1.94245E-05,1.4329E-05,1.70619E-05
"2,5-Dimethoxyphenol",0.00000383,0.0000091,0.0000106,0.00000349,0.0000168,0.00000567,0.00000615,0.0000101,9.34696E-06,1.45089E-05,1.09951E-05,1.19127E-05,9.71662E-06,9.79428E-06
"2,5-Di-tert-butyl-4-hydroxyphenol",0.00000763,0.0000151,0.0000264,0.00000633,0.0000151,0.0000123,0.000012,0.00000995,1.02799E-05,8.36441E-06,8.11845E-06,1.14151E-05,9.21928E-06,1.02996E-05
"2,6-Di-O-methyl-d-galactopyranose",0.0000113,0.0000176,0.000037,0.0000107,0.0000313,0.0000218,0.0000196,0.00000309,2.33636E-06,0,5.27092E-06,0,3.02393E-06,3.37936E-06
"2-Allyl-1,4-dimethoxybenzene ",0.0000044,0.00000848,0.00000132,0.00000451,0.00000114,0.00000747,0.00000789,0.00000116,1.48935E-05,2.5237E-05,1.89933E-05,2.25925E-05,1.97658E-05,1.92291E-05
2-Amino-4-tert-butylphenol,0.0000102,0.00000846,0.0000267,0.00000568,0.0000123,0.0000178,0.00000994,0.0000128,1.03689E-05,2.41377E-05,0,3.04009E-05,2.39133E-05,3.34702E-06
2-Aminoadipic acid,0.00000776,0.0000164,0.0000275,0.00000958,0.000019,0.0000243,0.0000193,0.0000162,2.81205E-05,1.71061E-05,1.69241E-05,1.69924E-05,1.57335E-05,1.70365E-05
2-Aminobutanoic acid,0.00001353,0.000044,0.0000291,0.0000105,0.00001754,0.00002556,0.00001533,0.00003087,7.21235E-05,2.89479E-05,0.000101784,1.9528E-05,0,4.66406E-05
2-Butenedioic acid,0.00002159,0.00001777,0.0000179,0.0000114,0.00002346,0.00001916,0.00001459,0.00001887,2.81268E-05,3.01451E-05,2.71957E-05,3.97538E-05,4.0207E-05,3.73534E-05
"2-Butenoic acid, 2-hydroxy-",0.0000102,0.0000263,0.0000511,0.00000124,0.0000125,0.0000162,0.00000478,0.00000684,0,0.000128595,2.80095E-05,0,0,0
"2-Butenoic acid, 2-methyl-, 2-methyl-2-propenyl ester",0.00000391,0.00000206,0.00000119,0.00000107,0,0.00000171,0.00000188,0.0000123,0,0,1.32262E-05,0,1.18438E-05,1.40342E-05
2'-Deoxyribolactone,0.000000678,0,0,0,0,0,0.00000108,0.00000186,0,8.97549E-07,2.50687E-07,6.97241E-07,7.256E-07,6.31393E-07
2'-Desoxyuridine,0.000014,0.00000657,0.0000141,0.00000858,0.0000109,0.000032,0.0000161,0.0000222,2.78086E-05,1.95072E-05,2.59374E-05,2.39325E-05,2.1126E-05,1.51471E-05
2-Ethylacetoacetate,0.00000963,0.0000186,0.0000443,0.00000979,0.0000242,0.000017,0.00000769,0.0000099,1.44554E-05,3.27215E-05,2.36887E-05,2.57651E-05,2.43176E-05,1.47201E-05
2-Ethylhexanoic acid,0.0000112,0.00000378,0.000008,0.00000908,0.0000046,0.000021,0.0000057,0.0000127,1.04296E-05,1.09727E-05,3.83269E-05,4.66703E-05,1.13979E-05,3.17796E-05
"2-Furanacetaldehyde, tetrahydro-alpha",0.0000112,0.0000117,0.0000622,0.00000447,0,0,0.0000073,0,0,0,0,0,0,0
2-Furoic acid,0,0.0000195,0.0000317,0,0.0000184,0.0000172,0,0,0,0,0,0,0,0
2-Hydroxy-2-methylbutyric acid,0.0000086,0.00000989,0.0000239,0.00000601,0.0000134,0.0000246,0,0.0000122,1.77239E-05,0,1.63468E-05,1.12019E-05,0,0
2-Hydroxy-3-methylbutyric acid,0.00000229,0.000006,0.0000062,0.00000186,0.0000101,0.00000472,0.00000318,0.00000379,6.91981E-06,0,9.32965E-06,8.72047E-06,7.11634E-05,0
2-Hydroxy-5-methoxybenzaldehyde,0.00000488,0.00000842,0.0000154,0.00000471,0.0000197,0.00000706,0.00000817,0.00000983,1.23223E-05,1.74592E-05,1.4183E-05,1.80665E-05,1.33124E-05,1.43457E-05
2-Isopropyl-5-methyl-1-heptanol,0,0.00000408,0,0.00000348,0.0000141,0,0.00000596,0,2.85196E-06,5.29831E-06,4.09943E-06,3.35582E-06,3.60875E-06,3.85163E-06
2-Ketobutyric acid,0.00002609,0.00001307,0.0000417,0.00001026,0.0000299,0.0000266,0.0000257,0.000019,1.69414E-05,1.93337E-05,1.51006E-05,1.96623E-05,1.74513E-05,1.8299E-05
2-Ketohexanoic acid,0.00000698,0.00000913,0.0000188,0.00000684,0.0000129,0.00000975,2.12E-09,0.0000104,0,0,0,0,0,0
"2-Methyl-4,6-dinitrophenol",0.000000452,0.00000245,0.000005,0.00000202,0.00000378,0.00000204,0.00000521,0.00000364,0,0,0.000419327,0,0,0
2-Octanol,0.00000521,0.0000109,0,0.00000546,0.0000142,0.00000875,0.0000117,0.0000073,3.02648E-05,0,0,0,0,4.50877E-05
2-Palmitoylglycerol,0.00000844,0.00000821,0.0000185,0,0.0000106,0.000013,0.0000101,0.0000129,4.7011E-06,0,0,0,0,0
"2-Pentenedioic acid, 2-hydroxy-",0.0000183,0.00000868,0.0000261,0,0.000012,0.0000199,0,0.0000233,2.09741E-05,1.45418E-05,0,4.05788E-05,2.89082E-05,2.06868E-05
2-Pentenedioic acid,0.0000158,0.0000199,0.0000235,0.00000694,0.0000186,0.000013,0.0000158,0.00000685,5.54036E-05,0,0,8.1084E-05,0,0
2-Piperidinone,0.000046,0.0000332,0.000007,0.00000442,0.00002549,0.00000373,0.00002142,0.00000784,1.79348E-05,0,2.53282E-05,2.34234E-05,9.53276E-06,2.04425E-05
"2-Propenoic acid, 2-hydroxy-3-(4-hydroxyphenyl)",0.0000202,0.000021,0.00000892,0.00000431,0.00000572,0.0000332,0.00000249,0.0000165,1.65358E-05,1.24648E-05,1.76966E-05,1.70475E-05,1.37401E-05,1.54342E-05
2-Pyrrolidinone,0.00000937,0.0000142,0.0000177,0.00000549,0.0000134,0.000011,0.0000146,0.0000128,1.27791E-05,2.46105E-05,2.16885E-05,2.62505E-05,3.85838E-06,2.61E-05
2-tert-Butyl-4-ethylphenol ,0,0.0000053,0.00000712,0.00000304,0.00000693,0.00000479,0.00000567,0.0000126,3.33485E-05,2.11483E-05,1.96586E-05,2.5564E-05,2.23608E-05,2.95313E-05
3-(3-Hydroxyphenyl)propanoic acid,0.0000124,0.0000202,0.0000401,0.0000208,0.0000192,0.0000174,0.0000108,0.00000147,1.53409E-06,6.3879E-06,4.46744E-06,3.4256E-06,6.40062E-06,2.13463E-06
"3,3,5-Trimethylcyclohexan-1-ol",0.00000763,0.00000766,0.0000144,0.00000639,0.00000995,0.0000119,0.0000107,0.00000942,0.000168465,0,0,0,0.000157551,0
"3,4,5-Trihydroxypentanoic acid",0.00000159,0,0.00000406,0,0,0,0,0.0000432,9.67529E-07,5.63257E-07,1.39927E-06,1.56108E-05,1.70499E-06,1.15933E-06
"3,4-Dihydrocoumarin, 4,4-dimethyl-6-dimethylamino",0.00000343,0.00000611,0.0000121,0.00000507,0.0000151,0.00000801,0.00000753,0.00000783,7.45926E-06,1.22313E-05,1.17955E-05,1.16055E-05,9.0391E-07,8.09285E-06
"3,4-Dihydroxy-5-methyl-dihydrofuran-2-one",0.00001572,0.0000283,0.0000466,0.00001337,0.000031,0.00002342,0.00001828,0.0000301,0,0,0,0,0,0
"3,4-Dimethoxymandelic acid",0.00000278,0.00000907,0.0000123,0.00000498,0.00000975,0.00000724,0.00000603,0.0000115,1.44517E-05,2.12447E-05,0,1.44408E-05,3.41518E-06,1.03359E-05
"3,4-dimethyl-5-(3,4-methylenedioxy)phenyloxazolidine",0.0000035,0.00000816,0.0000101,0.00000324,0.00000765,0.00000364,0.00000907,0.00000925,6.7251E-06,7.96619E-06,6.26217E-06,7.0607E-06,4.65146E-06,8.00013E-06
"3,5-Dimethylphenol",0.0000095,0,0.00000662,0,0,0.0000344,0.0000129,0.00000642,0,0,0,0,0,0
3-Amino-2-piperidone,0.00000543,0.0000191,0.0000209,0.00000261,0.0000111,0.00000379,0.0000107,0.00000503,1.54022E-05,2.97321E-05,1.65911E-05,1.80755E-05,2.12085E-05,2.87996E-05
3-Aminoisobutyric acid,0,0,0,0,0,0,0,0,0,0,0,0,0,0.0001242
3-Buten-2-one,0.00001187,0.0000333,0.0000428,0.00000878,0.0000313,0.00001802,0.0000238,0.00001661,0,0,0,0,0,0
3-Deoxyhexitol,0,0.00000549,0.00000526,0,0.00000359,0.000000658,0,0,3.55057E-06,2.9119E-06,3.06451E-06,4.76632E-06,0,2.62223E-06
"3-Ethyl-3-methyl-pyrrolidine-2,5-dione",0.00000857,0.00000814,0.0000136,0.00000509,0.0000105,0.00004,0.0000163,0,1.26066E-05,0,1.08037E-05,1.55174E-05,2.15434E-05,1.87355E-05
3-Hexenedioic acid,0.00000387,0.00000931,0.00000286,0.00000123,0.00000613,0.00000238,0.00000652,0.0000206,2.03767E-05,3.60389E-05,1.8498E-05,2.81406E-05,1.75674E-05,3.13891E-05
"3-Hydroxy-2,3-dihydromaltol",0.0000222,0,0.0000981,0.0000155,0.0000161,0.0000394,0.00000437,0.0000061,1.58596E-05,1.57892E-05,2.908E-05,0,2.23685E-05,2.4026E-05
3-Hydroxybutyric acid,0.00000501,0.00000596,0.0000155,0.00000935,0.00000848,0.00000532,0.00000597,0.0000328,1.71276E-05,1.63319E-05,2.44265E-05,2.93422E-05,1.68291E-05,1.91641E-05
3-Hydroxyisovaleric acid,0.00000507,0.0000133,0.0000288,0.00000498,0.0000186,0.0000139,0.00000216,0.0000143,0,9.6526E-06,9.9572E-06,9.81344E-06,9.01856E-06,0
3-Methyl-2-furoic acid,0.0000071,0.00000816,0.0000154,0.00000311,0.00000823,0.00000724,0.00000686,0.0000159,2.08699E-05,1.81791E-05,1.67122E-05,2.8454E-05,2.52666E-05,4.68299E-05
3-Methyl-2-oxovaleric acid,0.0000141,0.000012,0.0000115,0,0.0000224,0.00000518,0.00000338,0.0000117,0,0,0,0,0,9.57914E-05
3-Methylvaleric acid,0.00000774,0.00000771,0.0000141,0.00000531,0.00000916,0.00000952,0.00000964,0.00000922,2.78106E-06,5.73977E-07,0,0,0,8.07675E-05
3-O-methyl-beta-D-Glucopyranose,0.0000148,0.000000461,0.0000119,0.000000355,0.000000427,0.00000296,0.000000816,0.000000843,1.16491E-05,3.20153E-05,2.5756E-05,2.80711E-05,5.76423E-06,1.61277E-05
3-Oxo-1-cyclohexene-1-carboxylic acid ,0.00000733,0.000008,0.0000156,0.00000635,0.0000104,0.0000116,0.0000109,0.00000856,0,0.000109744,0,0,0,0
"3-Pentenoic acid, 4-methyl",0,0.00000556,0.0000164,0.00000158,0.0000163,0.00000689,0.000024,0,0,0,0,0,0,0
3-Pyridylcarbinol,0.0000112,0.0000111,0.0000176,0.0000085,0.000012,0.0000186,0.00000737,0.0000162,1.882E-05,2.35274E-05,1.97904E-05,3.43342E-05,2.60455E-05,2.94683E-05
3-hydroxypalmitic acid,0.00000895,0,0,0,0,0,0,0,1.35193E-05,0,0,0,0,0
3-Undecene,0,0.00000688,0,0.00000599,0.00000955,0.000011,0,0,4.37073E-06,5.36015E-06,5.29897E-06,5.00554E-06,4.65353E-06,5.13813E-06
pyrazole,0.00000766,0.00000771,0.000015,0.00000609,0.0000108,0.0000117,0.0000108,0.00000894,6.47328E-06,2.47354E-05,8.02764E-06,4.37162E-05,3.52278E-05,0
4-hydroxy-3-penten-2-one,0.00000384,0.000000995,0.00000136,0.00000444,0.0000141,0.00000722,0.0000125,0.00000499,0,1.99977E-05,3.26672E-05,3.19304E-05,0,3.17644E-05
4-Aminobenzoic acid,0.00000749,0.00000752,0.00000669,0.00000326,0.00000584,0.0000175,0.0000171,0.0000231,6.48369E-06,1.88617E-05,1.98695E-05,0,3.26594E-05,7.51719E-05
4-Coumaric acid,0.0000139,0.0000154,0.0000334,0.00000927,0.0000169,0.0000278,0.0000141,0.00000811,3.37862E-06,2.52889E-06,2.7003E-06,3.88139E-06,1.42959E-05,4.8696E-06
4-Hydroxy-5-(hydroxymethyl)oxolan-2-one,0.0000111,0.00000678,0.0000131,0.00000553,0.0000102,0.0000136,0.0000124,0.0000171,8.95454E-06,1.66805E-05,1.06163E-05,1.25662E-05,9.71162E-06,7.19255E-06
4-Hydroxybenzaldehyde,0.00000818,0.0000239,0.000018,0.00000545,0.0000136,0.0000119,0.00000959,0.0000221,2.8221E-05,2.40328E-05,2.77366E-05,2.90179E-05,2.26756E-05,2.93774E-05
4-Hydroxybenzeneacetic acid,0.0000193,0.0000107,0.0000064,0.00000428,0.0000118,0.00000429,0.0000155,0.00000296,8.85092E-06,5.65065E-06,8.43453E-06,8.46913E-06,4.32909E-06,1.02336E-05
4-Hydroxybenzoic acid,0.00000673,0.0000158,0.0000145,0.00000504,0.0000107,0.0000104,0.0000109,0.00000997,2.64961E-05,1.68596E-05,2.44647E-05,2.28009E-05,1.66898E-05,2.32104E-05
4-Hydroxybutanoic acid,0.0000085,0.0000122,0.0000327,0.00000578,0.000016,0.0000116,0.0000103,0.0000093,0,0,4.79076E-06,1.0719E-05,0,0
4-Hydroxyphenyllactic acid,0.0000039,0.00000585,0.00000801,0,0.0000102,0.00000374,0.00000252,0.00000143,1.35196E-05,2.79289E-05,0,1.11013E-06,1.22805E-05,9.01513E-06
4-Methoxyphenol,0.00000747,0.00000823,0.0000164,0.00000543,0.0000113,0.0000106,0.0000101,0.00000564,1.67181E-05,0,1.67429E-05,2.01055E-05,1.83957E-05,2.37338E-07
4-Methyl-5-thiazoleethanol,0.00000469,0.00000762,0.0000298,0.00000739,0.000022,0.0000196,0.0000146,0.0000224,2.97441E-05,2.62426E-05,1.65281E-05,2.32516E-05,2.46934E-05,2.65882E-05
4-Methylvaleric acid,0.00000512,0.00000858,0.0000142,0.00000697,0.0000109,0.0000139,0.00000289,0.0000125,7.95541E-06,8.64749E-06,1.00415E-05,1.10399E-05,8.284E-06,9.51308E-06
"4-Nonanone, 2,6,8-trimethyl",0.0000074,0.00000791,0.0000195,0.00000609,0.0000102,0.0000112,0.00000915,0.0000106,0,0,0.000322704,0,0,0
4-Pyridinol,0.00000303,0.00000722,0.0000238,0.00000631,0.00000951,0.00000546,0.0000166,0.000019,2.57128E-05,2.75631E-05,2.55329E-05,3.2045E-05,1.89913E-05,3.17672E-05
4-Pyrimidinamine,0.00000583,0.0000172,0.0000196,0.00000195,0.0000131,0.00000451,0.00000797,0.00000977,0,0,0,2.51488E-05,0,0
4-hydroxycyclohexylacetate,0.00001,0.0000128,0.0000216,0.00000807,0.0000154,0.0000245,0.0000132,0.0000155,6.84246E-05,2.38834E-05,0,3.60946E-05,4.10761E-05,0.00010714
"5,10-Diethoxy-2,3,7,8-tetrahydro-1H,6H-dipyrrolo[1,2-a:1',2'-d]pyrazine",0.00000682,0.00000519,0.00000904,0.00000263,0.0000194,0.00000485,0.00000583,0.00000386,1.47935E-05,0,0,4.88663E-05,0,0
"5,8,11-Eicosatrienoic acid",0.0000122,0.00000639,0.0000261,0.00000353,0.0000153,0.0000337,0.0000145,0.00000906,1.13657E-05,1.64036E-05,1.48454E-05,1.61221E-05,1.31324E-05,0
5alpha-Ergost-8(14)-ene,0.00000218,0,0,0.0000101,0.00000459,0,0.00000911,0.00000493,0,0,0,0,0,0
5-Amino-1-pentanol,0,0.0000103,0.0000123,0.00000143,0.00000779,0.00000262,0.0000102,0.00000326,0,0,0,0,0,0
5-Aminovaleric acid,0.0000146,0.0000129,0,0.000000646,0.0000112,0.00000196,0.000009,0.0000065,9.14263E-06,4.45994E-06,4.62737E-06,1.53859E-05,1.17752E-05,1.38154E-05
"5-Androsten-17alpha-methyl-3beta,17beta-diol",0.0000124,0.00000984,0.00000258,0.000000512,0.00000872,0.00000257,0.0000305,0.000000499,0,0,0,5.62674E-05,0,0
5-Henicosylresorcinol,0.000015,0.0000131,0.0000103,0.00000672,0.00000387,0.0000074,0.00000663,0.0000021,0,0,0,0,0,0
5-Hydroxy-2-methylpyridine,0.0000102,0.0000089,0.0000189,0.00000581,0.0000137,0.0000145,0.0000116,0.0000144,0,0,0,0,0,0
5-Hydroxymethyl-2-furoic acid,0.00000956,0.0000104,0.0000205,0.00000635,0.0000107,0.0000176,0.0000124,0.0000119,6.79955E-05,0.000107488,4.9478E-05,2.50842E-05,1.91303E-05,3.06141E-05
5-Methyluridine,0.00000419,0.0000168,0.000026,0.00000677,0.0000165,0.0000121,0.00000607,0.0000114,1.27053E-05,1.27949E-05,4.22124E-05,3.18898E-06,1.32548E-05,2.41067E-05
5-Oxohexanoic Acid,0.00000811,0.00000824,0.0000169,0,0.0000114,0,0.0000104,0,0,0,2.70806E-05,0,0,0
5-hydroxy-n-valeric acid,0.0000131,0.0000124,0.0000279,0.0000146,0.0000184,0.0000112,0.00000948,0.00000231,0.000223293,0,0,0,0,0
6-Hydroxyhexanoic acid,0.00000808,0.00000998,0.000021,0.00000733,0.000013,0.0000125,0.00000925,0.0000122,2.33311E-05,2.39258E-05,2.35375E-05,0,0,0
"7,9-Di-tert-butyl-1-oxaspiro(4,5)deca-6,9-diene-2,8-dione",0.00000808,0.00000745,0.0000261,0.00000633,0.0000102,0.0000117,0.0000111,0.00000911,8.15627E-06,9.07867E-06,8.31065E-06,1.36402E-05,9.65587E-06,1.25969E-05
8-Hydroxy-5-(hydroxymethyl)quinoline,0.0000119,0.0000247,0.0000514,0.00000291,0.0000311,0.0000226,0.0000137,0.00000644,1.34098E-05,2.26969E-05,1.83179E-05,3.94042E-05,1.90262E-05,1.52135E-05
8-Hydroxyquinoline-2-carbaldehyde,0.0000187,0.00000528,0.0000098,0.00000576,0.00000661,0.00000911,0.0000178,0,0,0,0,0,0,0
"9,12-Octadecadienoic acid",0.0000108,0.0000168,0,0,0.0000017,0.000000148,0,0.000000917,0,0,0,0,0,0
9H-Purin-6-ol,0.00000221,0.0000131,0.0000204,0.00000164,0.00000385,0.00000732,0.00000238,0.00000486,2.66206E-05,1.50151E-05,2.09715E-05,2.63062E-05,1.13872E-05,2.14957E-05
9-Octadecen-1-ol,0,0.00001,0.00000356,0,0.00000985,0,0.00000541,0,1.33099E-05,6.81564E-06,1.19208E-05,1.75681E-05,2.2472E-05,1.64139E-05
9-Octadecenamide,0.00000661,0.00000693,0.000014,0.00000644,0.00000936,0.0000114,0.0000101,0.00000811,3.68937E-06,0,2.44829E-06,0,3.62651E-05,2.60879E-06
9-Octadecenenitrile,0.0000073,0.00000979,0.0000195,0.0000069,0.0000131,0.0000135,0.0000125,0.00000899,0,0,0,0,0,0
9-Octadecenoic acid,0.00002298,0.00000482,0.00002758,0.00001213,0.00002138,0.000029,0.00000537,0.0000229,5.73425E-06,7.86204E-06,7.21033E-06,8.01784E-06,1.02922E-05,6.95057E-06
"Acetamide, N-(2-butyl)-N-methyl-",0.0000082,0.00000873,0.00000984,0.00000606,0.0000109,0.0000116,0.0000114,0.00000876,8.74434E-06,1.33175E-05,7.72753E-06,1.34339E-05,1.20839E-05,1.34981E-05
"acetic acid, [(2-hydrloxyethyl)thio]-",0.0000072,0.0000107,0.0000101,0.00000411,0.0000165,0.0000121,0.0000129,0.000000802,0,0,0,0,0,0
"Acetin, 1,3-dihydroxy",0.00000946,0.00000685,0.0000102,0.00000428,0.00000905,0.00000834,0.00000842,0.0000129,0,0,0,0,0.000102989,0
Acetoacetic acid,0.00000972,0.00000905,0.0000234,0.0000065,0.0000118,0.0000147,0.00000909,0.0000106,1.07118E-05,1.35116E-05,1.01328E-05,0,1.19519E-05,1.07627E-05
Aconitic acid,0,0.0000118,0,0,0.0000118,0,0.00000872,0,1.24258E-05,1.37738E-05,1.12918E-05,1.71629E-05,2.04983E-05,0
alpha-D-(+)-Talopyranose,0,0,0.000000536,0,0.00000151,0.0000034,0.00000116,0,1.07293E-05,1.40429E-05,1.07502E-05,1.96095E-05,2.08933E-05,1.49631E-05
"alpha-D-Glucopyranoside, methyl 2-(acetylamino)-2-deoxy-3-hydroxy-, cyclic methylboronate",0,0,0,0.00000237,0,0,0,0,0,0,0,0,0,0
alpha-D-Mannopyranose,0,0.0000168,0,0,0,0,0,0.0000167,0,0,0,0,0,0
alpha-D-Xylopyranose,0.00000753,0.0000273,0.0000256,0.000005,0.0000175,0,0.00000554,0.000016,4.43704E-07,0,0,1.55149E-06,0,0
alpha-Ketoisovaleric acid,0.00000716,0.00000686,0.0000547,0.00000426,0.00000888,0.00000911,0.000011,0.00000139,1.82368E-05,1.78354E-05,0,0,0,0
alpha-L-(-)-Fucopyranose,0.00000217,0.000017,0.0000245,0.00000459,0.0000158,0,0.00000556,0,0,1.05719E-06,1.63847E-06,0,2.57233E-06,3.63601E-06
"alpha-L-Galactofuranose, 6-deoxy-",0,0,0,0,0.000000158,0,0,0,0,9.31968E-07,2.36081E-06,0,0,0
alpha-Linolenic acid,0.00000219,0.0000155,0.000012,0.0000069,0.0000164,0.000011,0,0.0000097,6.77259E-06,0,0,5.46058E-06,1.80645E-06,2.54168E-05
alpha-Tocopheryl acetate,0.00000476,0.000015,0.0000143,0.00000443,0.0000174,0,0,0.00000484,4.25755E-07,0,0,0,1.71864E-07,1.81714E-07
Anthranilic acid,0.00001957,0.00002848,0.0000493,0.00001062,0.0000281,0.00000762,0.0000246,0.0000174,1.74079E-05,1.96245E-05,1.56896E-05,2.04958E-05,1.8845E-05,1.95489E-05
Arabinitol,0.00000651,0.00000575,0.0000127,0.00000944,0.0000075,0.000024,0.00000773,0.0000342,0,0,0.0001435,0,0,0
"Arabinofuranose, 1,2,3,5-tetrakis",0.0000127,0.0000005,0.0000438,0.00000733,0,0.0000193,0.0000167,0.0000151,1.3048E-05,1.49691E-05,1.12297E-05,3.1666E-05,2.05064E-05,1.36085E-05
"Arabino-Hexonic acid, 2-deoxy-, gamma-lactone",0,0,0,0,0,0,0,0,4.68777E-06,1.5883E-05,8.0232E-06,2.1937E-05,3.56884E-05,2.14759E-05
Arabinose,0.0000148,0.0000115,0.0000428,0.00000883,0.0000142,0.0000176,0.0000137,0.000015,0.000165991,1.37382E-05,0,0,6.23049E-07,0
Arachidic acid,0.0000084,0.00000738,0.0000113,0.00000608,0.0000103,0.0000117,0.00000919,0.0000127,8.6933E-06,9.70902E-06,9.6032E-06,1.04272E-05,9.85778E-06,1.01803E-05
Azelaic acid,0,0.00000696,0.00000492,0.00000375,0.00000788,0.0000058,0.00000493,0.0000117,0,0,0,0,0,0
"Azetidine, 1-acetyl-2-methyl",0.00000998,0.00000582,0.0000108,0.00000674,0.0000102,0.0000109,0.0000082,0.0000084,1.10067E-05,9.63722E-06,1.03388E-05,9.95355E-06,1.00116E-05,1.7969E-05
Behenic acid,0,0.00000192,0.00000902,0.00000609,0.0000103,0.0000124,0,0.0000122,0,7.30049E-05,1.94334E-05,2.63923E-06,0,0
"Benzaldehyde, 2,5-dimethoxy",0.000000765,0.00000653,0.00000223,0.00000377,0.0000035,0.0000055,0.00000153,0.00000916,1.14507E-05,2.25269E-05,1.49651E-05,1.8949E-05,1.75832E-05,1.59476E-05
Benzeneacetic acid,0.0000158,0.0000102,0.00000895,0.00000447,0.0000092,0,0.000021,0,0,0,0,0,0,0
"Benzenepropanoic acid, 3,5-bis(1,1-dimethylethyl)-4-hydroxy-, methyl ester",0.00000692,0.00000567,0.0000122,0.00000503,0.00000788,0.00000941,0.00000941,0.00000898,0,1.15631E-05,3.03725E-06,1.42491E-05,1.12493E-05,1.6504E-05
Benzoic Acid,0.00000911,0.00000807,0.0000106,0.00000734,0.00000589,0.0000186,0.00000934,0.0000119,1.06098E-05,8.13361E-06,7.32521E-06,1.73432E-05,7.93671E-06,1.50241E-05
beta-Alanine,0.00002469,0.00001842,0.00001028,0.00001647,0.0000205,0.00003531,0.00001702,0.00003976,4.57855E-05,1.40821E-05,2.48024E-05,5.4333E-05,8.91851E-06,8.88368E-05
beta-Arabinopyranose,0.00000734,0.0000119,0.0000222,0.00000136,0.0000146,0.00000671,0.00000654,0.0000103,0,4.21216E-05,3.35521E-05,1.07949E-05,7.75946E-06,0
beta-D-(-)-Ribopyranose,0.00000935,0.0000177,0.0000414,0.00000464,0,0.00000896,0.00000322,0.0000103,1.98919E-05,2.065E-05,3.6819E-05,2.81583E-05,1.41678E-05,2.09462E-05
"beta-D-Galactopyranoside, methyl-, acetate",0.00000391,0.0000106,0.0000505,0.0000107,0.0000112,0.0000129,0.0000125,0.0000162,4.88542E-05,0,0,0,7.68243E-06,0
"beta-d-Glucopyranose, 2-(acetylamino)-3,6-anhydro-2-deoxy",0.00000664,0.00000795,0.0000158,0.00000562,0.00000991,0.0000173,0.000014,0.0000165,1.37884E-05,1.85896E-05,1.0641E-05,1.74343E-05,1.82587E-05,1.76326E-05
Butanedioic acid,0.0000129,0.0000141,0.0000179,0.00000666,0.0000179,0.0000122,0.0000124,0.00000457,1.07771E-05,9.05247E-06,1.10048E-05,1.04677E-05,9.71359E-06,1.26812E-05
"Butanoic acid, 3,4-dihydroxy-",0.0000101,0.0000169,0.0000355,0.00000987,0.0000218,0.0000174,0.0000116,0.0000149,0,0,0,0,0,0
Butyl Succinate,0.0000106,0.0000232,0.0000501,0.00000632,0.0000195,0.00000955,0.00000831,0.00000397,8.8267E-06,2.62427E-05,2.15652E-05,1.06548E-05,2.21395E-05,7.26864E-06
Cadaverine,0.00000475,0.0000166,0.0000139,0.00000385,0.0000126,0.00000276,0.0000112,0.0000107,0,0,0,0,0,0
Caffeic acid,0.0000106,0.000014,0.0000201,0.00000915,0.00000988,0.0000245,0.00000823,0.0000139,0,0,0,0,0,0
Campesterol,0.0000109,0.0000139,0.00000751,0.00000264,0.0000113,0.00000744,0.0000065,0.00000669,0,1.85803E-05,2.95767E-07,0,4.44989E-06,1.11797E-05
Cholesterol,0.000011,0.0000101,0.00000714,0.00000354,0.00000828,0.00000713,0.00000859,0.00000731,3.25171E-06,3.85026E-06,3.49464E-06,5.73295E-06,4.10887E-06,4.80424E-06
Cinnamic acid,0.0000116,0.0000114,0.0000191,0.00000732,0.0000127,0.0000135,0.0000119,0.0000115,4.19615E-05,0,0,4.35083E-05,4.8349E-05,6.03383E-05
"cis,cis,cis-1-Isobutyl-2,5-dimethylcyclohexane",0.0000108,0.00000434,0.0000121,0.00000789,0.0000115,0.00000887,0.0000113,0.0000116,1.38453E-05,0,1.48178E-05,2.65261E-05,1.28965E-06,7.34586E-07
"cis-4,5-Dihydroxy-o-dithiane",0.00000859,0.00000777,0.0000201,0.00000526,0.00000874,0.00000955,0.0000107,0.0000154,2.28546E-05,1.7283E-05,1.67796E-05,2.20266E-05,2.58133E-05,2.84665E-05
Citric acid,0,0.00000467,0.00000498,0,0,0,0,0.000012,5.54462E-06,1.04201E-05,1.06359E-05,8.66497E-06,6.97846E-06,7.25365E-06
Cyclo(L-prolyl-L-valine),0.0000047,0.00000385,0.000027,0.00000712,0.0000149,0.0000202,0.00000784,0.0000312,8.06248E-06,7.75163E-06,6.80449E-06,8.29671E-06,8.51787E-06,8.56312E-06
Cyclohexanecarboxylic acid,0,0.00000565,0,0,0,0,0,0.0000376,0,0,0,8.35221E-07,0,3.34641E-05
Cyclohexanemethanol,0.0000117,0.0000132,0.0000228,0.00000747,0.0000153,0.0000193,0.000016,0.0000118,1.14515E-05,1.759E-05,1.1692E-05,1.42133E-05,1.40672E-05,3.4028E-06
Cyclohexanol,0.00000569,0.0000101,0.000013,0.00000233,0.00000739,0.00000715,0.0000139,0.0000113,1.49196E-05,2.38656E-05,3.10968E-06,1.97741E-05,2.59276E-05,2.23203E-05
"Cyclopenta[g]-2-benzopyran, 1,3,4,6,7,8-hexahydro-4,6,6,7,8,8-hexamethyl",0.0000113,0.00000442,0.00000522,0.00000632,0.00000731,0.00000828,0.00000874,0.0000106,8.44602E-06,7.01795E-06,1.01224E-05,9.45415E-06,9.57036E-06,9.71477E-06
"Cyclopentanone, 2,4,4-trimethyl",0.00000749,0.00000754,0.0000136,0.00000626,0.00000941,0.0000113,0.0000103,0.00000874,0,0,0,0,0,0
Cytosine,0.00000903,0.0000213,0.0000286,0.00000836,0.0000132,0.0000194,0.0000194,0.00002,4.67452E-05,2.74709E-05,1.92502E-05,9.02741E-05,1.78958E-05,2.99987E-05
D-(-)-Citramalic acid,0.00000543,0.0000121,0.0000124,0.00000395,0.00000768,0.00000814,0.00000789,0.00000862,0,0,0,0,0,0
D-(-)-Fructofuranose,0.0000092,0.0000292,0.00003,0.00002053,0.0000379,0.0000395,0.00002641,0.0000363,5.57718E-05,3.09154E-05,3.98729E-05,4.76864E-05,5.37005E-05,6.11065E-05
D-(-)-Fructopyranose,0.0000126,0.0000125,0.0000252,0.00000816,0.0000177,0.0000166,0.00000243,0.0000179,2.16901E-05,3.08058E-06,9.65574E-06,1.95788E-05,4.61699E-05,1.24675E-06
D-(-)-Ribofuranose,0.00001456,0.0000377,0.00005701,0.00001085,0.00002596,0.0000231,0.00001464,0.00002184,1.69547E-05,3.85863E-06,4.07561E-06,3.10574E-05,3.31993E-05,1.92559E-05
D-(+)-Galactopyranose,0.00001342,0.00001958,0.0000478,0.00001485,0.0000254,0.0000281,0.00001939,0.00000739,8.36917E-05,8.28269E-05,0,0.00010927,9.76948E-05,7.63259E-05
D-(+)-Glucosamine,0.00000905,0.0000171,0.00002,0.00000733,0.0000149,0.000019,0.00000943,0.0000178,5.13022E-05,2.41715E-05,0,5.4969E-05,2.62807E-05,5.16874E-05
"D-(+)-Ribono-1,4-lactone ",0.00000802,0.0000141,0.000044,0.0000084,0.000021,0.0000169,0.0000118,0.0000166,8.40564E-05,0.000104548,0,0,0,0
D-(+)-Talofuranose,0.00002673,0.000006,0.0000707,0.0000162,0.0000377,0.0000138,0.00002354,0.0000147,0,1.05882E-05,1.36435E-06,7.34425E-05,1.27991E-06,0
D-Allofuranose,0,0,0,0,0,0,0,0.000000139,8.71224E-06,8.56963E-06,3.4646E-06,3.83273E-06,2.0782E-06,4.32955E-06
D-Arabinose,0.0000114,0.000018,0.0000283,0.00000849,0.0000172,0.00000955,0.00000972,0.00000965,0,2.00665E-05,2.18512E-05,0,4.31923E-05,0
Decanoic acid,0.00000414,0.0000162,0.0000116,0.00000226,0.0000118,0.00000479,0.00000844,0.00000634,2.66446E-05,8.26404E-06,6.92862E-06,8.12918E-06,7.73048E-06,7.24509E-06
Decyl oleate,0.000000236,0.0000141,0.0000103,0,0.0000148,0,0.00000792,0,8.31788E-06,9.11461E-06,7.34311E-06,4.85245E-06,0,4.5519E-06
Dehydroabietic acid,0.00000936,0.00000286,0.00000142,0.0000164,0.00000985,0.0000293,0,0.0000132,5.64319E-06,4.80037E-06,1.37491E-05,0,7.98361E-06,5.72142E-06
Deoxycholic Acid,0.0000115,0.00000959,0.0000156,0.00000529,0.00000711,0.00000768,0.0000135,0.00000731,0,0,0,0,0,0
Deoxyribopyranose,0.00000201,0.000000948,0,0,0,0,0.0000127,0.00000531,0,2.8009E-07,1.58145E-06,1.10222E-05,0,0
"D-Erythro-Pentitol, 2-deoxy-",0.00000436,0,0.0000232,0.000000772,0,0.0000198,0.00000335,0,3.26809E-06,2.11984E-05,1.1666E-05,1.9033E-05,1.06905E-05,1.28228E-06
"D-Erythro-Pentofuranose, 2-deoxy-1,3-bis-O-posphate",0.00000194,0.00000786,0,0.00000497,0.00000425,0.00000221,0.00000468,0.0000272,3.08821E-05,2.7345E-05,1.39926E-05,3.12781E-05,0,3.52061E-05
d-Erythrotetrofuranose,0.00000302,0.000011,0.0000145,0,0,0,0,0.00000533,0,2.22578E-05,0,2.44216E-05,1.45491E-06,9.5454E-06
Desmethylverapamil,0.00000138,0.00000487,0.00000874,0,0.00000257,0,0.0000284,0.00000358,0,0,0,0,0,0
D-Fructose,0.00000623,0.0000109,0.0000148,0.00000162,0.00000441,0.0000122,0.00000907,0.0000126,0,2.41752E-06,7.39203E-05,1.30251E-05,1.12225E-05,7.95354E-05
D-Fucitol,0,0.0000045,0,0,0.0000078,0.00000241,0,0,7.45115E-06,0,1.12555E-05,6.0978E-06,9.21989E-06,8.11841E-06
D-Glucose,0.00000663,0.0000131,0.0000221,0.00000968,0.0000183,0.0000218,0.00000627,0.0000108,2.25945E-05,3.2708E-05,2.38005E-05,3.7653E-05,0,2.55092E-05
Dihydrouracil,0.00000718,0.00000778,0.0000252,0.000026,0.0000119,0.0000456,0.00000775,0.00000721,2.09584E-05,2.10649E-05,1.71455E-05,2.37647E-05,1.28323E-05,2.01039E-05
Dihydroxyacetone,0.0000103,0.00000958,0.000032,0.00000651,0.0000186,0.0000132,0.000011,0.0000116,2.58321E-05,3.57605E-05,2.30853E-05,5.34553E-05,2.35139E-05,9.67636E-06
"Dimethyl hexopyranosiduronate, alpha-D",0.0000128,0.000048,0,5.17E-08,0.000000644,0.00000291,0.0000128,0.0000265,0,0,0,1.37511E-06,0,5.41417E-05
DL-Phenylalanine,0.00000728,0.0000183,0.0000155,0.00000563,0.000016,0.0000115,0.0000188,0.0000154,2.81586E-05,1.17517E-05,1.75479E-05,2.21679E-05,9.9227E-06,2.89171E-05
D-Mannopyranose,0,0.0000207,0.0000306,0.00000167,0.0000176,0.00000199,0,0,1.52222E-05,7.81879E-06,1.8489E-05,1.4536E-05,8.61222E-06,9.02961E-06
D-Mannose,0.00000026,0,0,0,0,0,0,0,1.68423E-05,1.95694E-05,1.59167E-05,2.63688E-05,2.42472E-05,1.93621E-05
Dodecanamide,0.0000065,0.00000696,0.0000122,0.00000636,0.00000871,0.0000104,0.0000104,0.00000962,0,0,9.44918E-05,6.49772E-05,0,0
"Dodecanoic acid, isooctyl ester",0.00000473,0.00000275,0,0.00000247,0.00000746,0,0,0.00000879,0,0,0.000110309,0,0,0
Dodecanoic acid,0.00000633,0.0000048,0.0000138,0.0000026,0.00000623,0.00000396,0.00000572,0.00001814,0,0,0,0,0,0
D-Psicofuranose,0.0000115,0,0.0000037,0.00000148,0.000022,0.0000251,0.0000122,0,2.9251E-06,1.52165E-06,0,0,4.85592E-07,0
D-Ribofuranose,0,0,0.0000095,0,0.0000049,0,0,0,0,7.25707E-05,0,0,0.00010803,0
D-Ribose,0,0,0,0,0,0.00000908,0,0.0000189,3.93446E-07,0,0,1.75125E-05,2.41724E-05,3.44393E-05
D-Xylopyranose,0,0,0,0,0,0,0,0,0,0,0,0,0.000118999,0
D-Xylose,0.00001,0.0000173,0.0000296,0.0000137,0.0000169,0.0000188,0.0000111,0.00000865,7.05857E-06,2.75087E-05,1.84618E-05,3.28117E-05,2.8047E-05,1.24471E-05
"Erythrono-1,4-lactone",0.00001154,0.0000205,0.0000356,0.00001023,0.0000228,0.00001852,0.00001416,0.00002076,2.96315E-05,5.32745E-05,4.01927E-05,3.95836E-05,3.01448E-05,2.93164E-05
Ethanolamine,0.00001918,0.000012,0.0000343,0.00001047,0.00001893,0.00003014,0.00001658,0.00002787,1.6203E-05,2.73531E-05,4.99986E-06,4.08419E-05,5.86018E-06,3.33311E-05
Ethyl alpha-D-glucopyranoside,0,0.000016,0.0000445,0.00000985,0.0000124,0.0000102,0.00000724,0.0000109,0,0,0,0,9.97335E-06,1.76119E-06
Ethyl glycolate,0.0000076,0.00000981,0.0000522,0.00000803,0.0000116,0.0000144,0.0000078,0.00000953,1.75204E-05,1.0632E-05,1.83023E-05,2.10218E-05,0,1.36141E-05
Ferulic acid,0.00000954,0.0000209,0.0000291,0.0000108,0.0000147,0.0000172,0.0000103,0.0000152,6.98145E-06,3.23417E-05,1.67601E-05,1.36461E-05,1.57939E-05,9.3963E-06
"Gluconolactone (3R,4S,5R,6R)",0.00000411,0.0000109,0,0.00000416,0.0000106,0.00000877,0.00000747,0.0000143,5.2324E-06,1.00654E-05,6.08642E-06,1.11145E-05,0,8.56605E-06
Glucopyranose,0,0,0.00000151,0,0,0,0,0,1.14929E-05,1.64663E-05,0,1.92317E-05,1.68903E-05,1.29566E-05
Glyceric acid,0.0000106,0.00000831,0.000015,0.00000751,0.000015,0.0000122,0.0000173,0.0000185,7.82763E-06,2.3001E-05,4.06383E-05,1.4713E-05,1.61595E-05,9.62268E-06
Glycerol monostearate,0.00000687,0.00000696,0.0000145,0.00000717,0.00000909,0.0000123,0.00000969,0.00000912,0,0.000326943,0,0,0,0
Glycerol tricaprylate,0,0.000017,0.00000974,0,0.0000171,0,0.00000535,0.0000016,0,0,1.74645E-06,5.92979E-05,0,0
Glycerol,0.0000115,0.00002062,0.0000331,0.00000224,0.000028,0.00001108,0.0000012,0.00001426,1.24496E-05,3.02224E-05,2.60419E-05,2.75227E-05,2.00984E-05,2.07099E-05
Glycolic acid,0.00000743,0.000008,0.0000177,0.00000609,0.0000121,0.0000129,0.00000989,0.0000105,1.74988E-05,1.61883E-05,1.85552E-05,1.77793E-05,1.37778E-05,1.60969E-05
"Guanidine, N,N-dimethyl",0.00000728,0.00000691,0.000012,0.00000635,0.00000931,0.0000117,0.0000102,0.00000786,8.93562E-06,1.03857E-05,8.83353E-06,1.08183E-05,1.03557E-05,1.03818E-05
"Gulonic acid, gamma-lactone",0.00000193,0.0000134,0.0000109,0.00000347,0.00000806,0.00000597,0.00000403,0.0000227,0,0,0,0,0,0
Heptadecanoic acid,0.00000627,0.00000533,0.00000744,0.00000432,0.00000689,0.00000754,0.00000673,0.0000117,7.48827E-06,8.27088E-06,7.95703E-06,8.78396E-06,8.90346E-06,8.64484E-06
Hexacosanoic acid,0.00000836,0.00000727,0,0.00000684,0.00001,0,0.00000799,0.00000995,0,0,0,0,0,0
"Hexadecanoic acid, 4-hydroxybutyl ester",0,0,0,0,0,0,0,0,0,0,6.47703E-06,0,0,9.60112E-06
"Hexadecanoic acid, ethyl ester",0.0000031,0,0.00000574,0.00000271,0.00000425,0.00000439,0,0.00000398,6.11105E-06,6.68071E-06,6.0905E-06,6.96353E-06,6.20181E-06,7.37795E-06
"Hexadecanoic acid, methyl ester",0.00000641,0.00000501,0.0000104,0.00000376,0.0000075,0.0000061,0.00000705,0.00000828,6.75107E-06,7.29748E-06,6.29303E-06,7.51525E-06,6.63883E-06,8.06093E-06
"Hexadecanoic acid, tetradecyl ester",0,0.00000131,0,0,0,0,0,0.000000326,0,0,5.23586E-09,0,2.66218E-05,0
Hexanedioic acid,0.00000944,0.00000682,0.0000139,0.00000759,0.00000947,0.00000975,0.00000961,0.000012,4.45975E-06,3.85936E-06,4.26694E-06,6.50265E-06,4.06417E-06,5.3253E-06
Hexanoic acid,0.00000939,0.00000612,0.0000146,0.00000855,0.00000594,0.0000163,0.00000941,0.00000958,0,0,0,0,0,0
"Hexonic acid, 3-deoxy-, gamma-lactone",0.00000966,0.0000091,0,0.00000696,0.0000118,0,0.0000137,0.00000972,4.74532E-06,4.07142E-06,0,2.53896E-06,0,1.26636E-05
"Hydantoin, 5-hydroxy",0.0000134,0.0000104,0.000032,0.0000191,0.0000147,0.0000388,0.0000101,0.00000841,0.000126079,0,0,0,0.000145613,0
Hydracrylic acid,0.0000099,0.00000973,0.0000251,0.00000774,0.0000146,0.0000157,0.000011,0.0000125,4.26846E-05,1.2747E-05,1.91664E-05,1.61946E-05,1.52113E-05,3.42146E-05
Hydroquinone,0.00000903,0.0000122,0.0000209,0.00000545,0.0000131,0.0000126,0.0000109,0.00000958,1.31842E-05,1.41622E-05,1.95901E-05,1.68593E-05,1.44325E-05,1.54418E-05
Hymexazole,0.00000617,0.00000912,0.0000228,0.00000654,0.0000121,0.0000176,0.00000838,0.0000152,1.66E-05,2.14249E-05,1.95291E-05,1.97399E-05,1.69247E-05,1.76437E-05
Idoxuridine ,0.00000198,0,0.00000158,0.00000154,0,0.00000595,0.0000103,0.00000892,0,2.59165E-05,1.29839E-05,2.31569E-05,1.29681E-05,7.39898E-06
"Inosose-2, myo",0.00000618,0.00000766,0.0000205,0.00000511,0.00000985,0.0000117,0.00000614,0.0000227,7.94728E-06,1.2402E-05,5.43705E-06,8.18105E-06,1.09824E-05,1.34205E-05
Isocitric acid lactone,0.00000741,0.00000766,0.0000162,0.00000614,0.0000104,0.0000112,0.0000121,0.00000914,1.24038E-05,1.26536E-05,0,2.03177E-05,0,3.05322E-05
Isonicotinic Acid,0.0000077,0.0000105,0.0000186,0.00000682,0.0000124,0.0000136,0.0000112,0.00000996,0,4.50469E-05,0,0,0,0
Isopropyl myristate,0.00000603,0.00000456,0.0000138,0.00000505,0.0000115,0.00000746,0.0000156,0.0000084,9.04606E-06,8.99633E-06,7.80645E-06,9.28195E-06,8.7588E-06,9.91712E-06
Isopropyl palmitate,0.00000502,0.00000767,0.0000184,0.00000522,0.0000121,0.0000085,0.0000143,0.00000658,2.93487E-09,8.70226E-06,8.75921E-06,1.02332E-05,8.96971E-06,1.0039E-05
Itaconic acid,0.0000085,0.0000111,0.000022,0.00000502,0.0000134,0.00000592,0.0000142,0.0000102,6.34429E-05,0,2.30564E-05,0,8.92095E-06,0
Ketamine,0.00000217,0.00000396,0.0000397,0.0000154,0.0000136,0.0000144,0.0000109,0.00000601,1.29363E-05,4.20716E-06,5.82536E-06,7.65719E-06,6.92965E-06,2.08383E-05
Kojic acid,0.0000131,0.0000115,0.0000229,0.0000056,0.0000131,0.0000136,0.00000797,0.0000112,3.24063E-05,2.51266E-05,2.94155E-05,1.89346E-05,0,2.58058E-05
L-(-)-Sorbofuranose,0.0000133,0.00000732,0,0.0000069,0.0000103,0.0000214,0.000000279,0.0000189,0,0,2.76175E-05,0,1.02239E-06,7.91449E-05
L-(+)-Lactic acid,0.00000461,0.0000208,0.000075,0.00000483,0.0000287,0.00000902,0.00000731,0.00000193,0,0,0,0,0,0
L-(+)-Rhamnopyranose,0.000011,0.0000147,0.0000392,0.00000948,0,0.0000181,0.0000142,0,1.31385E-05,1.2295E-05,1.50397E-05,1.30605E-05,1.35312E-05,1.84322E-05
L-5-Oxoproline,0.00000879,0.0000105,0.0000127,0.00000451,0.0000101,0.00000934,0.00000919,0.0000199,1.96702E-05,1.3495E-05,1.99925E-05,2.37016E-05,1.36808E-05,2.41469E-05
Lactic Acid,0.00001012,0.0000181,0.0000553,0.00001593,0.0000349,0.0000334,0.00001658,0.0000274,2.34135E-05,2.71032E-05,2.90702E-05,2.87615E-05,2.90123E-05,3.59517E-05
L-Alanine,0.00000893,0.00000963,0.00000732,0.0000119,0.00000626,0.0000315,0.00000852,0.0000364,0.000219934,0,0,0,0,0
L-Aspartic acid,0.0000201,0.0000352,0.0000247,0.00000858,0.0000268,0.0000266,0.0000351,0.000042,4.60097E-05,2.68218E-05,4.23616E-05,1.92823E-05,3.03744E-05,2.30186E-05
Levoglucosan,0.0000093,0.0000115,0.0000231,0.00000997,0.0000132,0.0000172,0.00000918,0.000011,6.11735E-06,6.63553E-06,5.63685E-06,1.02483E-05,6.64987E-06,5.96906E-06
Levulinic acid,0.0000116,0.00000913,0.0000166,0.00000662,0.0000138,0.0000148,0.0000123,0.0000137,1.79784E-05,9.35542E-06,8.12679E-06,1.02641E-05,9.4477E-06,9.94009E-06
L-Fucose,0.00000932,0.0000161,0.0000393,0.00000794,0.0000194,0.0000192,0.0000134,0.00000717,1.12784E-05,2.38709E-05,1.14296E-05,2.29256E-05,1.85584E-05,1.78691E-05
L-Glutamic acid,0.0000105,0.00001062,0.00001426,0.00000585,0.00001281,0.00001389,0.00001193,0.0000818,4.60352E-05,1.70263E-05,3.68901E-05,4.70051E-05,1.9409E-05,5.63273E-05
Lignoceric acid,0.00000956,0.00000733,0.00000831,0.00000573,0,0.0000118,0,0.00001,0,3.01569E-05,0,0,0,0
L-Isoleucine,0.00002262,0.0000455,0.0000387,0.00001813,0.0000426,0.00004525,0.000051,0.0000605,2.5335E-05,4.49369E-05,4.21102E-05,6.97055E-05,3.84728E-05,8.41276E-05
L-Leucine,0.00001184,0.0000319,0.0000254,0.00001382,0.000025,0.0000336,0.0000321,0.000044,5.99823E-05,0,3.23084E-05,5.27718E-05,2.9096E-05,2.06287E-05
l-Leucyl-l-valine,0.00000438,0.00000883,0.0000103,0.00000314,0.00000999,0.00000677,0.0000102,0.0000131,4.32552E-05,1.91539E-05,2.22135E-05,2.78745E-05,4.97962E-05,3.19926E-05
L-Proline,0.00001733,0.0000285,0.00002664,0.0000164,0.0000255,0.0000381,0.0000338,0.0000107,2.25038E-05,2.05175E-05,2.89367E-05,2.45348E-05,1.82022E-05,4.72597E-05
L-Rhamnose,0.0000147,0.0000165,0.0000465,0.000000325,0.000025,0.0000199,0.0000141,0.00000848,7.8656E-06,2.01022E-05,2.10727E-05,1.67482E-05,4.56025E-05,2.13003E-05
"L-Sorbopyranose, (1S,2R,3S)",0.00000593,0.00000406,0,0,0,0,5.47E-08,0.0000572,0,0,5.05849E-05,0,0,8.63939E-05
L-Threonine,0.0000207,0.000028,0.0000332,0.00001256,0.0000341,0.0000347,0.0000427,0.00002669,3.67752E-05,3.82782E-05,3.94728E-05,5.54891E-05,2.94722E-05,3.74078E-05
"L-Valinamide, N(2),N(2)-dimethyl",0.00000251,0.0000114,0.0000304,0.00000751,0.0000198,0.0000257,0.0000121,0.000013,0,0,0.000120857,0,0,0
L-Valine,0.00000863,0.0000142,0.000015076,0.00000608,0.0000154,0.000013343,0.000016,0.000013,3.92243E-05,2.26658E-05,2.74855E-05,3.48277E-05,1.82658E-05,4.24132E-05
L-Valyl-L-leucine,0.00000384,0.00000671,0.00000997,0.00000309,0.00000871,0.00000455,0.00000987,0.00000854,0,1.45038E-05,0.000219347,3.71089E-05,2.06323E-05,2.52723E-05
Malic acid,0.00002916,0.00001323,0.0000462,0.00000775,0.0000372,0.000008,0.00000587,0.000007,2.04063E-06,2.61535E-06,9.67808E-07,2.62053E-06,0,2.28437E-06
"Mannonic acid, gamma-lactone",0,0,0,0,0,0.0000149,0.00000807,0.0000107,0,0,0,0,0,0
Menthol,0.00000785,0.00000707,0.0000218,0.00000719,0.00000998,0.0000125,0.0000112,0.00000993,7.57557E-06,9.51936E-06,7.89162E-06,3.43565E-06,8.68026E-06,9.67403E-06
"Methyl (3,4-dimethoxyphenyl)(hydroxy)acetate",0.0000061,0.00000827,0.0000136,0.00000511,0.0000139,0.00000835,0.00000889,0.0000072,6.75762E-06,1.93933E-05,1.92526E-05,1.24617E-05,1.54627E-05,1.81266E-05
Methyl 2-acetamido-2-deoxy-3-O-methyl-alpha-D-galactopyranoside,0.00000219,0.0000129,0.0000109,0.00000407,0.0000107,0.00000731,0.00000817,0.00000912,1.29503E-05,1.40637E-05,0,0,1.38606E-05,0
Methyl alpha-Arabinofuranoside,0.00000242,0.0000112,0.0000241,0.00000789,0.00000552,0.00000145,0.00000872,0.00000799,0,0,0,0,3.95817E-05,0
Methyl alpha-D-glucofuranoside,0.00000591,0,0.00000262,0.000000858,0,0.0000356,0.000005,0.0000022,0.000116063,0,0,0,5.3254E-06,0
Methyl alpha-N-acetyl-D-galactosamine,0.00000606,0.00000714,0.0000511,0.0000126,0.00000989,0.000022,0.0000116,0.0000102,0,0,0,0,0,0
Methyl beta-Arabinofuranoside,0.00000498,0.0000219,0,0.00000465,0.00000776,0.00000789,0.00000348,0.00000922,0,6.28694E-06,3.67777E-08,2.0954E-07,0,9.13658E-06
"Methyl galactoside (1S,2S,3S,4R,5R)",0.000000697,8.45E-08,0.00006182,0,0.000026918,2.77627E-05,7.21E-08,0.000000114,2.31454E-08,0.000241532,0.000229545,0,0,0
Methyl stearate,0.00000577,0.00000459,0.00000739,0.00000355,0.00000554,0,0.0000051,0.00000785,8.82531E-06,9.42963E-06,8.83603E-06,8.94389E-06,8.68446E-06,9.22857E-06
Methylmaleic acid,0,0.0000108,0.0000194,0.00000586,0.0000128,0.0000125,0.0000127,0.0000124,0,0,0,0,0,0
Methylsuccinic acid,0.00000819,0.0000094,0.0000184,0.00000597,0.0000108,0.0000115,0.00000937,0.0000127,4.04126E-05,6.42256E-06,2.32651E-05,0,2.39255E-05,5.14393E-05
Monocaprylin,0,0.0000104,0.0000104,0,0.00000924,0,0,0.000000925,0,0,0,0,4.26583E-05,0
Monolaurin,0.00000549,0.000016,0.0000176,0.00000391,0.0000143,0.00000707,0.00000868,0.00000941,0,7.60198E-05,0,8.27436E-05,0,5.46297E-05
Monomethyl succinate,0.0000148,0.0000179,0.0000167,0.0000083,0.0000244,0.0000147,0.0000162,0.00000291,8.34494E-06,1.03377E-05,9.75283E-06,9.85281E-06,1.09392E-05,1.03695E-05
Myristic acid,0.00000647,0.00000669,0.0000152,0.00000507,0.00000884,0.00000907,0.00000842,0.0000104,7.66115E-06,2.19776E-05,7.1476E-06,8.66814E-06,7.8111E-06,8.55828E-06
"N,N-Diethyl-carbamate",0.00000662,0.00000842,0.000015,0.00000504,0.0000109,0.00000964,0.0000115,0.00000771,9.32997E-06,1.14062E-05,9.15541E-06,1.0232E-05,1.02218E-05,1.04407E-05
"N,N-Diethyl-2-aminoethanol",0,0.0000052,0.00000743,0,0.00000444,0,0,0,0,2.52915E-06,0,0,4.95106E-07,0
N-(2-hydroxyethyl)-succinimide,0.00000887,0.0000149,0.0000241,0.00000746,0.0000142,0.0000146,0.00000868,0.00000932,1.22965E-05,1.58598E-05,1.94455E-05,1.57504E-05,1.71317E-05,1.15872E-05
N-Acetyl glucosamine methoxime,0.00000592,0,0.0000275,0.00000913,0.0000131,0.0000232,0,0,0,8.14598E-06,0,0,8.96773E-06,1.0461E-05
"N-Acetyl-D-galactosamine, (R,R,R,R)",0.00002488,0.00001597,0.00005078,0.0000294,0.0000591,0.000072,2.25852E-05,0.0000257,5.84284E-05,5.28049E-05,4.82498E-05,6.93961E-05,7.53808E-05,6.29635E-05
N-Acetyl-L-glutamic acid,0,0,0,0,0.00000439,0,0,0.0000186,1.1898E-05,5.80614E-06,1.1329E-05,1.80888E-05,7.32152E-06,1.87142E-05
N-Acetyl-L-phenylalanine,0.00000916,0.0000141,0.00000524,0,0.0000111,0.00000631,0.0000121,0.0000108,0,0,0,0,0,0
Nadolol,0.0000054,0.00000493,0.00000931,0.0000257,0.00000659,0.000047,0.00000759,0.00000268,0,0,0,0,0,0
N-Ethyldiethanolamine,0.00000697,0.0000196,0.0000226,0.00000761,0.0000172,0.0000153,0.00000965,0.0000132,2.13913E-05,1.48768E-05,2.09725E-05,3.19329E-05,2.74142E-05,3.76012E-05
Niacin,0.00000814,0.00000767,0.0000146,0.00000582,0.0000084,0.0000118,0.00000633,0.000043,4.7602E-05,2.80717E-05,4.29036E-05,5.58058E-05,4.24376E-05,4.98339E-05
N-Methyl-L-proline,0.0000109,0.0000194,0.0000262,0.00000687,0.0000197,0.0000241,0.0000136,0.0000267,3.49881E-05,0,2.37014E-05,0,2.20806E-05,2.39171E-05
n-Nonylcyclohexane,0.00000994,0.00000835,0.0000148,0.00000678,0.00000809,0,0.0000122,0.00000297,0,0,0,0,0,0
Nonadecanoic acid,0.00000765,0.00000648,0.00000596,0.00000499,0.00000923,0.0000101,0.00000785,0.0000132,9.59987E-06,9.66643E-06,2.67525E-06,1.04824E-05,7.88642E-06,9.52231E-06
Nonanoic acid,0.00000882,0.00000704,0.00000857,0.00000451,0.00000854,0.000012,0.00000805,0.0000113,1.48696E-05,8.4644E-06,6.18094E-06,7.29459E-06,9.12926E-06,8.06509E-06
Norketamine,0.00000346,0.0000054,0.0000104,0.00000023,0.00000676,0.00000325,0.00000698,0.00000626,5.18435E-06,4.14607E-06,4.49223E-06,1.56829E-05,6.99399E-06,2.3204E-05
n-Tridecylcyclohexane,0.00000682,0.00000561,0.0000106,0.00000555,0.00000831,0.00000819,0.00000847,0.00000996,0,0,0,0,0,0
Octadecyl octyl ether,0.00000518,0.00000959,0.0000126,0.00000408,0.000014,0.0000129,0.0000033,0.00000683,1.25034E-05,0,0,2.6437E-05,8.11533E-06,2.5486E-05
Octanoic acid,0.00000524,0.0000123,0.0000182,0.00000297,0.00000776,0.00000831,0.0000146,0.00000586,1.63733E-05,6.8076E-06,5.63246E-06,7.91915E-06,6.68546E-06,8.32384E-06
Oxalic acid,0.00000272,0.00000653,0.00000369,0.00000172,0.00000379,0.00000326,0.00000464,0.0000112,2.30312E-05,2.82767E-05,2.81706E-05,3.38271E-05,2.3724E-05,2.57682E-05
"Oxalic acid, isobutyl heptyl ester",0.00000467,0,0,0,0,0,0.00000808,0,0,0,4.80649E-05,0,0,0
Palmitelaidic acid,0.00000329,0.00000548,0.0000101,0.00000109,0.00000581,0.00000171,0.00000706,0.00000891,1.80696E-06,1.72459E-06,1.73187E-06,2.05371E-06,1.59775E-06,2.55197E-06
Palmitic Acid,0.0000125,0.00000101,0.00000198,0.0000103,0.000015,0.00000184,0.0000122,0.0000057,1.03681E-05,1.13631E-05,1.19501E-05,1.24817E-05,1.18927E-05,1.16407E-05
Pantolactone,0.00002527,0.00001882,0.0000489,0.00001402,0.0000253,0.0000494,0.00001565,0.0000361,1.67782E-05,1.49155E-05,1.63256E-05,1.83517E-05,1.76206E-05,1.83168E-05
Pantothenic acid ,0.0000118,0.00000462,0.00000864,0.00000551,0.00000885,0.0000158,0.00000987,0.0000346,3.03285E-05,1.49525E-05,2.66278E-05,3.53648E-05,2.47106E-05,4.46462E-05
Pentadecanoic acid,0.00000651,0.00000621,0.0000109,0.00000494,0.00000807,0.00000651,0.00000733,0.00000997,6.05366E-06,6.77018E-06,8.07217E-06,6.7775E-06,6.2082E-06,7.58088E-06
Pentanedioic acid,0.0000205,0.00001657,0.0000318,0.0000095,0.0000256,0.00001737,0.00001549,0.00003887,2.1147E-05,2.79143E-05,3.43858E-05,4.41011E-05,4.84718E-05,4.33004E-05
"Pentanoic acid, 4-methyl-2-oxo-",0.0000114,0.00000239,0.00000587,0,0.00000395,0.0000226,0.00000399,0.0000114,0,4.66792E-05,2.68933E-05,3.78452E-05,0,4.06621E-05
Pentanoic acid,0.00000866,0.000000804,0.00000231,0.0000244,0.00000132,0.0000412,0.00000176,0.0000254,9.10289E-06,1.05583E-05,9.03089E-06,1.09164E-05,1.00136E-05,1.17759E-05
"Pentitol, 3-desoxy",0.00000645,0.00000394,0.0000152,0.00000347,0.00000634,0.0000122,0.00000404,0.00000444,2.95969E-05,6.01554E-06,4.12392E-06,1.86595E-05,1.75291E-05,2.18696E-06
Phenol,0.0000117,0.00000848,0.000011,0.00000391,0.00000694,0.00000813,0.00000717,0.0000115,5.17737E-06,8.25124E-06,8.2561E-06,9.446E-06,8.6773E-06,1.02106E-05
phenoxyethanol,0.0000134,0.0000101,0.0000028,0.00000534,0.0000092,0.0000104,0.0000111,0.00000833,1.86792E-05,1.80363E-05,1.55475E-05,1.82715E-05,2.27601E-05,2.24325E-05
Phenylalanine,0.00000744,0.0000219,0.0000131,0.0000053,0.0000145,0.0000131,0.0000177,0.0000283,3.65409E-05,1.04108E-05,1.7885E-05,2.49403E-05,1.05211E-05,4.00392E-05
Phenylpropanolamine,0.0000274,0.00000147,0.00000224,0.00000104,0.00000126,0.0000209,0.0000114,0.00000135,0,2.75115E-05,0,3.56247E-05,0,0
Phloretic acid,0.00000907,0.0000211,0.0000255,0.0000115,0.0000116,0.0000167,0.00000445,0.00000552,0,0,4.40494E-05,0,0,0
Phthalazin-1-one ,0.00000644,0.00000944,0.0000189,0.0000044,0.0000116,0.00000978,0.0000128,0.00000511,9.24462E-06,9.69765E-06,9.72606E-06,9.91778E-06,8.99061E-06,1.08727E-05
Phthalimide,0.00000753,0.0000093,0.000018,0.0000056,0.0000138,0.0000129,0.000011,0.00000912,0,0,0,0,0,0
Picolinic acid,0.0000118,0.0000124,0.0000212,0.00000922,0.0000183,0.000022,0.0000091,0.00000904,1.30913E-05,1.36773E-05,1.1777E-05,1.5782E-05,1.56551E-05,1.62052E-05
Pimelic acid,0.00000134,0.0000114,0.0000176,0.00000641,0.0000137,0.0000116,0.0000112,0.00000994,5.27371E-06,4.67309E-06,2.99852E-06,1.746E-06,3.61912E-06,3.35764E-06
Pipecolic acid,0.0000116,0.00002769,0.000034,0.00000781,0.0000228,0.0000195,0.00001377,0.000022597,4.08293E-05,2.00578E-05,2.99028E-05,4.29722E-05,3.89944E-05,5.6457E-05
"Pregn-4-ene-3,20-dione, 16,17-epoxy-, (16alpha)",0,0.00000709,0.00000478,0,0.00000432,0,0,0,0,0,0,0,8.69336E-05,0
"Propane, 2-methyl",0.00000905,0.00000892,0.0000129,0.00000627,0.00000862,0.0000127,0.0000104,0.00000702,9.53577E-06,9.17222E-06,8.10246E-06,1.06606E-05,8.57191E-06,0
Propanedioic acid,0.00000785,0.0000103,0.0000142,0.00000516,0.0000112,0.0000111,0.00000924,0.0000108,1.03773E-05,1.50485E-05,9.42214E-06,1.22028E-05,1.21341E-05,9.36849E-06
"Propanoic acid, 2-methyl-, hexyl ester",0.00000485,0.0000106,0.00000855,0,0.00000806,0.00000622,0,0.00000527,0,0,0,0,9.31151E-06,3.19427E-05
"Propanoic acid, 2-oxo",0.00000998,0.0000139,0.0000303,0.00000761,0.0000168,0.000016,0.000012,0.0000111,0,0,0,0,7.59312E-05,0
"Propanoic acid, 2-hydroxy-3-phosphate-",0,0,0,0,0,0,0,0,1.93208E-06,2.39564E-07,0,7.87958E-07,1.52068E-06,1.17607E-06
Propylamine,0.00000743,0.00000774,0.0000151,0.00000573,0.0000102,0.0000117,0.0000106,0.0000089,8.34309E-06,9.67463E-06,8.15592E-06,1.97075E-05,8.13094E-06,9.09525E-06
Protocatechoic acid,0.0000119,0.0000131,0.0000178,0.00000452,0.00000802,0.00000976,0.00000605,0.00000569,1.06654E-05,1.16894E-05,9.78675E-06,1.09358E-05,6.44974E-06,1.05192E-05
Putrescine,0.00000768,0.00000257,0.00000481,0,0.00000323,0,0,0.00000533,0,1.14606E-06,0,1.8969E-06,8.66126E-06,3.00823E-06
Pyridoxic acid,0.000012,0.000013,0.0000277,0.00000982,0.0000161,0.0000291,0.0000139,0.0000133,0,0,0,0,0,3.53797E-05
Pyridoxine,0.00000582,0.0000156,0.000037,0.00000975,0.0000231,0.0000254,0.00000906,0.00000842,0.000114679,0,0.000116813,0,0,4.91726E-05
Pyrogallol,0.00000444,0.0000067,0.0000138,0.00000375,0.00000791,0.00000683,0.00000716,0,1.02909E-05,1.05927E-05,1.21103E-05,1.10914E-05,1.17365E-05,1.22935E-05
Pyroglutamic acid,0.00000952,0.0000112,0.0000126,0.00000488,0.0000106,0.0000114,0.0000116,0.000032,0,0,0,0,0,0
Pyrrole-2-carboxylic acid,0.00000675,0.0000162,0.0000162,0.00000598,0.0000128,0.0000122,0.0000103,0.0000141,2.24842E-05,2.81565E-05,2.80332E-05,3.0343E-05,2.95792E-05,2.29895E-05
Ribitol,0,0,0,0,0,0,0,0.0000157,1.9121E-05,7.80302E-06,5.99272E-06,1.3533E-05,1.49469E-05,1.67607E-05
Ribonic acid,0.00000819,0.0000122,0.0000298,0.00000986,0.0000174,0.0000203,0.00001,0.0000115,2.93341E-06,2.78594E-05,2.997E-05,1.20942E-05,2.57525E-06,2.76696E-05
Salsoline,0.0000038,0.00000559,0.0000103,0.00000514,0.0000157,0.0000104,0.0000139,0.0000113,2.48519E-06,3.24232E-07,6.86915E-07,1.24816E-06,8.19154E-07,3.25959E-06
Sebacic acid,0.0000145,0.00000275,0.00000771,0.00000304,0.00000366,0.00000858,0.00000615,0.0000163,0,0,1.81304E-05,0,0,0
Sedoheptulose anhydride,0.000004,0.00000821,0.0000175,0.0000067,0.00000756,0.0000101,0.00000618,0.0000259,1.50091E-06,1.50839E-06,4.97638E-05,4.60602E-05,3.22827E-06,2.82496E-05
Serine,0.0000087,0.0000138,0.0000116,0.00000972,0.0000109,0.000026,0.0000145,0.0000294,1.2907E-05,1.64731E-05,1.46312E-05,2.27424E-05,1.18978E-05,1.55602E-05
Ser-Leu,0.00000724,0.000017,0.0000068,0.00000553,0.0000119,0.00000689,0.0000133,0.000023,1.97926E-05,8.67931E-06,0,1.3688E-05,7.53044E-06,1.31336E-05
Sinapinic acid,0.00000178,0.0000167,0.0000288,0.0000105,0.0000193,0.0000185,0.0000123,0.0000136,0,0,1.59221E-05,2.20574E-05,7.66993E-05,0
Stearic acid,0.00000758,0.00000656,0.0000135,0.0000062,0.00000876,0.0000117,0.00000625,0.0000134,1.07882E-06,0,1.37479E-06,1.81225E-06,4.61933E-06,1.27014E-06
"Stigmast-5-ene, 3beta",0.0000103,0.0000149,0.0000102,0.00000795,0.0000122,0.00000618,0.00000955,0.00000775,0,0,0,0,0,0
Stigmastanol,0,0.0000121,0.00000789,0.00000897,0.0000121,0.00000909,0.00000932,0.00000615,6.54712E-06,0,0,0,0,0
Suberic acid,0.0000223,0.0000138,0.0000154,0.00000684,0.00000963,0.0000225,0.00000912,0.00002,8.0719E-06,7.71892E-06,7.73955E-06,1.02127E-05,9.78534E-06,8.90298E-06
Supraene,0.00000123,0.00000144,0.00000227,0.000000357,0.00000148,0.000000742,0.00000254,0.000000997,1.7406E-06,5.95268E-06,4.0514E-06,5.79744E-06,5.99561E-06,4.38305E-06
Syringaldehyde,0.00000728,0.000012,0.0000187,0.00000609,0.0000133,0.0000109,0.00000961,0.0000118,1.35186E-05,1.65446E-05,1.51478E-05,1.71061E-05,1.52173E-05,1.44583E-05
Syringic acid,0.0000124,0.0000167,0.0000364,0.0000148,0.0000185,0.0000182,0.0000123,0.00000961,1.33937E-05,1.8239E-05,1.44706E-05,1.49365E-05,1.57034E-05,1.69101E-05
Tetrahydro-2-furanylmethanol,0,0,0,0.0000032,0,0,0,0.00000951,0,0,0,0,0,0
Tetrahydrogeranyl formate,0.0000127,0.00000647,0.0000106,0.0000063,0.00000885,0.000011,0.00000627,0.00000838,6.78645E-06,8.9716E-06,9.75461E-06,9.2425E-06,9.42926E-06,1.02737E-05
Tetrahydrolinalool,0.00000821,0.00000783,0.0000139,0.00000642,0.0000096,0.0000105,0.0000104,0.00000893,0,0,0,0,0,0
Thymidine,0.0000135,0.00000854,0.0000149,0.00000814,0.0000102,0.0000244,0.0000145,0.0000141,2.70157E-05,1.48323E-05,1.65131E-05,2.39068E-05,1.67677E-05,1.48177E-05
"Thymidine, 5'-phosphate",0.0000031,0.0000102,0,0.00000175,0.00000537,0.0000115,0.00000621,0.00000346,6.83486E-06,0,6.92147E-06,9.20429E-06,7.32573E-07,2.99944E-06
"Thymine, 1,3-dimethyl-6-hydroxymethyl",0.00000688,0.00000933,0.0000219,0.00000916,0.0000115,0.0000164,0.00000843,0.0000134,2.119E-05,1.01904E-05,4.13654E-06,1.12749E-05,1.52232E-05,8.9484E-06
trans-Coniferryl alchool,0.00000763,0.0000112,0.000057,0,0.0000123,0.0000127,0.0000085,0.0000208,0,0,0,0,0,0
Tributyl acetylcitrate,0,0,0,0,0.00000645,0,0.0000027,0.0000233,0,0,0,0,0,2.54369E-05
Tricine,0.00000896,0.0000126,0.0000148,0.00000587,0.0000114,0.0000185,0.00000401,0.00000974,0,3.74644E-05,1.55304E-05,2.72759E-05,2.10171E-05,7.33322E-06
Triethanolamine,0.0000132,0.00000395,0.0000105,0,0.00000925,0.0000103,0.00000548,0,7.63567E-06,7.76904E-06,7.40098E-06,1.19164E-05,7.66557E-06,1.11781E-05
"Trimethylsilyl (5-benzyl-3,6-dioxopiperazin-2-yl)acetate",0.0000123,0.0000146,0.0000258,0.00000819,0.00000774,0.0000273,0.0000107,0.0000124,1.82337E-05,0,1.85593E-05,2.93604E-05,2.28243E-05,1.79971E-05
Triphenylene,0,0,0.00000534,0.00000183,0,0.00000198,0.00000199,0.00000318,0,0,0,0,0,0
Tripropylene glycol monomethyl ether,0.00000194,0.00000255,0.0000239,0,0,0.0000127,0.00000695,0.0000072,8.8259E-06,8.97073E-06,1.61633E-05,1.51709E-05,1.94048E-05,1.44433E-05
Trisaminol,0.00000322,0,0.0000191,0.0000299,0.00000353,0.000130038,0.00000334,0.000005,3.66364E-06,4.8408E-06,3.97325E-06,0,4.14789E-06,4.53862E-06
Tyrosine,0.000015,0.0000255,0.0000167,0.00000743,0.0000145,0.000022,0.0000147,0.0000241,2.02077E-05,8.44214E-06,1.04263E-05,1.76593E-05,1.22766E-05,2.09639E-05
Undecanoic acid,0.00000984,0.00000677,0.00000628,0.0000034,0.0000103,0.0000124,0,0,7.41046E-06,3.69005E-06,3.78907E-06,4.7089E-06,3.89952E-06,4.6919E-06
Uracil,0.00000997,0.0000168,0.0000407,0.00000837,0.0000262,0.0000181,0.0000195,0.0000143,3.19181E-05,1.67423E-05,2.36875E-05,3.35122E-05,2.30677E-05,3.29481E-05
Urea,0.00000187,0.00000295,0.000013,0.0000989,0.00000317,0.000157205,0.00000384,0.000000607,1.15402E-05,1.85983E-05,1.03782E-05,2.71183E-05,1.19296E-05,1.60352E-05
Uridine,0.00000663,0.0000138,0.0000291,0.0000134,0.0000122,0.0000342,0.0000108,0.0000245,1.70989E-05,1.46124E-05,2.25221E-05,1.93006E-05,1.73353E-05,2.05255E-05
Valylglycine,0.00000537,0.0000108,0.0000294,0.00000443,0.0000121,0.0000055,0.00000616,0,1.7742E-05,0,8.84395E-06,1.35837E-05,1.08743E-05,1.64802E-05
Valylvaline,0.00000898,0.0000173,0.00000877,0.00000328,0.0000153,0.00000541,0.0000197,0.00000724,1.34594E-05,9.73771E-06,1.43205E-05,1.4632E-05,1.411E-05,1.66252E-05
Vanillic Acid,0.000012,0.0000164,0.0000338,0.0000112,0.0000183,0.000018,0.000014,0.00000952,0,0,0,0,0,0
Vanillin,0.00000875,0.0000135,0.000023,0.00000596,0.000015,0.0000115,0.0000114,0.0000147,1.14796E-06,1.27448E-05,2.25214E-05,3.06407E-05,1.50442E-05,3.02477E-05
Xylazine,0.00000118,0.00000137,0.0000193,0.00000432,0.00000369,0.00000231,0.00000305,0.0000013,9.49498E-06,4.18805E-06,1.84524E-06,1.03877E-05,3.61863E-06,3.46562E-05
"Xylonic acid, delta-lactone",0.00000518,0.0000173,0.0000226,0.00000385,0.0000144,0.00000968,0.00000784,0.0000142,1.77143E-06,2.97051E-05,2.3085E-05,3.397E-05,2.62455E-05,3.16224E-05
Xylose,0.0000129,0.0000152,0.0000516,0.0000129,0.0000217,0.0000182,0.00000731,0.0000179,3.59564E-05,0.000122366,0,0,2.97102E-07,3.41741E-05
