ID,Mean Log2 Fold Change Direction (DSS)
ENSMUSG00000027374-P,-1
ENSMUSG00000042626-P,1
ENSMUSG00000055681-P,1
ENSMUSG00000028412-P,-1
ENSMUSG00000054484-P,1
ENSMUSG00000024425-P,1
ENSMUSG00000032216-P,-1
ENSMUSG00000025979-P,1
ENSMUSG00000051343-P,1
ENSMUSG00000035443-P,1
ENSMUSG00000028991-P,1
ENSMUSG00000036948-P,1
ENSMUSG00000033900-P,-1
ENSMUSG00000041936-P,1
ENSMUSG00000034584-P,-1
ENSMUSG00000068921-P,1
ENSMUSG00000049670-P,1
ENSMUSG00000044224-P,-1
ENSMUSG00000030216-P,-1
ENSMUSG00000071072-P,-1
ENSMUSG00000021243-P,1
ENSMUSG00000016495-P,-1
ENSMUSG00000026803-P,-1
ENSMUSG00000036188-P,-1
ENSMUSG00000068284-P,-1
ENSMUSG00000033237-P,-1
ENSMUSG00000063894-P,-1
ENSMUSG00000027536-P,1
ENSMUSG00000069727-P,-1
ENSMUSG00000042118-P,-1
ENSMUSG00000094002-P,1
ENSMUSG00000039253-P,-1
ENSMUSG00000031916-P,1
ENSMUSG00000025477-P,1
ENSMUSG00000036371-P,-1
ENSMUSG00000094595-P,1
ENSMUSG00000041126-P,1
ENSMUSG00000034064-P,1
ENSMUSG00000004591-P,-1
ENSMUSG00000035295-P,1
ENSMUSG00000085558-P,-1
ENSMUSG00000057421-P,1
ENSMUSG00000022781-P,-1
ENSMUSG00000030060-P,1
ENSMUSG00000015112-P,-1
ENSMUSG00000042426-P,1
ENSMUSG00000027642-P,1
ENSMUSG00000105382-P,-1
ENSMUSG00000024081-P,-1
ENSMUSG00000079442-P,1
ENSMUSG00000003184-P,-1
ENSMUSG00000005469-P,1
ENSMUSG00000030094-P,-1
ENSMUSG00000024941-P,1
ENSMUSG00000049295-P,1
ENSMUSG00000049097-P,-1
ENSMUSG00000070348-P,-1
ENSMUSG00000046711-P,1
ENSMUSG00000034647-P,-1
ENSMUSG00000002319-P,1
ENSMUSG00000020108-P,1
ENSMUSG00000026273-P,1
ENSMUSG00000022246-P,-1
ENSMUSG00000020308-P,1
ENSMUSG00000050910-P,1
ENSMUSG00000061533-P,-1
ENSMUSG00000102840-P,-1
ENSMUSG00000058756-P,1
ENSMUSG00000004698-P,1
ENSMUSG00000033948-P,1
ENSMUSG00000028655-P,1
ENSMUSG00000106032-P,-1
ENSMUSG00000086610-P,-1
ENSMUSG00000026309-P,1
ENSMUSG00000021903-P,1
ENSMUSG00000037262-P,-1
ENSMUSG00000026603-P,1
ENSMUSG00000005514-P,-1
ENSMUSG00000033808-P,1
ENSMUSG00000015461-P,1
ENSMUSG00000045128-P,-1
ENSMUSG00000047146-P,-1
ENSMUSG00000070705-P,-1
ENSMUSG00000040795-P,1
ENSMUSG00000031511-P,1
ENSMUSG00000024805-P,-1
ENSMUSG00000029198-P,1
ENSMUSG00000032482-P,1
ENSMUSG00000021288-P,1
ENSMUSG00000024151-P,1
ENSMUSG00000023243-P,-1
ENSMUSG00000030591-P,1
ENSMUSG00000052751-P,1
ENSMUSG00000020389-P,1
ENSMUSG00000028959-P,1
ENSMUSG00000025474-P,-1
ENSMUSG00000064370-P,-1
ENSMUSG00000005580-P,1
ENSMUSG00000030663-P,-1
ENSMUSG00000035941-P,-1
ENSMUSG00000036501-P,-1
ENSMUSG00000033411-P,-1
ENSMUSG00000035934-P,-1
ENSMUSG00000003344-P,1
ENSMUSG00000037608-P,-1
ENSMUSG00000026333-P,-1
ENSMUSG00000003527-P,-1
ENSMUSG00000058420-P,1
ENSMUSG00000019907-P,-1
ENSMUSG00000025410-P,1
ENSMUSG00000061718-P,1
ENSMUSG00000008690-P,1
ENSMUSG00000092417-P,1
ENSMUSG00000004895-P,1
ENSMUSG00000025934-P,1
ENSMUSG00000028273-P,-1
ENSMUSG00000026520-P,1
ENSMUSG00000024193-P,1
ENSMUSG00000083899-P,1
ENSMUSG00000030879-P,1
ENSMUSG00000021585-P,-1
ENSMUSG00000026623-P,-1
ENSMUSG00000056215-P,-1
ENSMUSG00000001964-P,1
ENSMUSG00000057367-P,-1
ENSMUSG00000036613-P,1
ENSMUSG00000045100-P,1
ENSMUSG00000031010-P,-1
ENSMUSG00000015839-P,-1
ENSMUSG00000038859-P,-1
ENSMUSG00000044296-P,1
ENSMUSG00000032633-P,1
ENSMUSG00000032724-P,-1
ENSMUSG00000024235-P,-1
ENSMUSG00000023236-P,1
ENSMUSG00000026483-P,-1
ENSMUSG00000057738-P,1
ENSMUSG00000032301-P,-1
ENSMUSG00000010607-P,-1
ENSMUSG00000030862-P,-1
ENSMUSG00000035505-P,1
ENSMUSG00000022283-P,-1
ENSMUSG00000050989-P,1
ENSMUSG00000014195-P,1
ENSMUSG00000036718-P,1
ENSMUSG00000028885-P,-1
ENSMUSG00000021693-P,-1
ENSMUSG00000062044-P,1
ENSMUSG00000028441-P,1
ENSMUSG00000005124-P,-1
ENSMUSG00000043991-P,-1
ENSMUSG00000086825-P,-1
ENSMUSG00000019080-P,1
ENSMUSG00000018199-P,-1
ENSMUSG00000041134-P,-1
ENSMUSG00000059495-P,-1
ENSMUSG00000049624-P,-1
ENSMUSG00000102142-P,-1
ENSMUSG00000024170-P,1
ENSMUSG00000030058-P,1
ENSMUSG00000062421-P,-1
ENSMUSG00000050822-P,1
ENSMUSG00000014075-P,-1
ENSMUSG00000023092-P,1
ENSMUSG00000003099-P,1
ENSMUSG00000028772-P,1
ENSMUSG00000035133-P,-1
ENSMUSG00000041012-P,-1
ENSMUSG00000039275-P,1
ENSMUSG00000025060-P,-1
ENSMUSG00000013858-P,1
ENSMUSG00000057722-P,-1
ENSMUSG00000020777-P,1
ENSMUSG00000024150-P,-1
ENSMUSG00000043467-P,-1
ENSMUSG00000024921-P,-1
ENSMUSG00000030016-P,-1
ENSMUSG00000056531-P,-1
ENSMUSG00000020102-P,1
ENSMUSG00000050493-P,1
ENSMUSG00000043059-P,-1
ENSMUSG00000048200-P,1
ENSMUSG00000024181-P,1
ENSMUSG00000005510-P,-1
ENSMUSG00000032615-P,1
ENSMUSG00000035873-P,-1
ENSMUSG00000020496-P,1
ENSMUSG00000024687-P,-1
ENSMUSG00000030008-P,1
ENSMUSG00000021377-P,-1
ENSMUSG00000032641-P,1
ENSMUSG00000022711-P,-1
ENSMUSG00000038644-P,1
ENSMUSG00000018322-P,1
ENSMUSG00000056054-P,1
ENSMUSG00000062937-P,-1
ENSMUSG00000004040-P,1
ENSMUSG00000018372-P,-1
ENSMUSG00000039804-P,1
ENSMUSG00000024740-P,1
ENSMUSG00000038836-P,-1
ENSMUSG00000006777-P,-1
ENSMUSG00000017405-P,-1
ENSMUSG00000064345-P,-1
ENSMUSG00000040158-P,1
ENSMUSG00000039883-P,1
ENSMUSG00000024253-P,-1
ENSMUSG00000019897-P,-1
ENSMUSG00000031451-P,1
ENSMUSG00000031751-P,1
ENSMUSG00000029623-P,-1
ENSMUSG00000030691-P,-1
ENSMUSG00000036819-P,1
ENSMUSG00000024290-P,-1
ENSMUSG00000017548-P,-1
ENSMUSG00000032555-P,-1
ENSMUSG00000029178-P,-1
ENSMUSG00000035640-P,1
ENSMUSG00000024168-P,-1
ENSMUSG00000001687-P,-1
ENSMUSG00000041438-P,1
ENSMUSG00000029790-P,-1
ENSMUSG00000030703-P,1
ENSMUSG00000008140-P,1
ENSMUSG00000035011-P,-1
ENSMUSG00000001855-P,-1
ENSMUSG00000028826-P,-1
ENSMUSG00000007892-P,1
ENSMUSG00000036499-P,-1
ENSMUSG00000000305-P,-1
ENSMUSG00000026341-P,-1
ENSMUSG00000042010-P,1
ENSMUSG00000021431-P,-1
ENSMUSG00000042729-P,1
ENSMUSG00000047264-P,1
ENSMUSG00000036478-P,-1
ENSMUSG00000032238-P,-1
ENSMUSG00000039323-P,1
ENSMUSG00000030979-P,-1
ENSMUSG00000020608-P,-1
ENSMUSG00000055150-P,1
ENSMUSG00000022941-P,-1
ENSMUSG00000021244-P,-1
ENSMUSG00000022463-P,1
ENSMUSG00000023030-P,1
ENSMUSG00000026784-P,1
ENSMUSG00000031027-P,1
ENSMUSG00000036641-P,-1
ENSMUSG00000027690-P,-1
ENSMUSG00000072772-P,1
ENSMUSG00000033487-P,-1
ENSMUSG00000029550-P,1
ENSMUSG00000096971-P,-1
ENSMUSG00000037664-P,-1
ENSMUSG00000106718-P,-1
ENSMUSG00000002455-P,-1
ENSMUSG00000106365-P,-1
ENSMUSG00000087368-P,-1
ENSMUSG00000024335-P,1
ENSMUSG00000030782-P,-1
ENSMUSG00000051074-P,1
ENSMUSG00000055447-P,-1
ENSMUSG00000021025-P,1
ENSMUSG00000049739-P,1
ENSMUSG00000070858-P,1
ENSMUSG00000024491-P,-1
ENSMUSG00000030079-P,1
ENSMUSG00000055044-P,1
ENSMUSG00000091549-P,-1
ENSMUSG00000032372-P,-1
ENSMUSG00000032009-P,-1
ENSMUSG00000023967-P,1
ENSMUSG00000028041-P,1
ENSMUSG00000031864-P,-1
ENSMUSG00000005131-P,-1
ENSMUSG00000060512-P,1
ENSMUSG00000030560-P,1
ENSMUSG00000053012-P,-1
ENSMUSG00000043639-P,-1
ENSMUSG00000029291-P,1
ENSMUSG00000058492-P,-1
ENSMUSG00000020080-P,1
ENSMUSG00000040701-P,1
ENSMUSG00000041408-P,-1
ENSMUSG00000026687-P,-1
ENSMUSG00000102687-P,1
ENSMUSG00000026029-P,-1
ENSMUSG00000027706-P,-1
ENSMUSG00000071180-P,-1
ENSMUSG00000021254-P,1
ENSMUSG00000064294-P,-1
ENSMUSG00000022312-P,1
ENSMUSG00000019699-P,-1
ENSMUSG00000020477-P,1
ENSMUSG00000023341-P,-1
ENSMUSG00000103657-P,-1
ENSMUSG00000026896-P,-1
ENSMUSG00000020248-P,-1
ENSMUSG00000021482-P,-1
ENSMUSG00000023249-P,-1
ENSMUSG00000087640-P,1
ENSMUSG00000072704-P,-1
ENSMUSG00000020135-P,1
ENSMUSG00000031657-P,-1
ENSMUSG00000046947-P,1
ENSMUSG00000034930-P,-1
ENSMUSG00000022561-P,1
ENSMUSG00000097626-P,-1
ENSMUSG00000031583-P,-1
ENSMUSG00000044317-P,-1
ENSMUSG00000001441-P,-1
ENSMUSG00000037742-P,-1
ENSMUSG00000001054-P,1
ENSMUSG00000021886-P,-1
ENSMUSG00000031157-P,1
ENSMUSG00000037326-P,1
ENSMUSG00000046351-P,-1
ENSMUSG00000030605-P,1
ENSMUSG00000030108-P,1
ENSMUSG00000042349-P,-1
ENSMUSG00000037012-P,1
ENSMUSG00000040640-P,1
ENSMUSG00000039943-P,-1
ENSMUSG00000056598-P,1
ENSMUSG00000037736-P,-1
ENSMUSG00000095677-P,1
ENSMUSG00000004098-P,1
ENSMUSG00000100075-P,-1
ENSMUSG00000031918-P,-1
ENSMUSG00000035152-P,-1
ENSMUSG00000104339-P,1
ENSMUSG00000038717-P,-1
ENSMUSG00000019464-P,-1
ENSMUSG00000038990-P,1
ENSMUSG00000025437-P,1
ENSMUSG00000051224-P,-1
ENSMUSG00000078485-P,-1
ENSMUSG00000021392-P,-1
ENSMUSG00000021686-P,-1
ENSMUSG00000044134-P,1
ENSMUSG00000024975-P,-1
ENSMUSG00000002844-P,1
ENSMUSG00000029270-P,-1
ENSMUSG00000029684-P,-1
ENSMUSG00000017697-P,1
ENSMUSG00000022812-P,-1
ENSMUSG00000053749-P,1
ENSMUSG00000025323-P,-1
ENSMUSG00000034863-P,1
ENSMUSG00000068762-P,1
ENSMUSG00000068335-P,-1
ENSMUSG00000021215-P,-1
ENSMUSG00000085197-P,-1
ENSMUSG00000091007-P,-1
ENSMUSG00000028133-P,1
ENSMUSG00000031112-P,-1
ENSMUSG00000028700-P,-1
ENSMUSG00000032018-P,-1
ENSMUSG00000030304-P,-1
ENSMUSG00000054364-P,1
ENSMUSG00000029878-P,-1
ENSMUSG00000057181-P,-1
ENSMUSG00000050321-P,-1
ENSMUSG00000021957-P,1
ENSMUSG00000030265-P,-1
ENSMUSG00000052566-P,-1
ENSMUSG00000030256-P,-1
ENSMUSG00000022361-P,-1
ENSMUSG00000028383-P,1
ENSMUSG00000017221-P,1
ENSMUSG00000021481-P,1
ENSMUSG00000020752-P,1
ENSMUSG00000041642-P,1
ENSMUSG00000031147-P,-1
ENSMUSG00000038084-P,-1
ENSMUSG00000066113-P,1
ENSMUSG00000051043-P,1
ENSMUSG00000042797-P,-1
ENSMUSG00000028030-P,1
ENSMUSG00000028484-P,-1
ENSMUSG00000045817-P,-1
ENSMUSG00000031808-P,1
ENSMUSG00000021676-P,-1
ENSMUSG00000027523-P,-1
ENSMUSG00000037716-P,1
ENSMUSG00000070319-P,1
ENSMUSG00000024472-P,-1
ENSMUSG00000007476-P,1
ENSMUSG00000041308-P,-1
ENSMUSG00000033436-P,1
ENSMUSG00000034579-P,1
ENSMUSG00000038545-P,1
ENSMUSG00000042831-P,1
ENSMUSG00000030217-P,-1
ENSMUSG00000065799-P,-1
ENSMUSG00000022085-P,-1
ENSMUSG00000029840-P,-1
ENSMUSG00000105970-P,1
ENSMUSG00000021904-P,-1
ENSMUSG00000105607-P,-1
ENSMUSG00000033502-P,-1
ENSMUSG00000090877-P,1
ENSMUSG00000044813-P,1
ENSMUSG00000030268-P,1
ENSMUSG00000031967-P,-1
ENSMUSG00000028977-P,1
ENSMUSG00000090110-P,-1
ENSMUSG00000048106-P,-1
ENSMUSG00000026563-P,1
ENSMUSG00000046157-P,1
ENSMUSG00000047067-P,1
ENSMUSG00000067928-P,-1
ENSMUSG00000047181-P,1
ENSMUSG00000038880-P,1
ENSMUSG00000034786-P,-1
ENSMUSG00000053746-P,1
ENSMUSG00000032740-P,-1
ENSMUSG00000028701-P,1
ENSMUSG00000003360-P,1
ENSMUSG00000032172-P,1
ENSMUSG00000041720-P,1
ENSMUSG00000047371-P,1
ENSMUSG00000040761-P,1
ENSMUSG00000085207-P,1
ENSMUSG00000024190-P,1
ENSMUSG00000061838-P,-1
ENSMUSG00000033453-P,1
ENSMUSG00000032251-P,-1
ENSMUSG00000048118-P,-1
ENSMUSG00000020444-P,1
ENSMUSG00000048175-P,1
ENSMUSG00000049744-P,1
ENSMUSG00000047989-P,1
ENSMUSG00000071253-P,-1
ENSMUSG00000045302-P,1
ENSMUSG00000041841-P,1
ENSMUSG00000070544-P,-1
ENSMUSG00000036435-P,1
ENSMUSG00000039157-P,1
ENSMUSG00000052534-P,-1
ENSMUSG00000015932-P,-1
ENSMUSG00000040612-P,-1
ENSMUSG00000067795-P,-1
ENSMUSG00000021010-P,1
ENSMUSG00000004285-P,1
ENSMUSG00000044927-P,1
ENSMUSG00000027782-P,-1
ENSMUSG00000038064-P,1
ENSMUSG00000005575-P,-1
ENSMUSG00000029034-P,1
ENSMUSG00000034768-P,-1
ENSMUSG00000017802-P,-1
ENSMUSG00000032050-P,-1
ENSMUSG00000050856-P,1
ENSMUSG00000028051-P,1
ENSMUSG00000056952-P,1
ENSMUSG00000047547-P,1
ENSMUSG00000027598-P,-1
ENSMUSG00000060227-P,-1
ENSMUSG00000024576-P,-1
ENSMUSG00000030697-P,1
ENSMUSG00000024191-P,1
ENSMUSG00000030286-P,1
ENSMUSG00000031970-P,1
ENSMUSG00000091475-P,1
ENSMUSG00000026509-P,-1
ENSMUSG00000035762-P,-1
ENSMUSG00000099689-P,-1
ENSMUSG00000034377-P,-1
ENSMUSG00000039715-P,1
ENSMUSG00000098113-P,1
ENSMUSG00000007379-P,-1
ENSMUSG00000087083-P,-1
ENSMUSG00000023064-P,1
ENSMUSG00000030554-P,-1
ENSMUSG00000037221-P,1
ENSMUSG00000006005-P,-1
ENSMUSG00000038608-P,-1
ENSMUSG00000104682-P,-1
ENSMUSG00000022023-P,-1
ENSMUSG00000041135-P,-1
ENSMUSG00000091183-P,-1
ENSMUSG00000026820-P,1
ENSMUSG00000030352-P,1
ENSMUSG00000034295-P,1
ENSMUSG00000037646-P,-1
ENSMUSG00000040167-P,-1
ENSMUSG00000077767-P,-1
ENSMUSG00000055239-P,-1
ENSMUSG00000031489-P,-1
ENSMUSG00000035093-P,-1
ENSMUSG00000032306-P,1
ENSMUSG00000043535-P,-1
ENSMUSG00000025869-P,-1
ENSMUSG00000007613-P,-1
ENSMUSG00000049571-P,1
ENSMUSG00000018983-P,-1
ENSMUSG00000024870-P,1
ENSMUSG00000043487-P,1
ENSMUSG00000017831-P,-1
ENSMUSG00000024947-P,1
ENSMUSG00000025478-P,-1
ENSMUSG00000028032-P,1
ENSMUSG00000029772-P,-1
ENSMUSG00000075704-P,1
ENSMUSG00000028599-P,1
ENSMUSG00000059820-P,-1
ENSMUSG00000085776-P,-1
ENSMUSG00000022426-P,1
ENSMUSG00000011831-P,-1
ENSMUSG00000064246-P,-1
ENSMUSG00000004085-P,1
ENSMUSG00000042686-P,-1
ENSMUSG00000028626-P,1
ENSMUSG00000068196-P,-1
ENSMUSG00000030088-P,1
ENSMUSG00000058351-P,1
ENSMUSG00000007739-P,1
ENSMUSG00000031590-P,-1
ENSMUSG00000025505-P,-1
ENSMUSG00000039194-P,-1
ENSMUSG00000028863-P,1
ENSMUSG00000002660-P,1
ENSMUSG00000048612-P,-1
ENSMUSG00000005609-P,1
ENSMUSG00000054720-P,-1
ENSMUSG00000031246-P,-1
ENSMUSG00000014603-P,-1
ENSMUSG00000031838-P,-1
ENSMUSG00000031922-P,-1
ENSMUSG00000045094-P,1
ENSMUSG00000047141-P,-1
ENSMUSG00000032288-P,1
ENSMUSG00000054717-P,-1
ENSMUSG00000029438-P,-1
ENSMUSG00000026895-P,1
ENSMUSG00000038555-P,1
ENSMUSG00000035293-P,1
ENSMUSG00000022141-P,-1
ENSMUSG00000024002-P,-1
ENSMUSG00000048874-P,-1
ENSMUSG00000006476-P,1
ENSMUSG00000066357-P,1
ENSMUSG00000038646-P,-1
ENSMUSG00000105729-P,-1
ENSMUSG00000041570-P,-1
ENSMUSG00000045930-P,-1
ENSMUSG00000002324-P,1
ENSMUSG00000030493-P,-1
ENSMUSG00000022199-P,1
ENSMUSG00000052584-P,1
ENSMUSG00000027108-P,-1
ENSMUSG00000023960-P,1
ENSMUSG00000044365-P,-1
ENSMUSG00000056735-P,-1
ENSMUSG00000012422-P,-1
ENSMUSG00000062040-P,1
ENSMUSG00000028890-P,1
ENSMUSG00000042129-P,1
ENSMUSG00000069631-P,-1
ENSMUSG00000040242-P,-1
ENSMUSG00000039959-P,-1
ENSMUSG00000020227-P,-1
ENSMUSG00000020297-P,1
ENSMUSG00000061689-P,1
ENSMUSG00000040586-P,-1
ENSMUSG00000051435-P,-1
ENSMUSG00000070527-P,1
ENSMUSG00000022427-P,1
ENSMUSG00000020553-P,-1
ENSMUSG00000031198-P,-1
ENSMUSG00000061524-P,-1
ENSMUSG00000030403-P,-1
ENSMUSG00000023931-P,-1
ENSMUSG00000005045-P,1
ENSMUSG00000089875-P,1
ENSMUSG00000038390-P,1
ENSMUSG00000002748-P,-1
ENSMUSG00000001089-P,-1
ENSMUSG00000034349-P,-1
ENSMUSG00000027860-P,-1
ENSMUSG00000085890-P,1
ENSMUSG00000001014-P,1
ENSMUSG00000052056-P,-1
ENSMUSG00000020235-P,1
ENSMUSG00000071637-P,1
ENSMUSG00000097462-P,-1
ENSMUSG00000043263-P,-1
ENSMUSG00000019173-P,1
ENSMUSG00000009076-P,1
ENSMUSG00000054792-P,1
ENSMUSG00000020491-P,-1
ENSMUSG00000018570-P,1
ENSMUSG00000066800-P,-1
ENSMUSG00000028053-P,-1
ENSMUSG00000032261-P,-1
ENSMUSG00000029551-P,1
ENSMUSG00000027210-P,1
ENSMUSG00000017286-P,-1
ENSMUSG00000027957-P,-1
ENSMUSG00000086851-P,-1
ENSMUSG00000056999-P,-1
ENSMUSG00000102101-P,-1
ENSMUSG00000051297-P,1
ENSMUSG00000103731-P,-1
ENSMUSG00000078486-P,1
ENSMUSG00000003190-P,-1
ENSMUSG00000051285-P,-1
ENSMUSG00000098098-P,-1
ENSMUSG00000051510-P,-1
ENSMUSG00000037110-P,-1
ENSMUSG00000006281-P,1
ENSMUSG00000022674-P,-1
ENSMUSG00000027770-P,-1
ENSMUSG00000036815-P,-1
ENSMUSG00000030677-P,1
ENSMUSG00000097318-P,-1
ENSMUSG00000025789-P,1
ENSMUSG00000025894-P,-1
ENSMUSG00000030801-P,1
ENSMUSG00000032763-P,1
ENSMUSG00000038324-P,1
ENSMUSG00000030201-P,-1
ENSMUSG00000033068-P,1
ENSMUSG00000016018-P,1
ENSMUSG00000074994-P,-1
ENSMUSG00000032560-P,-1
ENSMUSG00000022439-P,1
ENSMUSG00000045767-P,-1
ENSMUSG00000043241-P,-1
ENSMUSG00000015748-P,-1
ENSMUSG00000048330-P,-1
ENSMUSG00000020380-P,-1
ENSMUSG00000039145-P,-1
ENSMUSG00000041491-P,-1
ENSMUSG00000032459-P,1
ENSMUSG00000015363-P,1
ENSMUSG00000027680-P,-1
ENSMUSG00000035539-P,1
ENSMUSG00000045284-P,-1
ENSMUSG00000033054-P,-1
ENSMUSG00000064338-P,1
ENSMUSG00000024873-P,1
ENSMUSG00000097537-P,-1
ENSMUSG00000043614-P,1
ENSMUSG00000027710-P,1
ENSMUSG00000007570-P,1
ENSMUSG00000052951-P,1
ENSMUSG00000033021-P,-1
ENSMUSG00000067148-P,1
ENSMUSG00000013663-P,-1
ENSMUSG00000006800-P,1
ENSMUSG00000022843-P,-1
ENSMUSG00000039899-P,1
ENSMUSG00000042557-P,-1
ENSMUSG00000038884-P,1
ENSMUSG00000035692-P,1
ENSMUSG00000063801-P,1
ENSMUSG00000059456-P,1
ENSMUSG00000031637-P,-1
ENSMUSG00000036202-P,-1
ENSMUSG00000043411-P,1
ENSMUSG00000017670-P,1
ENSMUSG00000014846-P,1
ENSMUSG00000030611-P,1
ENSMUSG00000034563-P,1
ENSMUSG00000010057-P,1
ENSMUSG00000020886-P,1
ENSMUSG00000018171-P,1
ENSMUSG00000008348-P,1
ENSMUSG00000042659-P,-1
ENSMUSG00000019647-P,-1
ENSMUSG00000021709-P,-1
ENSMUSG00000086769-P,-1
ENSMUSG00000031617-P,-1
ENSMUSG00000071650-P,1
ENSMUSG00000024098-P,1
ENSMUSG00000046806-P,-1
ENSMUSG00000040661-P,-1
ENSMUSG00000040675-P,-1
ENSMUSG00000016487-P,-1
ENSMUSG00000028967-P,1
ENSMUSG00000036197-P,-1
ENSMUSG00000105302-P,1
ENSMUSG00000028057-P,1
ENSMUSG00000031513-P,-1
ENSMUSG00000042198-P,1
ENSMUSG00000022751-P,-1
ENSMUSG00000033585-P,1
ENSMUSG00000038058-P,1
ENSMUSG00000042745-P,1
ENSMUSG00000026096-P,-1
ENSMUSG00000072662-P,-1
ENSMUSG00000023764-P,1
ENSMUSG00000040483-P,-1
ENSMUSG00000033047-P,-1
ENSMUSG00000032602-P,-1
ENSMUSG00000064340-P,1
ENSMUSG00000019971-P,-1
ENSMUSG00000031256-P,1
ENSMUSG00000023826-P,1
ENSMUSG00000070643-P,-1
ENSMUSG00000022568-P,1
ENSMUSG00000024548-P,-1
ENSMUSG00000050199-P,-1
ENSMUSG00000057440-P,-1
ENSMUSG00000022010-P,1
ENSMUSG00000024083-P,-1
ENSMUSG00000072763-P,-1
ENSMUSG00000030616-P,-1
ENSMUSG00000003949-P,-1
ENSMUSG00000085184-P,-1
ENSMUSG00000066595-P,-1
ENSMUSG00000046714-P,1
ENSMUSG00000004263-P,-1
ENSMUSG00000021929-P,-1
ENSMUSG00000074480-P,1
ENSMUSG00000000127-P,-1
ENSMUSG00000075256-P,-1
ENSMUSG00000028811-P,1
ENSMUSG00000025016-P,-1
ENSMUSG00000034957-P,1
ENSMUSG00000025862-P,-1
ENSMUSG00000024800-P,-1
ENSMUSG00000025104-P,-1
ENSMUSG00000078201-P,-1
ENSMUSG00000042506-P,1
ENSMUSG00000101059-P,1
ENSMUSG00000022629-P,-1
ENSMUSG00000049287-P,1
ENSMUSG00000033792-P,1
ENSMUSG00000018707-P,1
ENSMUSG00000018293-P,-1
ENSMUSG00000026547-P,1
ENSMUSG00000026527-P,-1
ENSMUSG00000085945-P,-1
ENSMUSG00000071369-P,-1
ENSMUSG00000015970-P,1
ENSMUSG00000017314-P,-1
ENSMUSG00000051579-P,-1
ENSMUSG00000093606-P,-1
ENSMUSG00000049090-P,-1
ENSMUSG00000032307-P,-1
ENSMUSG00000062866-P,-1
ENSMUSG00000041685-P,-1
ENSMUSG00000046807-P,1
ENSMUSG00000027305-P,1
ENSMUSG00000031715-P,-1
ENSMUSG00000005699-P,1
ENSMUSG00000042594-P,-1
ENSMUSG00000071652-P,1
ENSMUSG00000019933-P,1
ENSMUSG00000102664-P,1
ENSMUSG00000020219-P,1
ENSMUSG00000052837-P,1
ENSMUSG00000022774-P,-1
ENSMUSG00000031079-P,1
ENSMUSG00000021149-P,-1
ENSMUSG00000039000-P,-1
ENSMUSG00000048776-P,-1
ENSMUSG00000035173-P,-1
ENSMUSG00000038780-P,1
ENSMUSG00000026113-P,1
ENSMUSG00000090247-P,1
ENSMUSG00000009013-P,1
ENSMUSG00000027349-P,-1
ENSMUSG00000026315-P,-1
ENSMUSG00000027646-P,-1
ENSMUSG00000038827-P,1
ENSMUSG00000025231-P,1
ENSMUSG00000020546-P,-1
ENSMUSG00000020330-P,-1
ENSMUSG00000019088-P,-1
ENSMUSG00000020074-P,-1
ENSMUSG00000037408-P,-1
ENSMUSG00000023046-P,1
ENSMUSG00000031776-P,1
ENSMUSG00000020899-P,1
ENSMUSG00000055022-P,-1
ENSMUSG00000024976-P,-1
ENSMUSG00000003199-P,1
ENSMUSG00000039450-P,1
ENSMUSG00000066057-P,-1
ENSMUSG00000041649-P,1
ENSMUSG00000042699-P,-1
ENSMUSG00000032348-P,-1
ENSMUSG00000022177-P,-1
ENSMUSG00000045098-P,-1
ENSMUSG00000024772-P,1
ENSMUSG00000021000-P,-1
ENSMUSG00000056938-P,1
ENSMUSG00000060279-P,1
ENSMUSG00000030557-P,-1
ENSMUSG00000023118-P,1
ENSMUSG00000021583-P,1
ENSMUSG00000021990-P,1
ENSMUSG00000029265-P,-1
ENSMUSG00000036087-P,-1
ENSMUSG00000031479-P,-1
ENSMUSG00000039813-P,1
ENSMUSG00000044617-P,1
ENSMUSG00000032796-P,-1
ENSMUSG00000038135-P,1
