"(2,2-Dimethyl-5-[2-(2-ethoxymethoxy)propyl][1,3]dioxolan-4-yl)methanol",Feci
"(2S,3R)-3-[(4E,7E)-Nona-4,7-dienoyl]-N,N-bis(trimethylsilyl)oxirane-2-carboxamide",PLS
"(4,4-Dimethyl-5-methylene-4,5-dihydro-3H-pyrrol-2-yl)-(4,4-dimethyl-5-methylene-pyrrolidin-2-ylidene)-acetonitrile",Feci
"(7a-Isopropenyl-4,5-dimethyloctahydroinden-4-yl)methanol",PLS
"(9H-fluoren-9-yl)methanol, O-methoxycarbonyl-",PLS
(CH3)2C=NC2H558,PLS
"(R*,S*)-2,3-Dihydroxybutanoic acid",PLS
"(S,S)-(-)-Hydrobenzoin",PLS
(pm)-N-Propylamphetamine,PLS
(pm)-Norketamine,PLS
(pm)-Phenylpropanolamine,PLS
(pm)-alpha-Tocopherol acetate,PLS
0610040J01Rik,CPX
"1(2H)-Naphthalenone, 3,4-dihydro-3,3,6,8-tetramethyl-",Feci
"1,1'-Biphenyl, 3,4-diethyl-",PLS
"1,2,2-Trimethyl-1-aza-spiro[2.3]hexane",PLS
"1,2,3,10,11,11a-Hexahydro-6,7,8-trimethoxy-3-oxo-5H-dibenzo(a,d)cycloheptene",PLS
"1,2,4,5-Cyclohexanetetrol",Feci
"1,2-Benzenedicarboxylic acid",PLS
"1,2-Butadiene, 1,1,4-triphenyl-3-trimethylsilyl-4-trimethylsilyloxy-",PLS
"1,2-Butanediol",PLS
"1,2-Dimethoxy-4-(1-methoxyethenyl)benzene",PLS
"1,3,5-Benzetriol",PLS
"1,3,5-Trimethyl-1H-pyrazol-4-amine",PLS
"1,3-Cyclohexanebis(methylamine)",PLS
"1,3-Dioxane, 2,2-dimethyl-5-hydroxy-",Feci
"1,3-Dioxane-4-methanol, 4,5-dimethyl-",PLS
"1,3-bis[(Trimethylsilyl)ethynyl]benzene",PLS
"1,4-Butanediol",Feci
"1,4-Butanediol",PLS
"1,4-diazabicyclo[4.3.0]nonan-2,5-dione, 3-methyl",PLS
"1,5-Anhydroglucitol",PLS
"1,5-Anhydroglucitol",Feci
"1,7-Dimethyl-4-(1-methylethyl)cyclodecane",Feci
"1-(1-Hydroxybutyl)-2,5-dimethoxybenzene",PLS
"1-(2,4-Dimethoxyphenyl)-propan-2-one",PLS
1-(3-Methylphenyl)piperazine,PLS
1-(4-Hydroxybenzylidene)acetone,PLS
"1-(4-Methoxyphenyl)-4,6-dimethyl-2(1H)-pyrimidinone",PLS
1-Aminocyclopropanecarboxylic acid,PLS
"1-Butanamine, N,N-diethyl-",PLS
"1-Cyclohexanone, 3-butyl-3-methyl-",PLS
1-Cyclopentylethanol,PLS
"1-Decene, 8-methyl-",PLS
1-Deoxypentitol,PLS
1-Dodecanol,Feci
1-Hexacosene,Feci
1-Hexadecanol,Feci
1-Hexadecanol,PLS
1-Hexanol,Feci
1-Hexanol,PLS
1-Hydroxy-3-methoxy-6-methylanthraquinone,PLS
1-Methyl-4-hydroxy-1H-imidazol-2-amine,Feci
"1-Methyl-N,N-bis(trimethylsilyl)-4-[(trimethylsilyl)oxy]-1H-imidazol-2-amine",PLS
1-Monoacetin,PLS
1-Monopalmitin,Feci
1-Octadecanol,PLS
1-Octadecanol,Feci
1-Octanol,PLS
1-Octanol,Feci
"1-Octanol, 2-butyl-",PLS
"1-Octene, 2-methyl-",PLS
"1-Pentene, 3,3-dimethyl-",PLS
"1-Phenanthrenemethanol, 1,2,3,4,4a,9,10,10a-octahydro-1,4a-dimethyl-7-(1-methylethyl)-, [1R-(1alpha,4abeta,10aalpha)]-",Feci
1-Phenethylamine,PLS
"1-Phenyl-1,2-ethanediol",PLS
1-Phenylethanol,PLS
"1-Piperazineethanol, 4-dibenzo[b,f][1,4]thiazepin-11-yl-",PLS
"1-Propanamine, N,N-diethyl-",PLS
"1-Propanamine, N,N-diethyl-",Feci
1-Tetracosene,Feci
1-Tetradecanol,PLS
1-Tetradecanol,Feci
10-Heptadecenoic acid,PLS
10-Heptadecenoic acid,Feci
11-Hydroxy-.DELTA.-9-tetrahydrocannabinol,Feci
11-Methyldodecanol,Feci
1110004F10Rik,CPX
12-Hydroxyoctadecanoic acid,PLS
12-Oxooctadecanoate,Feci
12-Oxooctadecanoate,PLS
13-Docosenamide,PLS
13-Docosenamide,Feci
"15-Oxo-11Z,13E-eicosadienoic acid",PLS
17-alpha-Hydroxypregnenolone,Feci
1700018L02Rik,CPX
1700047K16Rik,CTX
1700125H03Rik,CPX
1810021B22Rik,CTX
"1H-Inden-1-one, 2,3-dihydro-7-hydroxy-3-methyl-",PLS
"1H-Indole, 1-(trimethysilyl)-2,5-bis[(trimethylsilyl)oxy]-",PLS
"1H-Indole-2-carboxylic acid, 5-ethyl-1-(trimethylsilyl)",Feci
"1H-Pyrazole, 3,4-bis(trimethylsilyl)-",PLS
"2',2,3,6'-Tetramethoxychalcone",Feci
"2',2,3,6'-Tetramethoxychalcone",PLS
2'-Deoxyribolactone,Feci
2'-Desoxyuridine,Feci
"2,2'-Biphenyldiol",PLS
"2,2,4-Trimethyl-1,3-pentanediol diisobutyrate",Feci
"2,2,4-Trimethyl-1,3-pentanediol diisobutyrate",PLS
"2,2,8,8-Tetramethyl-3,7-dioxa-4-aza-2,8-disilanon-4-ene",PLS
"2,2-Diallylpyrrolidine",PLS
"2,3,4,5-Tetrahydroxypentanoic acid-1,4-lactone",Feci
"2,3,4,5-Tetrahydroxypentanoic acid-1,4-lactone",PLS
"2,3,4-Trihydroxybutyric acid",Feci
"2,3,4-Trihydroxybutyric acid tetrakis",PLS
"2,3-Butanediol",PLS
"2,3-Butanediol",Feci
"2,3-Dihydroxy-2-methylpropanoic acid",Feci
"2,4-Decadienal",PLS
"2,4-Di-tert-butylphenol",Feci
"2,4-Diamino-6,7-dimethylpteridine",PLS
"2,4-Imidazolidinedione, 5,5-dimethyl-",PLS
"2,5-Cyclohexadiene-1,4-dione, 2,6-bis(1,1-dimethylethyl)",Feci
"2,5-Cyclohexadiene-1,4-dione, 2,6-bis(1,1-dimethylethyl)-",PLS
"2,5-Di-tert-butyl-4-((trimethylsilyl)oxy)phenol",PLS
"2,5-Di-tert-butyl-4-hydroxyphenol",Feci
"2,5-Di-tert-butylhydroquinone",PLS
"2,5-Dimethoxy-4-methylamphetamine",PLS
"2,5-Dimethoxybenzhydrazide",Feci
"2,5-Dimethoxybenzhydrazide",PLS
"2,5-Dimethoxybenzonitrile",PLS
"2,5-Dimethoxymandelic acid",PLS
"2,5-Dimethoxymandelic acid",Feci
"2,5-Dimethoxyphenol",PLS
"2,5-Dimethoxyphenol",Feci
"2,5-Dimethyl-1-aza-bicyclo[2.2.1]heptane",PLS
"2,5-Piperazinedione, 3-benzyl-6-isopropyl-",PLS
"2,5-Piperazinedione, 3-methyl-6-(phenylmethyl)-",PLS
"2,5-di-tert-Butyl-1,4-benzoquinone",PLS
"2,6-Bis[2-[2-S-thiosulfuroethylamino]ethoxy]pyrazine",PLS
"2,6-Di-O-methyl-d-galactopyranose",Feci
"2,6-Dimethoxybenzylamine",PLS
"2,6-Dimethyl-N-[3-(trimethylsilyl)-1,3-thiazinan-2-ylidene]aniline",PLS
"2-(2,5-Dimethoxy-phenyl)-propionaldehyde",PLS
2-(Bis[2-(trimethylsilyl)oxyethyl]amino)acetic acid,PLS
"2-(Decanoyloxy)propane-1,3-diyl dioctanoate",PLS
"2-Acetyl-3-(1-methyl-2-pyrrolyl)-1,4-benzenediol",PLS
2-Acetyl-5-chloro-3-methylbenzo(b)thiophene,PLS
"2-Allyl-1,4-dimethoxybenzene",PLS
"2-Allyl-1,4-dimethoxybenzene",Feci
"2-Amino-4,6-dihydroxypyrimidine",PLS
2-Amino-4-methylphenol,PLS
2-Amino-4-tert-butylphenol,Feci
2-Aminoadipic acid,Feci
2-Aminoadipic acid,PLS
2-Aminobutanoic acid,PLS
2-Aminobutanoic acid,Feci
2-Butenedioic acid,Feci
2-Butenedioic acid,PLS
"2-Butenoic acid, 2-hydroxy-",Feci
"2-Butenoic acid, 2-methyl-, 2-methyl-2-propenyl ester",Feci
2-Ethyl-3-hydroxypropionic acid,PLS
2-Ethylacetoacetate,Feci
2-Ethylhexanoic acid,Feci
"2-Furanacetaldehyde, tetrahydro-alpha",Feci
2-Furoic acid,PLS
"2-Heptanone, 4,6-dimethyl-",PLS
2-Heptenoic acid,PLS
2-Hexen-1-ol,PLS
"2-Hexenoic acid, 2-[(trimethylsilyl)oxy]-",PLS
2-Hydroxy-2-methylbutyric acid,PLS
2-Hydroxy-2-methylbutyric acid,Feci
2-Hydroxy-3-methylbutyric acid,Feci
2-Hydroxy-3-methylbutyric acid,PLS
2-Hydroxy-5-methoxybenzaldehyde,Feci
2-Hydroxy-5-methoxybenzaldehyde,PLS
2-Hydroxybutyric acid,PLS
2-Isopropyl-5-methyl-1-heptanol,PLS
2-Ketobutyric acid,Feci
2-Ketoisocaproic acid,PLS
"2-Methyl-4,6-dinitrophenol",Feci
2-Methyl-4-pentenoic acid,PLS
2-Methylglutaconic acid,PLS
2-Naphthol,PLS
2-Octanol,Feci
2-Oxooctanoic acid,PLS
2-Palmitoylglycerol,Feci
2-Pentenedioic acid,Feci
"2-Pentenedioic acid, 2-hydroxy-",Feci
"2-Pentenedioic acid, 3-methyl-",PLS
2-Pentenoic acid,PLS
2-Piperidinone,Feci
"2-Propanone, bis(1-methylethyl)hydrazone",PLS
"2-Propenamide, 3-phenyl-N-2-propenyl-",PLS
"2-Propenoic acid, 2-hydroxy-3-(4-hydroxyphenyl)",Feci
2-Pyrrolidinone,Feci
2-Pyrrolidinone,PLS
2-tert-Butyl-4-ethylphenol,Feci
2310014F06Rik,CPX
2310034G01Rik,CTX
2410124H12Rik,CPX
2610020C07Rik,CPX
2810021J22Rik,CTX
2810021J22Rik,CPX
3'-(Trimethylsilyl)oxy-beta-naphthoflavone,PLS
3'-Hydroxyacetophenone,PLS
"3,4,5-Trihydroxypentanoic acid",Feci
"3,4,5-Trihydroxypentanoic acid, tetrakis(trimethylsilyl)-",PLS
"3,4-Dihydrocoumarin, 4,4-dimethyl-6-dimethylamino",Feci
"3,4-Dihydrocoumarin, 4,4-dimethyl-6-dimethylamino-",PLS
"3,4-Dihydroxymandelic acid, ethyl ester",PLS
"3,4-Dimethoxymandelic acid",Feci
"3,4-dimethyl-5-(3,4-methylenedioxy)phenyloxazolidine",PLS
"3,4-dimethyl-5-(3,4-methylenedioxy)phenyloxazolidine",Feci
"3,5-Di-tert-butyl-2-trimethylsilyloxybenzaldehyde",PLS
"3,5-Dimethyl-1,4-diallylpyrazole",PLS
"3,5-Dimethylphenol",Feci
"3,5-Dimethylpyrazole",PLS
"3,5-di-tert-Butyl-4-hydroxyacetophenone",PLS
3-(2-Hydroxyethyl)imidazole-2-thione,PLS
"3-(3-Cyclohexylaminopropionylamino)-5-ethylthiophene-2-carboxylic acid, ethyl ester",PLS
3-(3-Hydroxyphenyl)propanoic acid,Feci
3-Amino-2-piperidone,PLS
3-Amino-2-piperidone,Feci
3-Amino-5-morpholinomethyl-2-oxazolidinone,PLS
3-Aminobenzoic acid,PLS
3-Aminobutanoic acid,PLS
3-Aminobutanoic acid,Feci
3-Buten-2-one,Feci
"3-Buten-2-one, 3-trimethylsilyloxy-",PLS
"3-Buten-2-one, 4-(4-methoxyphenyl)-",PLS
"3-Cyclohexyl-L-alanine amide, N,N,N'N'-tetramethyl-",PLS
3-Deoxyhexitol,Feci
"3-Ethyl-3-methyl-pyrrolidine-2,5-dione",Feci
3-Ethylphenol,PLS
3-Hexenedinitrile,PLS
3-Hexenedioic acid,Feci
"3-Hydroxy-2,3-dihydromaltol",Feci
"3-Hydroxy-2,3-dihydromaltol",PLS
3-Hydroxybutyric acid,PLS
3-Hydroxybutyric acid,Feci
3-Hydroxyisovaleric acid,Feci
3-Hydroxyisovaleric acid,PLS
3-Hydroxypicolinic acid,Feci
3-Indoleacetic acid,PLS
3-Indolepropionic acid,PLS
"3-Methoxyamphetamine, 4-Trimethylsilyloxy, N,N-bis(Trimethylsilyloxy)-",PLS
3-Methoxysalicylic acid,PLS
"3-Methyl-2-butenoic acid, tridec-2-ynyl ester",PLS
3-Methyl-2-furoic acid,Feci
3-Methyladenine,PLS
"3-Methylpiperazine-2,5-dione, (R)-",PLS
3-Methylvaleric acid,PLS
3-Methylvaleric acid,Feci
3-Nonen-1-ol,PLS
3-O-methyl-beta-D-Glucopyranose,Feci
3-Oxo-1-cyclohexene-1-carboxylic acid,Feci
3-Pyridylcarbinol,Feci
3-Undecene,Feci
3-Ureidopropionic acid,PLS
"3beta,4beta-Bis(trimethylsiloxy)cholest-5-ene",PLS
"3beta-TRIMETHYLSILOXY-5alpha,6alpha-EPOXYCHOLESTANE",PLS
"4,4,5,8-Tetramethyl-chroman-2-one",PLS
4-(Methoxycarbonyl)phenol,PLS
4-(Trimethylsilyoxy)-3-penten-2-one,PLS
4-Aminobenzoic acid,Feci
4-Coumaric acid,Feci
4-Cumylphenol,PLS
"4-Fluoroaniline, N-trimethylsilyl-",PLS
4-Hydroxy-5-(hydroxymethyl)oxolan-2-one,PLS
4-Hydroxy-5-(hydroxymethyl)oxolan-2-one,Feci
4-Hydroxybenzaldehyde,Feci
4-Hydroxybenzaldehyde,PLS
4-Hydroxybenzeneacetic acid,Feci
4-Hydroxybenzeneacetic acid,PLS
4-Hydroxybenzoic acid,PLS
4-Hydroxybenzoic acid,Feci
4-Hydroxybutanoic acid,Feci
4-Hydroxybutanoic acid,PLS
4-Hydroxyphenyllactic acid,Feci
4-Hydroxyphenyllactic acid,PLS
4-Methoxyphenol,PLS
4-Methoxyphenol,Feci
4-Methyl-5-thiazoleethanol,Feci
4-Methylvaleric acid,PLS
4-Methylvaleric acid,Feci
4-Pentenoic acid,Feci
4-Pyridinol,Feci
4-Pyridinol,PLS
"4-[2-(4,7-Dimethoxy-2H-1,3-benzodioxol-5-yl)ethenyl]-2-methoxyphenol",PLS
4-hydroxy-3-penten-2-one,Feci
4-hydroxycyclohexylacetate,Feci
4632415L05Rik,CPX
4833417C18Rik,CTX
4921504A21Rik,CPX
4930412C18Rik,CPX
4930556M19Rik,CPX
4933439C10Rik,CTX
4933439K11Rik,CPX
"5,10-Diethoxy-2,3,7,8-tetrahydro-1H,6H-dipyrrolo[1,2-a:1',2'-d]pyrazine",Feci
"5,10-Diethoxy-2,3,7,8-tetrahydro-1H,6H-dipyrrolo[1,2-a:1',2'-d]pyrazine",PLS
"5,6-Dihydro-5-methyluracil",PLS
"5,6-Dimethyl-4-phenyl-3-cyanopyridine-2(1H)-thione",PLS
"5,8,11-Eicosatrienoic acid",Feci
5-(2-Aminopropyl)-2-methylphenol,PLS
5-Aminovaleric acid,Feci
5-Aminovaleric acid,PLS
"5-Androsten-17alpha-methyl-3beta,17beta-diol",PLS
"5-Androsten-17alpha-methyl-3beta,17beta-diol",Feci
"5-Cholesten-3beta, 7alpha-bis[(trimethylsilyl)oxy]-",PLS
5-Ethyluracil,PLS
5-Henicosylresorcinol,PLS
5-Hydroxy-2-methylpyridine,Feci
5-Hydroxyhexanoic acid,PLS
5-Hydroxymethyl-2-furoic acid,Feci
5-Hydroxyquinoline,PLS
5-Hydroxytryptophan,PLS
5-Methyluridine,Feci
5-Oxohexanoic Acid,Feci
5730408A14Rik,CTX
5730455P16Rik,CPX
"5alpha-Pregnane-3,20-dione",PLS
"6,7,4'-Trihydroxyisoflavone",PLS
"6,8-Dioxapentadecane",PLS
6-Hydroxyflavone-beta-D-glucoside,PLS
6-Hydroxyhexanoic acid,Feci
"6-Methoxy-1-methyl-1,2,3,4-tetrahydroisoquinolin-7-ol",PLS
"7,9-Di-tert-butyl-1-oxaspiro(4,5)deca-6,9-diene-2,8-dione",Feci
"7,9-Di-tert-butyl-1-oxaspiro(4,5)deca-6,9-diene-2,8-dione",PLS
7-(Trimethylsilyl)amino-4-methylcoumarin,PLS
"7-Acetyl-6-ethyl-1,1,4,4-tetramethyltetralin",PLS
"7-Isoquinolinol, 1,2,3,4-tetrahydro-1-[(4-hydroxyphenyl)methyl]-6-methoxy-",PLS
8-Hydroxy-5-(hydroxymethyl)quinoline,Feci
"9(E),11(E)-Conjugated linoleic acid",PLS
"9,12-Octadecadienoic acid",Feci
"9,12-Octadecadienoic acid",PLS
9-Hexadecenoic acid,PLS
9-Octadecen-1-ol,Feci
9-Octadecenamide,Feci
9-Octadecenamide,PLS
9-Octadecenoic acid,PLS
9-Octadecenoic acid,Feci
9530026P05Rik,CPX
"9H-Fluorene, 9-methylene-",PLS
9H-Purin-6-ol,Feci
"9H-Purine, 9-(trimethylsilyl)-2,6,8-tris[(trimethylsilyl)oxy]-",PLS
A430018G15Rik,CTX
A430108G06Rik,CPX
A930024E05Rik,CPX
Aasdhppt,CPX
Aatf,CTX
Abca4,CTX
Abhd11,CTX
Abitram,CPX
Acacb,CPX
Acad9,CPX
Acbd4,CPX
"Acetamide, 2,2,2-trifluoro-",PLS
"Acetamide, N,N-diethyl-",PLS
"Acetamide, N-(2-butyl)-N-methyl-",Feci
"Acetic acid, bis[(trimethylsilyl)oxyl]-",PLS
"Acetin, bis-1,3-trimethylsilyl ether",PLS
Acetoacetic acid,Feci
Acetoacetic acid,PLS
"Acetohydrazide, 2-(2-isopropyl-5-methylphenoxy)-N2-benzylideno-",PLS
Acetohydroxamic acid,Feci
Aceturic acid,PLS
Aconitic acid,Feci
Acox1,CPX
Acsbg3,CTX
Actr3,CPX
Ada,CPX
Adam15,CPX
Adamts15,CTX
Adamtsl1,CPX
Adck2,CPX
Adcy9,CPX
Adipoyl-L-carnitine,PLS
Adprh,CPX
Adsl,CTX
Afg3l1,CPX
Agbl3,CPX
Agk,CTX
Agrn,CPX
Ahcyl2,CPX
Albizziin,PLS
Aldh1l1,CPX
Aldh9a1,CPX
Alkbh1,CTX
Alkbh6,CPX
Alloxanic acid,PLS
Allylescaline,PLS
Amfr,CPX
Ammeline,PLS
Ankrd12,CPX
Ankrd16,CTX
Ankrd9,CTX
Ano8,CPX
Anthranilic acid,Feci
Aox3,CPX
Ap2a1,CTX
Ap2b1,CPX
Ap3b1,CPX
Ap3s2,CPX
Apc2,CPX
Aqp11,CPX
Arabinaric acid,PLS
Arabinitol,Feci
"Arabino-Hexonic acid, 2-deoxy-, gamma-lactone",Feci
"Arabinofuranose, 1,2,3,5-tetrakis",Feci
"Arabinofuranose, 1,2,3,5-tetrakis-O-",PLS
Arabinose,Feci
Arachidic acid,Feci
Arachidonic acid,PLS
Arb2a,CTX
Arf2,CPX
Argininosuccinic acid,Feci
Arhgap15,CPX
Arhgap19,CTX
Arhgap5,CTX
Arhgap5,CPX
Arhgef1,CTX
Arhgef12,CPX
Arhgef26,CTX
Arid2,CPX
Arid4a,CPX
Arl1,CTX
Arl2bp,CPX
Armcx2,CPX
Arrdc4,CPX
Arsenous acid,PLS
Art4,CPX
Asb8,CPX
Ascc3,CTX
Ascl4,CTX
Ash1l,CPX
Aspartic acid,PLS
Asphd2,CTX
Atf6b,CPX
Atg4d,CTX
Atn1,CPX
Atosb,CTX
Atp1b1,CTX
Atp5me,CPX
Atp5mg,CPX
Atp6v1f,CPX
Atp7a,CPX
Atrazine desethyl,PLS
Azatadine,PLS
Azelaic acid,Feci
"Azetidine, 1-acetyl-2-methyl",Feci
"Azetidine, 1-acetyl-2-methyl-",PLS
"Aziridine, 1-(2-buten-2-yl)-",PLS
B130034C11Rik,CPX
B230219D22Rik,CPX
B230398E01Rik,CTX
B9d2,CTX
Baiap2l1,CPX
Baz1b,CPX
Bcat1,CPX
Bcl2l12,CPX
Bcl7a,CPX
Bclaf1,CPX
Bclaf3,CTX
Bean1,CTX
"Benzaldehyde, 2,5-dimethoxy",Feci
"Benzaldehyde, 2,5-dimethyl-",PLS
"Benzene, 1,1'-(1,2-cyclobutanediyl)bis-",PLS
"Benzene, 1,3-bis(1,1-dimethylethyl)-",PLS
"Benzene, 1-acetoxy-2,6-dimethoxy-4-(2-propenyl)-",PLS
"Benzene, 3-cyclohexen-1-yl-",PLS
"Benzene, 4-ethenyl-1,2-dimethoxy-",PLS
Benzeneacetamide,PLS
Benzeneacetic acid,PLS
"Benzeneethanamine, N-[(pentafluorophenyl)methylene]-4-[(trimethylsilyl)oxy]-",PLS
"Benzenemethanamine, 2,3-dimethoxy-",PLS
Benzenepropanoic acid,PLS
"Benzenepropanoic acid, 3,5-bis(1,1-dimethylethyl)-4-hydroxy-",PLS
"Benzenepropanoic acid, 3,5-bis(1,1-dimethylethyl)-4-hydroxy-, methyl ester",Feci
"Benzimidazole, 5-trifluoromethyl-2-methyl-",PLS
"Benzo[b]fluorene, 5-amino-7-methyl-1,2,3,4,6,7,8,9-octahydro-11-thia-10-aza-",PLS
Benzoic Acid,Feci
Benzoic Acid,PLS
"Benzoic acid, methyl ester",PLS
"Benzoic acid, pentadecyl ester",PLS
Benzoin,PLS
Benzophenone,PLS
Benzyl alcohol,PLS
Bhlhe41,CPX
Bhmt2,CPX
Birc2,CPX
Bis(trimethylsilyl)acetylene,PLS
Bis(trimethylsilyl)histidine,PLS
Bloc1s1,CPX
Boric acid,PLS
Brd2,CPX
Brd4,CPX
Brdt,CTX
Brwd1,CTX
Brwd3,CTX
Btbd1,CTX
Btbd2,CPX
Btg1,CPX
"Butanal, 2,3,4-tris[(trimethylsilyl)oxy]-, O-methyloxime, [R-(R*,R*)]-",PLS
Butanedioic acid,PLS
Butanedioic acid,Feci
"Butanoic acid, 2,4-bis[(trimethylsilyl)oxy]-",PLS
"Butanoic acid, 2-methyl-3-[(trimethylsilyl)oxy]-",PLS
"Butanoic acid, 3,4-dihydroxy-",Feci
Butyl Succinate,Feci
Butyl caprylate,Feci
Butylated Hydroxytoluene,PLS
Butylmethylamine,PLS
Butyrovanillone,PLS
C030013C21Rik,CTX
C130021I20Rik,CPX
C130023A14Rik,CTX
C130089K02Rik,CPX
Cables1,CTX
Cables2,CPX
Cadaverine,PLS
Caffeic acid,Feci
Camk1d,CPX
Campesterol,PLS
Campesterol,Feci
Camsap2,CPX
Capn15,CPX
Capn2,CPX
"Carbonic acid, eicosyl vinyl ester",PLS
Carfentrazone-ethyl,PLS
Casp8,CPX
Cast,CPX
Cbarp,CPX
Cbx6,CTX
Ccar1,CPX
Ccdc148,CPX
Ccdc18,CPX
Ccdc186,CPX
Ccdc33,CPX
Ccdc59,CPX
Ccdc88a,CPX
Ccdc97,CTX
Ccnd1,CPX
Ccnyl1,CTX
Ccpg1,CPX
Cct4,CPX
Cd24a,CTX
Cd47,CPX
Cdc14a,CPX
Cdc25c,CTX
Cdc27,CTX
Cdc42bpa,CTX
Cdc73,CTX
Cdh4,CPX
Cdk7,CTX
Cdkl3,CPX
Cdkn1c,CPX
Cdr2l,CPX
Cebpd,CPX
Cebpd,CTX
Cebpz,CPX
Cemip,CTX
Cep290,CPX
Cep41,CPX
Cep57,CPX
Cep95,CPX
"Cephalotaxine, 3-deoxy-3,11-epoxy-, (3alpha,11alpha)-",PLS
Cerkl,CPX
Cerox1,CPX
"Cetaben, N,O-bis(trimethylsilyl)-",PLS
Cfap418,CTX
Cfap46,CPX
Chchd7,CPX
Chi3l1,CPX
Chmp4c,CPX
Chmp6,CTX
"Cholest-22-ene-21-ol, 3,5-dehydro-6-methoxy-, pivalate",PLS
"Cholest-7-en-3-ol, (3beta,5alpha)-",PLS
"Cholesta-3,5-dien-7-one",PLS
"Cholesta-3,5-diene",PLS
Cholesterol,PLS
Cholesterol,Feci
Cinnamic acid,PLS
Cinnamic acid,Feci
Citric acid,Feci
Citric acid,PLS
Clcn2,CPX
Cldn22,CPX
Clec14a,CPX
Clpp,CPX
Cltb,CPX
Cmtm7,CTX
Cmtm8,CPX
Cnih2,CPX
Cnnm4,CPX
Cntd1,CTX
Cntn1,CPX
Cog8,CPX
Col25a1,CTX
Col5a3,CPX
Col8a1,CPX
Comt,CTX
Cope,CPX
Copg1,CPX
Cops8,CTX
Cracr2b,CPX
Cry2,CTX
Crygn,CPX
Crygn,CTX
Csnk1a1,CPX
Csnk2b,CTX
Cspg5,CPX
Csrp1,CTX
Cstf2,CPX
Ctdspl2,CPX
Ctr9,CPX
Ctsc,CPX
Ctso,CTX
Ctu1,CTX
Cul4b,CTX
Cul7,CPX
Cxcl14,CTX
Cxxc4,CPX
Cyclo(L-prolyl-L-valine),PLS
Cyclo(L-prolyl-L-valine),Feci
Cyclo-(l-leucyl-l-phenylalanyl),PLS
Cyclobutanol,PLS
Cyclohexanecarboxylic acid,Feci
Cyclohexanemethanol,Feci
Cyclohexanol,PLS
Cyclohexanol,Feci
"Cyclohexanone, 3,3,5-trimethyl-",PLS
"Cyclohexene, 3,3-dimethyl-1-(trimethylsilyloxy)-",PLS
"Cyclohexene, 3-butyl-3-methyl-1-trimethylsilyloxy-",PLS
"Cyclopenta[g]-2-benzopyran, 1,3,4,6,7,8-hexahydro-4,6,6,7,8,8-hexamethyl",Feci
"Cyclopentaneacetic acid, 3-oxo-2-pentyl-",PLS
"Cyclopentanone, 2,2,4-trimethyl-",PLS
Cytosine,Feci
Cyyr1,CPX
D-(+)-Galactopyranose,Feci
D-(+)-Glucosamine,Feci
"D-(+)-Ribono-1,4-lactone",Feci
"D-(+)-Ribono-1,4-lactone (R,S,R)-",PLS
D-(+)-Talofuranose,Feci
"D-(+)-Talofuranose, pentakis",PLS
D-(-)-Citramalic acid,PLS
D-(-)-Fructofuranose,Feci
"D-(-)-Fructofuranose, pentakis",PLS
D-(-)-Fructopyranose,Feci
"D-(-)-Lyxose, tetrakis",PLS
D-(-)-Ribofuranose,Feci
"D-(-)-Ribofuranose, tetrakis",PLS
D-Allofuranose,Feci
D-Arabinose,PLS
D-Arabinose,Feci
"D-Erythro-Pentitol, 2-deoxy-",Feci
"D-Erythro-Pentofuranose, 2-deoxy-1,3-bis-O-",PLS
"D-Erythro-Pentofuranose, 2-deoxy-1,3-bis-O-posphate",Feci
D-Fructose,PLS
D-Fructose,Feci
D-Fucitol,Feci
D-Fucitol,PLS
D-Glucose,Feci
"D-Isoleucine, N-acetyl-",PLS
D-Leucylglycylglycine,PLS
D-Mannopyranose,Feci
D-Mannose,Feci
D-Mannose,PLS
D-Ornithine,PLS
D-Proline,PLS
D-Psicofuranose,Feci
"D-Psicofuranose, pentakis",PLS
D-Ribofuranose,Feci
D-Ribose,Feci
D-Ribose,PLS
D-Threitol,PLS
"D-Xylofuranose, 1,2,3,5-tetrakis-O-",PLS
D-Xylose,Feci
D030028A08Rik,CTX
D630023F18Rik,CTX
D630036H23Rik,CPX
DL-Glyceraldehyde,PLS
DL-Ornithine,PLS
DL-Phenylalanine,Feci
DL-Phenylalanine,PLS
"DL-Proline, 5-oxo-",PLS
Dalrd3,CTX
Dap3,CPX
Dap3,CTX
Dbndd1,CPX
Dbpht2,CPX
Dcaf12l1,CPX
Dcp2,CTX
Dctn2,CPX
Dctpp1,CTX
Dcxr,CPX
Ddb1,CPX
Ddit4,CPX
Ddt,CTX
Ddx6,CTX
Decanoic acid,Feci
Decanoic acid,PLS
Decyl oleate,Feci
Dehydroabietic acid,Feci
Dehydronorketamine,PLS
Dek,CPX
Delorazepam,PLS
Dennd2c,CPX
Deoxycholic Acid,PLS
Deoxycholic Acid,Feci
Deoxyglucose,Feci
Deoxyribopyranose,Feci
Desmethylverapamil,Feci
Desmosterol,PLS
Dhtkd1,CTX
Dhx29,CPX
Dhx36,CPX
Dhx9,CPX
Dicyclohexylamine,PLS
Dihydrouracil,Feci
Dihydrouracil,PLS
Dihydroxyacetone,Feci
Dimethyl fumarate,PLS
"Dimethyl hexopyranosiduronate, alpha-D",Feci
"Dimethyl hexopyranosiduronate, alpha-D-",PLS
Dinoseb,PLS
Diphenyl ether,PLS
Dipk1a,CPX
Dipk1b,CTX
Dlg3,CTX
Dlg4,CPX
Dlgap4,CPX
Dnajb6,CTX
Dnajc13,CPX
Dnajc21,CPX
Dnajc7,CPX
Dnase1l1,CPX
Dnmt3a,CTX
Dobutamine,PLS
Dock10,CPX
Doconexent,PLS
Docosyl octyl ether,PLS
Dodecanamide,Feci
"Dodecanamide, N-(2-hydroxyethyl)-",PLS
"Dodecane, 4,6-dimethyl-",PLS
Dodecanoic acid,PLS
Dodecanoic acid,Feci
"Dodecanoic acid, 1-methylethyl ester",PLS
Dodecylcyclohexane,PLS
Dok1,CPX
Dopamine,PLS
Dpysl4,CPX
Dqx1,CTX
Dr1,CPX
Drc3,CPX
Dstn,CPX
Dusp1,CPX
Dync1h1,CPX
Dync2li1,CPX
Dynll1,CPX
Dynlt2b,CPX
E230020A03Rik,CTX
E2f2,CPX
E2f3,CTX
ENSMUSG00000001054,CPX
ENSMUSG00000001687,CPX
ENSMUSG00000001964,CPX
ENSMUSG00000002324,CPX
ENSMUSG00000002660,CPX
ENSMUSG00000003190,CPX
ENSMUSG00000003949,CPX
ENSMUSG00000004040,CPX
ENSMUSG00000004098,CPX
ENSMUSG00000004263,CPX
ENSMUSG00000004285,CPX
ENSMUSG00000004895,CPX
ENSMUSG00000005510,CPX
ENSMUSG00000005514,CPX
ENSMUSG00000005580,CPX
ENSMUSG00000005699,CPX
ENSMUSG00000006005,CPX
ENSMUSG00000006476,CPX
ENSMUSG00000006777,CPX
ENSMUSG00000007892,CPX
ENSMUSG00000008140,CPX
ENSMUSG00000008348,CPX
ENSMUSG00000008690,CPX
ENSMUSG00000010607,CPX
ENSMUSG00000011831,CPX
ENSMUSG00000012422,CPX
ENSMUSG00000013858,CPX
ENSMUSG00000014075,CPX
ENSMUSG00000014195,CPX
ENSMUSG00000014603,CPX
ENSMUSG00000014846,CPX
ENSMUSG00000015461,CPX
ENSMUSG00000015748,CPX
ENSMUSG00000015839,CPX
ENSMUSG00000015932,CPX
ENSMUSG00000015970,CPX
ENSMUSG00000016018,CPX
ENSMUSG00000016487,CPX
ENSMUSG00000016495,CPX
ENSMUSG00000017221,CPX
ENSMUSG00000017286,CPX
ENSMUSG00000017314,CPX
ENSMUSG00000017405,CPX
ENSMUSG00000017670,CPX
ENSMUSG00000017697,CPX
ENSMUSG00000018293,CPX
ENSMUSG00000018707,CPX
ENSMUSG00000019088,CPX
ENSMUSG00000019173,CPX
ENSMUSG00000019647,CPX
ENSMUSG00000019907,CPX
ENSMUSG00000020135,CPX
ENSMUSG00000020235,CPX
ENSMUSG00000020297,CPX
ENSMUSG00000020308,CPX
ENSMUSG00000020491,CPX
ENSMUSG00000020546,CPX
ENSMUSG00000020553,CPX
ENSMUSG00000020752,CPX
ENSMUSG00000020886,CPX
ENSMUSG00000021000,CPX
ENSMUSG00000021215,CPX
ENSMUSG00000021243,CPX
ENSMUSG00000021254,CPX
ENSMUSG00000021585,CPX
ENSMUSG00000021676,CPX
ENSMUSG00000021686,CPX
ENSMUSG00000021709,CPX
ENSMUSG00000021929,CPX
ENSMUSG00000021957,CPX
ENSMUSG00000021990,CPX
ENSMUSG00000022023,CPX
ENSMUSG00000022177,CPX
ENSMUSG00000022199,CPX
ENSMUSG00000022246,CPX
ENSMUSG00000022312,CPX
ENSMUSG00000022426,CPX
ENSMUSG00000022427,CPX
ENSMUSG00000022568,CPX
ENSMUSG00000022711,CPX
ENSMUSG00000022781,CPX
ENSMUSG00000022843,CPX
ENSMUSG00000023046,CPX
ENSMUSG00000023236,CPX
ENSMUSG00000023967,CPX
ENSMUSG00000024098,CPX
ENSMUSG00000024150,CPX
ENSMUSG00000024151,CPX
ENSMUSG00000024168,CPX
ENSMUSG00000024170,CPX
ENSMUSG00000024191,CPX
ENSMUSG00000024335,CPX
ENSMUSG00000024472,CPX
ENSMUSG00000024576,CPX
ENSMUSG00000024687,CPX
ENSMUSG00000024740,CPX
ENSMUSG00000024772,CPX
ENSMUSG00000024800,CPX
ENSMUSG00000024941,CPX
ENSMUSG00000024947,CPX
ENSMUSG00000024975,CPX
ENSMUSG00000024976,CPX
ENSMUSG00000025016,CPX
ENSMUSG00000025060,CPX
ENSMUSG00000025231,CPX
ENSMUSG00000025410,CPX
ENSMUSG00000025437,CPX
ENSMUSG00000025474,CPX
ENSMUSG00000025505,CPX
ENSMUSG00000026096,CPX
ENSMUSG00000026273,CPX
ENSMUSG00000026341,CPX
ENSMUSG00000026483,CPX
ENSMUSG00000026509,CPX
ENSMUSG00000026520,CPX
ENSMUSG00000026527,CPX
ENSMUSG00000026563,CPX
ENSMUSG00000026623,CPX
ENSMUSG00000026784,CPX
ENSMUSG00000026803,CPX
ENSMUSG00000026820,CPX
ENSMUSG00000027349,CPX
ENSMUSG00000027374,CPX
ENSMUSG00000027523,CPX
ENSMUSG00000027598,CPX
ENSMUSG00000027646,CPX
ENSMUSG00000027782,CPX
ENSMUSG00000027860,CPX
ENSMUSG00000028030,CPX
ENSMUSG00000028041,CPX
ENSMUSG00000028051,CPX
ENSMUSG00000028133,CPX
ENSMUSG00000028273,CPX
ENSMUSG00000028383,CPX
ENSMUSG00000028655,CPX
ENSMUSG00000028700,CPX
ENSMUSG00000028811,CPX
ENSMUSG00000029198,CPX
ENSMUSG00000029265,CPX
ENSMUSG00000029438,CPX
ENSMUSG00000029550,CPX
ENSMUSG00000029551,CPX
ENSMUSG00000029623,CPX
ENSMUSG00000029772,CPX
ENSMUSG00000029790,CPX
ENSMUSG00000029840,CPX
ENSMUSG00000029878,CPX
ENSMUSG00000030016,CPX
ENSMUSG00000030058,CPX
ENSMUSG00000030060,CPX
ENSMUSG00000030216,CPX
ENSMUSG00000030256,CPX
ENSMUSG00000030265,CPX
ENSMUSG00000030268,CPX
ENSMUSG00000030286,CPX
ENSMUSG00000030304,CPX
ENSMUSG00000030352,CPX
ENSMUSG00000030403,CPX
ENSMUSG00000030557,CPX
ENSMUSG00000030560,CPX
ENSMUSG00000030591,CPX
ENSMUSG00000030605,CPX
ENSMUSG00000030616,CPX
ENSMUSG00000030663,CPX
ENSMUSG00000030697,CPX
ENSMUSG00000030703,CPX
ENSMUSG00000030782,CPX
ENSMUSG00000030862,CPX
ENSMUSG00000030879,CPX
ENSMUSG00000031027,CPX
ENSMUSG00000031079,CPX
ENSMUSG00000031246,CPX
ENSMUSG00000031451,CPX
ENSMUSG00000031479,CPX
ENSMUSG00000031489,CPX
ENSMUSG00000031511,CPX
ENSMUSG00000031513,CPX
ENSMUSG00000031583,CPX
ENSMUSG00000031590,CPX
ENSMUSG00000031617,CPX
ENSMUSG00000031657,CPX
ENSMUSG00000031715,CPX
ENSMUSG00000031751,CPX
ENSMUSG00000031864,CPX
ENSMUSG00000031918,CPX
ENSMUSG00000031922,CPX
ENSMUSG00000031967,CPX
ENSMUSG00000032018,CPX
ENSMUSG00000032172,CPX
ENSMUSG00000032216,CPX
ENSMUSG00000032238,CPX
ENSMUSG00000032261,CPX
ENSMUSG00000032288,CPX
ENSMUSG00000032306,CPX
ENSMUSG00000032372,CPX
ENSMUSG00000032560,CPX
ENSMUSG00000032615,CPX
ENSMUSG00000032633,CPX
ENSMUSG00000032641,CPX
ENSMUSG00000032763,CPX
ENSMUSG00000033021,CPX
ENSMUSG00000033047,CPX
ENSMUSG00000033453,CPX
ENSMUSG00000033487,CPX
ENSMUSG00000033792,CPX
ENSMUSG00000033948,CPX
ENSMUSG00000034349,CPX
ENSMUSG00000034377,CPX
ENSMUSG00000034584,CPX
ENSMUSG00000034647,CPX
ENSMUSG00000034768,CPX
ENSMUSG00000034786,CPX
ENSMUSG00000034863,CPX
ENSMUSG00000034930,CPX
ENSMUSG00000034957,CPX
ENSMUSG00000035133,CPX
ENSMUSG00000035293,CPX
ENSMUSG00000035505,CPX
ENSMUSG00000035934,CPX
ENSMUSG00000035941,CPX
ENSMUSG00000036501,CPX
ENSMUSG00000036613,CPX
ENSMUSG00000036718,CPX
ENSMUSG00000036815,CPX
ENSMUSG00000037012,CPX
ENSMUSG00000037408,CPX
ENSMUSG00000037646,CPX
ENSMUSG00000037716,CPX
ENSMUSG00000038064,CPX
ENSMUSG00000038084,CPX
ENSMUSG00000038135,CPX
ENSMUSG00000038324,CPX
ENSMUSG00000038390,CPX
ENSMUSG00000038545,CPX
ENSMUSG00000038555,CPX
ENSMUSG00000038717,CPX
ENSMUSG00000038827,CPX
ENSMUSG00000038884,CPX
ENSMUSG00000038990,CPX
ENSMUSG00000039000,CPX
ENSMUSG00000039145,CPX
ENSMUSG00000039157,CPX
ENSMUSG00000039194,CPX
ENSMUSG00000039253,CPX
ENSMUSG00000039323,CPX
ENSMUSG00000039450,CPX
ENSMUSG00000039813,CPX
ENSMUSG00000039883,CPX
ENSMUSG00000039959,CPX
ENSMUSG00000040158,CPX
ENSMUSG00000040167,CPX
ENSMUSG00000040612,CPX
ENSMUSG00000040661,CPX
ENSMUSG00000041012,CPX
ENSMUSG00000041134,CPX
ENSMUSG00000041408,CPX
ENSMUSG00000041491,CPX
ENSMUSG00000041642,CPX
ENSMUSG00000041649,CPX
ENSMUSG00000041685,CPX
ENSMUSG00000041720,CPX
ENSMUSG00000041841,CPX
ENSMUSG00000042010,CPX
ENSMUSG00000042129,CPX
ENSMUSG00000042426,CPX
ENSMUSG00000042506,CPX
ENSMUSG00000042594,CPX
ENSMUSG00000042626,CPX
ENSMUSG00000042659,CPX
ENSMUSG00000042686,CPX
ENSMUSG00000042699,CPX
ENSMUSG00000042745,CPX
ENSMUSG00000042797,CPX
ENSMUSG00000043263,CPX
ENSMUSG00000043411,CPX
ENSMUSG00000043614,CPX
ENSMUSG00000044224,CPX
ENSMUSG00000044296,CPX
ENSMUSG00000045284,CPX
ENSMUSG00000045817,CPX
ENSMUSG00000045930,CPX
ENSMUSG00000046157,CPX
ENSMUSG00000046351,CPX
ENSMUSG00000046711,CPX
ENSMUSG00000046714,CPX
ENSMUSG00000046806,CPX
ENSMUSG00000046807,CPX
ENSMUSG00000046947,CPX
ENSMUSG00000047141,CPX
ENSMUSG00000048175,CPX
ENSMUSG00000048330,CPX
ENSMUSG00000048612,CPX
ENSMUSG00000049097,CPX
ENSMUSG00000049287,CPX
ENSMUSG00000049295,CPX
ENSMUSG00000049739,CPX
ENSMUSG00000049744,CPX
ENSMUSG00000050321,CPX
ENSMUSG00000050822,CPX
ENSMUSG00000051043,CPX
ENSMUSG00000051074,CPX
ENSMUSG00000051224,CPX
ENSMUSG00000051285,CPX
ENSMUSG00000051297,CPX
ENSMUSG00000051510,CPX
ENSMUSG00000052534,CPX
ENSMUSG00000052584,CPX
ENSMUSG00000052751,CPX
ENSMUSG00000052951,CPX
ENSMUSG00000053746,CPX
ENSMUSG00000053749,CPX
ENSMUSG00000054484,CPX
ENSMUSG00000055044,CPX
ENSMUSG00000055447,CPX
ENSMUSG00000055681,CPX
ENSMUSG00000056054,CPX
ENSMUSG00000056735,CPX
ENSMUSG00000056952,CPX
ENSMUSG00000057181,CPX
ENSMUSG00000057738,CPX
ENSMUSG00000058351,CPX
ENSMUSG00000058420,CPX
ENSMUSG00000058756,CPX
ENSMUSG00000059495,CPX
ENSMUSG00000060512,CPX
ENSMUSG00000061533,CPX
ENSMUSG00000061689,CPX
ENSMUSG00000061718,CPX
ENSMUSG00000061838,CPX
ENSMUSG00000062040,CPX
ENSMUSG00000062044,CPX
ENSMUSG00000063894,CPX
ENSMUSG00000064246,CPX
ENSMUSG00000064294,CPX
ENSMUSG00000064338,CPX
ENSMUSG00000064340,CPX
ENSMUSG00000064345,CPX
ENSMUSG00000065799,CPX
ENSMUSG00000066057,CPX
ENSMUSG00000066113,CPX
ENSMUSG00000066595,CPX
ENSMUSG00000067148,CPX
ENSMUSG00000067928,CPX
ENSMUSG00000068196,CPX
ENSMUSG00000068284,CPX
ENSMUSG00000068762,CPX
ENSMUSG00000069631,CPX
ENSMUSG00000070348,CPX
ENSMUSG00000070527,CPX
ENSMUSG00000070643,CPX
ENSMUSG00000070858,CPX
ENSMUSG00000071072,CPX
ENSMUSG00000071637,CPX
ENSMUSG00000072662,CPX
ENSMUSG00000072763,CPX
ENSMUSG00000077767,CPX
ENSMUSG00000078201,CPX
ENSMUSG00000078485,CPX
ENSMUSG00000083899,CPX
ENSMUSG00000085890,CPX
ENSMUSG00000085945,CPX
ENSMUSG00000086825,CPX
ENSMUSG00000087083,CPX
ENSMUSG00000087368,CPX
ENSMUSG00000090877,CPX
ENSMUSG00000091183,CPX
ENSMUSG00000091475,CPX
ENSMUSG00000094002,CPX
ENSMUSG00000096971,CPX
ENSMUSG00000097462,CPX
ENSMUSG00000098098,CPX
ENSMUSG00000098113,CPX
ENSMUSG00000099689,CPX
ENSMUSG00000101059,CPX
ENSMUSG00000102142,CPX
ENSMUSG00000102664,CPX
ENSMUSG00000103731,CPX
ENSMUSG00000104682,CPX
ENSMUSG00000105302,CPX
ENSMUSG00000105382,CPX
ENSMUSG00000105607,CPX
ENSMUSG00000105729,CPX
ENSMUSG00000106365,CPX
Ecgonine,PLS
Eea1,CPX
Eef1a1,CPX
Eeig1,CPX
Efhb,CPX
Ehd1,CPX
Eicosapentaenoic acid,PLS
Eid2,CTX
Eid2b,CPX
Eif3g,CPX
Eif3h,CPX
Emc10,CPX
Emc3,CPX
Emc6,CTX
Emd,CPX
Enpp5,CPX
Entpd6,CPX
Epcip,CTX
Eps8l2,CTX
Erbin,CTX
Erbin,CPX
Ercc1,CTX
Ergic2,CPX
Erh,CTX
Errfi1,CPX
Erythritol,PLS
Erythritol,Feci
"Erythrono-1,4-lactone",Feci
"Erythrono-1,4-lactone, (Z)-",PLS
Ess2,CPX
Ess2,CTX
Ethanamine,Feci
"Ethanamine, N,N-diethyl-2,2-dimethyl-2-[(3,5-dimethoxy)phenyl]-",PLS
"Ethanol, 2-(9-octadecenyloxy)-",PLS
Ethanolamine,Feci
Ethanolamine,PLS
"Ethanone, 1-(2,5-dimethoxyphenyl)-",PLS
"Ethanone, 1-(5-methoxy-2-methyl-3(1H)-indolyl)-",PLS
Ethyl alpha-D-glucopyranoside,Feci
Ethyl alpha-D-glucopyranoside,PLS
Ethyl cis-2-trimethylsilyl-cyclopropane-1-carboxylate,PLS
Ethyl glycolate,Feci
Etv1,CTX
Evi5,CPX
Exoc5,CTX
Exph5,CPX
Extl1,CTX
F9,CTX
Faap24,CPX
Fadd,CTX
Fads3,CTX
Fam13b,CPX
Fam167b,CPX
Fam168a,CTX
Fam193b,CTX
Fam199x,CTX
Fam91a1,CTX
Fam98b,CPX
Fance,CPX
Fbxl22,CTX
Fcf1,CPX
Fcho2,CPX
Fcho2,CTX
Fchsd2,CPX
Fdft1,CTX
Fenitrothion,PLS
Fer,CPX
Ferulic acid,Feci
Fgf12,CTX
Fgfr1op2,CPX
Fgl2,CPX
Fhad1,CPX
Fhl1,CPX
Fhod3,CPX
Flcn,CPX
Flna,CTX
Flnb,CTX
Flvcr1,CPX
Fn3krp,CPX
Fndc3a,CPX
Folh1,CTX
Foxk2,CPX
Fpgt,CTX
Frg1,CPX
Fry,CTX
Fsbp,CPX
Fsbp,CTX
Ftx,CTX
"Furan, 2-pentyl-",PLS
Furin,CTX
Fxr1,CPX
Fzr1,CPX
G2e3,CPX
Gaa,CTX
Gab2,CTX
Galactopyranose,PLS
Ganab,CPX
Gas1,CTX
Gas6,CPX
Gdap1,CTX
Gde1,CTX
Gdf10,CTX
Gdf11,CTX
Gdf9,CTX
Gdpd3,CPX
Gh,CTX
Gigyf1,CTX
Gin1,CPX
Glmn,CTX
Gln-Ala,PLS
"Gluconolactone (3R,4S,5R,6R)",Feci
Glucopyranose,PLS
Glucopyranose,Feci
Glucose,PLS
Glyceric acid,Feci
Glyceric acid,PLS
Glycerol,Feci
Glycerol tricaprylate,Feci
Glycine,PLS
"Glycine, N-(1-oxobutyl)-",PLS
"Glycine, N-(N-DL-leucylglycyl)-",PLS
"Glycine, N-[4-[(trimethylsilyl)oxy]benzoyl]-",PLS
Glycolic acid,PLS
Glycolic acid,Feci
Glyoxime,PLS
Gm10221,CTX
Gm10516,CTX
Gm10654,CTX
Gm12346,CPX
Gm12999,CTX
Gm13340,CTX
Gm14798,CPX
Gm15083,CPX
Gm15124,CTX
Gm15408,CPX
Gm15513,CTX
Gm15542,CTX
Gm15587,CPX
Gm15675,CPX
Gm15764,CTX
Gm17259,CTX
Gm1976,CPX
Gm19817,CPX
Gm20052,CPX
Gm2445,CPX
Gm25517,CPX
Gm26592,CTX
Gm26652,CTX
Gm28523,CTX
Gm29488,CTX
Gm3687,CTX
Gm37204,CPX
Gm37219,CPX
Gm37266,CTX
Gm37420,CTX
Gm37452,CTX
Gm37529,CTX
Gm3764,CTX
Gm37777,CTX
Gm37834,CTX
Gm37941,CTX
Gm38077,CTX
Gm38104,CTX
Gm38217,CTX
Gm38299,CTX
Gm38357,CTX
Gm38380,CPX
Gm4017,CPX
Gm42442,CTX
Gm42636,CPX
Gm42679,CTX
Gm42727,CTX
Gm42837,CTX
Gm42853,CTX
Gm42941,CTX
Gm43066,CTX
Gm43133,CTX
Gm43176,CTX
Gm43187,CTX
Gm43311,CTX
Gm43339,CPX
Gm43360,CPX
Gm43417,CTX
Gm43420,CTX
Gm43568,CPX
Gm43677,CTX
Gm43765,CTX
Gm5141,CPX
Gm5845,CTX
Gm6548,CPX
Gm9920,CPX
Gmppa,CPX
Gnas,CPX
Gne,CTX
Golm2,CPX
Gopc,CTX
Gpaa1,CPX
Gpbp1l1,CTX
Gpr162,CPX
Gpr19,CPX
Gpr4,CPX
Gprc5c,CPX
Gprin2,CTX
Gria4,CTX
Grk3,CTX
Grpel1,CPX
Gsk3b,CPX
Gsta3,CPX
Gsta4,CPX
Gstm6,CPX
Gtpbp4,CPX
Guanabenz,PLS
"Guanidine, N,N-dimethyl",Feci
"Guanidine, N,N-dimethyl-",PLS
Guk1,CPX
"Gulonic acid, gamma-lactone",Feci
Gxylt1,CPX
Gypc,CTX
H1f10,CPX
H1f10,CTX
H2az2,CPX
H2bc27,CTX
H3f3a,CTX
Habp4,CTX
Haus4,CPX
Hcn3,CPX
Hdac9,CPX
Heatr3,CPX
Heg1,CTX
Heptadecanoic acid,Feci
Heptadecanoic acid,PLS
Heptanoic acid,PLS
Hexacosanoic acid,Feci
"Hexadecanoic acid, 4-hydroxybutyl ester",Feci
"Hexadecanoic acid, ethyl ester",Feci
"Hexadecanoic acid, methyl ester",Feci
"Hexadecanoic acid, tetradecyl ester",Feci
Hexanedioic acid,Feci
Hexanedioic acid,PLS
Hexanoic acid,Feci
Hexanoic acid,PLS
Hexanoylglycine,PLS
"Hexonic acid, 3-deoxy-, gamma-lactone",Feci
Hip1,CPX
Hippuric acid,PLS
Hk1,CPX
Hlf,CPX
Hlx,CTX
Hmces,CPX
Hmga1,CPX
Hmgb2,CTX
Hmmr,CPX
Hmox2,CTX
Hook2,CPX
Hs3st3b1,CTX
Hsdl2,CPX
Hspa1b,CPX
Hspb8,CTX
Hycc1,CTX
Hydantoic acid,PLS
"Hydantoin, 5-hydroxy",Feci
Hydracrylic acid,PLS
Hydracrylic acid,Feci
Hydroquinidine,PLS
Hydroquinone,Feci
Hydroquinone,PLS
Hymexazole,Feci
Iba57,CPX
Ibtk,CPX
Icam4,CPX
Id1,CPX
Ide,CPX
Idi1,CTX
Idoxuridine,Feci
Ifi30,CPX
Ifih1,CPX
Igfbp2,CPX
Igfbp6,CPX
Ikzf5,CPX
Il10ra,CTX
Ildr2,CPX
Ilkap,CPX
Ilvbl,CPX
Imp3,CPX
Indole-3-carboxaldehyde,PLS
Indole-3-lactic acid,PLS
Indole-5-carboxylic acid,PLS
Ino80c,CPX
"Inosose-2, 1,3,4,5,6-pentakis-",PLS
"Inosose-2, myo",Feci
Inpp4a,CPX
Inpp5a,CPX
Ints10,CPX
Ints11,CPX
Ip6k2,CTX
Ipo4,CPX
Iqank1,CTX
Iqcc,CPX
Iqgap2,CPX
Iqgap3,CTX
Irak1bp1,CPX
Irak3,CPX
Irf3,CPX
Isg15,CPX
Isocitric acid lactone,Feci
Isofucosterol,PLS
Isonicotinic Acid,PLS
Isonicotinic Acid,Feci
Isopropyl myristate,Feci
Isopropyl palmitate,PLS
Isopropyl palmitate,Feci
"Isoquinoline, 3,4-dihydro-6,7-dimethoxy-1-[4-hydroxybenzyl]-",PLS
Isoxaben,PLS
Itaconic acid,PLS
Itaconic acid,Feci
Itch,CPX
Itgb1bp1,CTX
Jam2,CTX
Jmjd4,CPX
Josd1,CPX
Jph1,CPX
Junb,CPX
Kank3,CTX
Kcmf1,CPX
Kcnj4,CTX
Kcnk5,CPX
Kcnma1,CTX
Kdelr1,CTX
Kdm3b,CTX
Ketamine,Feci
Ketamine,PLS
Kif21a,CPX
Kif22,CPX
Kif2a,CPX
Kin,CPX
Klc1,CPX
Klf3,CPX
Klhl18,CPX
Klhl22,CTX
Klhl26,CTX
Kmt2b,CTX
Kmt2c,CTX
Kmt5b,CPX
Knstrn,CTX
Kojic acid,Feci
Kpna3,CPX
Kpna4,CPX
Kras,CPX
Krcc1,CPX
Krt23,CPX
L-(+)-Lactic acid,Feci
L-(+)-Rhamnopyranose,Feci
L-(-)-Sorbofuranose,Feci
L-5-Oxoproline,Feci
L-5-Oxoproline,PLS
L-Alanine,PLS
L-Asparagine,Feci
L-Asparagine,PLS
L-Aspartic acid,PLS
L-Aspartic acid,Feci
L-Cysteine,PLS
L-Fucose,Feci
L-Glutamic acid,PLS
L-Glutamic acid,Feci
L-Glutamine,PLS
L-Glutamine,Feci
L-Hydroxyproline,PLS
L-Hydroxyproline,Feci
L-Isoleucine,Feci
L-Isoleucine,PLS
L-Leucine,Feci
L-Leucine,PLS
L-Lysine,Feci
L-Lysine,PLS
"L-Lysine, ethyl ester",PLS
L-Methionine,PLS
L-Norleucine,PLS
L-Norvaline,Feci
L-Ornithine,PLS
L-Proline,PLS
L-Proline,Feci
L-Rhamnose,Feci
L-Serine,Feci
L-Threitol,PLS
L-Threonine,Feci
L-Threonine,PLS
L-Tryptophan,PLS
"L-Tryptophan, N-acetyl-1",PLS
L-Tyrosine,PLS
"L-Valinamide, N(2),N(2)-dimethyl",Feci
L-Valine,Feci
L-Valine,PLS
L-Valyl-L-leucine,Feci
Lactic Acid,PLS
Lactic Acid,Feci
Lama1,CPX
Larp4,CTX
Latanoprost lactone diol,PLS
Lepr,CPX
Leprotl1,CPX
Levoglucosan,Feci
Levulinic acid,Feci
Levulinic acid,PLS
Lgr4,CPX
Lignoceric acid,Feci
Limch1,CPX
Lmtk3,CPX
Lpgat1,CPX
Lrba,CTX
Lrfn5,CTX
Lrp2bp,CPX
Lrp4,CTX
Lrp6,CPX
Lrrc17,CPX
Lrrc8a,CPX
Lrrc8c,CPX
Lurap1,CPX
Luteolin,PLS
Luzp1,CPX
Maco1,CPX
Mafg,CPX
Magix,CPX
Malic acid,Feci
Malic acid,PLS
Manea,CTX
"Mannonic acid, gamma-lactone",Feci
Mansc4,CPX
Map3k2,CTX
Map3k20,CTX
Map3k5,CPX
Map9,CPX
Mcfd2,CPX
Mchr1,CTX
Meaf6,CPX
Med12l,CTX
Med18,CTX
Mef2a,CPX
Menthol,Feci
Metanephrine,PLS
"Methanone, [1-(4-chloropentyl)-1H-indol-3-yl](2,2,3,3-tetramethylcyclopropyl)-",PLS
"Methyl (3,4-dimethoxyphenyl)(hydroxy)acetate",Feci
"Methyl (3,4-dimethoxyphenyl)(hydroxy)acetate",PLS
Methyl 2-acetamido-2-deoxy-3-O-methyl-alpha-D-galactopyranoside,Feci
Methyl alpha-Arabinofuranoside,Feci
Methyl alpha-Lyxofuranoside,PLS
Methyl aminoacetate,PLS
Methyl beta-Arabinofuranoside,Feci
"Methyl galactoside (1S,2S,3S,4R,5R)",Feci
Methyl isovanillate,PLS
Methyl stearate,Feci
Methyl-3-methoxy-5-methyl benzoate,PLS
Methylmaleic acid,Feci
Methylmalonic monoamide,PLS
Methylsuccinic acid,Feci
Mex3a,CPX
Mfge8,CPX
Mfn2,CTX
Mfsd2a,CPX
Mfsd3,CPX
Mia2,CPX
Mib1,CTX
Mier3,CTX
Minar1,CTX
Mipol1,CTX
Mir9-2hg,CTX
Mirin,PLS
Mitd1,CTX
Mllt6,CTX
Mmp24,CTX
Mob4,CPX
Monocaprylin,Feci
Monolaurin,Feci
Monomethyl succinate,Feci
Morn4,CPX
"Morpholine, 4-[2,3,4,6-tetrakis-O-(trimethylsilyl)-alpha-d-mannopyranosyl]-",PLS
Mospd3,CPX
Mpp7,CPX
Mpst,CTX
Mrgbp,CTX
Mrpl17,CPX
Mrpl28,CPX
Mrpl34,CTX
Mrps18a,CPX
Mrps18c,CTX
Mrps24,CPX
Mrps5,CPX
Msh2,CPX
Msi2,CTX
Mtap,CPX
Mterf3,CTX
Mterf4,CPX
Mtf1,CPX
Mtm1,CTX
Mtmr10,CTX
Mto1,CTX
Mtor,CPX
Mtpap,CTX
Mtpn,CPX
Mtrex,CPX
Muc3a,CTX
Mx2,CPX
Myct1,CTX
Myo9a,CTX
Myof,CPX
Myristic acid,Feci
Myristic acid,PLS
"N,9-bis(Trimethylsilyl)-6-[(trimethylsilyl)oxy]-9H-purin-2-amine",PLS
"N,N-Diethyl-2-aminoethanol",PLS
"N,N-Diethyl-2-aminoethanol",Feci
"N,N-Diethyl-carbamate",Feci
"N,N-Dimethyl-2-cyclohexyloxyethylamine",PLS
"N,O-Bis(trimethylsilyl)carbamate",PLS
N-(2-hydroxyethyl)-succinimide,Feci
"N-(Trifluoroacetyl)-N,O,O'-tris(trimethylsilyl)normetanephrine",PLS
N-(Trimethylsilyl)hexanamide,PLS
N-Acetyl glucosamine methoxime,Feci
"N-Acetyl-D-galactosamine, (R,R,R,R)",Feci
N-Acetyl-L-glutamic acid,Feci
N-Acetyl-L-glutamic acid,PLS
N-Acetyl-L-phenylalanine,Feci
N-Acetylglucosamine,Feci
N-Acetyltyrosine,PLS
N-Ethyldiethanolamine,Feci
N-Isobutyl-sec-butylamine,PLS
N-Isobutyrylglycine,PLS
N-Isovaleroylglycine,PLS
N-Methyl-L-proline,Feci
N-Methyl-N-(tetrahydro-2-furanylmethyl)-4-piperidinamine,PLS
N-Methyl-alpha-aminoisobutyric acid,Feci
N-Valerylglycine,PLS
N-alpha-Acetyl-L-Lysine,PLS
"N-isobutyl-2-(trimethylsilyloxy]-4,5-dihydro-1H-imidazole-1-carboxamide",PLS
Naa40,CTX
Nans,CTX
Naphthofluorescein,PLS
Ncaph,CTX
Ncaph2,CPX
Ncbp2,CPX
Ncl,CTX
Ndfip1,CPX
Ndn,CPX
Ndst2,CTX
Ndufa8,CPX
Ndufaf1,CPX
Ndufb9,CTX
Ndufs3,CPX
Ndufv3,CTX
Nedd4,CPX
Nek1,CTX
Nek8,CPX
Neostigmine,PLS
Net1,CPX
Neu1,CTX
Nfe2l2,CPX
Nfyb,CPX
Niacin,PLS
Niacin,Feci
Niacinamide,PLS
Niacinamide,Feci
Niban1,CPX
Niclosamide,PLS
Nicn1,CTX
Nicol1,CPX
Nipbl,CPX
Nit2,CPX
Nitrosothymol,PLS
Nkain2,CTX
Nkapd1,CPX
Nlgn2,CTX
Nol3,CTX
Nol8,CPX
Nonadecanoic acid,PLS
Nonadecanoic acid,Feci
Nonanal,PLS
Nonanoic acid,PLS
Nonanoic acid,Feci
Norketamine,Feci
Norketamine,PLS
Nosip,CTX
Notch3,CTX
Npas3,CTX
Npas3,CPX
Npat,CPX
Npepps,CPX
Nphp3,CTX
Nprl2,CPX
Nptn,CTX
Nr3c2,CTX
Nsg2,CPX
Nsmf,CPX
Nt5m,CPX
Nudt16l1,CTX
Nudt2,CTX
Nudt22,CTX
Nudt6,CTX
Nufip2,CTX
Nup214,CPX
"O-Methyl-N,N'-diisopropylisourea",PLS
Oaz2,CTX
Octadecyl octyl ether,Feci
Octan-2-yl palmitate,PLS
"Octane, 1-propoxy-",PLS
Octanoic acid,PLS
Octanoic acid,Feci
Octocrylene,PLS
Octopamine,PLS
Ofd1,CPX
Ola1,CPX
Olfm2,CPX
Opa1,CPX
Ornithine,PLS
Osbp,CPX
Osgepl1,CPX
Oxalic acid,PLS
Oxalic acid,Feci
"Oxalic acid, allyl octyl ester",PLS
Pabpc1,CPX
Pak2,CPX
Palmitelaidic acid,Feci
Palmitelaidic acid,PLS
Palmitic Acid,PLS
Palmitic Acid,Feci
Pantolactone,PLS
Pantolactone,Feci
Pantothenic acid,Feci
Papss1,CPX
Pard6a,CPX
Pard6a,CTX
Parvg,CPX
Patl1,CTX
Pawr,CPX
Paxbp1,CTX
Pbx1,CPX
Pcdha8,CTX
Pcdhb19,CTX
Pcgf5,CPX
Pcmtd1,CPX
Pdap1,CPX
Pdcd4,CPX
Pdlim5,CPX
Pdss1,CPX
Pebp4,CPX
Pentadecanoic acid,Feci
Pentadecanoic acid,PLS
Pentanedioic acid,Feci
"Pentanedioic acid, 2,4-bis[(trimethylsilyl)oxy]",PLS
"Pentanedioic acid, 2-[(trimethylsilyl)oxy]-",PLS
"Pentanedioic acid, 3-methyl-3-[(trimethylsilyl)oxy]-",PLS
Pentanoic acid,Feci
Pentanoic acid,PLS
"Pentanoic acid, 4-methyl-2-oxo-",Feci
"Pentenoic acid, 4-[(trimethylsilyl)oxy]-",PLS
"Pentitol, 3-desoxy",Feci
Pentylone,PLS
Perm1,CPX
Petroselinic acid,PLS
Pfas,CPX
Pfn1,CPX
Phactr2,CPX
Phenanthridin-6-ol,PLS
Phenol,Feci
Phenol,PLS
"Phenol, 3,5-bis(1,1-dimethylethyl)-",PLS
Phenoxyacetic acid,PLS
Phenylalanine,PLS
Phenylalanine,Feci
Phenylpropanolamine,PLS
Phenylpropanolamine,Feci
Phf1,CPX
Phf3,CPX
Phf8,CTX
Phip,CTX
Phka1,CTX
Phldb1,CTX
Phloretic acid,Feci
Phlorizin,PLS
Phloroglucinol,Feci
Phloroglucinol,PLS
Phosalone,PLS
Phthalazin-1-one,Feci
Phthalazin-1-one,PLS
Phthalimide,Feci
Pi4ka,CPX
Picolinic acid,Feci
Picolinic acid,PLS
Pigv,CTX
Pimelic acid,PLS
Pimelic acid,Feci
Pipecolic acid,PLS
Pipecolic acid,Feci
"Piperidine, 1-(1-methylpentyl)-",PLS
Pja2,CPX
Pkd2,CTX
Pkn2,CPX
Pknox2,CPX
Pla2g3,CPX
Plag1,CTX
Plcb4,CPX
Plcg1,CTX
Plekhg5,CTX
Plekhn1,CPX
Plgrkt,CPX
Plpp3,CTX
Pmm2,CPX
Pnkp,CTX
Pold1,CPX
Pole,CTX
Polr1c,CPX
Pomgnt1,CPX
Popdc3,CTX
Por,CPX
Ppfibp1,CPX
Ppil6,CTX
Ppm1j,CTX
Ppme1,CTX
Ppp1r12a,CPX
Ppp1r1b,CPX
Ppp1r26,CTX
Ppp4c,CPX
Ppp5c,CPX
Pqbp1,CPX
"Pregn-16-en-20-one, 3,18-bis(acetyloxy)-14,15-epoxy-, (3beta,5alpha,14beta,15beta)-",PLS
"Pregn-4-ene-3,20-dione, 16,17-epoxy-, (16alpha)",Feci
Prkaca,CPX
"Propane, 2-methyl",Feci
Propanedioic acid,Feci
"Propanetriol, 2-methyl-",PLS
"Propanoic acid, 2-hydroxy-3-phosphate-",Feci
"Propanoic acid, 2-methyl-",PLS
"Propanoic acid, 2-methyl-, hexyl ester",Feci
"Propanoic acid, 2-oxo",Feci
"Propanoic acid, 2-oxo-",PLS
"Propiophenone, 3',4'-dimethoxy-",PLS
Propylamine,Feci
Propylamine,PLS
Protocatechoic acid,Feci
Prpf6,CPX
Prxl2c,CPX
Psd3,CTX
Psip1,CPX
Psma4,CPX
Psmd10,CTX
Psmd2,CTX
Psmd3,CPX
Psmd8,CPX
Psme1,CTX
Psmg3,CPX
Pstpip2,CTX
Ptch2,CTX
Pten,CPX
Ptger1,CPX
Ptges2,CPX
Pthlh,CPX
Ptk2b,CPX
Ptk2b,CTX
Ptpn4,CTX
Pura,CPX
Putrescine,Feci
Pwp2,CTX
Pycr2,CPX
"Pyrazine, 3,6-dihydro-3,6-dimethyl-",PLS
"Pyrazine, 3,6-dimethyl-2,5-bis(trimethylsilyloxy)-",PLS
Pyridoxic acid,Feci
Pyridoxine,Feci
"Pyrimidine, 5-methyl-2,4-bis[(trimethylsilyl)oxy]-",PLS
Pyrogallol,Feci
Pyroglutamic acid,PLS
Pyrrole-2-carboxylic acid,Feci
Pyrrole-2-carboxylic acid,PLS
Qser1,CPX
Quazodine,PLS
"Quinolin-4-one, 1-[2-(3,4-dimethoxyphenyl)ethyl]-octahydro-",PLS
Rab11fip5,CPX
Rab24,CTX
Rab36,CTX
Rab40c,CTX
Rab5a,CPX
Rab5c,CPX
Rad50,CPX
Rad54l2,CPX
Ralgapa2,CPX
Ramac,CPX
Rasa2,CTX
Rassf4,CPX
Rbm20,CPX
Rbm27,CPX
Rbm7,CTX
Rdx,CPX
Recql5,CPX
Repin1,CPX
Rfx1,CTX
Rfxank,CTX
Rgs5,CTX
Rgs7,CPX
Rhebl1,CTX
Rhob,CPX
Ribitol,Feci
Ribitol,PLS
Ribonic acid,Feci
"Ribonic acid, 2,3,4,5-tetrakis-",PLS
Ric3,CPX
Rif1,CPX
Rlbp1,CPX
Rmnd5b,CPX
Rnasel,CPX
Rnaset2b,CTX
Rnf13,CTX
Rnf187,CPX
Ro60,CPX
Rock1,CPX
Rom1,CTX
Rora,CPX
Rpgr,CTX
Rpl18a,CPX
Rpl28-ps1,CTX
Rpl31,CTX
Rpl37,CPX
Rpl8,CTX
Rplp1,CPX
Rpn2,CPX
Rpp30,CPX
Rps26,CTX
Rps9,CTX
Rtkn,CPX
Rtl8b,CTX
Ruvbl1,CPX
Rwdd3,CPX
S-Methyl-L-cysteine,PLS
S100a8,CPX
Salsoline,PLS
Salsoline,Feci
Samd14,CPX
Samd5,CTX
Scarf1,CTX
Scg5,CPX
Scp2-ps2,CPX
Scrib,CPX
Scrt2,CTX
Scyl1,CPX
Sdhb,CTX
Sdr39u1,CTX
Sebacic acid,Feci
Sec24a,CTX
Sec62,CPX
Secisbp2l,CPX
Sedoheptulose anhydride,Feci
Sema3g,CPX
Sema6a,CPX
Sema6c,CTX
Ser-Leu,Feci
Ser-Leu,PLS
Serbp1,CPX
Serine,Feci
Serine,PLS
Serp2,CPX
Serpina3n,CTX
Serpinb1b,CTX
Serpinb8,CPX
Sertraline carbamoyl glucuronide,PLS
Sesn3,CPX
Setbp1,CPX
Setd2,CTX
Setx,CPX
Sfi1,CPX
Sgf29,CTX
Sh2b3,CPX
Sh3bgrl,CPX
Sh3bgrl2,CPX
Shb,CPX
Shc1,CPX
Shfl,CPX
Shh,CTX
Shoc2,CPX
Sigirr,CTX
Silc1,CPX
Sin3a,CPX
Sinapinic acid,Feci
Sinomenin,PLS
Slain2,CPX
Slc13a5,CTX
Slc16a7,CPX
Slc17a5,CPX
Slc22a17,CPX
Slc25a12,CTX
Slc25a13,CPX
Slc25a16,CPX
Slc25a20,CPX
Slc25a26,CPX
Slc29a4,CPX
Slc2a2,CPX
Slc2a4rg-ps,CTX
Slc35a3,CPX
Slc38a9,CTX
Slc44a1,CPX
Slc7a11,CTX
Slc7a14,CTX
Slf2,CTX
Slk,CPX
Smarca2,CPX
Smarca5,CPX
Smc4,CPX
Smc6,CPX
Smco3,CTX
Smim10l1,CPX
Smim15,CPX
Smpdl3b,CPX
Smurf1,CPX
Smyd2,CPX
Smyd5,CTX
Sncg,CPX
Sncg,CTX
Snora35,CPX
Snrnp48,CPX
Sntb2,CPX
Snx22,CTX
Socs5,CTX
Sox13,CPX
Sox30,CTX
Sp3,CTX
Sp4,CPX
Sp4,CTX
Spata13,CPX
Spata7,CTX
"Spiro[cyclopenta[d]-1,3,2-dioxaborin-4(5H),1'-cyclopentane], 2-ethyl-6,7-dihydro-",PLS
Sppl3,CPX
Sptan1,CPX
Sqstm1,CTX
Src,CPX
Srebf2,CPX
Srprb,CTX
Ss18,CTX
St14,CTX
St6galnac4,CPX
St8sia2,CPX
St8sia6,CTX
Stag2,CPX
Stat3,CPX
Steap3,CTX
Stearic acid,PLS
Stearic acid,Feci
"Stigmast-5-ene, 3beta",Feci
"Stigmast-5-ene, 3beta-",PLS
Stk26,CPX
Strada,CPX
Stxbp4,CPX
Suberic acid,Feci
Suberic acid,PLS
Succinic anhydride,PLS
Suclg2,CPX
Sufu,CPX
Sulf2,CPX
Supraene,Feci
Supraene,PLS
Suz12,CPX
Svil,CTX
Sympk,CPX
Synm,CPX
Sypl2,CTX
Syringaldehyde,Feci
Syringaldehyde,PLS
Syringic acid,Feci
Syt17,CPX
Sytl2,CPX
"Tacrine, N-trimethylsilyl-",PLS
Tada1,CPX
Taf1b,CTX
Tagln2,CPX
"Talonic acid, gamma-lactone",PLS
Tarbp1,CTX
Tartronic acid,PLS
Tatdn2,CPX
Tax1bp3,CPX
Tbc1d2,CPX
Tbc1d30,CTX
Tbck,CPX
Tcea1-ps1,CTX
Tceal3,CTX
Tceanc,CPX
Telo2,CPX
Tet1,CPX
Tetradecanenitrile,PLS
Tetrahydrogeranyl formate,Feci
Tetrahydrolinalool,Feci
Tfip11,CTX
Thap11,CTX
"Thiazolo[4,5-f]quinoline, 2,9-dimethyl-",PLS
Thr-Leu,Feci
Thra,CPX
Thymidine,Feci
Thymidine,PLS
"Thymidine, 5'-phosphate",Feci
"Thymine, 1,3-dimethyl-6-(trimethylsilyloxymethyl)-",PLS
"Thymine, 1,3-dimethyl-6-hydroxymethyl",Feci
Thyn1,CPX
Tkt,CPX
Tle5,CTX
Tm9sf3,CPX
Tmem104,CTX
Tmem161b,CPX
Tmem167,CPX
Tmem184c,CPX
Tmem203,CPX
Tmem204,CPX
Tmem229b,CPX
Tmem229b,CTX
Tmem250,CTX
Tmem259,CPX
Tmem62,CPX
Tmem80,CPX
Tmem87a,CPX
Tmtc4,CTX
Tnfrsf19,CTX
Tnfrsf1b,CPX
Tnfsf13os,CPX
Tomm22,CPX
Tomm34,CPX
Top1,CPX
Topbp1,CPX
Tor1aip1,CTX
Tppp3,CPX
Tpr,CPX
Trabd,CPX
Trappc14,CPX
Trdmt1,CTX
Trib1,CTX
Tributyl acetylcitrate,PLS
Tricine,PLS
Tricine,Feci
Triethanolamine,Feci
Triethanolamine,PLS
"Trimethylsilyl (5-benzyl-3,6-dioxopiperazin-2-yl)acetate",Feci
"Trimethylsilyl (5-benzyl-3,6-dioxopiperazin-2-yl)acetate",PLS
Trimethylsilyl 3-((trimethylsilyl)thio)propanoate,PLS
Trimethylsilyl oct-2-enoate,PLS
Trimidox,PLS
Tripropylene glycol monomethyl ether,Feci
Tris(trimethylsilyl)carbamate,PLS
Trisaminol,Feci
Trisaminol,PLS
Trpc4ap,CPX
Trpv4,CTX
Tsc22d1,CPX
Tsen34,CTX
Tspan9,CPX
Ttc8,CTX
Ttf1,CPX
Tubg2,CTX
Tulp3,CTX
Tulp4,CPX
Twsg1,CPX
Txnrd2,CPX
Tyrosine,Feci
UNKNOWN,CPX
UNKNOWN,CTX
Ubc,CPX
Ube2m,CPX
Ube2q2,CPX
Ube3c,CPX
Ubl3,CPX
Ubr5,CTX
Undecanoic acid,Feci
Upf2,CPX
Uqcc5,CPX
Uracil,Feci
Uracil,PLS
Urea,PLS
Urea,Feci
Uridine,Feci
Uridine,PLS
Urm1,CTX
Uros,CPX
Usf3,CPX
Usp9x,CPX
Utp20,CTX
Uty,CTX
Valylglycine,PLS
Valylglycine,Feci
Valylvaline,Feci
Vangl1,CPX
Vanillin,Feci
Vanillylmandelic acid,PLS
Vmp1,CPX
Vps13a,CTX
Vps13b,CPX
Vps13c,CTX
Vps13d,CTX
Vps36,CPX
Vps37d,CPX
Vps39,CTX
Wapl,CPX
Wasl,CPX
Wbp1,CTX
Wbp11,CPX
Wbp4,CPX
Wdr27,CTX
Wdr47,CTX
Wdr6,CPX
Wrn,CPX
Wwc2,CTX
Xaf1,CPX
Xanthine,Feci
Xpc,CPX
Xpnpep1,CTX
Xpr1,CTX
Xylazine,Feci
Xylazine,PLS
Xylitol,PLS
"Xylonic acid, delta-lactone",Feci
Xylose,Feci
Xylose,PLS
Yars1,CTX
Yars1,CPX
Ylpm1,CPX
Ywhah,CTX
Zbtb11os1,CPX
Zbtb37,CPX
Zbtb44,CTX
Zbtb45,CTX
Zbtb7a,CPX
Zc3h11a,CTX
Zc3h12c,CTX
Zc3hc1,CTX
Zcchc12,CTX
Zcwpw2,CTX
Zfp1007,CPX
Zfp217,CPX
Zfp219,CPX
Zfp27,CPX
Zfp300,CPX
Zfp322a,CPX
Zfp358,CPX
Zfp36l2,CPX
Zfp382,CTX
Zfp383,CPX
Zfp469,CTX
Zfp523,CTX
Zfp638,CPX
Zfp638,CTX
Zfp654,CPX
Zfp677,CTX
Zfp689,CTX
Zfp704,CTX
Zfp738,CTX
Zfp74,CTX
Zfp768,CPX
Zfp78,CPX
Zfp799,CTX
Zfp869,CTX
Zfp874a,CTX
Zfp879,CPX
Zfp975,CPX
Zgrf1,CTX
Zhx1,CPX
Zic2,CPX
Zkscan8,CPX
Zmat5,CPX
Zmym6,CTX
Zpr1,CTX
Zranb2,CTX
Zscan29,CTX
alpha-D-(+)-Talopyranose,Feci
alpha-D-Xylopyranose,Feci
alpha-Ketoisovaleric acid,Feci
alpha-L-(-)-Fucopyranose,Feci
"alpha-L-Galactopyranoside, methyl 6-deoxy-, (R,R,R,S,S)-",PLS
alpha-Linolenic acid,Feci
alpha-Linolenic acid,PLS
alpha-Tocopherol,PLS
alpha-Tocopheryl acetate,Feci
beta-Alanine,Feci
beta-Arabinopyranose,Feci
beta-D-(-)-Ribopyranose,Feci
"beta-D-Galactofuranose, 1,2,3,5,6-pentakis-O-(trimethylsilyl)-",PLS
"beta-D-Galactopyranoside, methyl-, acetate",Feci
beta-D-Glucopyranose,PLS
beta-Hydroxypyruvic acid,PLS
beta-Lyxopyranose,PLS
beta-Methylphenethylamine,PLS
"beta-d-Fructopyranose, 1-deoxy-1-(4-morpholinyl)-2,3,4,5-tetrakis-O-(trimethylsilyl)-",PLS
"beta-d-Glucopyranose, 2-(acetylamino)-3,6-anhydro-2-deoxy",Feci
"cis,cis,cis-1-Isobutyl-2,5-dimethylcyclohexane",Feci
"cis-4,5-Dihydroxy-o-dithiane",Feci
"cis-4,5-Dihydroxy-o-dithiane, 2O-",PLS
cis-4-Trimethylsilyloxy-cyclohexyl(trimethylsilyl)carboxylate,PLS
cyclobutanecarboxylic acid,PLS
d-Erythrotetrofuranose,Feci
l-Histidine ethyl ester,PLS
l-Leucyl-l-valine,Feci
meso-Erythritol,PLS
mt-Cytb,CPX
mt-Nd2,CPX
mt-Tv,CPX
n-Butylamine,PLS
n-Nonylcyclohexane,Feci
n-Pentadecanol,PLS
p-Hydroxydiisopropylbenzene,PLS
p-Toluic acid,PLS
phenoxyethanol,Feci
phenoxyethanol,PLS
pyrazole,Feci
trans-Coniferryl alchool,Feci
