"(2,2-Dimethyl-5-[2-(2-ethoxymethoxy)propyl][1,3]dioxolan-4-yl)methanol-F",Feci
"(2S,3R)-3-[(4E,7E)-Nona-4,7-dienoyl]-N,N-bis(trimethylsilyl)oxirane-2-carboxamide-P",PLS
"(4,4-Dimethyl-5-methylene-4,5-dihydro-3H-pyrrol-2-yl)-(4,4-dimethyl-5-methylene-pyrrolidin-2-ylidene)-acetonitrile-F",Feci
"(7a-Isopropenyl-4,5-dimethyloctahydroinden-4-yl)methanol-P",PLS
"(9H-fluoren-9-yl)methanol, O-methoxycarbonyl--P",PLS
(CH3)2C=NC2H558-P,PLS
"(R*,S*)-2,3-Dihydroxybutanoic acid-P",PLS
"(S,S)-(-)-Hydrobenzoin-P",PLS
(pm)-N-Propylamphetamine-P,PLS
(pm)-Norketamine-P,PLS
(pm)-Phenylpropanolamine-P,PLS
(pm)-alpha-Tocopherol acetate-P,PLS
0610040J01Rik-C,CPX
"1,1'-Biphenyl, 3,4-diethyl--P",PLS
"1,2,3,10,11,11a-Hexahydro-6,7,8-trimethoxy-3-oxo-5H-dibenzo(a,d)cycloheptene-P",PLS
"1,2-Benzenedicarboxylic acid-P",PLS
"1,2-Butadiene, 1,1,4-triphenyl-3-trimethylsilyl-4-trimethylsilyloxy--P",PLS
"1,3,5-Benzetriol-P",PLS
"1,3,5-Trimethyl-1H-pyrazol-4-amine-P",PLS
"1,3-Cyclohexanebis(methylamine)-P",PLS
"1,3-Dioxane, 2,2-dimethyl-5-hydroxy--F",Feci
"1,3-Dioxane-4-methanol, 4,5-dimethyl--P",PLS
"1,3-bis[(Trimethylsilyl)ethynyl]benzene-P",PLS
"1,4-diazabicyclo[4.3.0]nonan-2,5-dione, 3-methyl-P",PLS
"1,5-Anhydroglucitol-F",Feci
"1,5-Anhydroglucitol-P",PLS
"1,7-Dimethyl-4-(1-methylethyl)cyclodecane-F",Feci
1-(3-Methylphenyl)piperazine-P,PLS
1-(4-Hydroxybenzylidene)acetone-P,PLS
"1-(4-Methoxyphenyl)-4,6-dimethyl-2(1H)-pyrimidinone-P",PLS
1-Aminocyclopropanecarboxylic acid-P,PLS
"1-Butanamine, N,N-diethyl--P",PLS
1-Cyclopentylethanol-P,PLS
"1-Decene, 8-methyl--P",PLS
1-Deoxypentitol-P,PLS
1-Dodecanol-F,Feci
1-Hexacosene-F,Feci
1-Hexadecanol-P,PLS
1-Hexanol-F,Feci
1-Hexanol-P,PLS
1-Hydroxy-3-methoxy-6-methylanthraquinone-P,PLS
1-Methyl-4-hydroxy-1H-imidazol-2-amine-F,Feci
"1-Methyl-N,N-bis(trimethylsilyl)-4-[(trimethylsilyl)oxy]-1H-imidazol-2-amine-P",PLS
1-Monoacetin-P,PLS
1-Monopalmitin-F,Feci
1-Octadecanol-F,Feci
"1-Octanol, 2-butyl--P",PLS
1-Octanol-F,Feci
1-Octanol-P,PLS
"1-Octene, 2-methyl--P",PLS
1-Phenethylamine-P,PLS
"1-Phenyl-1,2-ethanediol-P",PLS
1-Phenylethanol-P,PLS
"1-Piperazineethanol, 4-dibenzo[b,f][1,4]thiazepin-11-yl--P",PLS
1-Tetracosene-F,Feci
1-Tetradecanol-F,Feci
1-Tetradecanol-P,PLS
10-Heptadecenoic acid-P,PLS
11-Hydroxy-.DELTA.-9-tetrahydrocannabinol-F,Feci
11-Methyldodecanol-F,Feci
1110004F10Rik-C,CPX
12-Hydroxyoctadecanoic acid-P,PLS
12-Oxooctadecanoate-F,Feci
12-Oxooctadecanoate-P,PLS
13-Docosenamide-F,Feci
13-Docosenamide-P,PLS
"15-Oxo-11Z,13E-eicosadienoic acid-P",PLS
17-alpha-Hydroxypregnenolone-F,Feci
1700007L15Rik-C,CPX
1700018L02Rik-C,CPX
1700047K16Rik-T,CTX
1700125H03Rik-C,CPX
1810021B22Rik-T,CTX
"1H-Indole-2-carboxylic acid, 5-ethyl-1-(trimethylsilyl)-F",Feci
"1H-Pyrazole, 3,4-bis(trimethylsilyl)--P",PLS
"2',2,3,6'-Tetramethoxychalcone-F",Feci
"2',2,3,6'-Tetramethoxychalcone-P",PLS
2'-Deoxyribolactone-F,Feci
2'-Desoxyuridine-F,Feci
"2,2,4-Trimethyl-1,3-pentanediol diisobutyrate-P",PLS
"2,2,8,8-Tetramethyl-3,7-dioxa-4-aza-2,8-disilanon-4-ene-P",PLS
"2,2-Diallylpyrrolidine-P",PLS
"2,3,4,5-Tetrahydroxypentanoic acid-1,4-lactone-F",Feci
"2,3,4-Trihydroxybutyric acid tetrakis-P",PLS
"2,3,4-Trihydroxybutyric acid-F",Feci
"2,3-Butanediol-F",Feci
"2,3-Butanediol-P",PLS
"2,3-Dihydroxy-2-methylpropanoic acid-F",Feci
"2,4-Di-tert-butylphenol-F",Feci
"2,4-Imidazolidinedione, 5,5-dimethyl--P",PLS
"2,5-Cyclohexadiene-1,4-dione, 2,6-bis(1,1-dimethylethyl)--P",PLS
"2,5-Cyclohexadiene-1,4-dione, 2,6-bis(1,1-dimethylethyl)-F",Feci
"2,5-Di-tert-butyl-4-hydroxyphenol-F",Feci
"2,5-Di-tert-butylhydroquinone-P",PLS
"2,5-Dimethoxy-4-methylamphetamine-P",PLS
"2,5-Dimethoxybenzhydrazide-F",Feci
"2,5-Dimethoxybenzonitrile-P",PLS
"2,5-Dimethoxymandelic acid-F",Feci
"2,5-Dimethoxymandelic acid-P",PLS
"2,5-Dimethoxyphenol-F",Feci
"2,5-Dimethoxyphenol-P",PLS
"2,5-Dimethyl-1-aza-bicyclo[2.2.1]heptane-P",PLS
"2,5-Piperazinedione, 3-benzyl-6-isopropyl--P",PLS
"2,5-di-tert-Butyl-1,4-benzoquinone-P",PLS
"2,6-Bis[2-[2-S-thiosulfuroethylamino]ethoxy]pyrazine-P",PLS
"2,6-Di-O-methyl-d-galactopyranose-F",Feci
"2,6-Dimethyl-N-[3-(trimethylsilyl)-1,3-thiazinan-2-ylidene]aniline-P",PLS
"2-(2,5-Dimethoxy-phenyl)-propionaldehyde-P",PLS
"2-(Decanoyloxy)propane-1,3-diyl dioctanoate-P",PLS
"2-Acetyl-3-(1-methyl-2-pyrrolyl)-1,4-benzenediol-P",PLS
2-Acetyl-5-chloro-3-methylbenzo(b)thiophene-P,PLS
"2-Allyl-1,4-dimethoxybenzene-F",Feci
"2-Allyl-1,4-dimethoxybenzene-P",PLS
"2-Amino-4,6-dihydroxypyrimidine-P",PLS
2-Amino-4-methylphenol-P,PLS
2-Aminoadipic acid-F,Feci
2-Aminoadipic acid-P,PLS
2-Aminobutanoic acid-F,Feci
2-Aminobutanoic acid-P,PLS
"2-Butenoic acid, 2-hydroxy--F",Feci
"2-Butenoic acid, 2-methyl-, 2-methyl-2-propenyl ester-F",Feci
2-Ethyl-3-hydroxypropionic acid-P,PLS
2-Ethylacetoacetate-F,Feci
2-Ethylhexanoic acid-F,Feci
"2-Furanacetaldehyde, tetrahydro-alpha-F",Feci
2-Furoic acid-P,PLS
"2-Heptanone, 4,6-dimethyl--P",PLS
2-Heptenoic acid-P,PLS
2-Hexen-1-ol-P,PLS
"2-Hexenoic acid, 2-[(trimethylsilyl)oxy]--P",PLS
2-Hydroxy-2-methylbutyric acid-P,PLS
2-Hydroxy-3-methylbutyric acid-F,Feci
2-Hydroxy-3-methylbutyric acid-P,PLS
2-Hydroxy-5-methoxybenzaldehyde-F,Feci
2-Hydroxy-5-methoxybenzaldehyde-P,PLS
2-Hydroxybutyric acid-P,PLS
2-Isopropyl-5-methyl-1-heptanol-P,PLS
2-Ketoisocaproic acid-P,PLS
2-Methyl-4-pentenoic acid-P,PLS
2-Methylglutaconic acid-P,PLS
2-Naphthol-P,PLS
2-Palmitoylglycerol-F,Feci
"2-Pentenedioic acid, 2-hydroxy--F",Feci
2-Pentenedioic acid-F,Feci
2-Pentenoic acid-P,PLS
2-Piperidinone-F,Feci
"2-Propanone, bis(1-methylethyl)hydrazone-P",PLS
"2-Propenamide, 3-phenyl-N-2-propenyl--P",PLS
"2-Propenoic acid, 2-hydroxy-3-(4-hydroxyphenyl)-F",Feci
2-Pyrrolidinone-F,Feci
2-Pyrrolidinone-P,PLS
2-tert-Butyl-4-ethylphenol-F,Feci
2310014F06Rik-C,CPX
2310034G01Rik-T,CTX
2310057M21Rik-T,CTX
2410124H12Rik-C,CPX
2610020C07Rik-C,CPX
2810021J22Rik-C,CPX
2810021J22Rik-T,CTX
3'-(Trimethylsilyl)oxy-beta-naphthoflavone-P,PLS
3'-Hydroxyacetophenone-P,PLS
"3,4,5-Trihydroxypentanoic acid, tetrakis(trimethylsilyl)--P",PLS
"3,4-Dihydrocoumarin, 4,4-dimethyl-6-dimethylamino--P",PLS
"3,4-Dihydrocoumarin, 4,4-dimethyl-6-dimethylamino-F",Feci
"3,4-Dihydroxymandelic acid, ethyl ester-P",PLS
"3,4-dimethyl-5-(3,4-methylenedioxy)phenyloxazolidine-P",PLS
"3,5-Dimethylpyrazole-P",PLS
"3,5-di-tert-Butyl-4-hydroxyacetophenone-P",PLS
"3-(3-Cyclohexylaminopropionylamino)-5-ethylthiophene-2-carboxylic acid, ethyl ester-P",PLS
3-(3-Hydroxyphenyl)propanoic acid-F,Feci
3-Amino-2-piperidone-F,Feci
3-Amino-2-piperidone-P,PLS
3-Amino-5-morpholinomethyl-2-oxazolidinone-P,PLS
3-Aminobenzoic acid-P,PLS
3-Aminobutanoic acid-F,Feci
3-Aminobutanoic acid-P,PLS
"3-Buten-2-one, 3-trimethylsilyloxy--P",PLS
"3-Buten-2-one, 4-(4-methoxyphenyl)--P",PLS
3-Buten-2-one-F,Feci
"3-Cyclohexyl-L-alanine amide, N,N,N'N'-tetramethyl--P",PLS
3-Deoxyhexitol-F,Feci
3-Hexenedinitrile-P,PLS
3-Hexenedioic acid-F,Feci
"3-Hydroxy-2,3-dihydromaltol-F",Feci
"3-Hydroxy-2,3-dihydromaltol-P",PLS
3-Hydroxybutyric acid-F,Feci
3-Hydroxybutyric acid-P,PLS
3-Hydroxyisovaleric acid-F,Feci
3-Hydroxyisovaleric acid-P,PLS
3-Hydroxypicolinic acid-F,Feci
3-Indoleacetic acid-P,PLS
3-Indolepropionic acid-P,PLS
"3-Methoxyamphetamine, 4-Trimethylsilyloxy, N,N-bis(Trimethylsilyloxy)--P",PLS
3-Methoxysalicylic acid-P,PLS
3-Methyl-2-furoic acid-F,Feci
3-Methyladenine-P,PLS
"3-Methylpiperazine-2,5-dione, (R)--P",PLS
3-Nonen-1-ol-P,PLS
3-O-methyl-beta-D-Glucopyranose-F,Feci
3-Pyridylcarbinol-F,Feci
3-Undecene-F,Feci
3-Ureidopropionic acid-P,PLS
"3beta,4beta-Bis(trimethylsiloxy)cholest-5-ene-P",PLS
"3beta-TRIMETHYLSILOXY-5alpha,6alpha-EPOXYCHOLESTANE-P",PLS
4-(Methoxycarbonyl)phenol-P,PLS
4-Aminobenzoic acid-F,Feci
4-Coumaric acid-F,Feci
4-Cumylphenol-P,PLS
4-Hydroxy-5-(hydroxymethyl)oxolan-2-one-F,Feci
4-Hydroxy-5-(hydroxymethyl)oxolan-2-one-P,PLS
4-Hydroxybenzaldehyde-F,Feci
4-Hydroxybenzaldehyde-P,PLS
4-Hydroxybenzeneacetic acid-F,Feci
4-Hydroxybenzeneacetic acid-P,PLS
4-Hydroxybenzoic acid-F,Feci
4-Hydroxybenzoic acid-P,PLS
4-Hydroxybutanoic acid-F,Feci
4-Hydroxybutanoic acid-P,PLS
4-Hydroxyphenyllactic acid-F,Feci
4-Hydroxyphenyllactic acid-P,PLS
4-Methoxyphenol-F,Feci
4-Methyl-5-thiazoleethanol-F,Feci
4-Methylvaleric acid-P,PLS
4-Pentenoic acid-F,Feci
4-Pyridinol-F,Feci
4-Pyridinol-P,PLS
4-hydroxy-3-penten-2-one-F,Feci
4632415L05Rik-C,CPX
4833417C18Rik-T,CTX
4921504A21Rik-C,CPX
4921524J17Rik-T,CTX
4930412C18Rik-C,CPX
4930444P10Rik-C,CPX
4930513N10Rik-T,CTX
4930556M19Rik-C,CPX
4930579K19Rik-C,CPX
4933439C10Rik-T,CTX
4933439K11Rik-C,CPX
"5,10-Diethoxy-2,3,7,8-tetrahydro-1H,6H-dipyrrolo[1,2-a:1',2'-d]pyrazine-F",Feci
"5,6-Dimethyl-4-phenyl-3-cyanopyridine-2(1H)-thione-P",PLS
5-(2-Aminopropyl)-2-methylphenol-P,PLS
5-Aminovaleric acid-F,Feci
5-Aminovaleric acid-P,PLS
"5-Androsten-17alpha-methyl-3beta,17beta-diol-P",PLS
"5-Cholesten-3beta, 7alpha-bis[(trimethylsilyl)oxy]--P",PLS
5-Ethyluracil-P,PLS
5-Henicosylresorcinol-P,PLS
5-Hydroxy-2-methylpyridine-F,Feci
5-Hydroxyhexanoic acid-P,PLS
5-Hydroxymethyl-2-furoic acid-F,Feci
5-Hydroxyquinoline-P,PLS
5-Hydroxytryptophan-P,PLS
5-Methyluridine-F,Feci
5-Oxohexanoic Acid-F,Feci
5330413P13Rik-T,CTX
5730408A14Rik-T,CTX
5730409E04Rik-T,CTX
5730455P16Rik-C,CPX
"5alpha-Pregnane-3,20-dione-P",PLS
"6,7,4'-Trihydroxyisoflavone-P",PLS
"6,8-Dioxapentadecane-P",PLS
6-Hydroxyflavone-beta-D-glucoside-P,PLS
6-Hydroxyhexanoic acid-F,Feci
"6-Methoxy-1-methyl-1,2,3,4-tetrahydroisoquinolin-7-ol-P",PLS
6430511E19Rik-T,CTX
"7,9-Di-tert-butyl-1-oxaspiro(4,5)deca-6,9-diene-2,8-dione-F",Feci
7-(Trimethylsilyl)amino-4-methylcoumarin-P,PLS
"7-Acetyl-6-ethyl-1,1,4,4-tetramethyltetralin-P",PLS
"7-Isoquinolinol, 1,2,3,4-tetrahydro-1-[(4-hydroxyphenyl)methyl]-6-methoxy--P",PLS
8-Hydroxy-5-(hydroxymethyl)quinoline-F,Feci
"9,12-Octadecadienoic acid-P",PLS
9-Hexadecenoic acid-P,PLS
9-Octadecen-1-ol-F,Feci
9-Octadecenamide-F,Feci
9-Octadecenamide-P,PLS
9-Octadecenoic acid-F,Feci
9-Octadecenoic acid-P,PLS
9330159F19Rik-T,CTX
9530026P05Rik-C,CPX
"9H-Fluorene, 9-methylene--P",PLS
9H-Purin-6-ol-F,Feci
"9H-Purine, 9-(trimethylsilyl)-2,6,8-tris[(trimethylsilyl)oxy]--P",PLS
A330040F15Rik-T,CTX
A430018G15Rik-T,CTX
A430108G06Rik-C,CPX
A530041M06Rik-T,CTX
A930024E05Rik-C,CPX
Aard-T,CTX
Aasdhppt-C,CPX
Aatf-T,CTX
Abca4-T,CTX
Abhd11-T,CTX
Abitram-C,CPX
Acacb-C,CPX
Acad9-C,CPX
Acbd4-C,CPX
"Acetamide, 2,2,2-trifluoro--P",PLS
"Acetamide, N,N-diethyl--P",PLS
"Acetamide, N-(2-butyl)-N-methyl--F",Feci
"Acetic acid, bis[(trimethylsilyl)oxyl]--P",PLS
"Acetin, bis-1,3-trimethylsilyl ether-P",PLS
Acetoacetic acid-F,Feci
Acetoacetic acid-P,PLS
"Acetohydrazide, 2-(2-isopropyl-5-methylphenoxy)-N2-benzylideno--P",PLS
Acetohydroxamic acid-F,Feci
Aceturic acid-P,PLS
Aconitic acid-F,Feci
Acot6-C,CPX
Acox1-C,CPX
Acsbg3-T,CTX
Actr3-C,CPX
Ada-C,CPX
Adam10-T,CTX
Adam15-C,CPX
Adamts15-T,CTX
Adamtsl1-C,CPX
Adck2-C,CPX
Adcy9-C,CPX
Adipoyl-L-carnitine-P,PLS
Adprh-C,CPX
Adrb3-C,CPX
Adsl-T,CTX
Afg3l1-C,CPX
Agbl3-C,CPX
Agk-T,CTX
Agrn-C,CPX
Ahcyl2-C,CPX
Albizziin-P,PLS
Aldh1l1-C,CPX
Aldh8a1-T,CTX
Aldh9a1-C,CPX
Alg5-T,CTX
Alkbh1-T,CTX
Alkbh6-C,CPX
Alloxanic acid-P,PLS
Allylescaline-P,PLS
Alx3-C,CPX
Amfr-C,CPX
Ammeline-P,PLS
Ankib1-T,CTX
Ankmy2-C,CPX
Ankra2-T,CTX
Ankrd12-C,CPX
Ankrd16-T,CTX
Ankrd9-T,CTX
Ano8-C,CPX
Aox3-C,CPX
Ap2a1-T,CTX
Ap2b1-C,CPX
Ap3b1-C,CPX
Ap3s2-C,CPX
Apc-T,CTX
Apc2-C,CPX
Appbp2-T,CTX
Appl1-T,CTX
Aqp11-C,CPX
Arabinaric acid-P,PLS
Arabinitol-F,Feci
"Arabinofuranose, 1,2,3,5-tetrakis-F",Feci
"Arabinofuranose, 1,2,3,5-tetrakis-O--P",PLS
Arabinose-F,Feci
Arachidic acid-F,Feci
Arachidonic acid-P,PLS
Arb2a-T,CTX
Arf2-C,CPX
Argininosuccinic acid-F,Feci
Arhgap15-C,CPX
Arhgap19-T,CTX
Arhgap5-C,CPX
Arhgap5-T,CTX
Arhgef1-T,CTX
Arhgef12-C,CPX
Arhgef26-T,CTX
Arhgef7-C,CPX
Arid2-C,CPX
Arid4a-C,CPX
Arl1-T,CTX
Arl2bp-C,CPX
Armcx2-C,CPX
Arrdc2-T,CTX
Arrdc4-C,CPX
Arsenous acid-P,PLS
Art4-C,CPX
Asb8-C,CPX
Ascc3-T,CTX
Ascl4-T,CTX
Ash1l-C,CPX
Aspartic acid-P,PLS
Asphd2-T,CTX
Atad5-T,CTX
Atf6b-C,CPX
Atg4d-T,CTX
Atg9b-T,CTX
Atn1-C,CPX
Atosb-T,CTX
Atp1b1-T,CTX
Atp5me-C,CPX
Atp5mf-T,CTX
Atp5mg-C,CPX
Atp6v1f-C,CPX
Atp7a-C,CPX
Atp8a1-T,CTX
Atrazine desethyl-P,PLS
Azatadine-P,PLS
Azelaic acid-F,Feci
"Azetidine, 1-acetyl-2-methyl--P",PLS
"Azetidine, 1-acetyl-2-methyl-F",Feci
"Aziridine, 1-(2-buten-2-yl)--P",PLS
B130034C11Rik-C,CPX
B230217C12Rik-T,CTX
B230219D22Rik-C,CPX
B230398E01Rik-T,CTX
B9d2-T,CTX
BC065397-C,CPX
Baiap2l1-C,CPX
Baz1b-C,CPX
Bcat1-C,CPX
Bcl2l12-C,CPX
Bcl7a-C,CPX
Bclaf1-C,CPX
Bclaf3-T,CTX
Bean1-T,CTX
Bend3-T,CTX
"Benzaldehyde, 2,5-dimethyl--P",PLS
"Benzene, 1,1'-(1,2-cyclobutanediyl)bis--P",PLS
"Benzene, 1,3-bis(1,1-dimethylethyl)--P",PLS
"Benzene, 1-acetoxy-2,6-dimethoxy-4-(2-propenyl)--P",PLS
"Benzene, 3-cyclohexen-1-yl--P",PLS
"Benzene, 4-ethenyl-1,2-dimethoxy--P",PLS
Benzeneacetamide-P,PLS
Benzeneacetic acid-P,PLS
"Benzeneethanamine, N-[(pentafluorophenyl)methylene]-4-[(trimethylsilyl)oxy]--P",PLS
"Benzenemethanamine, 2,3-dimethoxy--P",PLS
"Benzenepropanoic acid, 3,5-bis(1,1-dimethylethyl)-4-hydroxy-, methyl ester-F",Feci
"Benzimidazole, 5-trifluoromethyl-2-methyl--P",PLS
"Benzo[b]fluorene, 5-amino-7-methyl-1,2,3,4,6,7,8,9-octahydro-11-thia-10-aza--P",PLS
Benzoic Acid-F,Feci
"Benzoic acid, methyl ester-P",PLS
"Benzoic acid, pentadecyl ester-P",PLS
Benzophenone-P,PLS
Benzyl alcohol-P,PLS
Bhlhe41-C,CPX
Bhmt2-C,CPX
Bicd1-T,CTX
Birc2-C,CPX
Bis(trimethylsilyl)acetylene-P,PLS
Bloc1s1-C,CPX
Bnip1-C,CPX
Boric acid-P,PLS
Brd2-C,CPX
Brd4-C,CPX
Brdt-T,CTX
Brwd1-T,CTX
Brwd3-T,CTX
Btbd1-T,CTX
Btbd2-C,CPX
Btg1-C,CPX
"Butanal, 2,3,4-tris[(trimethylsilyl)oxy]-, O-methyloxime, [R-(R*,R*)]--P",PLS
Butanedioic acid-F,Feci
"Butanoic acid, 2,4-bis[(trimethylsilyl)oxy]--P",PLS
"Butanoic acid, 2-methyl-3-[(trimethylsilyl)oxy]--P",PLS
"Butanoic acid, 3,4-dihydroxy--F",Feci
Butyl Succinate-F,Feci
Butyl caprylate-F,Feci
Butylated Hydroxytoluene-P,PLS
Butylmethylamine-P,PLS
Bvht-C,CPX
C030013C21Rik-T,CTX
C030034I22Rik-T,CTX
C130021I20Rik-C,CPX
C130023A14Rik-T,CTX
C130089K02Rik-C,CPX
Cables1-T,CTX
Cables2-C,CPX
Cadaverine-P,PLS
Camk1d-C,CPX
Campesterol-F,Feci
Campesterol-P,PLS
Camsap2-C,CPX
Cand1-T,CTX
Capn15-C,CPX
Capn2-C,CPX
Carf-T,CTX
Carfentrazone-ethyl-P,PLS
Carmil3-T,CTX
Casp8-C,CPX
Casq2-T,CTX
Cast-C,CPX
Cast-T,CTX
Casz1-C,CPX
Cbarp-C,CPX
Cbx6-T,CTX
Ccar1-C,CPX
Ccdc134-T,CTX
Ccdc148-C,CPX
Ccdc149-T,CTX
Ccdc169-T,CTX
Ccdc18-C,CPX
Ccdc180-C,CPX
Ccdc186-C,CPX
Ccdc28b-T,CTX
Ccdc33-C,CPX
Ccdc59-C,CPX
Ccdc88a-C,CPX
Ccdc97-T,CTX
Ccnd1-C,CPX
Ccnyl1-T,CTX
Ccpg1-C,CPX
Cct4-C,CPX
Cd24a-T,CTX
Cd47-C,CPX
Cdc14a-C,CPX
Cdc25c-T,CTX
Cdc27-T,CTX
Cdc42bpa-T,CTX
Cdc73-T,CTX
Cdh4-C,CPX
Cdk7-T,CTX
Cdkl3-C,CPX
Cdkn1c-C,CPX
Cdr2l-C,CPX
Cebpd-C,CPX
Cebpd-T,CTX
Cebpz-C,CPX
Celrr-T,CTX
Cemip-T,CTX
Cep15-T,CTX
Cep290-C,CPX
Cep350-T,CTX
Cep41-C,CPX
Cep57-C,CPX
Cep95-C,CPX
Cep97-T,CTX
"Cephalotaxine, 3-deoxy-3,11-epoxy-, (3alpha,11alpha)--P",PLS
Cerkl-C,CPX
Cerox1-C,CPX
"Cetaben, N,O-bis(trimethylsilyl)--P",PLS
Cfap418-T,CTX
Cfap46-C,CPX
Cfap69-T,CTX
Cfdp1-T,CTX
Cfh-T,CTX
Cfp-T,CTX
Chchd7-C,CPX
Chi3l1-C,CPX
Chic1-T,CTX
Chmp4c-C,CPX
Chmp6-T,CTX
"Cholest-22-ene-21-ol, 3,5-dehydro-6-methoxy-, pivalate-P",PLS
"Cholest-7-en-3-ol, (3beta,5alpha)--P",PLS
"Cholesta-3,5-dien-7-one-P",PLS
"Cholesta-3,5-diene-P",PLS
Cholesterol-F,Feci
Cholesterol-P,PLS
Chst14-T,CTX
Cinnamic acid-P,PLS
Citric acid-F,Feci
Citric acid-P,PLS
Clcn2-C,CPX
Cldn22-C,CPX
Clec14a-C,CPX
Clip4-T,CTX
Clpp-C,CPX
Cltb-C,CPX
Cmc4-C,CPX
Cmtm7-T,CTX
Cmtm8-C,CPX
Cmya5-T,CTX
Cnih2-C,CPX
Cnnm4-C,CPX
Cnot1-T,CTX
Cntd1-T,CTX
Cntn1-C,CPX
Cntnap5b-T,CTX
Cog8-C,CPX
Col13a1-T,CTX
Col14a1-T,CTX
Col25a1-T,CTX
Col5a3-C,CPX
Col8a1-C,CPX
Col8a1-T,CTX
Comt-T,CTX
Cope-C,CPX
Copg1-C,CPX
Cops8-T,CTX
Cpxm1-T,CTX
Cracr2b-C,CPX
Cry2-T,CTX
Crygn-C,CPX
Crygn-T,CTX
Csnk1a1-C,CPX
Csnk2b-T,CTX
Cspg5-C,CPX
Csrp1-T,CTX
Cstf2-C,CPX
Ctdspl2-C,CPX
Ctr9-C,CPX
Ctsc-C,CPX
Ctso-T,CTX
Ctu1-T,CTX
Cul4b-T,CTX
Cul7-C,CPX
Cxcl14-T,CTX
Cxxc4-C,CPX
Cyb5d2-T,CTX
Cyclo(L-prolyl-L-valine)-F,Feci
Cyclo(L-prolyl-L-valine)-P,PLS
Cyclo-(l-leucyl-l-phenylalanyl)-P,PLS
Cyclobutanol-P,PLS
Cyclohexanecarboxylic acid-F,Feci
Cyclohexanemethanol-F,Feci
Cyclohexanol-F,Feci
Cyclohexanol-P,PLS
"Cyclohexene, 3-butyl-3-methyl-1-trimethylsilyloxy--P",PLS
"Cyclopenta[g]-2-benzopyran, 1,3,4,6,7,8-hexahydro-4,6,6,7,8,8-hexamethyl-F",Feci
"Cyclopentaneacetic acid, 3-oxo-2-pentyl--P",PLS
"Cyclopentanone, 2,2,4-trimethyl--P",PLS
Cyren-C,CPX
Cyria-T,CTX
Cytosine-F,Feci
Cyyr1-C,CPX
D-(+)-Glucosamine-F,Feci
"D-(+)-Ribono-1,4-lactone (R,S,R)--P",PLS
"D-(+)-Ribono-1,4-lactone-F",Feci
"D-(+)-Talofuranose, pentakis-P",PLS
D-(+)-Talofuranose-F,Feci
D-(-)-Citramalic acid-P,PLS
"D-(-)-Fructofuranose, pentakis-P",PLS
D-(-)-Fructofuranose-F,Feci
D-(-)-Fructopyranose-F,Feci
"D-(-)-Lyxose, tetrakis-P",PLS
"D-(-)-Ribofuranose, tetrakis-P",PLS
D-(-)-Ribofuranose-F,Feci
D-Allofuranose-F,Feci
D-Arabinose-F,Feci
D-Arabinose-P,PLS
"D-Erythro-Pentitol, 2-deoxy--F",Feci
"D-Erythro-Pentofuranose, 2-deoxy-1,3-bis-O--P",PLS
D-Fructose-F,Feci
D-Fructose-P,PLS
D-Glucose-F,Feci
"D-Isoleucine, N-acetyl--P",PLS
D-Leucylglycylglycine-P,PLS
D-Mannopyranose-F,Feci
D-Mannose-P,PLS
D-Proline-P,PLS
D-Psicofuranose-F,Feci
D-Ribose-F,Feci
D-Ribose-P,PLS
D-Threitol-P,PLS
"D-Xylofuranose, 1,2,3,5-tetrakis-O--P",PLS
D030028A08Rik-T,CTX
D630023F18Rik-T,CTX
D630036H23Rik-C,CPX
DL-Glyceraldehyde-P,PLS
DL-Ornithine-P,PLS
DL-Phenylalanine-F,Feci
DL-Phenylalanine-P,PLS
"DL-Proline, 5-oxo--P",PLS
Dalrd3-T,CTX
Dap3-C,CPX
Dap3-T,CTX
Dbndd1-C,CPX
Dbpht2-C,CPX
Dcaf12l1-C,CPX
Dcp2-T,CTX
Dctn2-C,CPX
Dctpp1-T,CTX
Dcxr-C,CPX
Ddb1-C,CPX
Ddhd1-T,CTX
Ddit4-C,CPX
Ddt-T,CTX
Ddx6-T,CTX
Decanoic acid-F,Feci
Decanoic acid-P,PLS
Decyl oleate-F,Feci
Dehydroabietic acid-F,Feci
Dehydronorketamine-P,PLS
Dek-C,CPX
Delorazepam-P,PLS
Dennd2c-C,CPX
Deoxycholic Acid-F,Feci
Deoxycholic Acid-P,PLS
Deoxyglucose-F,Feci
Deoxyribopyranose-F,Feci
Desmosterol-P,PLS
Dgkeos-T,CTX
Dgkh-T,CTX
Dhtkd1-T,CTX
Dhx29-C,CPX
Dhx36-C,CPX
Dhx9-C,CPX
Dihydrouracil-F,Feci
Dihydrouracil-P,PLS
Dihydroxyacetone-F,Feci
Dimethyl fumarate-P,PLS
"Dimethyl hexopyranosiduronate, alpha-D--P",PLS
"Dimethyl hexopyranosiduronate, alpha-D-F",Feci
Dinoseb-P,PLS
Diphenyl ether-P,PLS
Dipk1a-C,CPX
Dipk1b-T,CTX
Dlg3-T,CTX
Dlg4-C,CPX
Dlgap4-C,CPX
Dmtf1-T,CTX
Dmxl1-T,CTX
Dnajb6-T,CTX
Dnajc13-C,CPX
Dnajc21-C,CPX
Dnajc7-C,CPX
Dnajc8-T,CTX
Dnase1l1-C,CPX
Dnmt3a-T,CTX
Dobutamine-P,PLS
Dock10-C,CPX
Dock10-T,CTX
Dock6-T,CTX
Doconexent-P,PLS
"Dodecanamide, N-(2-hydroxyethyl)--P",PLS
Dodecanamide-F,Feci
"Dodecane, 4,6-dimethyl--P",PLS
"Dodecanoic acid, 1-methylethyl ester-P",PLS
Dodecanoic acid-P,PLS
Dodecylcyclohexane-P,PLS
Dok1-C,CPX
Dopamine-P,PLS
Dpp10-C,CPX
Dpysl4-C,CPX
Dqx1-T,CTX
Dr1-C,CPX
Drap1-T,CTX
Drc3-C,CPX
Dstn-C,CPX
Dus4l-T,CTX
Dusp1-C,CPX
Dusp11-T,CTX
Dusp28-C,CPX
Dync1h1-C,CPX
Dync2li1-C,CPX
Dynll1-C,CPX
Dynlt1a-T,CTX
Dynlt1f-C,CPX
Dynlt2b-C,CPX
Dzip1l-T,CTX
E230020A03Rik-T,CTX
E2f2-C,CPX
E2f3-T,CTX
ENSMUSG00000001054-C,CPX
ENSMUSG00000001687-C,CPX
ENSMUSG00000001964-C,CPX
ENSMUSG00000002324-C,CPX
ENSMUSG00000002660-C,CPX
ENSMUSG00000003949-C,CPX
ENSMUSG00000004040-C,CPX
ENSMUSG00000004098-C,CPX
ENSMUSG00000004285-C,CPX
ENSMUSG00000005510-C,CPX
ENSMUSG00000005514-C,CPX
ENSMUSG00000005580-C,CPX
ENSMUSG00000005699-C,CPX
ENSMUSG00000006005-C,CPX
ENSMUSG00000006476-C,CPX
ENSMUSG00000007892-C,CPX
ENSMUSG00000008140-C,CPX
ENSMUSG00000008348-C,CPX
ENSMUSG00000008690-C,CPX
ENSMUSG00000010607-C,CPX
ENSMUSG00000011831-C,CPX
ENSMUSG00000012422-C,CPX
ENSMUSG00000013858-C,CPX
ENSMUSG00000014075-C,CPX
ENSMUSG00000014195-C,CPX
ENSMUSG00000014846-C,CPX
ENSMUSG00000015461-C,CPX
ENSMUSG00000015748-C,CPX
ENSMUSG00000015839-C,CPX
ENSMUSG00000015932-C,CPX
ENSMUSG00000015970-C,CPX
ENSMUSG00000016018-C,CPX
ENSMUSG00000016487-C,CPX
ENSMUSG00000017221-C,CPX
ENSMUSG00000017286-C,CPX
ENSMUSG00000017405-C,CPX
ENSMUSG00000017697-C,CPX
ENSMUSG00000018293-C,CPX
ENSMUSG00000018707-C,CPX
ENSMUSG00000019173-C,CPX
ENSMUSG00000019907-C,CPX
ENSMUSG00000020135-C,CPX
ENSMUSG00000020235-C,CPX
ENSMUSG00000020491-C,CPX
ENSMUSG00000020546-C,CPX
ENSMUSG00000020886-C,CPX
ENSMUSG00000021000-C,CPX
ENSMUSG00000021215-C,CPX
ENSMUSG00000021243-C,CPX
ENSMUSG00000021585-C,CPX
ENSMUSG00000021676-C,CPX
ENSMUSG00000021686-C,CPX
ENSMUSG00000021709-C,CPX
ENSMUSG00000021957-C,CPX
ENSMUSG00000021990-C,CPX
ENSMUSG00000022023-C,CPX
ENSMUSG00000022177-C,CPX
ENSMUSG00000022246-C,CPX
ENSMUSG00000022312-C,CPX
ENSMUSG00000022426-C,CPX
ENSMUSG00000022568-C,CPX
ENSMUSG00000022711-C,CPX
ENSMUSG00000022781-C,CPX
ENSMUSG00000022843-C,CPX
ENSMUSG00000023046-C,CPX
ENSMUSG00000023967-C,CPX
ENSMUSG00000024098-C,CPX
ENSMUSG00000024150-C,CPX
ENSMUSG00000024151-C,CPX
ENSMUSG00000024168-C,CPX
ENSMUSG00000024170-C,CPX
ENSMUSG00000024191-C,CPX
ENSMUSG00000024335-C,CPX
ENSMUSG00000024472-C,CPX
ENSMUSG00000024576-C,CPX
ENSMUSG00000024687-C,CPX
ENSMUSG00000024740-C,CPX
ENSMUSG00000024772-C,CPX
ENSMUSG00000024800-C,CPX
ENSMUSG00000024941-C,CPX
ENSMUSG00000024947-C,CPX
ENSMUSG00000024975-C,CPX
ENSMUSG00000024976-C,CPX
ENSMUSG00000025016-C,CPX
ENSMUSG00000025060-C,CPX
ENSMUSG00000025231-C,CPX
ENSMUSG00000025410-C,CPX
ENSMUSG00000025474-C,CPX
ENSMUSG00000025505-C,CPX
ENSMUSG00000026096-C,CPX
ENSMUSG00000026483-C,CPX
ENSMUSG00000026520-C,CPX
ENSMUSG00000026527-C,CPX
ENSMUSG00000026563-C,CPX
ENSMUSG00000026623-C,CPX
ENSMUSG00000026784-C,CPX
ENSMUSG00000026803-C,CPX
ENSMUSG00000027374-C,CPX
ENSMUSG00000027523-C,CPX
ENSMUSG00000027598-C,CPX
ENSMUSG00000027646-C,CPX
ENSMUSG00000027782-C,CPX
ENSMUSG00000027860-C,CPX
ENSMUSG00000028041-C,CPX
ENSMUSG00000028051-C,CPX
ENSMUSG00000028273-C,CPX
ENSMUSG00000028383-C,CPX
ENSMUSG00000028655-C,CPX
ENSMUSG00000028700-C,CPX
ENSMUSG00000029198-C,CPX
ENSMUSG00000029265-C,CPX
ENSMUSG00000029438-C,CPX
ENSMUSG00000029550-C,CPX
ENSMUSG00000029551-C,CPX
ENSMUSG00000029623-C,CPX
ENSMUSG00000029772-C,CPX
ENSMUSG00000029790-C,CPX
ENSMUSG00000030016-C,CPX
ENSMUSG00000030060-C,CPX
ENSMUSG00000030216-C,CPX
ENSMUSG00000030256-C,CPX
ENSMUSG00000030268-C,CPX
ENSMUSG00000030286-C,CPX
ENSMUSG00000030304-C,CPX
ENSMUSG00000030352-C,CPX
ENSMUSG00000030557-C,CPX
ENSMUSG00000030591-C,CPX
ENSMUSG00000030605-C,CPX
ENSMUSG00000030616-C,CPX
ENSMUSG00000030663-C,CPX
ENSMUSG00000030697-C,CPX
ENSMUSG00000030782-C,CPX
ENSMUSG00000030879-C,CPX
ENSMUSG00000031027-C,CPX
ENSMUSG00000031079-C,CPX
ENSMUSG00000031246-C,CPX
ENSMUSG00000031451-C,CPX
ENSMUSG00000031479-C,CPX
ENSMUSG00000031513-C,CPX
ENSMUSG00000031583-C,CPX
ENSMUSG00000031590-C,CPX
ENSMUSG00000031617-C,CPX
ENSMUSG00000031657-C,CPX
ENSMUSG00000031715-C,CPX
ENSMUSG00000031751-C,CPX
ENSMUSG00000031918-C,CPX
ENSMUSG00000031922-C,CPX
ENSMUSG00000032216-C,CPX
ENSMUSG00000032238-C,CPX
ENSMUSG00000032261-C,CPX
ENSMUSG00000032288-C,CPX
ENSMUSG00000032306-C,CPX
ENSMUSG00000032372-C,CPX
ENSMUSG00000032560-C,CPX
ENSMUSG00000032615-C,CPX
ENSMUSG00000032633-C,CPX
ENSMUSG00000033021-C,CPX
ENSMUSG00000033047-C,CPX
ENSMUSG00000033453-C,CPX
ENSMUSG00000033487-C,CPX
ENSMUSG00000033792-C,CPX
ENSMUSG00000034349-C,CPX
ENSMUSG00000034377-C,CPX
ENSMUSG00000034584-C,CPX
ENSMUSG00000034647-C,CPX
ENSMUSG00000034768-C,CPX
ENSMUSG00000034786-C,CPX
ENSMUSG00000034863-C,CPX
ENSMUSG00000034930-C,CPX
ENSMUSG00000034957-C,CPX
ENSMUSG00000035133-C,CPX
ENSMUSG00000035293-C,CPX
ENSMUSG00000035505-C,CPX
ENSMUSG00000035941-C,CPX
ENSMUSG00000036613-C,CPX
ENSMUSG00000036718-C,CPX
ENSMUSG00000037012-C,CPX
ENSMUSG00000037408-C,CPX
ENSMUSG00000037646-C,CPX
ENSMUSG00000037716-C,CPX
ENSMUSG00000038064-C,CPX
ENSMUSG00000038084-C,CPX
ENSMUSG00000038135-C,CPX
ENSMUSG00000038324-C,CPX
ENSMUSG00000038390-C,CPX
ENSMUSG00000038555-C,CPX
ENSMUSG00000038717-C,CPX
ENSMUSG00000039000-C,CPX
ENSMUSG00000039145-C,CPX
ENSMUSG00000039157-C,CPX
ENSMUSG00000039194-C,CPX
ENSMUSG00000039253-C,CPX
ENSMUSG00000039323-C,CPX
ENSMUSG00000039450-C,CPX
ENSMUSG00000039813-C,CPX
ENSMUSG00000039883-C,CPX
ENSMUSG00000039959-C,CPX
ENSMUSG00000040612-C,CPX
ENSMUSG00000040661-C,CPX
ENSMUSG00000041012-C,CPX
ENSMUSG00000041134-C,CPX
ENSMUSG00000041408-C,CPX
ENSMUSG00000041491-C,CPX
ENSMUSG00000041642-C,CPX
ENSMUSG00000041685-C,CPX
ENSMUSG00000041720-C,CPX
ENSMUSG00000041841-C,CPX
ENSMUSG00000042426-C,CPX
ENSMUSG00000042506-C,CPX
ENSMUSG00000042594-C,CPX
ENSMUSG00000042626-C,CPX
ENSMUSG00000042659-C,CPX
ENSMUSG00000042686-C,CPX
ENSMUSG00000042699-C,CPX
ENSMUSG00000042797-C,CPX
ENSMUSG00000043263-C,CPX
ENSMUSG00000043614-C,CPX
ENSMUSG00000044224-C,CPX
ENSMUSG00000044296-C,CPX
ENSMUSG00000045284-C,CPX
ENSMUSG00000045817-C,CPX
ENSMUSG00000045930-C,CPX
ENSMUSG00000046157-C,CPX
ENSMUSG00000046351-C,CPX
ENSMUSG00000046711-C,CPX
ENSMUSG00000046714-C,CPX
ENSMUSG00000046806-C,CPX
ENSMUSG00000046807-C,CPX
ENSMUSG00000046947-C,CPX
ENSMUSG00000047141-C,CPX
ENSMUSG00000048175-C,CPX
ENSMUSG00000048330-C,CPX
ENSMUSG00000049287-C,CPX
ENSMUSG00000049295-C,CPX
ENSMUSG00000049744-C,CPX
ENSMUSG00000050822-C,CPX
ENSMUSG00000051043-C,CPX
ENSMUSG00000051224-C,CPX
ENSMUSG00000051285-C,CPX
ENSMUSG00000051297-C,CPX
ENSMUSG00000051510-C,CPX
ENSMUSG00000052534-C,CPX
ENSMUSG00000054484-C,CPX
ENSMUSG00000055044-C,CPX
ENSMUSG00000055447-C,CPX
ENSMUSG00000055681-C,CPX
ENSMUSG00000056054-C,CPX
ENSMUSG00000056952-C,CPX
ENSMUSG00000057738-C,CPX
ENSMUSG00000058351-C,CPX
ENSMUSG00000058420-C,CPX
ENSMUSG00000058756-C,CPX
ENSMUSG00000059495-C,CPX
ENSMUSG00000060512-C,CPX
ENSMUSG00000061689-C,CPX
ENSMUSG00000061718-C,CPX
ENSMUSG00000062040-C,CPX
ENSMUSG00000062044-C,CPX
ENSMUSG00000063894-C,CPX
ENSMUSG00000064246-C,CPX
ENSMUSG00000064294-C,CPX
ENSMUSG00000064338-C,CPX
ENSMUSG00000064340-C,CPX
ENSMUSG00000064345-C,CPX
ENSMUSG00000066057-C,CPX
ENSMUSG00000066113-C,CPX
ENSMUSG00000066595-C,CPX
ENSMUSG00000067928-C,CPX
ENSMUSG00000068196-C,CPX
ENSMUSG00000068284-C,CPX
ENSMUSG00000068762-C,CPX
ENSMUSG00000069631-C,CPX
ENSMUSG00000070348-C,CPX
ENSMUSG00000070643-C,CPX
ENSMUSG00000070858-C,CPX
ENSMUSG00000071072-C,CPX
ENSMUSG00000071637-C,CPX
ENSMUSG00000072662-C,CPX
ENSMUSG00000072763-C,CPX
ENSMUSG00000077767-C,CPX
ENSMUSG00000078201-C,CPX
ENSMUSG00000078485-C,CPX
ENSMUSG00000085890-C,CPX
ENSMUSG00000086825-C,CPX
ENSMUSG00000087083-C,CPX
ENSMUSG00000087368-C,CPX
ENSMUSG00000091183-C,CPX
ENSMUSG00000091475-C,CPX
ENSMUSG00000094002-C,CPX
ENSMUSG00000096971-C,CPX
ENSMUSG00000097462-C,CPX
ENSMUSG00000099689-C,CPX
ENSMUSG00000102142-C,CPX
ENSMUSG00000102664-C,CPX
ENSMUSG00000103731-C,CPX
ENSMUSG00000104682-C,CPX
ENSMUSG00000105382-C,CPX
ENSMUSG00000105607-C,CPX
Ece2-T,CTX
Eea1-C,CPX
Eef1a1-C,CPX
Eeig1-C,CPX
Efhb-C,CPX
Ehbp1-T,CTX
Ehd1-C,CPX
Eicosapentaenoic acid-P,PLS
Eid2-T,CTX
Eid2b-C,CPX
Eif2s2-T,CTX
Eif3g-C,CPX
Eif3h-C,CPX
Eif4ebp1-T,CTX
Elf4-T,CTX
Elmo2-C,CPX
Emc10-C,CPX
Emc3-C,CPX
Emc6-T,CTX
Emd-C,CPX
Emg1-T,CTX
Enpp5-C,CPX
Entpd6-C,CPX
Ep300-T,CTX
Epcip-T,CTX
Eps8l2-T,CTX
Erbin-C,CPX
Erbin-T,CTX
Ercc1-T,CTX
Ergic2-C,CPX
Erh-T,CTX
Ermard-T,CTX
Errfi1-C,CPX
Errfi1-T,CTX
Erythritol-F,Feci
Erythritol-P,PLS
"Erythrono-1,4-lactone, (Z)--P",PLS
"Erythrono-1,4-lactone-F",Feci
Ess2-C,CPX
Ess2-T,CTX
Etaa1-T,CTX
"Ethanamine, N,N-diethyl-2,2-dimethyl-2-[(3,5-dimethoxy)phenyl]--P",PLS
Ethanamine-F,Feci
Ethanolamine-P,PLS
"Ethanone, 1-(2,5-dimethoxyphenyl)--P",PLS
"Ethanone, 1-(5-methoxy-2-methyl-3(1H)-indolyl)--P",PLS
Ethyl alpha-D-glucopyranoside-F,Feci
Ethyl cis-2-trimethylsilyl-cyclopropane-1-carboxylate-P,PLS
Ethyl glycolate-F,Feci
Etohd2-C,CPX
Etv1-T,CTX
Etv3-T,CTX
Evi5-C,CPX
Exoc1-C,CPX
Exoc5-T,CTX
Exph5-C,CPX
Extl1-T,CTX
F9-T,CTX
Faap24-C,CPX
Fadd-T,CTX
Fads2-T,CTX
Fads3-T,CTX
Fam120b-T,CTX
Fam13b-C,CPX
Fam167b-C,CPX
Fam168a-T,CTX
Fam193b-T,CTX
Fam199x-T,CTX
Fam91a1-T,CTX
Fam98b-C,CPX
Fance-C,CPX
Fastk-C,CPX
Fbxl22-T,CTX
Fcf1-C,CPX
Fcho2-C,CPX
Fcho2-T,CTX
Fchsd2-C,CPX
Fdft1-T,CTX
Fer-C,CPX
Fgf12-T,CTX
Fgfr1op2-C,CPX
Fgl2-C,CPX
Fhad1-C,CPX
Fhl1-C,CPX
Fhod3-C,CPX
Flcn-C,CPX
Flna-T,CTX
Flnb-T,CTX
Flnc-T,CTX
Flvcr1-C,CPX
Fn3krp-C,CPX
Fndc3a-C,CPX
Folh1-T,CTX
Foxk2-C,CPX
Fpgt-T,CTX
Fra10ac1-T,CTX
Frg1-C,CPX
Frmd3-T,CTX
Fry-T,CTX
Fsbp-C,CPX
Fsbp-T,CTX
Ftx-T,CTX
"Furan, 2-pentyl--P",PLS
Furin-T,CTX
Fxr1-C,CPX
Fzd5-T,CTX
Fzr1-C,CPX
G2e3-C,CPX
Gaa-T,CTX
Gab2-T,CTX
Galactopyranose-P,PLS
Galnt15-C,CPX
Ganab-C,CPX
Gas1-T,CTX
Gas6-C,CPX
Gdap1-T,CTX
Gde1-T,CTX
Gdf10-T,CTX
Gdf11-T,CTX
Gdf9-T,CTX
Gdpd3-C,CPX
Gh-T,CTX
Gigyf1-T,CTX
Gimap4-T,CTX
Gimap9-T,CTX
Gin1-C,CPX
Glmn-T,CTX
Gln-Ala-P,PLS
Glod4-C,CPX
Gls-T,CTX
"Gluconolactone (3R,4S,5R,6R)-F",Feci
Glucopyranose-P,PLS
Glucose-P,PLS
Glyceric acid-F,Feci
Glyceric acid-P,PLS
Glycerol tricaprylate-F,Feci
Glycerol-F,Feci
"Glycine, N-(1-oxobutyl)--P",PLS
"Glycine, N-(N-DL-leucylglycyl)--P",PLS
"Glycine, N-[4-[(trimethylsilyl)oxy]benzoyl]--P",PLS
Glycine-P,PLS
Glycolic acid-F,Feci
Glycolic acid-P,PLS
Glyoxime-P,PLS
Gm10221-T,CTX
Gm10516-T,CTX
Gm10654-T,CTX
Gm12144-T,CTX
Gm12346-C,CPX
Gm12999-T,CTX
Gm13031-T,CTX
Gm13340-T,CTX
Gm14634-T,CTX
Gm14798-C,CPX
Gm15083-C,CPX
Gm15124-T,CTX
Gm15408-C,CPX
Gm15513-T,CTX
Gm15542-T,CTX
Gm15587-C,CPX
Gm15675-C,CPX
Gm15764-T,CTX
Gm16168-T,CTX
Gm17259-T,CTX
Gm18284-T,CTX
Gm19439-T,CTX
Gm1976-C,CPX
Gm1976-T,CTX
Gm19817-C,CPX
Gm20052-C,CPX
Gm23751-T,CTX
Gm2445-C,CPX
Gm25517-C,CPX
Gm26225-T,CTX
Gm26592-T,CTX
Gm26652-T,CTX
Gm26691-T,CTX
Gm27151-T,CTX
Gm28523-T,CTX
Gm29488-T,CTX
Gm3364-T,CTX
Gm3687-T,CTX
Gm37033-T,CTX
Gm37061-T,CTX
Gm37124-T,CTX
Gm37204-C,CPX
Gm37219-C,CPX
Gm37258-T,CTX
Gm37266-T,CTX
Gm37397-T,CTX
Gm37420-T,CTX
Gm37452-T,CTX
Gm37529-T,CTX
Gm3764-T,CTX
Gm37678-T,CTX
Gm37777-T,CTX
Gm37834-T,CTX
Gm37941-T,CTX
Gm37968-T,CTX
Gm38077-T,CTX
Gm38104-T,CTX
Gm38217-T,CTX
Gm38299-T,CTX
Gm38357-T,CTX
Gm38380-C,CPX
Gm4017-C,CPX
Gm42442-T,CTX
Gm42463-C,CPX
Gm42482-T,CTX
Gm42636-C,CPX
Gm42679-T,CTX
Gm42727-T,CTX
Gm42771-T,CTX
Gm42837-T,CTX
Gm42853-T,CTX
Gm42897-T,CTX
Gm42941-T,CTX
Gm42989-T,CTX
Gm43009-T,CTX
Gm43066-T,CTX
Gm43133-T,CTX
Gm43176-T,CTX
Gm43187-T,CTX
Gm43311-T,CTX
Gm43339-C,CPX
Gm43360-C,CPX
Gm43417-T,CTX
Gm43420-T,CTX
Gm43513-C,CPX
Gm43568-C,CPX
Gm43677-T,CTX
Gm43751-T,CTX
Gm43765-T,CTX
Gm43795-T,CTX
Gm4804-T,CTX
Gm5141-C,CPX
Gm5475-T,CTX
Gm5845-T,CTX
Gm6548-C,CPX
Gm8186-T,CTX
Gm9920-C,CPX
Gmppa-C,CPX
Gnas-C,CPX
Gne-T,CTX
Golm2-C,CPX
Gopc-T,CTX
Gpaa1-C,CPX
Gpbp1l1-T,CTX
Gphn-T,CTX
Gpr162-C,CPX
Gpr19-C,CPX
Gpr4-C,CPX
Gpr65-C,CPX
Gprc5c-C,CPX
Gprin2-T,CTX
Gria4-T,CTX
Grin2c-T,CTX
Grk3-T,CTX
Grpel1-C,CPX
Gsk3b-C,CPX
Gsta3-C,CPX
Gsta4-C,CPX
Gstm6-C,CPX
Gtpbp4-C,CPX
Guanabenz-P,PLS
"Guanidine, N,N-dimethyl-F",Feci
Guk1-C,CPX
"Gulonic acid, gamma-lactone-F",Feci
Gxylt1-C,CPX
Gypc-T,CTX
H1f10-C,CPX
H1f10-T,CTX
H2az2-C,CPX
H2bc27-T,CTX
H3f3a-T,CTX
Habp4-T,CTX
Haus4-C,CPX
Hcn3-C,CPX
Hdac9-C,CPX
Hdgfl3-C,CPX
Heatr3-C,CPX
Heatr6-T,CTX
Hectd1-T,CTX
Heg1-T,CTX
Heph-T,CTX
Heptadecanoic acid-F,Feci
Heptadecanoic acid-P,PLS
Hexacosanoic acid-F,Feci
"Hexadecanoic acid, 4-hydroxybutyl ester-F",Feci
"Hexadecanoic acid, ethyl ester-F",Feci
"Hexadecanoic acid, methyl ester-F",Feci
"Hexadecanoic acid, tetradecyl ester-F",Feci
Hexanedioic acid-F,Feci
Hexanedioic acid-P,PLS
Hexanoic acid-P,PLS
Hexim2-T,CTX
Hip1-C,CPX
Hk1-C,CPX
Hlf-C,CPX
Hlx-T,CTX
Hmces-C,CPX
Hmga1-C,CPX
Hmgb2-C,CPX
Hmgb2-T,CTX
Hmgcs1-T,CTX
Hmmr-C,CPX
Hmox2-T,CTX
Hook2-C,CPX
Hopx-T,CTX
Hs3st3b1-T,CTX
Hsdl2-C,CPX
Hspa1b-C,CPX
Hspb8-T,CTX
Htr6-T,CTX
Hycc1-T,CTX
Hydantoic acid-P,PLS
Hydracrylic acid-F,Feci
Hydracrylic acid-P,PLS
Hydroquinidine-P,PLS
Hydroquinone-F,Feci
Hydroquinone-P,PLS
Hymexazole-F,Feci
Iba57-C,CPX
Ibtk-C,CPX
Icam4-C,CPX
Id1-C,CPX
Ide-C,CPX
Idi1-T,CTX
Idoxuridine-F,Feci
Ifi30-C,CPX
Ifih1-C,CPX
Ift122-T,CTX
Igfbp2-C,CPX
Igfbp6-C,CPX
Ikzf5-C,CPX
Il10ra-T,CTX
Ildr2-C,CPX
Ilkap-C,CPX
Ilvbl-C,CPX
Immp1l-T,CTX
Imp3-C,CPX
Impact-T,CTX
Indole-3-carboxaldehyde-P,PLS
Indole-3-lactic acid-P,PLS
Indole-5-carboxylic acid-P,PLS
Ino80c-C,CPX
"Inosose-2, 1,3,4,5,6-pentakis--P",PLS
"Inosose-2, myo-F",Feci
Inpp4a-C,CPX
Inpp5a-C,CPX
Ints10-C,CPX
Ints11-C,CPX
Ints5-C,CPX
Ip6k2-T,CTX
Ipo4-C,CPX
Iqank1-T,CTX
Iqcc-C,CPX
Iqgap2-C,CPX
Iqgap3-T,CTX
Irak1bp1-C,CPX
Irak3-C,CPX
Irf3-C,CPX
Isg15-C,CPX
Isocitric acid lactone-F,Feci
Isofucosterol-P,PLS
Isonicotinic Acid-P,PLS
Isopropyl palmitate-F,Feci
Isopropyl palmitate-P,PLS
Isoxaben-P,PLS
Itaconic acid-F,Feci
Itaconic acid-P,PLS
Itch-C,CPX
Itgb1bp1-T,CTX
Iws1-T,CTX
Jam2-T,CTX
Jmjd4-C,CPX
Josd1-C,CPX
Jph1-C,CPX
Junb-C,CPX
Kank3-T,CTX
Kcmf1-C,CPX
Kcnh2-T,CTX
Kcnh7-T,CTX
Kcnj4-T,CTX
Kcnk5-C,CPX
Kcnma1-T,CTX
Kctd12b-T,CTX
Kdelr1-T,CTX
Kdm3b-T,CTX
Ketamine-F,Feci
Ketamine-P,PLS
Kif21a-C,CPX
Kif22-C,CPX
Kif26a-T,CTX
Kif2a-C,CPX
Kin-C,CPX
Klc1-C,CPX
Klf3-C,CPX
Klf8-T,CTX
Klhl18-C,CPX
Klhl22-T,CTX
Klhl26-T,CTX
Kmt2b-T,CTX
Kmt2c-T,CTX
Kmt2d-T,CTX
Kmt5b-C,CPX
Knstrn-T,CTX
Kojic acid-F,Feci
Kpna3-C,CPX
Kpna4-C,CPX
Kras-C,CPX
Krcc1-C,CPX
Krt23-C,CPX
Krt73-T,CTX
Krtcap2-T,CTX
L-(+)-Lactic acid-F,Feci
L-(+)-Rhamnopyranose-F,Feci
L-(-)-Sorbofuranose-F,Feci
L-5-Oxoproline-F,Feci
L-5-Oxoproline-P,PLS
L-Alanine-P,PLS
L-Asparagine-F,Feci
L-Asparagine-P,PLS
L-Aspartic acid-F,Feci
L-Aspartic acid-P,PLS
L-Cysteine-P,PLS
L-Glutamic acid-F,Feci
L-Glutamic acid-P,PLS
L-Glutamine-F,Feci
L-Glutamine-P,PLS
L-Hydroxyproline-F,Feci
L-Hydroxyproline-P,PLS
L-Isoleucine-F,Feci
L-Isoleucine-P,PLS
L-Leucine-F,Feci
L-Leucine-P,PLS
"L-Lysine, ethyl ester-P",PLS
L-Lysine-P,PLS
L-Norleucine-P,PLS
L-Norvaline-F,Feci
L-Proline-F,Feci
L-Rhamnose-F,Feci
L-Serine-F,Feci
L-Threitol-P,PLS
L-Threonine-F,Feci
"L-Tryptophan, N-acetyl-1-P",PLS
L-Tryptophan-P,PLS
L-Tyrosine-P,PLS
"L-Valinamide, N(2),N(2)-dimethyl-F",Feci
L-Valine-F,Feci
L-Valyl-L-leucine-F,Feci
L3hypdh-T,CTX
L3mbtl1-T,CTX
Lactic Acid-F,Feci
Lactic Acid-P,PLS
Lama1-C,CPX
Larp4-T,CTX
Latanoprost lactone diol-P,PLS
Lepr-C,CPX
Leprotl1-C,CPX
Levoglucosan-F,Feci
Levulinic acid-F,Feci
Levulinic acid-P,PLS
Lgr4-C,CPX
Lignoceric acid-F,Feci
Limch1-C,CPX
Lmbrd2-T,CTX
Lmtk3-C,CPX
Lpgat1-C,CPX
Lpl-T,CTX
Lrba-T,CTX
Lrch3-T,CTX
Lrfn5-T,CTX
Lrp2bp-C,CPX
Lrp4-T,CTX
Lrp6-C,CPX
Lrrc17-C,CPX
Lrrc40-T,CTX
Lrrc8a-C,CPX
Lrrc8c-C,CPX
Ltbp4-T,CTX
Lurap1-C,CPX
Luzp1-C,CPX
Lypd6b-T,CTX
Lyzl4-T,CTX
Macf1-T,CTX
Maco1-C,CPX
Maf-T,CTX
Mafg-C,CPX
Magix-C,CPX
Malic acid-P,PLS
Manea-T,CTX
Mansc4-C,CPX
Map3k13-T,CTX
Map3k2-T,CTX
Map3k20-T,CTX
Map3k5-C,CPX
Map9-C,CPX
Mast1-T,CTX
Mcfd2-C,CPX
Mchr1-T,CTX
Mdh1-T,CTX
Me1-T,CTX
Meaf6-C,CPX
Mecp2-T,CTX
Med12l-T,CTX
Med13l-T,CTX
Med18-T,CTX
Mef2a-C,CPX
Men1-C,CPX
Menthol-F,Feci
Metanephrine-P,PLS
"Methyl (3,4-dimethoxyphenyl)(hydroxy)acetate-F",Feci
"Methyl (3,4-dimethoxyphenyl)(hydroxy)acetate-P",PLS
Methyl 2-acetamido-2-deoxy-3-O-methyl-alpha-D-galactopyranoside-F,Feci
Methyl aminoacetate-P,PLS
Methyl beta-Arabinofuranoside-F,Feci
"Methyl galactoside (1S,2S,3S,4R,5R)-F",Feci
Methyl isovanillate-P,PLS
Methyl stearate-F,Feci
Methyl-3-methoxy-5-methyl benzoate-P,PLS
Methylmaleic acid-F,Feci
Methylmalonic monoamide-P,PLS
Methylsuccinic acid-F,Feci
Mettl5-T,CTX
Mex3a-C,CPX
Mfge8-C,CPX
Mfn2-T,CTX
Mfsd2a-C,CPX
Mfsd3-C,CPX
Mgat5b-T,CTX
Mia2-C,CPX
Mia2-T,CTX
Mib1-T,CTX
Micall2-C,CPX
Mier3-T,CTX
Minar1-T,CTX
Mipol1-T,CTX
Mir9-2hg-T,CTX
Mirin-P,PLS
Mitd1-T,CTX
Mllt6-T,CTX
Mmp24-T,CTX
Mob4-C,CPX
Monolaurin-F,Feci
Monomethyl succinate-F,Feci
Morn4-C,CPX
"Morpholine, 4-[2,3,4,6-tetrakis-O-(trimethylsilyl)-alpha-d-mannopyranosyl]--P",PLS
Mospd3-C,CPX
Mpnd-C,CPX
Mpp7-C,CPX
Mpp7-T,CTX
Mpst-T,CTX
Mrfap1-T,CTX
Mrgbp-T,CTX
Mrpl17-C,CPX
Mrpl28-C,CPX
Mrpl3-T,CTX
Mrpl34-T,CTX
Mrpl41-T,CTX
Mrps18a-C,CPX
Mrps18c-T,CTX
Mrps22-C,CPX
Mrps24-C,CPX
Mrps34-C,CPX
Mrps5-C,CPX
Msh2-C,CPX
Msi2-T,CTX
Msmo1-T,CTX
Mtap-C,CPX
Mterf3-T,CTX
Mterf4-C,CPX
Mtf1-C,CPX
Mthfd1l-C,CPX
Mtif3-T,CTX
Mtm1-T,CTX
Mtmr10-T,CTX
Mto1-T,CTX
Mtor-C,CPX
Mtpap-T,CTX
Mtpn-C,CPX
Mtrex-C,CPX
Muc3a-T,CTX
Mx2-C,CPX
Mxra7-T,CTX
Myct1-T,CTX
Mydgf-T,CTX
Myo9a-T,CTX
Myof-C,CPX
Myristic acid-F,Feci
Myristic acid-P,PLS
"N,9-bis(Trimethylsilyl)-6-[(trimethylsilyl)oxy]-9H-purin-2-amine-P",PLS
"N,N-Diethyl-2-aminoethanol-F",Feci
"N,N-Diethyl-2-aminoethanol-P",PLS
"N,N-Dimethyl-2-cyclohexyloxyethylamine-P",PLS
"N,O-Bis(trimethylsilyl)carbamate-P",PLS
N-(2-hydroxyethyl)-succinimide-F,Feci
"N-(Trifluoroacetyl)-N,O,O'-tris(trimethylsilyl)normetanephrine-P",PLS
N-(Trimethylsilyl)hexanamide-P,PLS
N-Acetyl glucosamine methoxime-F,Feci
"N-Acetyl-D-galactosamine, (R,R,R,R)-F",Feci
N-Acetyl-L-glutamic acid-F,Feci
N-Acetyl-L-glutamic acid-P,PLS
N-Acetyl-L-phenylalanine-F,Feci
N-Acetylglucosamine-F,Feci
N-Acetyltyrosine-P,PLS
N-Ethyldiethanolamine-F,Feci
N-Isobutyrylglycine-P,PLS
N-Isovaleroylglycine-P,PLS
N-Methyl-L-proline-F,Feci
N-Methyl-N-(tetrahydro-2-furanylmethyl)-4-piperidinamine-P,PLS
N-Methyl-alpha-aminoisobutyric acid-F,Feci
N-Valerylglycine-P,PLS
"N-isobutyl-2-(trimethylsilyloxy]-4,5-dihydro-1H-imidazole-1-carboxamide-P",PLS
Naa40-T,CTX
Naip6-T,CTX
Nans-T,CTX
Nap1l1-T,CTX
Naphthofluorescein-P,PLS
Nbeal1-T,CTX
Ncaph-T,CTX
Ncaph2-C,CPX
Ncbp2-C,CPX
Ncl-T,CTX
Ncoa5-C,CPX
Ndfip1-C,CPX
Ndn-C,CPX
Ndn-T,CTX
Ndst2-T,CTX
Ndufa5-T,CTX
Ndufa8-C,CPX
Ndufaf1-C,CPX
Ndufaf4-T,CTX
Ndufb9-T,CTX
Ndufs3-C,CPX
Ndufv3-T,CTX
Nedd4-C,CPX
Nek1-T,CTX
Nek8-C,CPX
Neostigmine-P,PLS
Net1-C,CPX
Neu1-T,CTX
Neu2-T,CTX
Nfe2l2-C,CPX
Nfyb-C,CPX
Nhsl1-T,CTX
Niacin-F,Feci
Niacin-P,PLS
Niacinamide-F,Feci
Niacinamide-P,PLS
Niban1-C,CPX
Niclosamide-P,PLS
Nicn1-T,CTX
Nicol1-C,CPX
Nipbl-C,CPX
Nit2-C,CPX
Nitrosothymol-P,PLS
Nkain1-T,CTX
Nkain2-T,CTX
Nkapd1-C,CPX
Nlgn2-T,CTX
Nod1-C,CPX
Nol3-T,CTX
Nol8-C,CPX
Nonadecanoic acid-F,Feci
Nonadecanoic acid-P,PLS
Nonanal-P,PLS
Nonanoic acid-F,Feci
Nonanoic acid-P,PLS
Norketamine-F,Feci
Norketamine-P,PLS
Nosip-T,CTX
Notch3-T,CTX
Npas3-C,CPX
Npas3-T,CTX
Npat-C,CPX
Npepps-C,CPX
Nphp3-T,CTX
Nprl2-C,CPX
Nptn-T,CTX
Nr3c2-T,CTX
Nrm-T,CTX
Nsg2-C,CPX
Nsmf-C,CPX
Nt5m-C,CPX
Nudt16l1-T,CTX
Nudt2-T,CTX
Nudt22-T,CTX
Nudt6-T,CTX
Nufip2-T,CTX
Nup214-C,CPX
Nxph3-T,CTX
"O-Methyl-N,N'-diisopropylisourea-P",PLS
Oaz2-T,CTX
Octadecyl octyl ether-F,Feci
Octan-2-yl palmitate-P,PLS
"Octane, 1-propoxy--P",PLS
Octanoic acid-F,Feci
Octanoic acid-P,PLS
Octocrylene-P,PLS
Octopamine-P,PLS
Ofd1-C,CPX
Ogdhl-T,CTX
Ola1-C,CPX
Olfm2-C,CPX
Opa1-C,CPX
Or52b2-T,CTX
Ornithine-P,PLS
Osbp-C,CPX
Osgepl1-C,CPX
Osgin2-T,CTX
Oxalic acid-F,Feci
Oxalic acid-P,PLS
Pabpc1-C,CPX
Pak2-C,CPX
Palmitelaidic acid-F,Feci
Palmitelaidic acid-P,PLS
Palmitic Acid-F,Feci
Palmitic Acid-P,PLS
Pantothenic acid-F,Feci
Papss1-C,CPX
Pard6a-C,CPX
Pard6a-T,CTX
Parvg-C,CPX
Patl1-T,CTX
Patz1-T,CTX
Pawr-C,CPX
Paxbp1-T,CTX
Pbx1-C,CPX
Pcdha8-T,CTX
Pcdhb19-T,CTX
Pcgf5-C,CPX
Pcmtd1-C,CPX
Pcmtd1-T,CTX
Pcx-T,CTX
Pdap1-C,CPX
Pdcd4-C,CPX
Pdlim1-C,CPX
Pdlim5-C,CPX
Pdss1-C,CPX
Pebp4-C,CPX
Peg13-T,CTX
Pentadecanoic acid-F,Feci
Pentadecanoic acid-P,PLS
"Pentanedioic acid, 2-[(trimethylsilyl)oxy]--P",PLS
"Pentanedioic acid, 3-methyl-3-[(trimethylsilyl)oxy]--P",PLS
Pentanedioic acid-F,Feci
"Pentanoic acid, 4-methyl-2-oxo--F",Feci
Pentanoic acid-F,Feci
"Pentenoic acid, 4-[(trimethylsilyl)oxy]--P",PLS
"Pentitol, 3-desoxy-F",Feci
Pentylone-P,PLS
Pepd-T,CTX
Perm1-C,CPX
Pex3-T,CTX
Pfas-C,CPX
Pfn1-C,CPX
Phactr2-C,CPX
"Phenol, 3,5-bis(1,1-dimethylethyl)--P",PLS
Phenol-F,Feci
Phenoxyacetic acid-P,PLS
Phenylalanine-F,Feci
Phenylalanine-P,PLS
Phenylpropanolamine-P,PLS
Pheta1-C,CPX
Phf1-C,CPX
Phf3-C,CPX
Phf8-T,CTX
Phip-T,CTX
Phka1-T,CTX
Phldb1-T,CTX
Phloretic acid-F,Feci
Phlorizin-P,PLS
Phloroglucinol-P,PLS
Phosalone-P,PLS
Phpt1-T,CTX
Phthalazin-1-one-P,PLS
Pi4ka-C,CPX
Picolinic acid-F,Feci
Pign-T,CTX
Pigv-T,CTX
Pigyl-C,CPX
Pimelic acid-F,Feci
Pimelic acid-P,PLS
Pipecolic acid-F,Feci
Pipecolic acid-P,PLS
Pja2-C,CPX
Pja2-T,CTX
Pkd2-T,CTX
Pkn2-C,CPX
Pknox2-C,CPX
Pla2g3-C,CPX
Plag1-T,CTX
Plcb4-C,CPX
Plcg1-T,CTX
Plekha3-T,CTX
Plekhg5-T,CTX
Plekhn1-C,CPX
Plgrkt-C,CPX
Plin2-T,CTX
Plpp3-T,CTX
Pmm2-C,CPX
Pnkp-T,CTX
Pold1-C,CPX
Pole-T,CTX
Polr1c-C,CPX
Pomgnt1-C,CPX
Popdc3-T,CTX
Por-C,CPX
Ppfibp1-C,CPX
Ppil6-T,CTX
Ppm1j-T,CTX
Ppme1-T,CTX
Ppp1r12a-C,CPX
Ppp1r1b-C,CPX
Ppp1r26-T,CTX
Ppp1r3g-T,CTX
Ppp4c-C,CPX
Ppp5c-C,CPX
Pqbp1-C,CPX
Pramel1-T,CTX
Prdm1-T,CTX
Prdm10-T,CTX
Preb-C,CPX
"Pregn-16-en-20-one, 3,18-bis(acetyloxy)-14,15-epoxy-, (3beta,5alpha,14beta,15beta)--P",PLS
Prima1-T,CTX
Prkaca-C,CPX
Prkn-C,CPX
"Propane, 2-methyl-F",Feci
Propanedioic acid-F,Feci
"Propanetriol, 2-methyl--P",PLS
"Propanoic acid, 2-hydroxy-3-phosphate--F",Feci
"Propanoic acid, 2-methyl--P",PLS
"Propanoic acid, 2-oxo--P",PLS
"Propanoic acid, 2-oxo-F",Feci
"Propiophenone, 3',4'-dimethoxy--P",PLS
Propylamine-P,PLS
Prpf3-C,CPX
Prpf6-C,CPX
Prxl2c-C,CPX
Psd3-T,CTX
Psip1-C,CPX
Psma4-C,CPX
Psmd10-T,CTX
Psmd2-T,CTX
Psmd3-C,CPX
Psmd8-C,CPX
Psme1-T,CTX
Psmg3-C,CPX
Pstpip2-T,CTX
Ptch2-T,CTX
Pten-C,CPX
Ptger1-C,CPX
Ptges2-C,CPX
Ptges3-C,CPX
Pthlh-C,CPX
Ptk2b-C,CPX
Ptk2b-T,CTX
Ptpn4-T,CTX
Ptrh1-C,CPX
Pum1-T,CTX
Pura-C,CPX
Pwp2-T,CTX
Pycr2-C,CPX
"Pyrazine, 3,6-dihydro-3,6-dimethyl--P",PLS
"Pyrazine, 3,6-dimethyl-2,5-bis(trimethylsilyloxy)--P",PLS
Pyridoxic acid-F,Feci
"Pyrimidine, 5-methyl-2,4-bis[(trimethylsilyl)oxy]--P",PLS
Pyrogallol-F,Feci
Pyrrole-2-carboxylic acid-F,Feci
Pyrrole-2-carboxylic acid-P,PLS
Qng1-T,CTX
Qser1-C,CPX
Quazodine-P,PLS
"Quinolin-4-one, 1-[2-(3,4-dimethoxyphenyl)ethyl]-octahydro--P",PLS
R3hdm1-T,CTX
Rab11fip5-C,CPX
Rab24-T,CTX
Rab36-T,CTX
Rab40c-T,CTX
Rab5a-C,CPX
Rab5c-C,CPX
Rad50-C,CPX
Rad54l2-C,CPX
Rad54l2-T,CTX
Ralgapa2-C,CPX
Ramac-C,CPX
Rarb-T,CTX
Rasa2-T,CTX
Rasa4-T,CTX
Rassf4-C,CPX
Rbm20-C,CPX
Rbm27-C,CPX
Rbm7-T,CTX
Rdh11-T,CTX
Rdx-C,CPX
Recql5-C,CPX
Repin1-C,CPX
Retreg3-C,CPX
Rfx1-T,CTX
Rfxank-T,CTX
Rgs17-T,CTX
Rgs5-T,CTX
Rgs7-C,CPX
Rhebl1-T,CTX
Rhob-C,CPX
Ribitol-F,Feci
Ribitol-P,PLS
"Ribonic acid, 2,3,4,5-tetrakis--P",PLS
Ribonic acid-F,Feci
Ric3-C,CPX
Rif1-C,CPX
Rimbp3-T,CTX
Ripk2-C,CPX
Ripply3-C,CPX
Rlbp1-C,CPX
Rmnd5b-C,CPX
Rnasel-C,CPX
Rnaset2b-T,CTX
Rnf13-T,CTX
Rnf187-C,CPX
Ro60-C,CPX
Rock1-C,CPX
Rom1-T,CTX
Rora-C,CPX
Rpap2-T,CTX
Rpgr-T,CTX
Rpl18a-C,CPX
Rpl28-ps1-T,CTX
Rpl31-T,CTX
Rpl37-C,CPX
Rpl37-T,CTX
Rpl8-T,CTX
Rplp1-C,CPX
Rpn2-C,CPX
Rpn2-T,CTX
Rpp30-C,CPX
Rps13-ps5-T,CTX
Rps26-T,CTX
Rps9-T,CTX
Rsad1-T,CTX
Rtkn-C,CPX
Rtl8b-T,CTX
Ruvbl1-C,CPX
Rwdd3-C,CPX
Rxrb-T,CTX
S-Methyl-L-cysteine-P,PLS
S100a8-C,CPX
Sall1-T,CTX
Salsoline-F,Feci
Salsoline-P,PLS
Samd14-C,CPX
Samd5-T,CTX
Scaf4-T,CTX
Scarf1-T,CTX
Scg5-C,CPX
Scp2-ps2-C,CPX
Scrib-C,CPX
Scrt2-T,CTX
Scyl1-C,CPX
Sdc1-T,CTX
Sdhb-T,CTX
Sdr39u1-T,CTX
Sebacic acid-F,Feci
Sec16b-T,CTX
Sec24a-T,CTX
Sec62-C,CPX
Secisbp2l-C,CPX
Selenon-C,CPX
Sema3g-C,CPX
Sema6a-C,CPX
Sema6c-T,CTX
Senp7-T,CTX
Ser-Leu-F,Feci
Ser-Leu-P,PLS
Serbp1-C,CPX
Serine-F,Feci
Serp2-C,CPX
Serpina3n-T,CTX
Serpinb1b-T,CTX
Serpinb8-C,CPX
Sertraline carbamoyl glucuronide-P,PLS
Sesn3-C,CPX
Setbp1-C,CPX
Setd2-T,CTX
Setx-C,CPX
Sfi1-C,CPX
Sgf29-T,CTX
Sh2b1-T,CTX
Sh2b3-C,CPX
Sh3bgrl-C,CPX
Sh3bgrl2-C,CPX
Shb-C,CPX
Shc1-C,CPX
Shfl-C,CPX
Shh-T,CTX
Shisa9-T,CTX
Shoc2-C,CPX
Sigirr-T,CTX
Silc1-C,CPX
Sin3a-C,CPX
Skic3-T,CTX
Slain2-C,CPX
Slc13a5-T,CTX
Slc16a7-C,CPX
Slc17a5-C,CPX
Slc18a1-T,CTX
Slc1a2-T,CTX
Slc22a17-C,CPX
Slc22a17-T,CTX
Slc25a12-T,CTX
Slc25a13-C,CPX
Slc25a16-C,CPX
Slc25a20-C,CPX
Slc25a26-C,CPX
Slc29a4-C,CPX
Slc2a2-C,CPX
Slc2a4rg-ps-T,CTX
Slc35a3-C,CPX
Slc38a9-T,CTX
Slc44a1-C,CPX
Slc6a16-T,CTX
Slc7a11-T,CTX
Slc7a14-T,CTX
Slf2-T,CTX
Slk-C,CPX
Smarca2-C,CPX
Smarca5-C,CPX
Smc4-C,CPX
Smc6-C,CPX
Smco3-T,CTX
Smim10l1-C,CPX
Smim15-C,CPX
Smim24-T,CTX
Smpdl3b-C,CPX
Smurf1-C,CPX
Smyd2-C,CPX
Smyd5-T,CTX
Sncg-C,CPX
Sncg-T,CTX
Snip1-T,CTX
Snora35-C,CPX
Snrnp48-C,CPX
Sntb2-C,CPX
Sntg1-T,CTX
Snx22-T,CTX
Soat1-T,CTX
Socs5-T,CTX
Sox13-C,CPX
Sox30-T,CTX
Sp3-T,CTX
Sp4-C,CPX
Sp4-T,CTX
Spata13-C,CPX
Spata24-T,CTX
Spata7-T,CTX
Spns1-T,CTX
Spopl-T,CTX
Spp2-T,CTX
Sppl3-C,CPX
Spryd4-T,CTX
Spsb2-T,CTX
Sptan1-C,CPX
Sqstm1-T,CTX
Src-C,CPX
Srcap-T,CTX
Srebf2-C,CPX
Srprb-T,CTX
Ss18-T,CTX
St14-T,CTX
St6galnac4-C,CPX
St8sia2-C,CPX
St8sia6-T,CTX
Stag2-C,CPX
Stard4-T,CTX
Stat3-C,CPX
Steap3-T,CTX
Stearic acid-F,Feci
Stearic acid-P,PLS
"Stigmast-5-ene, 3beta--P",PLS
Sting1-T,CTX
Stk26-C,CPX
Stk32c-T,CTX
Stk33-C,CPX
Strada-C,CPX
Stxbp4-C,CPX
Suberic acid-F,Feci
Suberic acid-P,PLS
Succinic anhydride-P,PLS
Suclg2-C,CPX
Sufu-C,CPX
Sulf2-C,CPX
Supraene-F,Feci
Suz12-C,CPX
Svil-T,CTX
Sympk-C,CPX
Synm-C,CPX
Synpo2-T,CTX
Sypl2-T,CTX
Syringaldehyde-F,Feci
Syringic acid-F,Feci
Syt17-C,CPX
Sytl2-C,CPX
Taco1os-T,CTX
"Tacrine, N-trimethylsilyl--P",PLS
Tada1-C,CPX
Taf1b-T,CTX
Tagln2-C,CPX
Tarbp1-T,CTX
Tartronic acid-P,PLS
Tatdn2-C,CPX
Tax1bp3-C,CPX
Tbc1d2-C,CPX
Tbc1d30-T,CTX
Tbcb-T,CTX
Tbck-C,CPX
Tbx3os1-T,CTX
Tcea1-ps1-T,CTX
Tceal3-T,CTX
Tceanc-C,CPX
Tcf23-T,CTX
Tcf4-T,CTX
Telo2-C,CPX
Tet1-C,CPX
Tet1-T,CTX
Tetradecanenitrile-P,PLS
Tetrahydrogeranyl formate-F,Feci
Tetrahydrolinalool-F,Feci
Tfip11-T,CTX
Thap11-T,CTX
"Thiazolo[4,5-f]quinoline, 2,9-dimethyl--P",PLS
Thoc3-T,CTX
Thr-Leu-F,Feci
Thra-C,CPX
Thumpd1-T,CTX
"Thymidine, 5'-phosphate-F",Feci
Thymidine-F,Feci
"Thymine, 1,3-dimethyl-6-(trimethylsilyloxymethyl)--P",PLS
"Thymine, 1,3-dimethyl-6-hydroxymethyl-F",Feci
Thyn1-C,CPX
Tkt-C,CPX
Tle5-T,CTX
Tm9sf3-C,CPX
Tmem100-T,CTX
Tmem104-T,CTX
Tmem132c-T,CTX
Tmem138-T,CTX
Tmem161b-C,CPX
Tmem167-C,CPX
Tmem184c-C,CPX
Tmem203-C,CPX
Tmem204-C,CPX
Tmem229b-C,CPX
Tmem229b-T,CTX
Tmem232-T,CTX
Tmem242-T,CTX
Tmem250-T,CTX
Tmem259-C,CPX
Tmem62-C,CPX
Tmem80-C,CPX
Tmem82-T,CTX
Tmem87a-C,CPX
Tmem8b-T,CTX
Tmtc4-T,CTX
Tnfrsf19-T,CTX
Tnfrsf1b-C,CPX
Tnfsf13os-C,CPX
Tnrc18-T,CTX
Tomm22-C,CPX
Tomm34-C,CPX
Top1-C,CPX
Topbp1-C,CPX
Tor1aip1-T,CTX
Tppp3-C,CPX
Tpr-C,CPX
Trabd-C,CPX
Trappc14-C,CPX
Trdmt1-T,CTX
Trib1-T,CTX
Tributyl acetylcitrate-P,PLS
Tricine-F,Feci
Triethanolamine-P,PLS
"Trimethylsilyl (5-benzyl-3,6-dioxopiperazin-2-yl)acetate-F",Feci
"Trimethylsilyl (5-benzyl-3,6-dioxopiperazin-2-yl)acetate-P",PLS
Trimethylsilyl 3-((trimethylsilyl)thio)propanoate-P,PLS
Trimethylsilyl oct-2-enoate-P,PLS
Trimidox-P,PLS
Trip11-T,CTX
Tripropylene glycol monomethyl ether-F,Feci
Trisaminol-F,Feci
Trisaminol-P,PLS
Trp53bp2-T,CTX
Trp53i13-T,CTX
Trpc4ap-C,CPX
Trpv4-T,CTX
Tsc22d1-C,CPX
Tsen34-T,CTX
Tspan9-C,CPX
Ttc8-T,CTX
Ttf1-C,CPX
Tubb2a-T,CTX
Tubg2-T,CTX
Tulp3-T,CTX
Tulp4-C,CPX
Twsg1-C,CPX
Txnrd2-C,CPX
Tyrosine-F,Feci
UNKNOWN_1343-T,CTX
UNKNOWN_1345-T,CTX
UNKNOWN_1454-T,CTX
UNKNOWN_1473-T,CTX
UNKNOWN_1531-T,CTX
UNKNOWN_158-C,CPX
Ubb-T,CTX
Ubc-C,CPX
Ube2m-C,CPX
Ube2q2-C,CPX
Ube3c-C,CPX
Ubl3-C,CPX
Ubr5-T,CTX
Undecanoic acid-F,Feci
Unk-T,CTX
Upf2-C,CPX
Uqcc5-C,CPX
Uracil-F,Feci
Uracil-P,PLS
Urea-F,Feci
Uridine-F,Feci
Uridine-P,PLS
Urm1-T,CTX
Uros-C,CPX
Usf3-C,CPX
Usp33-C,CPX
Usp48-C,CPX
Usp9x-C,CPX
Utp20-T,CTX
Utp4-C,CPX
Uty-T,CTX
Valylvaline-F,Feci
Vangl1-C,CPX
Vanillin-F,Feci
Vanillylmandelic acid-P,PLS
Vash2-T,CTX
Vcpip1-T,CTX
Vmac-T,CTX
Vmp1-C,CPX
Vps13a-T,CTX
Vps13b-C,CPX
Vps13c-T,CTX
Vps13d-T,CTX
Vps36-C,CPX
Vps37d-C,CPX
Vps39-T,CTX
Vps4a-T,CTX
Wapl-C,CPX
Wasl-C,CPX
Wbp1-T,CTX
Wbp11-C,CPX
Wbp4-C,CPX
Wdr27-T,CTX
Wdr47-T,CTX
Wdr6-C,CPX
Wrn-C,CPX
Wwc2-T,CTX
Wwp1-T,CTX
Xaf1-C,CPX
Xanthine-F,Feci
Xpc-C,CPX
Xpnpep1-T,CTX
Xpr1-T,CTX
Xylazine-F,Feci
Xylazine-P,PLS
Xylitol-P,PLS
"Xylonic acid, delta-lactone-F",Feci
Xylose-F,Feci
Xylose-P,PLS
Yars1-C,CPX
Yars1-T,CTX
Ybx1-T,CTX
Ylpm1-C,CPX
Ywhah-T,CTX
Zbtb11os1-C,CPX
Zbtb37-C,CPX
Zbtb37-T,CTX
Zbtb44-T,CTX
Zbtb45-T,CTX
Zbtb7a-C,CPX
Zc3h11a-T,CTX
Zc3h12c-T,CTX
Zc3hc1-T,CTX
Zcchc12-T,CTX
Zcchc17-C,CPX
Zcwpw2-T,CTX
Zdhhc9-T,CTX
Zfp1007-C,CPX
Zfp217-C,CPX
Zfp219-C,CPX
Zfp27-C,CPX
Zfp300-C,CPX
Zfp322a-C,CPX
Zfp358-C,CPX
Zfp36l2-C,CPX
Zfp382-T,CTX
Zfp383-C,CPX
Zfp459-T,CTX
Zfp469-T,CTX
Zfp523-T,CTX
Zfp638-C,CPX
Zfp638-T,CTX
Zfp646-C,CPX
Zfp654-C,CPX
Zfp664-T,CTX
Zfp677-T,CTX
Zfp689-T,CTX
Zfp704-T,CTX
Zfp738-T,CTX
Zfp74-T,CTX
Zfp760-C,CPX
Zfp768-C,CPX
Zfp78-C,CPX
Zfp799-T,CTX
Zfp869-T,CTX
Zfp874a-T,CTX
Zfp879-C,CPX
Zfp975-C,CPX
Zgrf1-T,CTX
Zhx1-C,CPX
Zic2-C,CPX
Zkscan8-C,CPX
Zmat5-C,CPX
Zmym6-T,CTX
Zpr1-T,CTX
Zranb2-T,CTX
Zscan29-T,CTX
Zswim5-C,CPX
alpha-D-(+)-Talopyranose-F,Feci
alpha-D-Xylopyranose-F,Feci
alpha-Ketoisovaleric acid-F,Feci
alpha-L-(-)-Fucopyranose-F,Feci
"alpha-L-Galactopyranoside, methyl 6-deoxy-, (R,R,R,S,S)--P",PLS
alpha-Linolenic acid-F,Feci
alpha-Linolenic acid-P,PLS
alpha-Tocopherol-P,PLS
alpha-Tocopheryl acetate-F,Feci
beta-Alanine-F,Feci
beta-Arabinopyranose-F,Feci
beta-D-(-)-Ribopyranose-F,Feci
"beta-D-Galactofuranose, 1,2,3,5,6-pentakis-O-(trimethylsilyl)--P",PLS
"beta-D-Galactopyranoside, methyl-, acetate-F",Feci
beta-D-Glucopyranose-P,PLS
beta-Hydroxypyruvic acid-P,PLS
beta-Lyxopyranose-P,PLS
"beta-d-Fructopyranose, 1-deoxy-1-(4-morpholinyl)-2,3,4,5-tetrakis-O-(trimethylsilyl)--P",PLS
"beta-d-Glucopyranose, 2-(acetylamino)-3,6-anhydro-2-deoxy-F",Feci
"cis,cis,cis-1-Isobutyl-2,5-dimethylcyclohexane-F",Feci
"cis-4,5-Dihydroxy-o-dithiane-F",Feci
cis-4-Trimethylsilyloxy-cyclohexyl(trimethylsilyl)carboxylate-P,PLS
cyclobutanecarboxylic acid-P,PLS
d-Erythrotetrofuranose-F,Feci
l-Histidine ethyl ester-P,PLS
l-Leucyl-l-valine-F,Feci
mt-Cytb-C,CPX
mt-Nd2-C,CPX
mt-Tv-C,CPX
n-Pentadecanol-P,PLS
p-Hydroxydiisopropylbenzene-P,PLS
p-Toluic acid-P,PLS
phenoxyethanol-F,Feci
pyrazole-F,Feci
trans-Coniferryl alchool-F,Feci
