node1,node2
Ckmt1-S,Ggct-S
Ckmt1-S,Snap47-S
Ckmt1-S,Pea15a-S
Ckmt1-S,Mpped2-S
Ckmt1-S,H13-S
Ckmt1-S,Cdk17-S
Ckmt1-S,Psmc5-S
Ckmt1-S,Abi2-S
Ckmt1-S,Rbms1-S
Ckmt1-S,Prps1-S
Ckmt1-S,Rbm8a-S
Ckmt1-S,Dock3-S
Ckmt1-S,Tbc1d22b-S
Ckmt1-S,Mrps12-S
Ckmt1-S,Trank1-S
Acvrl1-S,Calb2-S
Acvrl1-S,Rxrg-S
Acvrl1-S,Rarb-S
Acvrl1-S,Adora2a-S
Acvrl1-S,Fkbp1b-S
Acvrl1-S,Vti1b-S
Acvrl1-S,Strn-S
Acvrl1-S,Kcnab1-S
Acvrl1-S,Agbl5-S
Acvrl1-S,C2cd2l-S
Acvrl1-S,Jcad-S
Acvrl1-S,Rundc1-S
Acvrl1-S,Dgki-S
Acvrl1-S,Scube3-S
Acvrl1-S,Basp1-S
Acvrl1-S,Gng7-S
Acvrl1-S,Slc35d3-S
Acvrl1-S,Kcnip1-S
Acvrl1-S,Spock3-S
Acvrl1-S,Fxyd6-S
Acvrl1-S,Gpr88-S
Acvrl1-S,Tlnrd1-S
Acvrl1-S,Htr1d-S
Acvrl1-S,Gm6556-S
Tcf7-S,Rnf144a-S
Tcf7-S,Sec14l1-S
Tcf7-S,Cacna2d3-S
Tcf7-S,Fbxl16-S
Tcf7-S,Tgfa-S
Tcf7-S,Scube3-S
Tcf7-S,Penk-S
Tcf7-S,Basp1-S
Tcf7-S,Gng7-S
Tcf7-S,Gpr88-S
Tcf7-S,Hspa1a-S
Tcf7-S,Fsbp-S
Slc5a5-S,Zim1-S
Slc5a5-S,Calb2-S
Slc5a5-S,Amz2-S
Slc5a5-S,Cacng4-S
Slc5a5-S,Coch-S
Slc5a5-S,Cacna2d3-S
Slc5a5-S,Rhobtb2-S
Slc5a5-S,Laptm4b-S
Slc5a5-S,Adcy5-S
Slc5a5-S,Msh2-S
Slc5a5-S,Fkbp4-S
Slc5a5-S,Col6a3-S
Slc5a5-S,Kcnip1-S
Slc5a5-S,Spock3-S
Slc5a5-S,Grb2-S
Slc5a5-S,Gpr88-S
Zfp512b-S,C2cd2l-S
Zfp512b-S,Klf16-S
Zfp512b-S,Cisd3-S
Dnajc5-S,Hbp1-S
Dnajc5-S,Snap47-S
Dnajc5-S,Wif1-S
Dnajc5-S,Sec14l1-S
Dnajc5-S,Adcy5-S
Dnajc5-S,Erlin1-S
Dnajc5-S,Nop56-S
Dnajc5-S,Scap-S
Dnajc5-S,Arel1-S
Dnajc5-S,Slc24a3-S
Dnajc5-S,Gm37124-S
Luzp1-S,1500015L24Rik-S
Kctd10-S,Cyria-S
Ckb-S,Kcnab1-S
Efnb2-S,St8sia5-S
Efnb2-S,Gtf3c1-S
Efnb2-S,Acadm-S
Efnb2-S,Gm29325-S
Jup-S,Ctnna1-S
Tspan33-S,Npr2-S
Tspan33-S,1700017B05Rik-S
Esam-S,Coch-S
Esam-S,Msh2-S
Esam-S,Naa40-S
Esam-S,Enho-S
Emd-S,Aldh3a2-S
Emd-S,Tmx3-S
Pnck-S,Ly6h-S
Pnck-S,Rbms1-S
Pnck-S,Enho-S
Pnck-S,Rbm8a-S
Ift46-S,Derl1-S
Ift46-S,Ttc22-S
Ift46-S,4921539H07Rik-S
Tmem25-S,Htr1a-S
Tmem25-S,Tomm70a-S
Tmem25-S,Itga4-S
Tmem25-S,Agbl5-S
Tmem25-S,Dscam-S
Tmem25-S,Clec12a-S
Tmem25-S,Tlnrd1-S
Ddb2-S,Cpxm1-S
Ddb2-S,Pkia-S
Smg9-S,Gemin7-S
Smg9-S,Kndc1-S
Zim1-S,Calb2-S
Zim1-S,Amz2-S
Zim1-S,Gm26814-S
Nr2f6-S,Arl2bp-S
Rgs20-S,Cacng2-S
Rgs20-S,Rnf144a-S
Rgs20-S,Synpo2-S
Rgs20-S,Lrrc4c-S
Ggct-S,Lmtk2-S
Ggct-S,Ubr7-S
Ggct-S,Tcf15-S
Hbp1-S,Mpped2-S
Zfp959-S,Vldlr-S
Prkcsh-S,Pmm1-S
Prkcsh-S,Map1lc3b-S
Prkcsh-S,Spr-S
Prkcsh-S,Tspyl5-S
Prkcsh-S,Wdr89-S
Prkcsh-S,Pcdhb13-S
Dll3-S,Stk32a-S
Impdh1-S,Polr3c-S
Calb2-S,Ctnnbip1-S
Calb2-S,Dgki-S
Calb2-S,Col6a3-S
Calb2-S,Kcnip1-S
Calb2-S,Gpr88-S
Farsa-S,Thop1-S
Farsa-S,Pea15a-S
Farsa-S,Mpped2-S
Farsa-S,Ly6h-S
Farsa-S,Rbms1-S
Farsa-S,Ip6k2-S
Farsa-S,Lmo2-S
Farsa-S,Slc39a12-S
Farsa-S,Vps41-S
Farsa-S,AI593442-S
Cdip1-S,Tmem160-S
Cdip1-S,Uqcr11-S
Cdip1-S,Atp5po-S
Ptpn6-S,Thop1-S
Dtx2-S,Rgl2-S
Celf1-S,Laptm4b-S
Celf1-S,Mapk8ip2-S
Celf1-S,Dctn2-S
Celf1-S,Ddx31-S
Celf1-S,Saraf-S
Celf1-S,Spr-S
Celf1-S,Spryd3-S
Celf1-S,Stk32a-S
Celf1-S,Gemin7-S
Celf1-S,Pcdhb7-S
Celf1-S,Snrnp70-S
Celf1-S,C230014O12Rik-S
Epor-S,Pmvk-S
Epor-S,Pgap4-S
Epor-S,mt-Nd1-S
Rundc3a-S,Mpped2-S
Rundc3a-S,Mapt-S
Rundc3a-S,Osbpl8-S
Rundc3a-S,Id4-S
Rundc3a-S,Gfra2-S
Rundc3a-S,Ly6e-S
Rundc3a-S,Abi2-S
Rundc3a-S,Gad2-S
Rundc3a-S,Acot7-S
Rundc3a-S,Gucy1a1-S
Rundc3a-S,Arx-S
Rundc3a-S,Mturn-S
Rundc3a-S,Pgap4-S
Rundc3a-S,Strip2-S
Rundc3a-S,Ywhag-S
Rundc3a-S,Gm5093-S
Snai3-S,Zdhhc18-S
Snai3-S,Dscam-S
Eif1b-S,Gfra2-S
Eif1b-S,Cbln2-S
Eif1b-S,St8sia5-S
Eif1b-S,Pmvk-S
Eif1b-S,Fchsd2-S
Eif1b-S,Gclc-S
Eif1b-S,Sgsm1-S
Eif1b-S,Trp53bp1-S
Eif1b-S,Fbxo28-S
Crlf1-S,Strn-S
Crlf1-S,St8sia5-S
Crlf1-S,Gabra4-S
Crlf1-S,Hspa1a-S
Elavl2-S,Snap47-S
Elavl2-S,Rarb-S
Elavl2-S,Fkbp1b-S
Elavl2-S,Sec14l1-S
Elavl2-S,Cacna2d3-S
Elavl2-S,Oxr1-S
Elavl2-S,Adcy5-S
Elavl2-S,Fbxl16-S
Elavl2-S,Abi2-S
Elavl2-S,C2cd2l-S
Elavl2-S,Jcad-S
Elavl2-S,Klf16-S
Elavl2-S,Rsrp1-S
Elavl2-S,Scn4b-S
Elavl2-S,Fbxo28-S
Elavl2-S,Slc24a3-S
Elavl2-S,Gpr88-S
Elavl2-S,Cisd3-S
Snap47-S,Mpped2-S
Snap47-S,Psmc5-S
Snap47-S,Sec14l1-S
Snap47-S,Ly6e-S
Snap47-S,Strn-S
Snap47-S,Abi2-S
Snap47-S,Pmvk-S
Snap47-S,Spryd3-S
Snap47-S,Abhd2-S
Snap47-S,Pgap4-S
Snap47-S,Hey1-S
Snap47-S,Tbc1d22b-S
Snap47-S,Scn4b-S
Snap47-S,Cisd3-S
Sugp1-S,Parm1-S
Sugp1-S,Rapgef5-S
Sugp1-S,Slc35d3-S
Sugp1-S,Elapor2-S
Sugp1-S,Syne2-S
Pgam1-S,Pabpn1-S
Pgam1-S,Ly6h-S
Pgam1-S,Niban1-S
Pgam1-S,Rbms1-S
Pgam1-S,Slc35e2-S
Pgam1-S,Firre-S
Rps5-S,Atp5po-S
Rps5-S,Mrpl30-S
Rps5-S,Plekhj1-S
Pea15a-S,Mpped2-S
Pea15a-S,Nars2-S
Pea15a-S,Rnf144a-S
Pea15a-S,Psmc5-S
Pea15a-S,Pabpn1-S
Pea15a-S,Ly6h-S
Pea15a-S,Fbxl16-S
Pea15a-S,Abi2-S
Pea15a-S,Rbms1-S
Pea15a-S,Gtf3c1-S
Pea15a-S,Slc39a12-S
Pea15a-S,Tbc1d22b-S
Pea15a-S,Mrps12-S
Pea15a-S,Stk19-S
Pea15a-S,Trank1-S
Pea15a-S,Slc24a3-S
Pea15a-S,AI593442-S
Trnt1-S,Zbtb40-S
Xk-S,Aasdhppt-S
Dennd6b-S,Sike1-S
Dennd6b-S,Inha-S
Rxrg-S,Rarb-S
Rxrg-S,Adora2a-S
Rxrg-S,Osbpl8-S
Rxrg-S,Fkbp1b-S
Rxrg-S,Rnf144a-S
Rxrg-S,Cacng4-S
Rxrg-S,Vti1b-S
Rxrg-S,Adcy2-S
Rxrg-S,Rhobtb2-S
Rxrg-S,Oxr1-S
Rxrg-S,Adcy5-S
Rxrg-S,Lpin2-S
Rxrg-S,Strn-S
Rxrg-S,Agbl5-S
Rxrg-S,Mkrn1-S
Rxrg-S,Ift122-S
Rxrg-S,C2cd2l-S
Rxrg-S,Jcad-S
Rxrg-S,Klf16-S
Rxrg-S,Scube3-S
Rxrg-S,Vps41-S
Rxrg-S,Scn4b-S
Rxrg-S,Slc35d3-S
Rxrg-S,Spock3-S
Rxrg-S,Hes6-S
Rxrg-S,Gpr88-S
Rxrg-S,4921539H07Rik-S
Macroh2a1-S,Pdlim3-S
Macroh2a1-S,Timm17a-S
Macroh2a1-S,Gm10699-S
Macroh2a1-S,Gm26881-S
Fli1-S,Amigo2-S
Mpped2-S,Rarb-S
Mpped2-S,Osbpl8-S
Mpped2-S,Psmc5-S
Mpped2-S,Id4-S
Mpped2-S,Ly6e-S
Mpped2-S,Ptk7-S
Mpped2-S,Erlin1-S
Mpped2-S,Abi2-S
Mpped2-S,Rbms1-S
Mpped2-S,Acot7-S
Mpped2-S,Prps1-S
Mpped2-S,Gtf3c1-S
Mpped2-S,Ano2-S
Mpped2-S,Tbc1d22b-S
Mpped2-S,Mrps12-S
Mpped2-S,Scn4b-S
Mpped2-S,Spock3-S
Mpped2-S,Trank1-S
Mpped2-S,4921539H07Rik-S
Atxn10-S,Rarb-S
Atxn10-S,Cacng4-S
Atxn10-S,Sec14l1-S
Atxn10-S,Cacna2d3-S
Atxn10-S,Ly6h-S
Atxn10-S,Adcy5-S
Atxn10-S,Pdia5-S
Atxn10-S,Lpin2-S
Atxn10-S,Strn-S
Atxn10-S,Fbxl16-S
Atxn10-S,Rbms1-S
Atxn10-S,Kcnq5-S
Atxn10-S,Mkrn1-S
Atxn10-S,Jcad-S
Atxn10-S,Scn4b-S
Atxn10-S,Slc35d3-S
Atxn10-S,Slc24a3-S
Atxn10-S,mt-Cytb-S
Atxn10-S,Hes6-S
Atxn10-S,AI593442-S
Mrps18c-S,Arel1-S
Rarb-S,Adora2a-S
Rarb-S,Osbpl8-S
Rarb-S,Fkbp1b-S
Rarb-S,Rnf144a-S
Rarb-S,Cacng4-S
Rarb-S,Sec14l1-S
Rarb-S,Id4-S
Rarb-S,Cacna2d3-S
Rarb-S,Rhobtb2-S
Rarb-S,Oxr1-S
Rarb-S,Tomm70a-S
Rarb-S,Adcy5-S
Rarb-S,Tiam2-S
Rarb-S,Strn-S
Rarb-S,Erlin1-S
Rarb-S,Fbxl16-S
Rarb-S,Abi2-S
Rarb-S,Rbms1-S
Rarb-S,Kcnab1-S
Rarb-S,Acot7-S
Rarb-S,Agbl5-S
Rarb-S,Gabra4-S
Rarb-S,Mkrn1-S
Rarb-S,Cmas-S
Rarb-S,C2cd2l-S
Rarb-S,Adra2a-S
Rarb-S,Jcad-S
Rarb-S,Klf16-S
Rarb-S,Scube3-S
Rarb-S,Wdr17-S
Rarb-S,Scn4b-S
Rarb-S,Gng7-S
Rarb-S,Synpo2-S
Rarb-S,Slc35d3-S
Rarb-S,Kcnip1-S
Rarb-S,Spock3-S
Rarb-S,Galnt13-S
Rarb-S,Ccdc177-S
Rarb-S,Slc24a3-S
Rarb-S,mt-Cytb-S
Rarb-S,Hes6-S
Rarb-S,Gpr88-S
Rarb-S,AI593442-S
Rarb-S,Cisd3-S
Rarb-S,4921539H07Rik-S
Mapt-S,Gfra2-S
Mapt-S,Ebag9-S
Mapt-S,St8sia5-S
Mapt-S,Gad2-S
Mapt-S,Gclc-S
Mapt-S,Mturn-S
Mapt-S,Pgap4-S
Mapt-S,Strip2-S
Mapt-S,Sgsm1-S
Mapt-S,Cisd3-S
Acadvl-S,Pmvk-S
Acadvl-S,Spr-S
Smyd4-S,Hs1bp3-S
Mrpl58-S,Efl1-S
Cxcl16-S,Sh3d19-S
Nars2-S,Rgl2-S
Nars2-S,Galnt13-S
Cacng2-S,Tspyl5-S
Cacng2-S,Samd14-S
Cacng2-S,Tspear-S
Tmem160-S,P3h2-S
H13-S,Cdk17-S
H13-S,Rnf144a-S
H13-S,Tomm70a-S
H13-S,Fbxl16-S
H13-S,Abi2-S
H13-S,Rbms1-S
H13-S,Kcnq5-S
H13-S,Adra2a-S
H13-S,Ano2-S
H13-S,Scn4b-S
H13-S,Stk19-S
H13-S,Lrrc8b-S
Utrn-S,Adora2a-S
Utrn-S,Id4-S
Utrn-S,Adcy2-S
Utrn-S,Gfra2-S
Utrn-S,Cbln2-S
Utrn-S,Casq2-S
Utrn-S,Agbl5-S
Utrn-S,Isl1-S
Utrn-S,Spock3-S
Utrn-S,Sez6l-S
Utrn-S,Galnt13-S
Utrn-S,4833418N02Rik-S
Utrn-S,1500015L24Rik-S
Utrn-S,Pcdhga6-S
Fyn-S,Zfp523-S
Fyn-S,Tnks-S
Fyn-S,Fbxo25-S
Fyn-S,Egfem1-S
Smpdl3a-S,Zfp523-S
Bltp3b-S,Mrnip-S
Bltp3b-S,1700017B05Rik-S
Cfap54-S,Ccdc30-S
Cfap54-S,Gm9930-S
Cdk17-S,Tiam2-S
Cdk17-S,Fbxl16-S
Cdk17-S,Abi2-S
Cdk17-S,Kcnq5-S
Cdk17-S,Mkrn1-S
Cdk17-S,Copg1-S
Cdk17-S,Nmnat3-S
Cdk17-S,Kctd1-S
Cdk17-S,Fam13b-S
Cdk17-S,Slc39a12-S
Cdk17-S,Wdr17-S
Cdk17-S,Tbc1d22b-S
Cdk17-S,Slc35d3-S
Cdk17-S,Manbal-S
Cdk17-S,Lrrc8b-S
Cdk17-S,Ap1ar-S
Micu1-S,Polr1g-S
Micu1-S,Pld5-S
Micu1-S,Sez6l-S
Micu1-S,Zfp389-S
Slc1a4-S,Cep63-S
Slc1a4-S,Spns2-S
Slc1a4-S,C230014O12Rik-S
Uqcr11-S,Pmm1-S
Uqcr11-S,Atp5po-S
Uqcr11-S,Ip6k1-S
Uqcr11-S,Ndufa13-S
Uqcr11-S,Efl1-S
Uqcr11-S,Tspyl5-S
Uqcr11-S,Lamtor4-S
Uqcr11-S,Uqcr10-S
Adora2a-S,Cacng4-S
Adora2a-S,Adcy2-S
Adora2a-S,Cacna2d3-S
Adora2a-S,Gfra2-S
Adora2a-S,Adcy5-S
Adora2a-S,Cbln2-S
Adora2a-S,Erlin1-S
Adora2a-S,St8sia5-S
Adora2a-S,Kcnab1-S
Adora2a-S,Bend5-S
Adora2a-S,Tgfa-S
Adora2a-S,Cntnap4-S
Adora2a-S,Jcad-S
Adora2a-S,Scube3-S
Adora2a-S,Efhd2-S
Adora2a-S,Mfsd6-S
Adora2a-S,Penk-S
Adora2a-S,Basp1-S
Adora2a-S,Gng7-S
Adora2a-S,Dscam-S
Adora2a-S,Kcnip1-S
Adora2a-S,Spock3-S
Adora2a-S,Sez6l-S
Adora2a-S,Gpr88-S
Adora2a-S,Tlnrd1-S
Osbpl8-S,Cacng4-S
Osbpl8-S,Coch-S
Osbpl8-S,Adcy2-S
Osbpl8-S,Mtx3-S
Osbpl8-S,Htr1a-S
Osbpl8-S,Cacna2d3-S
Osbpl8-S,Rhobtb2-S
Osbpl8-S,Oxr1-S
Osbpl8-S,Ly6e-S
Osbpl8-S,Ptk7-S
Osbpl8-S,Strn-S
Osbpl8-S,Adgra1-S
Osbpl8-S,Agbl5-S
Osbpl8-S,Mkrn1-S
Osbpl8-S,Map1lc3b-S
Osbpl8-S,Nmnat3-S
Osbpl8-S,Lmo2-S
Osbpl8-S,Scube3-S
Osbpl8-S,Wdr17-S
Osbpl8-S,Vps41-S
Osbpl8-S,Mfsd6-S
Osbpl8-S,Entpd3-S
Osbpl8-S,Scn4b-S
Osbpl8-S,Slc35d3-S
Osbpl8-S,Kcnip1-S
Osbpl8-S,Spock3-S
Osbpl8-S,Galnt13-S
Osbpl8-S,Slc24a3-S
Osbpl8-S,Hhip-S
Osbpl8-S,mt-Cytb-S
Osbpl8-S,Fxyd6-S
Osbpl8-S,Hes6-S
Osbpl8-S,Gpr88-S
Osbpl8-S,1500015L24Rik-S
Osbpl8-S,4921539H07Rik-S
Zpbp-S,Zfp617-S
Wif1-S,Niban1-S
Wif1-S,Tbc1d22b-S
Ncln-S,Zdhhc18-S
Slc36a1-S,St8sia5-S
Mrnip-S,Lca5l-S
Hs1bp3-S,Itpr3-S
Amz2-S,Gm26814-S
Map2k6-S,Rps6-ps1-S
Fkbp1b-S,Cacng4-S
Fkbp1b-S,Adcy2-S
Fkbp1b-S,Cacna2d3-S
Fkbp1b-S,Oxr1-S
Fkbp1b-S,Ly6e-S
Fkbp1b-S,Adcy5-S
Fkbp1b-S,Strn-S
Fkbp1b-S,Agbl5-S
Fkbp1b-S,C2cd2l-S
Fkbp1b-S,Jcad-S
Fkbp1b-S,Klf16-S
Fkbp1b-S,Scube3-S
Fkbp1b-S,Gng7-S
Fkbp1b-S,Synpo2-S
Fkbp1b-S,Spock3-S
Fkbp1b-S,Gpr88-S
Fkbp1b-S,Hspa1a-S
Fkbp1b-S,4921539H07Rik-S
Rnf144a-S,Cacng4-S
Rnf144a-S,Sec14l1-S
Rnf144a-S,Coch-S
Rnf144a-S,Cacna2d3-S
Rnf144a-S,Adcy5-S
Rnf144a-S,Strn-S
Rnf144a-S,Fbxl16-S
Rnf144a-S,Rbms1-S
Rnf144a-S,Kcnq5-S
Rnf144a-S,Enho-S
Rnf144a-S,Adra2a-S
Rnf144a-S,Ano2-S
Rnf144a-S,Scube3-S
Rnf144a-S,Scn4b-S
Rnf144a-S,Gng7-S
Rnf144a-S,Synpo2-S
Rnf144a-S,Spock3-S
Rnf144a-S,Ccdc177-S
Rnf144a-S,Slc24a3-S
Rnf144a-S,Gpr88-S
Rnf144a-S,AI593442-S
Sntg2-S,Gpr180-S
Sntg2-S,P2ry14-S
Psmc5-S,Abi2-S
Psmc5-S,Pmvk-S
Psmc5-S,Prps1-S
Psmc5-S,Rbm8a-S
Psmc5-S,Mrps12-S
Psmc5-S,Trank1-S
Psmc5-S,Cisd3-S
Polg2-S,Hapln3-S
Cacng4-S,Vti1b-S
Cacng4-S,Cacna2d3-S
Cacng4-S,Rhobtb2-S
Cacng4-S,Adcy5-S
Cacng4-S,Tiam2-S
Cacng4-S,Lpin2-S
Cacng4-S,Strn-S
Cacng4-S,Itga4-S
Cacng4-S,Kcnab1-S
Cacng4-S,Mkrn1-S
Cacng4-S,Cmas-S
Cacng4-S,C2cd2l-S
Cacng4-S,Jcad-S
Cacng4-S,Scube3-S
Cacng4-S,Tox-S
Cacng4-S,Mfsd6-S
Cacng4-S,Isl1-S
Cacng4-S,Greb1l-S
Cacng4-S,Scn4b-S
Cacng4-S,Gng7-S
Cacng4-S,Synpo2-S
Cacng4-S,Slc35d3-S
Cacng4-S,Fam241a-S
Cacng4-S,Clec12a-S
Cacng4-S,Kcnip1-S
Cacng4-S,Spock3-S
Cacng4-S,Slc24a3-S
Cacng4-S,mt-Cytb-S
Cacng4-S,Hes6-S
Cacng4-S,Gpr88-S
Cacng4-S,Tlnrd1-S
Sec14l1-S,Cacna2d3-S
Sec14l1-S,Gpr180-S
Sec14l1-S,Acin1-S
Sec14l1-S,Adcy5-S
Sec14l1-S,Strn-S
Sec14l1-S,Erlin1-S
Sec14l1-S,Fbxl16-S
Sec14l1-S,Rbms1-S
Sec14l1-S,Nop56-S
Sec14l1-S,Snx16-S
Sec14l1-S,Acot7-S
Sec14l1-S,Jcad-S
Sec14l1-S,Ano2-S
Sec14l1-S,Scube3-S
Sec14l1-S,Mfsd6-S
Sec14l1-S,Scn4b-S
Sec14l1-S,Gng7-S
Sec14l1-S,Slc24a3-S
Sec14l1-S,AI593442-S
Coch-S,Mtx3-S
Coch-S,Rbms1-S
Coch-S,Kcnab1-S
Coch-S,Gabra4-S
Coch-S,Lmo2-S
Coch-S,Otulinl-S
Coch-S,mt-Nd1-S
Coch-S,mt-Cytb-S
Coch-S,Tlnrd1-S
Coch-S,AI593442-S
Coch-S,Gm16339-S
Vrk1-S,Jcad-S
Vrk1-S,Rgl2-S
Vrk1-S,Ccno-S
Vti1b-S,Rhobtb2-S
Vti1b-S,Agbl5-S
Vti1b-S,Kcnip1-S
Vti1b-S,Tlnrd1-S
Vti1b-S,Prnp-S
Vti1b-S,Pcdhga6-S
Galnt16-S,Mhrt-S
Galnt16-S,Gm42600-S
Slc25a29-S,Rbms1-S
Slc25a29-S,Map1lc3b-S
Slc25a29-S,Jcad-S
Slc25a29-S,Scube3-S
Slc25a29-S,Tbc1d22b-S
Slc25a29-S,Pcdhb13-S
Slc25a29-S,Manbal-S
Slc25a29-S,Gm42722-S
Ppp1r13b-S,Alg5-S
Ppp1r13b-S,Lmtk2-S
Tpmt-S,Ly6e-S
Tpmt-S,Pgap4-S
Tpmt-S,Dtx4-S
Id4-S,Adcy2-S
Id4-S,Mtx3-S
Id4-S,Cacna2d3-S
Id4-S,Ly6e-S
Id4-S,Strn-S
Id4-S,Erlin1-S
Id4-S,St8sia5-S
Id4-S,Fbxl16-S
Id4-S,Gad2-S
Id4-S,Kcnab1-S
Id4-S,Gabra4-S
Id4-S,Tgfa-S
Id4-S,Map1lc3b-S
Id4-S,Lmo2-S
Id4-S,Adra2a-S
Id4-S,Ano2-S
Id4-S,Scube3-S
Id4-S,Strip2-S
Id4-S,Mfsd6-S
Id4-S,Scn4b-S
Id4-S,Synpo2-S
Id4-S,Ywhag-S
Id4-S,Spock3-S
Id4-S,Sez6l-S
Id4-S,Fxyd6-S
Id4-S,Gpr88-S
Id4-S,4921539H07Rik-S
Sema4d-S,Mapre2-S
Zfp346-S,Sh3d19-S
Adcy2-S,Gfra2-S
Adcy2-S,Ly6e-S
Adcy2-S,Strn-S
Adcy2-S,Tmx3-S
Adcy2-S,St8sia5-S
Adcy2-S,Acot7-S
Adcy2-S,Agbl5-S
Adcy2-S,Gabra4-S
Adcy2-S,Spock3-S
Adcy2-S,Sez6l-S
Adcy2-S,Galnt13-S
Adcy2-S,Gpr88-S
Adcy2-S,Hspa1a-S
Adcy2-S,4921539H07Rik-S
Ndufs6-S,Slfn8-S
Arhgef28-S,Scube3-S
Arhgef28-S,Arel1-S
Arhgef28-S,Mafa-S
Arhgef28-S,Insl5-S
Arhgef28-S,Ap1ar-S
Mtx3-S,Enho-S
Mtx3-S,mt-Cytb-S
Mtx3-S,1500015L24Rik-S
Htr1a-S,Rgs2-S
Htr1a-S,Agbl5-S
Htr1a-S,Mkrn1-S
Htr1a-S,Vps41-S
Nid2-S,Lca5-S
Nid2-S,Ip6k1-S
Cacna2d3-S,Rhobtb2-S
Cacna2d3-S,Gfra2-S
Cacna2d3-S,Oxr1-S
Cacna2d3-S,Adcy5-S
Cacna2d3-S,Strn-S
Cacna2d3-S,Erlin1-S
Cacna2d3-S,Fbxl16-S
Cacna2d3-S,Rbms1-S
Cacna2d3-S,Kcnab1-S
Cacna2d3-S,Kcnq5-S
Cacna2d3-S,Enho-S
Cacna2d3-S,Acot7-S
Cacna2d3-S,Agbl5-S
Cacna2d3-S,Tgfa-S
Cacna2d3-S,Cmas-S
Cacna2d3-S,C2cd2l-S
Cacna2d3-S,Lmo2-S
Cacna2d3-S,Adra2a-S
Cacna2d3-S,Jcad-S
Cacna2d3-S,Scube3-S
Cacna2d3-S,Smurf1-S
Cacna2d3-S,Tox-S
Cacna2d3-S,Mfsd6-S
Cacna2d3-S,Greb1l-S
Cacna2d3-S,Basp1-S
Cacna2d3-S,Scn4b-S
Cacna2d3-S,Gng7-S
Cacna2d3-S,Ywhag-S
Cacna2d3-S,Kcnip1-S
Cacna2d3-S,Spock3-S
Cacna2d3-S,Ccdc177-S
Cacna2d3-S,Slc24a3-S
Cacna2d3-S,Gpr88-S
Cacna2d3-S,Tlnrd1-S
Cacna2d3-S,AI593442-S
Cacna2d3-S,Cisd3-S
Cacna2d3-S,Hspa1a-S
Cacna2d3-S,4921539H07Rik-S
Slc25a30-S,Cenpq-S
Slc25a30-S,Tob2-S
Rhobtb2-S,Adcy5-S
Rhobtb2-S,Pdpk1-S
Rhobtb2-S,Mkrn1-S
Rhobtb2-S,Cmas-S
Rhobtb2-S,C2cd2l-S
Rhobtb2-S,Lmo2-S
Rhobtb2-S,Jcad-S
Rhobtb2-S,Parm1-S
Rhobtb2-S,Scube3-S
Rhobtb2-S,Lmtk2-S
Rhobtb2-S,Wdr17-S
Rhobtb2-S,Col6a3-S
Rhobtb2-S,Slc35d3-S
Rhobtb2-S,Kcnip1-S
Rhobtb2-S,Spock3-S
Rhobtb2-S,Serpina9-S
Rhobtb2-S,Slc24a3-S
Rhobtb2-S,mt-Cytb-S
Rhobtb2-S,Hes6-S
Rhobtb2-S,Gpr88-S
Gfra2-S,Ly6e-S
Gfra2-S,Cbln2-S
Gfra2-S,St8sia5-S
Gfra2-S,Kcnab1-S
Gfra2-S,Col4a2-S
Gfra2-S,Gclc-S
Gfra2-S,Dtx4-S
Gfra2-S,Efhd2-S
Gfra2-S,Ywhag-S
Gfra2-S,Spock3-S
Gfra2-S,Sez6l-S
Gfra2-S,Hhip-S
Gfra2-S,Gpr88-S
Gfra2-S,Tlnrd1-S
Gfra2-S,Rad51ap2-S
Gfra2-S,Hspa1a-S
Gfra2-S,4921539H07Rik-S
Gpr180-S,Acin1-S
Gpr180-S,6030458C11Rik-S
Gpr180-S,Lpin2-S
Gpr180-S,Nop56-S
Gpr180-S,AI593442-S
Acin1-S,Fbxl16-S
Acin1-S,Nop56-S
Acin1-S,Elmod2-S
Acin1-S,Tmem191-S
Pabpn1-S,Rbm8a-S
Pabpn1-S,Mrps12-S
Pabpn1-S,Trank1-S
Pabpn1-S,Gm37124-S
Laptm4b-S,Derl1-S
Laptm4b-S,Mapk8ip2-S
Laptm4b-S,Atp5po-S
Laptm4b-S,Lamtor4-S
Oxr1-S,Adcy5-S
Oxr1-S,Mkrn1-S
Oxr1-S,Nmnat3-S
Oxr1-S,Traip-S
Oxr1-S,Jcad-S
Oxr1-S,Wdr17-S
Oxr1-S,Gng7-S
Oxr1-S,Spock3-S
Oxr1-S,Ccdc177-S
Oxr1-S,Slc24a3-S
Oxr1-S,Gpr88-S
Oxr1-S,Cisd3-S
Ebag9-S,Gad2-S
Derl1-S,Dctn2-S
Derl1-S,Cep63-S
Derl1-S,Thrsp-S
Derl1-S,C230014O12Rik-S
Pmm1-S,Stambpl1-S
Pmm1-S,Snx7-S
Pmm1-S,Cog4-S
Pmm1-S,Map1lc3b-S
Pmm1-S,Gm9930-S
Pmm1-S,Tcf15-S
Ly6h-S,Rbms1-S
Ly6h-S,Tgfa-S
Ly6h-S,Ift122-S
Ly6h-S,Lmo2-S
Ly6h-S,Slc39a12-S
Ly6h-S,Scn4b-S
Ly6h-S,Fxyd6-S
Ly6h-S,AI593442-S
Ly6e-S,Cbln2-S
Ly6e-S,St8sia5-S
Ly6e-S,Gad2-S
Ly6e-S,Acot7-S
Ly6e-S,Map1lc3b-S
Ly6e-S,Gucy1a1-S
Ly6e-S,Thrsp-S
Ly6e-S,Vps41-S
Ly6e-S,Ywhag-S
Ly6e-S,Gm5093-S
Ly6e-S,Hspa1a-S
Ly6e-S,4921539H07Rik-S
Mapk8ip2-S,Rgs2-S
Mapk8ip2-S,Stk32a-S
Mapk8ip2-S,Tmem130-S
Mapk8ip2-S,Samd14-S
Mapk8ip2-S,Lrrc4c-S
Mapk8ip2-S,Nkx2-9-S
Mapk8ip2-S,Gm26814-S
Mapk8ip2-S,Gm37397-S
Nit2-S,Tgfa-S
Nit2-S,Penk-S
Nit2-S,Gdpd1-S
Tomm70a-S,Adcy5-S
Tomm70a-S,Tiam2-S
Tomm70a-S,Strn-S
Tomm70a-S,Fbxl16-S
Tomm70a-S,Abi2-S
Tomm70a-S,Acot7-S
Tomm70a-S,Mkrn1-S
Tomm70a-S,Tgfa-S
Tomm70a-S,Nmnat3-S
Tomm70a-S,Penk-S
Tomm70a-S,Scn4b-S
Tomm70a-S,Gng7-S
Tomm70a-S,Synpo2-S
Tomm70a-S,Spock3-S
Tomm70a-S,Htr1d-S
Tomm70a-S,Ap1ar-S
Tomm70a-S,AI593442-S
Tomm70a-S,Hspa1a-S
Adcy5-S,Strn-S
Adcy5-S,Erlin1-S
Adcy5-S,Fbxl16-S
Adcy5-S,Ngef-S
Adcy5-S,Rbms1-S
Adcy5-S,Acot7-S
Adcy5-S,Tgfa-S
Adcy5-S,Cmas-S
Adcy5-S,Rps6ka3-S
Adcy5-S,C2cd2l-S
Adcy5-S,Jcad-S
Adcy5-S,Klf16-S
Adcy5-S,Lmtk2-S
Adcy5-S,Wdr17-S
Adcy5-S,Tox-S
Adcy5-S,Penk-S
Adcy5-S,Basp1-S
Adcy5-S,Scn4b-S
Adcy5-S,Gng7-S
Adcy5-S,Slc35d3-S
Adcy5-S,Kcnip1-S
Adcy5-S,Ccdc177-S
Adcy5-S,Slc24a3-S
Adcy5-S,Gpr88-S
Adcy5-S,Htr1d-S
Adcy5-S,AI593442-S
Adcy5-S,Cisd3-S
Pdia5-S,Lpin2-S
Pdia5-S,Kcnq5-S
Pdia5-S,Pnoc-S
Pdia5-S,Otulinl-S
Pdia5-S,mt-Cytb-S
Pdia5-S,Gm42725-S
D16Ertd472e-S,Nadsyn1-S
Cxadr-S,Ttc39c-S
Atp5po-S,Mob2-S
Atp5po-S,Mrpl30-S
Atp5po-S,Spr-S
Atp5po-S,Uqcr10-S
Atp5po-S,Lamtor5-S
Il15ra-S,Pmvk-S
Il15ra-S,Fchsd1-S
Parp3-S,Timm17b-S
Nfatc4-S,Efhd2-S
Tiam2-S,Mkrn1-S
Tiam2-S,Cmas-S
Tiam2-S,Nmnat3-S
Tiam2-S,Fam13b-S
Tiam2-S,Mturn-S
Tiam2-S,Wdr17-S
Tiam2-S,Arel1-S
Tiam2-S,Greb1l-S
Tiam2-S,Gng7-S
Tiam2-S,Slc35d3-S
Tiam2-S,Clec12a-S
Tiam2-S,Ccdc177-S
Tiam2-S,Hes6-S
Tiam2-S,Ap1ar-S
Cenpq-S,Rnf123-S
Mmut-S,Nckipsd-S
Mmut-S,Saysd1-S
Ptk7-S,Pip5k1b-S
Ptk7-S,Lmo2-S
Ptk7-S,Spock3-S
Ptk7-S,Galnt13-S
Ptk7-S,Gpr88-S
Ptk7-S,Cisd3-S
Abcg1-S,Insc-S
Lpin2-S,Ngef-S
Lpin2-S,Mkrn1-S
Lpin2-S,Wdr17-S
Lpin2-S,Isl1-S
Lpin2-S,Slc35d3-S
Lpin2-S,Fam241a-S
Lpin2-S,Clec12a-S
Lpin2-S,Ccdc177-S
Lpin2-S,Slc24a3-S
Lpin2-S,Gm42722-S
Strn-S,Erlin1-S
Strn-S,St8sia5-S
Strn-S,Fbxl16-S
Strn-S,Acot7-S
Strn-S,Agbl5-S
Strn-S,Tgfa-S
Strn-S,C2cd2l-S
Strn-S,Lmo2-S
Strn-S,Jcad-S
Strn-S,Ano2-S
Strn-S,Scube3-S
Strn-S,Vps41-S
Strn-S,Entpd3-S
Strn-S,Arel1-S
Strn-S,Ccno-S
Strn-S,Hs3st5-S
Strn-S,Penk-S
Strn-S,Basp1-S
Strn-S,Scn4b-S
Strn-S,Gng7-S
Strn-S,Synpo2-S
Strn-S,Slc35d3-S
Strn-S,Ywhag-S
Strn-S,Spock3-S
Strn-S,Slc24a3-S
Strn-S,mt-Cytb-S
Strn-S,Gpr88-S
Strn-S,AI593442-S
Strn-S,Hspa1a-S
Strn-S,1500015L24Rik-S
Strn-S,4921539H07Rik-S
Pdpk1-S,Adgra1-S
Pdpk1-S,Ints6l-S
Pdpk1-S,Lmtk2-S
Pdpk1-S,Mfsd6-S
Pdpk1-S,Ccdc177-S
Msh2-S,Col6a3-S
Msh2-S,Trank1-S
Zfp523-S,Mib2-S
Zfp523-S,Epm2aip1-S
Mapre2-S,Gm37569-S
Sting1-S,Insl5-S
Ttc39c-S,Tmem130-S
Mrps18b-S,Trank1-S
Me2-S,Mcrs1-S
Txnl1-S,Itpr3-S
Tmx3-S,Gm42869-S
Cbln2-S,St8sia5-S
Cbln2-S,Bend5-S
Cbln2-S,C2cd2l-S
Cbln2-S,Gclc-S
Cbln2-S,Efhd2-S
Cbln2-S,Sgsm1-S
Cbln2-S,Fbxo28-S
Cbln2-S,Dscam-S
Cbln2-S,Ywhag-S
Lipo3-S,Robo2-S
Stambpl1-S,Gucy1a1-S
Stambpl1-S,Gm5093-S
Map4k2-S,Marchf10-S
Stip1-S,Enho-S
Stip1-S,Trank1-S
Mob2-S,Trappc5-S
Erlin1-S,Adgra1-S
Erlin1-S,Fbxl16-S
Erlin1-S,Rbms1-S
Erlin1-S,Acot7-S
Erlin1-S,Tgfa-S
Erlin1-S,Cntnap4-S
Erlin1-S,C2cd2l-S
Erlin1-S,Jcad-S
Erlin1-S,Mturn-S
Erlin1-S,Ano2-S
Erlin1-S,Scube3-S
Erlin1-S,Strip2-S
Erlin1-S,Vps41-S
Erlin1-S,Mfsd6-S
Erlin1-S,Arel1-S
Erlin1-S,Penk-S
Erlin1-S,Basp1-S
Erlin1-S,Scn4b-S
Erlin1-S,Gng7-S
Erlin1-S,Ywhag-S
Erlin1-S,Slc24a3-S
Erlin1-S,Gpr88-S
Erlin1-S,AI593442-S
Erlin1-S,Fsbp-S
Erlin1-S,1500015L24Rik-S
Erlin1-S,4921539H07Rik-S
Sufu-S,Ndufaf8-S
Myo1a-S,Ngef-S
Myo1a-S,Stk32a-S
Myo1a-S,Kndc1-S
Dctn2-S,Saraf-S
Dctn2-S,Spryd3-S
Dctn2-S,Pgap4-S
Dctn2-S,Fbxo28-S
Dctn2-S,Ywhag-S
Dctn2-S,Cisd3-S
Dctn2-S,Hspa1a-S
Dctn2-S,Gm19967-S
St8sia5-S,Kcnab1-S
St8sia5-S,Bend5-S
St8sia5-S,Gclc-S
St8sia5-S,Gucy1a1-S
St8sia5-S,Efhd2-S
St8sia5-S,Sgsm1-S
St8sia5-S,Gng7-S
St8sia5-S,Ywhag-S
St8sia5-S,Spock3-S
St8sia5-S,Hhip-S
St8sia5-S,Gpr88-S
St8sia5-S,4833418N02Rik-S
St8sia5-S,Hspa1a-S
Caly-S,Gm42725-S
Adgra1-S,Lmo2-S
Adgra1-S,Ints6l-S
Adgra1-S,Mturn-S
Adgra1-S,Scube3-S
Adgra1-S,Mfsd6-S
Adgra1-S,Penk-S
Adgra1-S,Rap2a-S
Adgra1-S,Kcnip1-S
Adgra1-S,mt-Nd1-S
Cct8-S,Pmvk-S
Fbxl16-S,Abi2-S
Fbxl16-S,Rbms1-S
Fbxl16-S,Snx16-S
Fbxl16-S,Enho-S
Fbxl16-S,Acot7-S
Fbxl16-S,Prps1-S
Fbxl16-S,Adra2a-S
Fbxl16-S,Jcad-S
Fbxl16-S,Klf16-S
Fbxl16-S,Ano2-S
Fbxl16-S,Smurf1-S
Fbxl16-S,Abhd2-S
Fbxl16-S,Tmem130-S
Fbxl16-S,Scn4b-S
Fbxl16-S,Gng7-S
Fbxl16-S,Spock3-S
Fbxl16-S,Slc24a3-S
Fbxl16-S,Lrrc8b-S
Fbxl16-S,AI593442-S
Faf2-S,Irs2-S
Faf2-S,Rap2a-S
Aasdhppt-S,Bet1-S
Gsta3-S,Mon1b-S
Lactb2-S,Ube3d-S
Casp8-S,Poglut1-S
Zfp142-S,Tmem201-S
Ngef-S,Rps6ka3-S
Ngef-S,Isl1-S
Ngef-S,Basp1-S
Ngef-S,Rap2a-S
Ngef-S,Slc24a3-S
Rgs2-S,Agbl5-S
Rgs2-S,Gabra4-S
Rgs2-S,Mkrn1-S
Rgs2-S,C230014O12Rik-S
Rgs2-S,Gm3294-S
Niban1-S,Insc-S
Niban1-S,D430036J16Rik-S
Dusp12-S,Scap-S
Abi2-S,Pmvk-S
Abi2-S,Acot7-S
Abi2-S,Copg1-S
Abi2-S,Prps1-S
Abi2-S,Lmo2-S
Abi2-S,Jcad-S
Abi2-S,Rsrp1-S
Abi2-S,Lmtk2-S
Abi2-S,Abhd2-S
Abi2-S,Wdr17-S
Abi2-S,Pgap4-S
Abi2-S,Dock3-S
Abi2-S,Slc35e2-S
Abi2-S,Tbc1d22b-S
Abi2-S,Scn4b-S
Abi2-S,Spock3-S
Abi2-S,Trank1-S
Abi2-S,Slc24a3-S
Abi2-S,Cisd3-S
Gad2-S,Gucy1a1-S
Gad2-S,Arx-S
Gad2-S,Mturn-S
Gad2-S,Scube3-S
Gad2-S,Pgap4-S
Gad2-S,Ywhag-S
Ddx31-S,Phf12-S
Ddx31-S,Timm17a-S
Ddx31-S,Gm27200-S
Rbms1-S,Kcnq5-S
Rbms1-S,Enho-S
Rbms1-S,Acot7-S
Rbms1-S,Mkrn1-S
Rbms1-S,Ift122-S
Rbms1-S,Lmo2-S
Rbms1-S,Rsrp1-S
Rbms1-S,Wdr17-S
Rbms1-S,Vps41-S
Rbms1-S,Tbc1d22b-S
Rbms1-S,Tmem130-S
Rbms1-S,Scn4b-S
Rbms1-S,Trank1-S
Rbms1-S,Ccdc177-S
Rbms1-S,Slc24a3-S
Rbms1-S,mt-Cytb-S
Rbms1-S,AI593442-S
Rbms1-S,Cisd3-S
Itga4-S,Mkrn1-S
Itga4-S,Col4a2-S
Itga4-S,Clec12a-S
Itga4-S,Ccdc177-S
Itga4-S,Hes6-S
Itga4-S,Tlnrd1-S
Itga4-S,Prnp-S
Ccdc34-S,Gm29155-S
Nat10-S,Phex-S
Nat10-S,Grb2-S
Nat10-S,Spaca6-S
Tyro3-S,Gm26881-S
Tyro3-S,Gm37397-S
Crls1-S,Chmp2a-S
Nop56-S,Fam13b-S
Snx16-S,Smurf1-S
Snx16-S,Manbal-S
Dhx35-S,Copg1-S
Kcnab1-S,Ctnnbip1-S
Kcnab1-S,Agbl5-S
Kcnab1-S,Tgfa-S
Kcnab1-S,Cmas-S
Kcnab1-S,Cntnap4-S
Kcnab1-S,Lmo2-S
Kcnab1-S,Adra2a-S
Kcnab1-S,Jcad-S
Kcnab1-S,Mfsd6-S
Kcnab1-S,Scn4b-S
Kcnab1-S,Dscam-S
Kcnab1-S,Ywhag-S
Kcnab1-S,Spock3-S
Kcnab1-S,Gpr88-S
Kcnab1-S,Tlnrd1-S
Sike1-S,Gm4924-S
Casq2-S,Gabra4-S
Casq2-S,AI593442-S
Stxbp3-S,Nmnat3-S
Stxbp3-S,1500015L24Rik-S
Ddx20-S,Ttc12-S
Ddx20-S,Mfsd6-S
Ddx20-S,Greb1l-S
Pmvk-S,Alas1-S
Pmvk-S,Smurf1-S
Pmvk-S,Pgap4-S
Pmvk-S,Trank1-S
Pmvk-S,Snrnp70-S
Pmvk-S,Cisd3-S
Kcnq5-S,Mkrn1-S
Kcnq5-S,Slc39a12-S
Kcnq5-S,Ano2-S
Kcnq5-S,Pcdhb13-S
Kcnq5-S,Slc35d3-S
Kcnq5-S,mt-Cytb-S
Kcnq5-S,AI593442-S
Sh3d19-S,Abhd2-S
Sh3d19-S,Dock3-S
Sh3d19-S,Manbal-S
Sh3d19-S,Slc24a3-S
Tex10-S,Nfx1-S
Enho-S,Prps1-S
Enho-S,Ip6k2-S
Enho-S,Rsrp1-S
Enho-S,Rbm8a-S
Enho-S,Smurf1-S
Enho-S,Abhd2-S
Enho-S,Tmem130-S
Enho-S,Scn4b-S
Enho-S,Tmem191-S
Enho-S,Manbal-S
Enho-S,Slc24a3-S
Enho-S,mt-Nd1-S
Enho-S,mt-Cytb-S
Enho-S,Cisd3-S
Enho-S,Gm42722-S
Npr2-S,Dock3-S
Bend5-S,Cntnap4-S
Bend5-S,Scube3-S
Bend5-S,Tox-S
Bend5-S,Basp1-S
Bend5-S,Serpina9-S
Bend5-S,Tlnrd1-S
Mrpl37-S,Zfp946-S
Ccdc30-S,Wdr89-S
Trappc3-S,Nmnat1-S
Gnl2-S,Phex-S
Gnl2-S,Spaca6-S
Psmc2-S,Qars1-S
Acot7-S,Tgfa-S
Acot7-S,Itgam-S
Acot7-S,Map1lc3b-S
Acot7-S,Gucy1a1-S
Acot7-S,Jcad-S
Acot7-S,Klf16-S
Acot7-S,Ano2-S
Acot7-S,Pgap4-S
Acot7-S,Penk-S
Acot7-S,Scn4b-S
Acot7-S,Spock3-S
Acot7-S,Slc24a3-S
Acot7-S,AI593442-S
Acot7-S,Gm5093-S
Acot7-S,4921539H07Rik-S
Ctnnbip1-S,Cmas-S
Ctnnbip1-S,Dgki-S
Ctnnbip1-S,Col6a3-S
Ctnnbip1-S,Kcnip1-S
Mib2-S,Qars1-S
Agbl5-S,C2cd2l-S
Agbl5-S,Nmnat3-S
Agbl5-S,Klf16-S
Agbl5-S,Fbxo28-S
Agbl5-S,Gng7-S
Agbl5-S,Synpo2-S
Agbl5-S,Kcnip1-S
Agbl5-S,Spock3-S
Agbl5-S,Gpr88-S
Agbl5-S,Tlnrd1-S
Agbl5-S,4921539H07Rik-S
Gabra4-S,Adra2a-S
Gabra4-S,Jcad-S
Gabra4-S,Hs3st5-S
Gabra4-S,Synpo2-S
Gabra4-S,Ywhag-S
Gabra4-S,Spock3-S
Gabra4-S,Sez6l-S
Gabra4-S,Galnt13-S
Gabra4-S,AI593442-S
Gabra4-S,Hspa1a-S
Mthfd2l-S,Kdm3b-S
Mthfd2l-S,Pcdhb7-S
Mrm2-S,P2ry14-S
Mrm2-S,Emcn-S
Dlx5-S,Gucy1a1-S
Dlx5-S,Accs-S
Dlx5-S,4833418N02Rik-S
Dlx5-S,D430036J16Rik-S
Klhdc10-S,Zfp719-S
Klhdc10-S,Col6a3-S
Luc7l2-S,Arl2bp-S
Luc7l2-S,Trappc5-S
Luc7l2-S,Snrnp70-S
Luc7l2-S,Rasgrp3-S
Luc7l2-S,Mhrt-S
Luc7l2-S,Gm37569-S
Mkrn1-S,Cmas-S
Mkrn1-S,C2cd2l-S
Mkrn1-S,Nmnat3-S
Mkrn1-S,Wdr17-S
Mkrn1-S,Entpd3-S
Mkrn1-S,Isl1-S
Mkrn1-S,Greb1l-S
Mkrn1-S,Gng7-S
Mkrn1-S,Slc35d3-S
Mkrn1-S,Fam241a-S
Mkrn1-S,Clec12a-S
Mkrn1-S,Ccdc177-S
Mkrn1-S,Slc24a3-S
Mkrn1-S,Hes6-S
Mkrn1-S,D430036J16Rik-S
Tgfa-S,Cntnap4-S
Tgfa-S,C2cd2l-S
Tgfa-S,Lmo2-S
Tgfa-S,Jcad-S
Tgfa-S,Scube3-S
Tgfa-S,Abhd2-S
Tgfa-S,Mfsd6-S
Tgfa-S,Penk-S
Tgfa-S,Basp1-S
Tgfa-S,Scn4b-S
Tgfa-S,Gng7-S
Tgfa-S,Ywhag-S
Tgfa-S,Spock3-S
Tgfa-S,Ccdc177-S
Tgfa-S,Fxyd6-S
Tgfa-S,Gpr88-S
Tgfa-S,AI593442-S
Tgfa-S,Cisd3-S
Tgfa-S,4833418N02Rik-S
Copg1-S,Nmnat3-S
Copg1-S,Kctd1-S
Copg1-S,Ap1ar-S
Kras-S,Rapgef5-S
Kras-S,Neu2-S
Cmas-S,Rps6ka3-S
Cmas-S,Nmnat3-S
Cmas-S,Wdr17-S
Cmas-S,Strip2-S
Cmas-S,Clec12a-S
Cmas-S,Kcnip1-S
Cmas-S,Spock3-S
Cmas-S,Hes6-S
Cmas-S,Ap1ar-S
Ift122-S,Parm1-S
Ift122-S,Vps41-S
Ift122-S,AI593442-S
Rad51ap1-S,Nptn-S
Rad51ap1-S,Crebzf-S
Fkbp4-S,Mrps12-S
Fkbp4-S,Trank1-S
Fkbp4-S,Snrnp70-S
Zfp719-S,AI504432-S
Fchsd2-S,Map1lc3b-S
Fchsd2-S,Cacul1-S
Fchsd2-S,Sgsm1-S
Fchsd2-S,Cfap92-S
Parva-S,Htr1d-S
Itgam-S,Gucy1a1-S
Itgam-S,Galnt13-S
Stx4a-S,Fbxw4-S
Stx4a-S,Crebzf-S
Vps35l-S,Timm17b-S
Vps35l-S,Ttc21b-S
Pgap2-S,Gm29325-S
Nadsyn1-S,Ccdc9b-S
Rbmx-S,Adra2a-S
Chmp1b2-S,Efhd2-S
Rps6ka3-S,Lmtk2-S
Rps6ka3-S,Hey1-S
Rps6ka3-S,Slc35e2-S
Rps6ka3-S,Tbc1d22b-S
Rps6ka3-S,Scn4b-S
Prps1-S,Abhd2-S
Prps1-S,Tmem130-S
Prps1-S,Scn4b-S
Prps1-S,Trank1-S
Prps1-S,Slc24a3-S
Tnks-S,Krt80-S
Saraf-S,Pcdhb7-S
Saraf-S,Grb2-S
Saraf-S,Snrnp70-S
Saraf-S,Gm19967-S
Pdlim3-S,Timm17a-S
Pdlim3-S,Kcnip3-S
Cntnap4-S,Tox-S
Cntnap4-S,Mfsd6-S
Cntnap4-S,Basp1-S
Cntnap4-S,Gng7-S
Cntnap4-S,Fxyd6-S
Cntnap4-S,Gpr88-S
Cntnap4-S,Tlnrd1-S
Cntnap4-S,Rad51ap2-S
Arl2bp-S,Trappc5-S
Arl2bp-S,Uqcr10-S
Arl2bp-S,Snrnp70-S
Map1lc3b-S,4921539H07Rik-S
Dbndd1-S,Tspoap1-S
Dbndd1-S,Mroh5-S
C2cd2l-S,Nmnat3-S
C2cd2l-S,Lmo2-S
C2cd2l-S,Jcad-S
C2cd2l-S,Klf16-S
C2cd2l-S,Katnal1-S
C2cd2l-S,Mfsd6-S
C2cd2l-S,Penk-S
C2cd2l-S,Basp1-S
C2cd2l-S,Scn4b-S
C2cd2l-S,Kcnip1-S
C2cd2l-S,Spock3-S
C2cd2l-S,Serpina9-S
C2cd2l-S,Hes6-S
C2cd2l-S,Gpr88-S
Lca5-S,Ndufa13-S
1700017B05Rik-S,C130075A20Rik-S
Nptn-S,Traip-S
Nptn-S,Fmnl2-S
Gclc-S,P3h2-S
Gclc-S,Sgsm1-S
Gclc-S,Trp53bp1-S
Dync1li1-S,Prnp-S
Nmnat3-S,Gucy1a1-S
Nmnat3-S,Wdr17-S
Nmnat3-S,Accs-S
Nmnat3-S,Entpd3-S
Nmnat3-S,Isl1-S
Nmnat3-S,S100a13-S
Nmnat3-S,Slc35d3-S
Nmnat3-S,mt-Cytb-S
Nmnat3-S,Hes6-S
Nmnat3-S,Ap1ar-S
Nmnat3-S,1500015L24Rik-S
Cep63-S,Rasgrp2-S
Cep63-S,Baz1a-S
Cep63-S,Ebf1-S
Cep63-S,Gm3294-S
Traip-S,Pnoc-S
Traip-S,Slc35d3-S
Traip-S,Tlnrd1-S
Ip6k1-S,Cpped1-S
Lmo2-S,Jcad-S
Lmo2-S,Mfsd6-S
Lmo2-S,Scn4b-S
Lmo2-S,Slc35d3-S
Lmo2-S,Ywhag-S
Lmo2-S,Kcnip1-S
Lmo2-S,Spock3-S
Lmo2-S,Slc24a3-S
Lmo2-S,mt-Nd1-S
Lmo2-S,mt-Cytb-S
Lmo2-S,Fxyd6-S
Lmo2-S,Gpr88-S
Lmo2-S,AI593442-S
Lmo2-S,4833418N02Rik-S
Gtf3c1-S,Ctnna1-S
Gtf3c1-S,Mrps12-S
Gtf3c1-S,Stk19-S
Alas1-S,Trank1-S
Rasgrp2-S,Stk32a-S
Rasgrp2-S,Ebf1-S
Rasgrp2-S,Sez6l-S
Rasgrp2-S,Nkx2-9-S
Rasgrp2-S,Pcdhga6-S
Inha-S,Eif3b-S
Npat-S,Fmnl2-S
Npat-S,Gdpd1-S
Podxl2-S,Dcun1d4-S
Podxl2-S,Ebf1-S
Cacul1-S,Trp53bp1-S
Adra2a-S,Jcad-S
Adra2a-S,Ano2-S
Adra2a-S,Tmem130-S
Adra2a-S,Scn4b-S
Adra2a-S,Ywhag-S
Adra2a-S,Spock3-S
Adra2a-S,Sez6l-S
Adra2a-S,AI593442-S
Vav3-S,Lrch1-S
Spr-S,Tspyl5-S
Spr-S,Lrrc4c-S
Spr-S,Gm42463-S
Gucy1a1-S,Pgap4-S
Gucy1a1-S,Accs-S
Gucy1a1-S,Entpd3-S
Gucy1a1-S,Klhdc3-S
Gucy1a1-S,Gm5093-S
Gucy1a1-S,D430036J16Rik-S
Chmp2a-S,Spns2-S
Jcad-S,Klf16-S
Jcad-S,Ano2-S
Jcad-S,Scube3-S
Jcad-S,Penk-S
Jcad-S,Scn4b-S
Jcad-S,Arsj-S
Jcad-S,Gng7-S
Jcad-S,Synpo2-S
Jcad-S,Spock3-S
Jcad-S,Ccdc177-S
Jcad-S,Slc24a3-S
Jcad-S,mt-Cytb-S
Jcad-S,Gpr88-S
Jcad-S,AI593442-S
Jcad-S,Hspa1a-S
Ino80-S,Hmcn1-S
Ttc21b-S,Fbxo25-S
Ttc21b-S,Ndufaf8-S
Parm1-S,Baz1a-S
Parm1-S,Vps41-S
Parm1-S,Entpd3-S
Parm1-S,Fxyd6-S
Rundc1-S,Pld5-S
Rundc1-S,Gpr88-S
Rundc1-S,Rad51ap2-S
Baz1a-S,Ebf1-S
Baz1a-S,Prnp-S
Baz1a-S,Gm3294-S
Arx-S,Pgap4-S
Arx-S,Acadm-S
Klf16-S,Scn4b-S
Klf16-S,Gng7-S
Klf16-S,Synpo2-S
Fam174c-S,Pcdhga6-S
Thrsp-S,Mrm3-S
Thrsp-S,Pgap4-S
Thrsp-S,Hspa1a-S
Cd99l2-S,Psme4-S
Ints6l-S,Tbc1d22b-S
Ints6l-S,Zbtb3-S
Fmnl2-S,Mfsd6-S
Fmnl2-S,Insc-S
Ndufa13-S,Uqcr10-S
Kctd1-S,Rsrp1-S
Kctd1-S,Tubb2b-S
Kctd1-S,Clec12a-S
Kctd1-S,Hes6-S
Fam13b-S,Alg5-S
Fam13b-S,Arel1-S
Fam13b-S,Ap1ar-S
Ago2-S,Gm43672-S
Slc39a12-S,Dync2i2-S
Rsrp1-S,Rbm8a-S
Rsrp1-S,Trank1-S
Rsrp1-S,Slc24a3-S
Dtl-S,Osbpl10-S
Zdhhc18-S,Crebzf-S
Mcrs1-S,Ctnna1-S
Mcrs1-S,Hey1-S
Mcrs1-S,Emcn-S
Mcrs1-S,Neu2-S
Phf12-S,Uqcr10-S
Ctnna1-S,Synpo2-S
Igsf8-S,Gm8186-S
Mturn-S,Strip2-S
Mturn-S,Ap1ar-S
Ano2-S,Scn4b-S
Rbm8a-S,Pcdhb20-S
Rbm8a-S,Trank1-S
Rbm8a-S,Manbal-S
Mesd-S,Epm2aip1-S
Mesd-S,Gm26881-S
Ift172-S,Manbal-S
Dgki-S,Col6a3-S
Dgki-S,Kcnip1-S
Scube3-S,Pgap4-S
Scube3-S,Spns2-S
Scube3-S,Vps41-S
Scube3-S,Penk-S
Scube3-S,Scn4b-S
Scube3-S,Gng7-S
Scube3-S,Ywhag-S
Scube3-S,Kcnip1-S
Scube3-S,Spock3-S
Scube3-S,Rnf207-S
Scube3-S,Ccdc177-S
Scube3-S,Slc24a3-S
Scube3-S,mt-Cytb-S
Scube3-S,Insl5-S
Scube3-S,Gpr88-S
Scube3-S,4921539H07Rik-S
Kdm3b-S,Cfap92-S
Smurf1-S,Pgap4-S
Smurf1-S,Fbxo28-S
Smurf1-S,Rnf207-S
Smurf1-S,Trank1-S
Smurf1-S,Cisd3-S
Irs2-S,Arsj-S
Lmtk2-S,Abhd2-S
Lmtk2-S,Dock3-S
Lmtk2-S,Hey1-S
Lmtk2-S,Slc35e2-S
Lmtk2-S,Arel1-S
Lmtk2-S,Penk-S
Lmtk2-S,Slc24a3-S
Lmtk2-S,Gm42722-S
Tspyl5-S,Tmem130-S
Tspyl5-S,Pcdhb13-S
Abhd2-S,Pgap4-S
Abhd2-S,Dock3-S
Abhd2-S,Tbc1d22b-S
Abhd2-S,Slc24a3-S
Abhd2-S,Gm37124-S
Wdr17-S,Tbc1d22b-S
Wdr17-S,Osbpl6-S
Wdr17-S,Slc35d3-S
Wdr17-S,Fam241a-S
Wdr17-S,Clec12a-S
Wdr17-S,Slc24a3-S
Wdr17-S,mt-Cytb-S
Wdr17-S,Ap1ar-S
Wdr17-S,1500015L24Rik-S
Wdr17-S,4921539H07Rik-S
Wdr17-S,Gm42722-S
Pgap4-S,Dock3-S
Pgap4-S,Fbxo28-S
Pgap4-S,Zfp811-S
Pgap4-S,Acadm-S
Pgap4-S,Cisd3-S
Pgap4-S,Gm5093-S
Strip2-S,Katnal1-S
Strip2-S,Fxyd6-S
Dync2i2-S,Gm4491-S
Dock3-S,Hey1-S
Dock3-S,Rnf207-S
Dock3-S,Manbal-S
Dock3-S,Gm42722-S
Polr2j-S,Gm37569-S
Ncoa5-S,Scg2-S
Stk32a-S,C230014O12Rik-S
Dtx4-S,Cisd3-S
Trappc5-S,Mllt11-S
Trappc5-S,Uqcr10-S
Trappc5-S,C230014O12Rik-S
Trappc5-S,Gm42463-S
Accs-S,Entpd3-S
Accs-S,Klhdc3-S
Hey1-S,Arel1-S
Hey1-S,Penk-S
Hey1-S,Basp1-S
Hey1-S,Emcn-S
Bcor-S,Arel1-S
Cbln3-S,Mllt11-S
Spns2-S,Sez6l-S
Efhd2-S,Dscam-S
Efhd2-S,Ywhag-S
Fbxw4-S,Rap2a-S
Vps41-S,Entpd3-S
Vps41-S,Slc35d3-S
Vps41-S,4921539H07Rik-S
Car8-S,D430036J16Rik-S
Tox-S,Basp1-S
Tox-S,Dscam-S
Tox-S,Kcnip1-S
Tox-S,Serpina9-S
Tox-S,Fxyd6-S
Tox-S,Gpr88-S
Tox-S,Rad51ap2-S
Katnal1-S,Mfsd6-S
Katnal1-S,Penk-S
Mfsd6-S,Ccdc9b-S
Mfsd6-S,Scn4b-S
Mfsd6-S,Ywhag-S
Mfsd6-S,Rap2a-S
Mfsd6-S,Fxyd6-S
Mfsd6-S,Gpr88-S
Entpd3-S,S100a13-S
Entpd3-S,Dscam-S
Entpd3-S,Slc35d3-S
Entpd3-S,Serpina9-S
Entpd3-S,Klhdc3-S
Entpd3-S,D430036J16Rik-S
Ubr7-S,Kcnk6-S
Rapgef5-S,Elapor2-S
Slc35e2-S,Slc24a3-S
Tbc1d22b-S,Mrps12-S
Tbc1d22b-S,Trank1-S
Tbc1d22b-S,Gm37124-S
Tbc1d22b-S,Gm42722-S
Sgsm1-S,Trp53bp1-S
Sgsm1-S,Ywhag-S
Sgsm1-S,Zbtb3-S
Isl1-S,Osbpl6-S
Isl1-S,Clec12a-S
Isl1-S,D430036J16Rik-S
S100a13-S,Arel1-S
S100a13-S,Ap1ar-S
Arel1-S,Penk-S
Arel1-S,Gng7-S
Arel1-S,Rap2a-S
Arel1-S,Lrch1-S
Arel1-S,Ap1ar-S
Ccno-S,Gpr88-S
AA986860-S,Gm7467-S
Greb1l-S,Penk-S
Greb1l-S,Clec12a-S
Greb1l-S,Spock3-S
Zmpste24-S,Fam8a1-S
Zmpste24-S,Mroh5-S
Tmem130-S,Scn4b-S
Tmem130-S,Spock3-S
Tmem130-S,mt-Cytb-S
Tmem130-S,AI593442-S
Hs3st5-S,Spock3-S
Pcdhb7-S,Mllt11-S
Tubb2b-S,Col6a3-S
Tubb2b-S,Lrrc8b-S
Penk-S,Basp1-S
Penk-S,Scn4b-S
Penk-S,Gng7-S
Penk-S,Spock3-S
Penk-S,Gpr88-S
Penk-S,Htr1d-S
Penk-S,AI593442-S
Penk-S,4833418N02Rik-S
Penk-S,4921539H07Rik-S
Wdr89-S,Htatsf1-S
Pnoc-S,Irx1-S
Pnoc-S,Fxyd6-S
Pnoc-S,Hes6-S
Basp1-S,Dscam-S
Basp1-S,Serpina9-S
Basp1-S,Gpr88-S
Basp1-S,Cisd3-S
Ccdc9b-S,Gm16339-S
Mrps12-S,Stk19-S
Mrps12-S,Trank1-S
Mrps12-S,Snrnp70-S
She-S,Mhrt-S
Scn4b-S,Gng7-S
Scn4b-S,Slc35d3-S
Scn4b-S,Spock3-S
Scn4b-S,Ccdc177-S
Scn4b-S,Slc24a3-S
Scn4b-S,mt-Cytb-S
Scn4b-S,Gpr88-S
Scn4b-S,AI593442-S
Samd14-S,Gm26814-S
Abhd17b-S,Eif3b-S
Fbxo28-S,Gng7-S
Fbxo28-S,Ywhag-S
Fbxo28-S,Gpr88-S
Fbxo28-S,Htr1d-S
Fbxo28-S,Cisd3-S
Mafa-S,Insl5-S
Mafa-S,4930444P10Rik-S
Polr1g-S,Zfp389-S
Ccdc187-S,Mllt11-S
Col6a3-S,Kcnip1-S
Col6a3-S,Hes6-S
Gng7-S,Dscam-S
Gng7-S,Ccdc177-S
Gng7-S,Slc24a3-S
Gng7-S,Gpr88-S
Gng7-S,Tlnrd1-S
Gng7-S,Ap1ar-S
Gng7-S,Hspa1a-S
Gng7-S,1500015L24Rik-S
Gng7-S,4921539H07Rik-S
Insc-S,Cox6b2-S
Insc-S,AI593442-S
Hic2-S,Gm26881-S
Dscam-S,Sez6l-S
Dscam-S,Tlnrd1-S
Dscam-S,Rad51ap2-S
Synpo2-S,Spock3-S
Synpo2-S,Gpr88-S
Synpo2-S,Hspa1a-S
Slc35d3-S,Kcnip1-S
Slc35d3-S,Spock3-S
Slc35d3-S,Syne2-S
Slc35d3-S,Slc24a3-S
Slc35d3-S,mt-Cytb-S
Slc35d3-S,Hes6-S
Slc35d3-S,Ap1ar-S
Slc35d3-S,1500015L24Rik-S
Slc35d3-S,Gm42725-S
Slc35d3-S,Gm42722-S
Fam241a-S,Kcnip1-S
Fam241a-S,Ccdc177-S
Fam241a-S,Hes6-S
Lamtor4-S,Gm20045-S
Lamtor4-S,4921539H07Rik-S
Ywhag-S,Spock3-S
Ywhag-S,Sez6l-S
Ywhag-S,Cisd3-S
Ywhag-S,Hspa1a-S
Crebzf-S,Otulinl-S
Clec12a-S,Kcnip1-S
Clec12a-S,Hes6-S
Kcnip1-S,Spock3-S
Kcnip1-S,Serpina9-S
Kcnip1-S,Ccdc177-S
Kcnip1-S,Slc24a3-S
Kcnip1-S,Fxyd6-S
Kcnip1-S,Hes6-S
Kcnip1-S,Gpr88-S
Kcnip1-S,Tlnrd1-S
Gm9930-S,Rasgrp3-S
Spock3-S,Galnt13-S
Spock3-S,Ccdc177-S
Spock3-S,mt-Cytb-S
Spock3-S,Gpr88-S
Spock3-S,Tlnrd1-S
Spock3-S,AI593442-S
Spock3-S,Cisd3-S
Spock3-S,Hspa1a-S
Spock3-S,4921539H07Rik-S
Lrtm2-S,Sez6l-S
Zfp811-S,Rnf207-S
Pld5-S,Rad51ap2-S
Elapor2-S,Gm42725-S
St3gal5-S,Egfem1-S
Phex-S,Spaca6-S
Sez6l-S,Gpr88-S
Sez6l-S,Tlnrd1-S
Sez6l-S,Hspa1a-S
Sez6l-S,Pcdhga6-S
Serpina9-S,Hhip-S
Serpina9-S,Hes6-S
Rnf207-S,Hspa1a-S
Galnt13-S,mt-Cytb-S
Stk19-S,Tcf15-S
Trank1-S,Snrnp70-S
Trank1-S,Gm37124-S
Chia1-S,Zbtb3-S
Chia1-S,Ankub1-S
Ccdc177-S,Slc24a3-S
Snrnp70-S,Cfap92-S
Klhdc3-S,D430036J16Rik-S
Slc24a3-S,Hes6-S
Slc24a3-S,Gpr88-S
Slc24a3-S,AI593442-S
Slc24a3-S,Gm42722-S
Hhip-S,Gpr88-S
mt-Nd1-S,mt-Cytb-S
mt-Cytb-S,Hes6-S
mt-Cytb-S,Gpr88-S
mt-Cytb-S,AI593442-S
mt-Cytb-S,1500015L24Rik-S
Hmcn1-S,Pcdhga5-S
4930444P10Rik-S,Gm37534-S
Gpr88-S,Tlnrd1-S
Gpr88-S,Cisd3-S
Gpr88-S,Rad51ap2-S
Gpr88-S,4921539H07Rik-S
Tlnrd1-S,Pcdhga6-S
Htr1d-S,Gm6556-S
Rasgrp3-S,Lamtor5-S
Rasgrp3-S,Gm42869-S
Slc25a16-S,Gm29325-S
Slc25a16-S,Gm17530-S
Gm4924-S,Spaca6-S
Spaca6-S,Mhrt-S
Gm20712-S,Gm37569-S
Gm19967-S,Gm42869-S
