ID,0.0,2.0,32.0,33.0,78.0
ENSMUSG00000027374-P,6.497881069743797,6.578810082044038,6.868552317858963,6.47450648984294,
ENSMUSG00000042626-P,2.5295004401257075,2.6438010583005935,2.6133654113606313,2.349315770906976,
ENSMUSG00000055681-P,3.1022635073215135,3.1015078964194767,3.0429979716855775,3.052231548635111,
ENSMUSG00000028412-P,2.8881872689062176,2.841730556302744,2.9812487112224764,2.8247160008477663,
ENSMUSG00000054484-P,2.1698842315707574,2.4536168454275327,2.7075060288837647,2.2023647052041646,
ENSMUSG00000024425-P,3.430187585562224,3.436729602645165,3.4698258249440586,3.2985225920260897,
ENSMUSG00000032216-P,3.5272505057325394,3.47288736462322,3.4932599850600945,3.514063840016163,
ENSMUSG00000025979-P,3.0810021539550045,3.0944103772700466,3.0836583683345746,3.085158842897271,
ENSMUSG00000051343-P,2.7190443432626434,2.663743477241979,2.7766074393788767,2.6753000745518056,
ENSMUSG00000035443-P,3.175497201556938,3.1911787554954776,3.1604432017941075,3.1306124842706913,
ENSMUSG00000028991-P,2.779311584844936,2.7593428346524647,2.7599327347215863,2.727574694412923,
ENSMUSG00000036948-P,2.7034897912608202,2.7593428346524647,2.691153657904061,2.7840032545917266,
ENSMUSG00000033900-P,3.0203726761656173,2.8600987364452664,2.852431611707223,3.0379124904009416,
ENSMUSG00000041936-P,2.6193395162899162,2.606915153242291,2.4002663380723464,2.470323600916517,
ENSMUSG00000034584-P,2.2138344837228114,2.0060887051699368,2.186984164853306,2.31827692187783,
ENSMUSG00000068921-P,2.7732801675235845,2.663743477241979,2.6418610549900436,2.764285073155202,
ENSMUSG00000049670-P,2.480258076587797,2.573387236635776,2.5047080156972648,2.6446993776350376,
ENSMUSG00000044224-P,2.790955099484594,2.740941625435471,2.8494514251412104,2.845263652023838,
ENSMUSG00000030216-P,3.0003860686704282,2.9196955290462374,2.994427484466853,3.035786795378531,
ENSMUSG00000071072-P,3.0573458515483476,3.0325265759480216,3.110404236877597,3.0462114095428063,
ENSMUSG00000021243-P,2.9361705563599982,2.939410130527317,2.788424874237413,3.001119575272491,
ENSMUSG00000016495-P,2.5842910381109783,2.5989041065386944,2.8777033839386323,2.470323600916517,
ENSMUSG00000026803-P,2.817876587869956,2.8039526990062567,2.7228941187888074,2.8817394037700357,
ENSMUSG00000036188-P,2.7113831756594373,2.754865751127779,2.7997072724561525,2.7840032545917266,
ENSMUSG00000068284-P,2.837470621966492,2.7593428346524647,2.7278269792810614,2.8774741350015507,
ENSMUSG00000033237-P,2.8127223447910805,2.788636698868476,2.954225000012313,2.7502282476738418,
ENSMUSG00000063894-P,2.4421888308404,2.4667654917753103,2.6550609795444537,2.524865291762277,
ENSMUSG00000027536-P,1.907064870753855,2.095468075911837,0.8651248360644636,2.2456192392505634,
ENSMUSG00000069727-P,1.6552464933952984,1.6107808256217575,1.2275493591623887,1.8374323366045544,
ENSMUSG00000042118-P,2.1698842315707574,1.9519984617276487,2.429952153655665,2.31827692187783,
ENSMUSG00000094002-P,0.0,0.0,0.0,1.1126662321788277,
ENSMUSG00000039253-P,3.004987601213568,2.949670508270182,3.0939689450566643,2.9058243430072372,
ENSMUSG00000031916-P,2.822924647086312,2.841730556302744,2.772541095228216,2.711284463582537,
ENSMUSG00000025477-P,2.855598235056039,2.8981407300450734,2.8307534905836054,2.9538596308285614,
ENSMUSG00000036371-P,3.395415227359845,3.393541967294083,3.4028232199097923,3.430791995312448,
ENSMUSG00000094595-P,1.907064870753855,0.8785749788291128,0.0,2.0953528215154256,
ENSMUSG00000041126-P,3.0711858162714325,3.0891885220426287,3.0505432402330896,2.990867772460306,
ENSMUSG00000034064-P,2.8641735573371956,2.879883902134892,2.930011271353783,2.7195575207677583,
ENSMUSG00000004591-P,3.0266480536455433,2.930856317882744,3.014295387592565,3.0982873683257823,
ENSMUSG00000035295-P,1.4429906309045002,2.0060887051699368,0.8651248360644636,1.1126662321788277,
ENSMUSG00000085558-P,2.347955401300944,1.8149309228014727,2.5155173877129626,1.6947876612196968,
ENSMUSG00000057421-P,2.8804502361156588,2.8600987364452664,2.861156313418958,2.864197802147477,
ENSMUSG00000022781-P,3.200960850779258,3.0749692316331907,3.009867422817034,3.1912101810726843,
ENSMUSG00000030060-P,2.497608995338276,2.5353215762700656,1.9937805887193352,2.0270023139014657,
ENSMUSG00000015112-P,2.817876587869956,2.800211491120354,2.7642058575359703,2.8900454046307034,
ENSMUSG00000042426-P,2.7852012063842517,2.788636698868476,2.7075060288837647,2.7902455099870553,
ENSMUSG00000027642-P,3.100814704104678,3.1688565823176407,3.23764045491833,3.12649269056784,
ENSMUSG00000105382-P,1.071456397614503,0.8785749788291128,0.0,1.6947876612196968,
ENSMUSG00000024081-P,2.9422776424269426,2.811269185405351,2.7766074393788767,2.9855581706394965,
ENSMUSG00000079442-P,2.497608995338276,2.5643385114090353,2.5815768475995338,2.6552921163561893,
ENSMUSG00000003184-P,2.7407534257757757,2.8904892923595784,2.784547474551506,2.8900454046307034,
ENSMUSG00000005469-P,3.1775001647969185,3.2157902027792327,3.1507656714909684,3.1030048396167382,
ENSMUSG00000030094-P,2.74760029431152,2.6700745323910153,2.4002663380723464,2.81375346813342,
ENSMUSG00000024941-P,2.9201507307165766,2.885246243216641,2.969041020366587,2.8247160008477663,
ENSMUSG00000049295-P,2.872451334827569,2.893067610078048,2.806953231143538,2.924153327253429,
ENSMUSG00000049097-P,2.2138344837228114,2.2530295756883016,2.4154677776220805,2.0953528215154256,
ENSMUSG00000070348-P,2.779311584844936,2.8218511271322027,2.8307534905836054,2.959965485705852,
ENSMUSG00000046711-P,0.0,1.6107808256217575,1.8763483827709528,1.1126662321788277,
ENSMUSG00000034647-P,3.2258387948359077,3.1751978461782695,3.059022327280769,3.3722615657455854,
ENSMUSG00000002319-P,2.822924647086312,2.8448909217158174,2.7766074393788767,2.7840032545917266,
ENSMUSG00000020108-P,2.8641735573371956,3.0668955536359372,2.9444466065946147,2.727574694412923,
ENSMUSG00000026273-P,2.3743170763364394,2.5249572072893645,2.5359981702370633,2.524865291762277,
ENSMUSG00000022246-P,2.790955099484594,2.917397060550141,2.8750243332609866,2.950743799928097,
ENSMUSG00000020308-P,2.86834843105756,2.851090031126622,2.806953231143538,2.8022787492031815,
ENSMUSG00000050910-P,2.767100483761365,2.75030835361769,2.969041020366587,2.6654832579996888,
ENSMUSG00000061533-P,2.3743170763364394,2.2530295756883016,2.5155173877129626,2.4274661660492587,
ENSMUSG00000102840-P,1.071456397614503,1.7246040061391812,1.2275493591623887,0.0,
ENSMUSG00000058756-P,3.2061975764868076,3.246000895387745,3.120382455144553,3.2475199817819913,
ENSMUSG00000004698-P,1.9917914642976264,2.43986701089569,1.9937805887193352,2.2456192392505634,
ENSMUSG00000033948-P,2.1196222755147707,1.8892371947312578,1.596772442286542,2.0270023139014657,
ENSMUSG00000028655-P,1.9917914642976264,0.0,0.0,1.6947876612196968,
ENSMUSG00000106032-P,1.4429906309045002,1.6107808256217575,0.0,1.6947876612196968,
ENSMUSG00000086610-P,1.7995643759135387,1.6107808256217575,2.242062744714769,1.6947876612196968,
ENSMUSG00000026309-P,2.822924647086312,2.930856317882744,2.7511641644374496,2.916994876200561,
ENSMUSG00000021903-P,1.4429906309045002,1.8892371947312578,1.8763483827709528,1.484259846072834,
ENSMUSG00000037262-P,2.5842910381109783,2.4667654917753103,2.2665724746728726,2.6336747822560156,
ENSMUSG00000026603-P,2.4421888308404,2.2774024684845027,2.661425902472211,2.3775960544773964,
ENSMUSG00000005514-P,3.1597963333735737,3.153999855943316,3.210870359048789,3.0934604165243327,
ENSMUSG00000033808-P,2.608142838150247,2.6700745323910153,2.3842800019604167,2.757354003958427,
ENSMUSG00000015461-P,3.0266480536455433,3.053552806023277,3.041714231865095,2.8900454046307034,
ENSMUSG00000045128-P,3.1415726739048004,3.1833497082563986,3.2628471776467776,3.1912101810726843,
ENSMUSG00000047146-P,1.907064870753855,2.3001027890519743,2.083632204854801,2.2023647052041646,
ENSMUSG00000070705-P,2.513991467947046,2.2267449724753265,2.5457169779959123,2.1528902206445597,
ENSMUSG00000040795-P,2.3743170763364394,2.2774024684845027,2.5457169779959123,1.8374323366045544,
ENSMUSG00000031511-P,2.8074576896077374,2.8771563977771515,2.5730295558604337,2.7027399709643682,
ENSMUSG00000024805-P,2.6193395162899162,2.5249572072893645,2.5898711023906955,2.470323600916517,
ENSMUSG00000029198-P,2.7034897912608202,2.7964128725936193,2.7997072724561525,2.864197802147477,
ENSMUSG00000032482-P,2.8511926531990177,2.9219713545319586,3.063720189236177,2.9058243430072372,
ENSMUSG00000021288-P,3.0993557230942597,3.1276870932329004,3.0815339215000717,3.1091323563546616,
ENSMUSG00000024151-P,2.65041492888618,2.6147004146828277,2.2156310537137593,2.6753000745518056,
ENSMUSG00000023243-P,1.9917914642976264,1.459701847083028,2.2156310537137593,1.6947876612196968,
ENSMUSG00000030591-P,3.242952333288867,3.259035787455334,3.241040223057315,3.1861214562793405,
ENSMUSG00000052751-P,2.7732801675235845,2.740941625435471,2.7127372495593884,2.7776010444902117,
ENSMUSG00000020389-P,1.4429906309045002,1.2421002558951926,1.596772442286542,1.484259846072834,
ENSMUSG00000028959-P,2.8881872689062176,2.81837432152161,2.8553752768470764,2.8501390035373046,
ENSMUSG00000025474-P,2.513991467947046,2.43986701089569,2.4154677776220805,2.524865291762277,
ENSMUSG00000064370-P,4.027140159171681,4.024666748998934,4.0648326603845355,4.000653242886123,
ENSMUSG00000005580-P,2.480258076587797,2.4536168454275327,2.0413936459085575,2.540989606927098,
ENSMUSG00000030663-P,3.06264213021545,3.0182632408137593,2.9846174258109266,3.175533153342832,
ENSMUSG00000035941-P,2.8127223447910805,2.636812133012038,2.8668008141831987,2.8596026489855575,
ENSMUSG00000036501-P,2.630097078888805,2.2530295756883016,2.5457169779959123,2.7195575207677583,
ENSMUSG00000033411-P,2.630097078888805,2.7106012798847736,2.5047080156972648,2.8022787492031815,
ENSMUSG00000035934-P,2.7264856393764396,2.7680662867025294,2.7997072724561525,2.8596026489855575,
ENSMUSG00000003344-P,2.86834843105756,2.7764980104975905,2.661425902472211,2.8402877222574237,
ENSMUSG00000037608-P,3.1486009011019203,3.1187148242601705,3.064878600354442,3.261975362620904,
ENSMUSG00000026333-P,2.497608995338276,2.5142074979066815,2.367431233629665,2.540989606927098,
ENSMUSG00000003527-P,2.497608995338276,2.2774024684845027,2.717865379161838,2.4274661660492587,
ENSMUSG00000058420-P,2.7034897912608202,2.4103471503975396,2.367431233629665,2.6753000745518056,
ENSMUSG00000019907-P,3.0203726761656173,3.114077236663247,3.0298029247583442,3.1891904315860478,
ENSMUSG00000025410-P,3.0519145824246556,3.0645310707022078,3.149234639443181,3.001119575272491,
ENSMUSG00000061718-P,3.6152199800387685,3.5519330925703567,3.5144707579613716,3.5681449623878407,
ENSMUSG00000008690-P,2.767100483761365,2.8541306866228267,2.92133537539086,2.7428974109991633,
ENSMUSG00000092417-P,2.5442179254641437,2.394450335799839,2.5642146220154145,2.6336747822560156,
ENSMUSG00000004895-P,1.6552464933952984,1.7246040061391812,1.2275493591623887,2.0953528215154256,
ENSMUSG00000025934-P,1.071456397614503,2.0060887051699368,0.0,0.0,
ENSMUSG00000028273-P,2.9932985289172054,2.9949536301931916,2.936309726561106,3.0482369835807654,
ENSMUSG00000026520-P,2.9511419359709326,2.8448909217158174,2.861156313418958,2.868706121382282,
ENSMUSG00000024193-P,2.837470621966492,2.7925551849244274,2.7278269792810614,2.8247160008477663,
ENSMUSG00000083899-P,1.6552464933952984,1.8892371947312578,0.0,1.8374323366045544,
ENSMUSG00000030879-P,3.0139111134127097,2.9761467770489367,2.9404144240261885,2.9310960767366425,
ENSMUSG00000021585-P,2.995686400842219,2.8981407300450734,2.930011271353783,3.0934604165243327,
ENSMUSG00000026623-P,3.2612596322500784,3.279074126797688,3.2381298521876274,3.2010087641958225,
ENSMUSG00000056215-P,1.9917914642976264,2.2267449724753265,2.242062744714769,2.2839445115691266,
ENSMUSG00000001964-P,2.8764845454382897,2.8771563977771515,2.861156313418958,2.711284463582537,
ENSMUSG00000057367-P,2.608142838150247,2.43986701089569,2.620772577884177,2.6847672255169943,
ENSMUSG00000036613-P,2.7852012063842517,2.8981407300450734,2.648541717745634,2.81375346813342,
ENSMUSG00000045100-P,2.5295004401257075,1.8892371947312578,1.9937805887193352,1.484259846072834,
ENSMUSG00000031010-P,2.8599243267312535,2.75030835361769,2.7511641644374496,2.9538596308285614,
ENSMUSG00000015839-P,3.164105383425017,3.0585020468929156,3.0919471134259346,3.1278752057118457,
ENSMUSG00000038859-P,2.9884441045022574,3.022641410931058,2.956131077605516,3.044166525605284,
ENSMUSG00000044296-P,1.4429906309045002,0.8785749788291128,0.0,0.0,
ENSMUSG00000032633-P,2.86834843105756,2.772317476967576,3.0113533858838797,2.7502282476738418,
ENSMUSG00000032724-P,2.2138344837228114,1.7246040061391812,1.7109981910635972,1.1126662321788277,
ENSMUSG00000024235-P,1.4429906309045002,1.7246040061391812,0.8651248360644636,1.484259846072834,
ENSMUSG00000023236-P,3.030733071611051,3.0137953666157538,3.1522851641814795,2.8731306132917562,
ENSMUSG00000026483-P,2.2138344837228114,2.4793594992850077,2.457001420371913,2.0270023139014657,
ENSMUSG00000057738-P,3.2791259897960425,3.262158948211369,3.267927506657767,3.2640514130512206,
ENSMUSG00000032301-P,2.956864784431843,3.0197324305930846,2.9812487112224764,3.1399133703735016,
ENSMUSG00000010607-P,2.6869516984758546,2.682302222749636,2.8208353001706152,2.6336747822560156,
ENSMUSG00000030862-P,2.2876704541404798,2.5030452451043868,2.7075060288837647,2.1528902206445597,
ENSMUSG00000035505-P,2.5842910381109783,2.545325280539927,2.1215023751710116,2.1528902206445597,
ENSMUSG00000022283-P,3.2533403414600905,3.2118020821852684,3.218054318773472,3.2475199817819913,
ENSMUSG00000050989-P,2.7113831756594373,2.740941625435471,2.620772577884177,2.6552921163561893,
ENSMUSG00000014195-P,3.131806024228322,3.1015078964194767,2.942439429782009,3.081743824428245,
ENSMUSG00000036718-P,1.907064870753855,2.1331338699121956,1.445311761788396,1.6947876612196968,
ENSMUSG00000028885-P,1.7995643759135387,1.6107808256217575,0.0,1.1126662321788277,
ENSMUSG00000021693-P,3.009494763579019,2.81837432152161,2.7806089344549823,3.065651391528652,
ENSMUSG00000062044-P,2.1698842315707574,2.198256772626553,2.3842800019604167,2.489650674607176,
ENSMUSG00000028441-P,2.959672811076727,3.0269331902797525,2.796003138682647,2.965910471786865,
ENSMUSG00000005124-P,1.4429906309045002,2.394450335799839,0.0,2.1528902206445597,
ENSMUSG00000043991-P,3.431941045766768,3.4328522234479157,3.3943138043256895,3.5115825412011903,
ENSMUSG00000086825-P,1.4429906309045002,1.9519984617276487,2.3842800019604167,1.484259846072834,
ENSMUSG00000019080-P,1.4429906309045002,1.459701847083028,1.2275493591623887,1.8374323366045544,
ENSMUSG00000018199-P,3.082594605751422,3.0816517927488993,2.9617547109034574,3.0918262714627964,
ENSMUSG00000041134-P,1.907064870753855,2.1331338699121956,0.8651248360644636,1.6947876612196968,
ENSMUSG00000059495-P,3.2797126811012633,3.218589476316092,3.273280494716976,3.322109810506358,
ENSMUSG00000049624-P,2.754268198132454,2.682302222749636,2.905321808023009,2.711284463582537,
ENSMUSG00000102142-P,1.4429906309045002,0.0,0.0,2.1528902206445597,
ENSMUSG00000024170-P,2.3743170763364394,2.4793594992850077,2.2665724746728726,2.524865291762277,
ENSMUSG00000030058-P,3.084175069329977,3.1054573337424416,3.0888771814847513,3.0561528295798364,
ENSMUSG00000062421-P,2.8467048188058475,2.8352831654245976,2.890661036930146,2.8402877222574237,
ENSMUSG00000050822-P,3.3652191899613344,3.3601209452986054,3.401632843035102,3.360067531495889,
ENSMUSG00000014075-P,2.7190443432626434,2.7846556104256406,2.6279848361427183,2.584520678076253,
ENSMUSG00000023092-P,2.65041492888618,2.6438010583005935,2.6796588600767435,2.489650674607176,
ENSMUSG00000003099-P,3.11486578914288,3.0772204040610465,2.8668008141831987,3.0693349313883704,
ENSMUSG00000028772-P,2.9234451695671373,2.9594871586509357,2.861156313418958,2.996053131120649,
ENSMUSG00000035133-P,3.139174666232927,3.043296755836615,3.126488835259834,3.2139507326254475,
ENSMUSG00000041012-P,2.9624463297190284,2.947655109971288,3.0554296065612743,2.916994876200561,
ENSMUSG00000039275-P,2.5295004401257075,2.606915153242291,2.555116184130019,2.5077886040937423,
ENSMUSG00000025060-P,3.245778391495266,3.0510344807526057,3.1177087483612618,3.322612033028193,
ENSMUSG00000013858-P,2.842131827271721,2.8981407300450734,2.792242872880108,2.8501390035373046,
ENSMUSG00000057722-P,2.9422776424269426,2.868780378708814,2.92133537539086,2.885929005844027,
ENSMUSG00000020777-P,3.0327470430892935,3.0668955536359372,3.146916091355475,2.9310960767366425,
ENSMUSG00000024150-P,3.0777805952994894,3.0061399627584353,3.1122547743099864,2.974543109412902,
ENSMUSG00000043467-P,2.2138344837228114,2.4667654917753103,2.5359981702370633,2.5707419177252406,
ENSMUSG00000024921-P,3.3652191899613344,3.3050667952742807,3.260254702076178,3.4124922797482165,
ENSMUSG00000030016-P,2.9809574710417057,2.9242249496356685,2.9076782145678775,3.0421019840189705,
ENSMUSG00000056531-P,1.4429906309045002,1.7246040061391812,0.0,1.9434952791684947,
ENSMUSG00000020102-P,1.4429906309045002,1.6107808256217575,0.0,0.0,
ENSMUSG00000050493-P,2.2876704541404798,0.8785749788291128,2.155759553322986,1.1126662321788277,
ENSMUSG00000043059-P,2.630097078888805,2.425463555361774,2.7806089344549823,2.524865291762277,
ENSMUSG00000048200-P,2.1196222755147707,2.321328724343416,2.242062744714769,2.0953528215154256,
ENSMUSG00000024181-P,2.9482254069616185,2.9264567161000716,2.9960210693778335,2.8817394037700357,
ENSMUSG00000005510-P,2.985976462785781,2.9373014636783448,2.9617547109034574,3.020291844804969,
ENSMUSG00000032615-P,2.5295004401257075,2.657258972959217,2.5155173877129626,2.349315770906976,
ENSMUSG00000035873-P,1.9917914642976264,0.8785749788291128,0.0,2.4496558439516534,
ENSMUSG00000020496-P,3.090380354014981,3.187954334658279,3.138989864064228,3.2359082118953273,
ENSMUSG00000024687-P,2.779311584844936,2.6147004146828277,2.9795450576904727,2.6654832579996888,
ENSMUSG00000030008-P,2.497608995338276,2.198256772626553,2.083632204854801,2.0953528215154256,
ENSMUSG00000021377-P,3.140377213440251,3.1630454729904773,3.0442740888529856,3.2548855329759956,
ENSMUSG00000032641-P,1.4429906309045002,1.2421002558951926,1.8763483827709528,1.9434952791684947,
ENSMUSG00000022711-P,2.630097078888805,2.573387236635776,2.443779125416539,2.6939070764766924,
ENSMUSG00000038644-P,2.061184138190143,2.0060887051699368,2.2665724746728726,1.6947876612196968,
ENSMUSG00000018322-P,2.74760029431152,2.772317476967576,2.6418610549900436,2.835207283763672,
ENSMUSG00000056054-P,1.6552464933952984,2.377695997826456,0.0,0.0,
ENSMUSG00000062937-P,2.678276639784948,2.788636698868476,2.70216781202843,2.8402877222574237,
ENSMUSG00000004040-P,3.0949163498952865,3.0849150571929553,3.025682094667625,3.0711529389548944,
ENSMUSG00000018372-P,1.9917914642976264,2.053453986246826,2.242062744714769,2.489650674607176,
ENSMUSG00000039804-P,2.6953508096555665,2.6882108464557377,2.5457169779959123,2.6101912964338725,
ENSMUSG00000024740-P,3.384937207638303,3.404945144784164,3.374316155433514,3.393029957393031,
ENSMUSG00000038836-P,2.1196222755147707,2.2774024684845027,2.429952153655665,2.2839445115691266,
ENSMUSG00000006777-P,2.061184138190143,2.5030452451043868,2.367431233629665,2.0270023139014657,
ENSMUSG00000017405-P,2.5582152181028714,2.377695997826456,2.555116184130019,2.5707419177252406,
ENSMUSG00000064345-P,4.082153131610572,4.015765923507279,3.972985920651455,4.03879679449692,
ENSMUSG00000040158-P,1.9917914642976264,0.0,0.0,1.6947876612196968,
ENSMUSG00000039883-P,3.7375237947987623,3.7773037226726602,3.586706546298597,3.744319076765662,
ENSMUSG00000024253-P,2.8327179836146357,2.7846556104256406,2.8668008141831987,2.845263652023838,
ENSMUSG00000019897-P,2.842131827271721,2.882580299100145,2.746663866846133,3.044166525605284,
ENSMUSG00000031451-P,3.553159955156373,3.5003038158515163,3.502581434566466,3.4230254674579252,
ENSMUSG00000031751-P,3.2682381434374057,3.279074126797688,3.2637034758888097,3.2094266650301155,
ENSMUSG00000029623-P,3.1765012091226397,3.1745031596579656,3.1437827286264994,3.2879282130351646,
ENSMUSG00000030691-P,2.5442179254641437,2.5030452451043868,2.605753386049364,2.6654832579996888,
ENSMUSG00000036819-P,2.1698842315707574,1.8892371947312578,2.155759553322986,1.6947876612196968,
ENSMUSG00000024290-P,3.2586565486633443,3.179315684432755,3.098939341024289,3.3370660809010686,
ENSMUSG00000017548-P,2.9452709528956795,2.838528318877882,2.890661036930146,2.9443808302330066,
ENSMUSG00000032555-P,2.2138344837228114,2.394450335799839,2.3307758766228757,2.2456192392505634,
ENSMUSG00000029178-P,3.067809573236225,3.0668955536359372,2.852431611707223,3.1399133703735016,
ENSMUSG00000035640-P,2.65041492888618,2.8541306866228267,2.8695737170991973,2.6446993776350376,
ENSMUSG00000024168-P,2.3986367260122026,2.5643385114090353,2.6854687482556345,2.5077886040937423,
ENSMUSG00000001687-P,3.100814704104678,3.08055266941337,3.060206558752956,3.1643485899953667,
ENSMUSG00000041438-P,2.7113831756594373,2.6700745323910153,2.186984164853306,2.6847672255169943,
ENSMUSG00000029790-P,2.8327179836146357,2.7106012798847736,2.852431611707223,2.6221846390046615,
ENSMUSG00000030703-P,0.0,0.8785749788291128,0.0,0.0,
ENSMUSG00000008140-P,3.116219704744355,3.1898953141798096,3.2016481483979473,3.0834582809484337,
ENSMUSG00000035011-P,3.249252987623152,3.2152254639016453,3.125627562171361,3.314929278120839,
ENSMUSG00000001855-P,2.630097078888805,2.6296386370446947,2.813992336150245,2.808082890874362,
ENSMUSG00000028826-P,3.103702265188352,3.0891885220426287,3.114088858098398,3.1399133703735016,
ENSMUSG00000007892-P,3.360771917644502,3.4730216634398596,3.514064449823732,3.4450862819512333,
ENSMUSG00000036499-P,3.096406684995009,3.009234285906017,2.9321300412407623,3.175533153342832,
ENSMUSG00000000305-P,2.061184138190143,1.8892371947312578,1.9937805887193352,2.1528902206445597,
ENSMUSG00000026341-P,2.9732106219069294,2.943569916011889,3.0442740888529856,2.868706121382282,
ENSMUSG00000042010-P,3.018240015671695,3.0859916262219,2.9725974165669795,2.998600897580074,
ENSMUSG00000021431-P,2.8599243267312535,2.7806100365412996,2.858283244917929,3.054201191714079,
ENSMUSG00000042729-P,2.1196222755147707,2.3001027890519743,2.457001420371913,2.4496558439516534,
ENSMUSG00000047264-P,2.347955401300944,2.43986701089569,1.8763483827709528,2.470323600916517,
ENSMUSG00000036478-P,2.480258076587797,2.4536168454275327,2.457001420371913,2.470323600916517,
ENSMUSG00000032238-P,3.2087641650048915,3.0902433896078416,3.094972558448154,3.188172737699778,
ENSMUSG00000039323-P,3.7155706169733365,3.721547895067773,3.633697090592202,3.6535709519417177,
ENSMUSG00000030979-P,2.347955401300944,1.8149309228014727,2.3842800019604167,2.2023647052041646,
ENSMUSG00000020608-P,3.1305515725393778,3.1054573337424416,3.0683163424991116,3.233498785092562,
ENSMUSG00000055150-P,0.0,1.8149309228014727,0.0,1.484259846072834,
ENSMUSG00000022941-P,1.071456397614503,1.8149309228014727,1.801701458258359,1.9434952791684947,
ENSMUSG00000021244-P,3.030733071611051,2.961400352040635,2.784547474551506,3.152501300487313,
ENSMUSG00000022463-P,3.018240015671695,2.970729788781496,2.914607401096712,2.8940909482477233,
ENSMUSG00000023030-P,2.8881872689062176,2.8981407300450734,2.806953231143538,2.7840032545917266,
ENSMUSG00000026784-P,1.4429906309045002,1.2421002558951926,1.2275493591623887,1.1126662321788277,
ENSMUSG00000031027-P,2.2876704541404798,2.1672040515391857,2.3496308968536934,1.484259846072834,
ENSMUSG00000036641-P,2.8511926531990177,2.740941625435471,2.70216781202843,2.909607875235306,
ENSMUSG00000027690-P,1.071456397614503,1.8892371947312578,1.596772442286542,1.1126662321788277,
ENSMUSG00000072772-P,2.4421888308404,2.43986701089569,2.6676431081265495,1.8374323366045544,
ENSMUSG00000033487-P,3.028700186901335,2.9103614991004734,2.9708262693403755,3.0561528295798364,
ENSMUSG00000029550-P,2.9452709528956795,2.9264567161000716,2.88035245405,2.8596026489855575,
ENSMUSG00000096971-P,2.480258076587797,2.4536168454275327,2.242062744714769,2.6654832579996888,
ENSMUSG00000037664-P,3.345907907797734,3.312976063112016,3.285459206810849,3.407595431286,
ENSMUSG00000106718-P,1.907064870753855,1.9519984617276487,1.801701458258359,1.9434952791684947,
ENSMUSG00000002455-P,3.090380354014981,3.0954392469783465,3.0505432402330896,3.116544717319909,
ENSMUSG00000106365-P,1.071456397614503,1.6107808256217575,1.596772442286542,1.1126662321788277,
ENSMUSG00000087368-P,1.907064870753855,2.053453986246826,2.155759553322986,2.3775960544773964,
ENSMUSG00000024335-P,3.2854802159998138,3.294210993305102,3.386239052742583,3.3101594814963944,
ENSMUSG00000030782-P,2.3986367260122026,2.4536168454275327,2.70216781202843,2.5562549303859377,
ENSMUSG00000051074-P,1.9917914642976264,1.7246040061391812,0.0,0.0,
ENSMUSG00000055447-P,3.246478404731694,3.1688565823176407,3.223404660629861,3.180898069093755,
ENSMUSG00000021025-P,3.2096122344515985,3.2634817782788246,3.1724316951020883,3.2374978279691455,
ENSMUSG00000049739-P,1.907064870753855,2.1672040515391857,1.8763483827709528,2.349315770906976,
ENSMUSG00000070858-P,2.817876587869956,2.865921471428608,2.7278269792810614,2.835207283763672,
ENSMUSG00000024491-P,3.0327470430892935,2.9536483891989644,2.8104979513609116,3.020291844804969,
ENSMUSG00000030079-P,2.608142838150247,2.573387236635776,2.0413936459085575,2.4496558439516534,
ENSMUSG00000055044-P,1.7995643759135387,1.6107808256217575,2.2156310537137593,1.1126662321788277,
ENSMUSG00000091549-P,1.071456397614503,1.7246040061391812,2.2156310537137593,1.1126662321788277,
ENSMUSG00000032372-P,2.5582152181028714,2.545325280539927,2.843378048743729,2.6654832579996888,
ENSMUSG00000032009-P,3.0160862923290694,2.9882975122677147,3.0468037912735055,3.090179235797132,
ENSMUSG00000023967-P,2.7034897912608202,2.879883902134892,2.6796588600767435,2.845263652023838,
ENSMUSG00000028041-P,2.6693083767598873,2.9330249055475237,2.7555862931958126,2.584520678076253,
ENSMUSG00000031864-P,2.5295004401257075,2.5643385114090353,2.4154677776220805,2.5707419177252406,
ENSMUSG00000005131-P,1.6552464933952984,1.8149309228014727,1.2275493591623887,2.0270023139014657,
ENSMUSG00000060512-P,2.3986367260122026,2.394450335799839,2.289400527784741,2.4274661660492587,
ENSMUSG00000030560-P,3.121547945744747,3.1159448315097062,3.028437998269926,3.044166525605284,
ENSMUSG00000053012-P,3.0139111134127097,2.9127304872226962,2.796003138682647,3.052231548635111,
ENSMUSG00000043639-P,1.9917914642976264,2.1331338699121956,0.8651248360644636,2.2839445115691266,
ENSMUSG00000029291-P,2.842131827271721,2.8076380877602043,2.6796588600767435,2.9133307908160107,
ENSMUSG00000058492-P,1.6552464933952984,1.2421002558951926,0.8651248360644636,0.0,
ENSMUSG00000020080-P,1.6552464933952984,0.8785749788291128,0.0,0.0,
ENSMUSG00000040701-P,2.061184138190143,2.1331338699121956,1.2275493591623887,2.0953528215154256,
ENSMUSG00000041408-P,3.0117140754003935,2.917397060550141,2.9168718736525916,3.054201191714079,
ENSMUSG00000026687-P,2.895677968810237,2.9264567161000716,2.9444466065946147,2.9538596308285614,
ENSMUSG00000102687-P,0.0,1.459701847083028,1.2275493591623887,2.2839445115691266,
ENSMUSG00000026029-P,2.5964727770196876,2.5643385114090353,2.429952153655665,2.735350272607458,
ENSMUSG00000027706-P,3.4951504452853728,3.459024548303473,3.4908148859036623,3.4800491603126025,
ENSMUSG00000071180-P,2.9732106219069294,2.693990058396147,2.70216781202843,2.980118640704985,
ENSMUSG00000021254-P,2.3743170763364394,2.3599954797460105,0.0,2.489650674607176,
ENSMUSG00000064294-P,2.347955401300944,2.0060887051699368,1.9937805887193352,2.3775960544773964,
ENSMUSG00000022312-P,3.022484656115348,2.9594871586509357,3.028437998269926,2.998600897580074,
ENSMUSG00000019699-P,2.678276639784948,2.7846556104256406,2.5979257959037816,2.7027399709643682,
ENSMUSG00000020477-P,2.86834843105756,2.8600987364452664,2.9960210693778335,2.8247160008477663,
ENSMUSG00000023341-P,1.4429906309045002,0.0,1.9937805887193352,0.0,
ENSMUSG00000103657-P,0.0,2.0060887051699368,1.9394155404126132,2.349315770906976,
ENSMUSG00000026896-P,2.5442179254641437,2.5030452451043868,2.5730295558604337,2.597652509811574,
ENSMUSG00000020248-P,2.754268198132454,2.657258972959217,2.7075060288837647,2.868706121382282,
ENSMUSG00000021482-P,2.7407534257757757,2.6438010583005935,2.737418229660752,2.6847672255169943,
ENSMUSG00000023249-P,2.6404463034313403,2.636812133012038,2.7127372495593884,2.7840032545917266,
ENSMUSG00000087640-P,1.4429906309045002,0.0,0.0,0.0,
ENSMUSG00000072704-P,3.069504429319784,3.0510344807526057,3.066030720601098,3.120867326976366,
ENSMUSG00000020135-P,2.2138344837228114,2.4536168454275327,2.155759553322986,1.1126662321788277,
ENSMUSG00000031657-P,2.5582152181028714,2.4667654917753103,2.5730295558604337,2.5077886040937423,
ENSMUSG00000046947-P,2.2876704541404798,2.0060887051699368,1.9394155404126132,2.4274661660492587,
ENSMUSG00000034930-P,2.5582152181028714,2.6438010583005935,2.7555862931958126,2.771031098889904,
ENSMUSG00000022561-P,3.059125964100314,3.0870626918010404,3.064878600354442,3.020291844804969,
ENSMUSG00000097626-P,2.1196222755147707,2.4103471503975396,1.445311761788396,2.2023647052041646,
ENSMUSG00000031583-P,2.660028037107889,2.663743477241979,2.3496308968536934,2.6552921163561893,
ENSMUSG00000044317-P,2.2138344837228114,2.2267449724753265,1.8763483827709528,1.484259846072834,
ENSMUSG00000001441-P,3.2700972801121306,3.1695712205168323,3.076126928575846,3.2915274546640494,
ENSMUSG00000037742-P,3.121547945744747,3.0794477684742896,3.183091357081296,3.113611673151112,
ENSMUSG00000001054-P,2.767100483761365,2.788636698868476,2.555116184130019,2.6101912964338725,
ENSMUSG00000021886-P,1.907064870753855,1.459701847083028,1.9937805887193352,1.484259846072834,
ENSMUSG00000031157-P,2.9452709528956795,2.9373014636783448,2.792242872880108,2.9855581706394965,
ENSMUSG00000037326-P,2.660028037107889,2.6700745323910153,2.3496308968536934,2.6939070764766924,
ENSMUSG00000046351-P,2.909976107720614,2.868780378708814,2.833971781329175,2.9629575904382133,
ENSMUSG00000030605-P,3.4087561094331016,3.457115567959557,3.434350011705518,3.4321423910787634,
ENSMUSG00000030108-P,2.2876704541404798,2.491440368638206,2.3842800019604167,1.9434952791684947,
ENSMUSG00000042349-P,1.6552464933952984,2.1331338699121956,1.445311761788396,1.6947876612196968,
ENSMUSG00000037012-P,3.2533403414600905,3.269959978623271,3.271649631294634,3.2721338432428153,
ENSMUSG00000040640-P,2.3743170763364394,2.5249572072893645,1.801701458258359,2.3775960544773964,
ENSMUSG00000039943-P,2.983481114088348,2.885246243216641,2.7806089344549823,3.0156539477558573,
ENSMUSG00000056598-P,2.790955099484594,2.8039526990062567,2.7766074393788767,2.7963350765827735,
ENSMUSG00000037736-P,2.9234451695671373,2.882580299100145,2.9635985268281684,2.980118640704985,
ENSMUSG00000095677-P,1.4429906309045002,0.0,0.0,0.0,
ENSMUSG00000004098-P,0.0,0.0,2.155759553322986,1.9434952791684947,
ENSMUSG00000100075-P,0.0,1.6107808256217575,0.0,1.1126662321788277,
ENSMUSG00000031918-P,2.678276639784948,2.6222713615892594,2.92133537539086,2.7502282476738418,
ENSMUSG00000035152-P,3.0266480536455433,2.947655109971288,2.8668008141831987,3.076514918176196,
ENSMUSG00000104339-P,1.071456397614503,1.8892371947312578,1.8763483827709528,1.484259846072834,
ENSMUSG00000038717-P,2.421186457903286,2.5030452451043868,2.7075060288837647,2.757354003958427,
ENSMUSG00000019464-P,1.907064870753855,1.8149309228014727,1.8763483827709528,2.2456192392505634,
ENSMUSG00000038990-P,2.3986367260122026,1.9519984617276487,2.0413936459085575,2.31827692187783,
ENSMUSG00000025437-P,2.802078144142687,2.788636698868476,2.930011271353783,2.8247160008477663,
ENSMUSG00000051224-P,1.4429906309045002,1.459701847083028,2.186984164853306,1.6947876612196968,
ENSMUSG00000078485-P,1.7995643759135387,2.1331338699121956,1.445311761788396,1.6947876612196968,
ENSMUSG00000021392-P,2.6953508096555665,2.7051805537332947,2.469665851254174,2.771031098889904,
ENSMUSG00000021686-P,3.009494763579019,2.9632974474115157,2.956131077605516,3.0379124904009416,
ENSMUSG00000044134-P,2.347955401300944,2.0060887051699368,1.596772442286542,2.3775960544773964,
ENSMUSG00000024975-P,3.004987601213568,3.0211917797451813,3.0554296065612743,3.0982873683257823,
ENSMUSG00000002844-P,2.8327179836146357,2.9536483891989644,2.977828293362007,2.7902455099870553,
ENSMUSG00000029270-P,2.872451334827569,2.841730556302744,2.9168718736525916,2.7840032545917266,
ENSMUSG00000029684-P,3.04445143843909,3.05727546540005,2.9795450576904727,3.1722432187055385,
ENSMUSG00000017697-P,0.0,1.2421002558951926,0.0,0.0,
ENSMUSG00000022812-P,3.2682381434374057,3.196852771203538,3.1273464969509073,3.3007966342983015,
ENSMUSG00000053749-P,1.071456397614503,1.459701847083028,0.0,0.0,
ENSMUSG00000025323-P,2.608142838150247,2.5989041065386944,2.691153657904061,2.6847672255169943,
ENSMUSG00000034863-P,2.5442179254641437,2.573387236635776,2.5642146220154145,2.2456192392505634,
ENSMUSG00000068762-P,1.7995643759135387,1.459701847083028,0.0,1.1126662321788277,
ENSMUSG00000068335-P,2.5582152181028714,2.6700745323910153,2.8033568111478777,2.4035355258428126,
ENSMUSG00000021215-P,1.9917914642976264,1.9519984617276487,2.2665724746728726,2.2023647052041646,
ENSMUSG00000085197-P,1.4429906309045002,1.2421002558951926,0.0,0.0,
ENSMUSG00000091007-P,1.4429906309045002,1.2421002558951926,1.9937805887193352,0.0,
ENSMUSG00000028133-P,2.061184138190143,1.8892371947312578,0.0,1.484259846072834,
ENSMUSG00000031112-P,2.1196222755147707,1.8149309228014727,2.6279848361427183,2.470323600916517,
ENSMUSG00000028700-P,3.2137979871545457,3.1974732128586307,3.3059587473489946,3.1512772345392706,
ENSMUSG00000032018-P,2.90648294199682,2.841730556302744,2.934229416733908,2.8501390035373046,
ENSMUSG00000030304-P,3.0761511340794727,3.0269331902797525,3.0705775536744095,3.112129344799811,
ENSMUSG00000054364-P,2.7264856393764396,2.8771563977771515,2.70216781202843,2.8300181780360933,
ENSMUSG00000029878-P,2.2138344837228114,2.2530295756883016,1.7109981910635972,2.1528902206445597,
ENSMUSG00000057181-P,2.733718476737655,2.657258972959217,2.3107460688711234,2.8247160008477663,
ENSMUSG00000050321-P,2.1698842315707574,2.321328724343416,1.9394155404126132,2.2023647052041646,
ENSMUSG00000021957-P,3.2927200585939906,3.2960652339495766,3.0442740888529856,3.1942014542953894,
ENSMUSG00000030265-P,3.0367195455265894,3.0419795696539143,2.9846174258109266,3.052231548635111,
ENSMUSG00000052566-P,2.5842910381109783,2.198256772626553,2.717865379161838,2.4035355258428126,
ENSMUSG00000030256-P,2.895677968810237,2.7846556104256406,2.8668008141831987,2.7195575207677583,
ENSMUSG00000022361-P,3.0117140754003935,2.893067610078048,2.858283244917929,3.0421019840189705,
ENSMUSG00000028383-P,2.9511419359709326,2.838528318877882,2.992822332611852,2.764285073155202,
ENSMUSG00000017221-P,3.1909806167739854,3.190538080707905,3.129898095415997,3.1500456888587207,
ENSMUSG00000021481-P,2.3743170763364394,2.1331338699121956,1.596772442286542,1.9434952791684947,
ENSMUSG00000020752-P,2.252780182892186,2.5249572072893645,2.525939166166587,2.524865291762277,
ENSMUSG00000041642-P,1.9917914642976264,1.8892371947312578,1.445311761788396,1.6947876612196968,
ENSMUSG00000031147-P,1.907064870753855,1.459701847083028,2.186984164853306,2.0270023139014657,
ENSMUSG00000038084-P,2.8641735573371956,2.9373014636783448,3.015751675175993,2.854917495379022,
ENSMUSG00000066113-P,2.872451334827569,2.9264567161000716,2.942439429782009,2.8774741350015507,
ENSMUSG00000051043-P,2.9452709528956795,2.9670443432827005,2.746663866846133,2.808082890874362,
ENSMUSG00000042797-P,2.7607656236629645,2.8039526990062567,2.9029413223135947,2.7195575207677583,
ENSMUSG00000028030-P,2.497608995338276,2.5030452451043868,1.596772442286542,2.470323600916517,
ENSMUSG00000028484-P,3.139174666232927,3.0870626918010404,2.96542736743422,3.1902028959272957,
ENSMUSG00000045817-P,2.061184138190143,1.8149309228014727,2.3307758766228757,2.3775960544773964,
ENSMUSG00000031808-P,2.8804502361156588,2.9949536301931916,2.92133537539086,2.885929005844027,
ENSMUSG00000021676-P,3.0934152808415813,3.0772204040610465,3.1582509403254964,3.145042958966888,
ENSMUSG00000027523-P,3.6412134923326884,3.6348905433136256,3.654548778048276,3.675070859144766,
ENSMUSG00000037716-P,2.1698842315707574,1.9519984617276487,0.8651248360644636,2.0270023139014657,
ENSMUSG00000070319-P,2.9511419359709326,3.0597216039382595,3.021481537525398,2.8731306132917562,
ENSMUSG00000024472-P,2.802078144142687,2.6882108464557377,2.8307534905836054,2.7840032545917266,
ENSMUSG00000007476-P,2.9678929526950473,2.9743556406840397,2.9725974165669795,2.937834945087051,
ENSMUSG00000041308-P,3.1051311076413817,3.0297479378397245,2.9812487112224764,3.2243963208026436,
ENSMUSG00000033436-P,3.0573458515483476,3.08055266941337,3.124762649016762,2.980118640704985,
ENSMUSG00000034579-P,1.4429906309045002,1.2421002558951926,0.0,1.1126662321788277,
ENSMUSG00000038545-P,2.6693083767598873,2.6700745323910153,2.5898711023906955,2.6654832579996888,
ENSMUSG00000042831-P,2.7965789605286684,2.7159115207719005,2.746663866846133,2.735350272607458,
ENSMUSG00000030217-P,1.071456397614503,1.7246040061391812,1.596772442286542,1.8374323366045544,
ENSMUSG00000065799-P,1.071456397614503,1.6107808256217575,0.0,1.9434952791684947,
ENSMUSG00000022085-P,1.4429906309045002,0.0,0.0,1.6947876612196968,
ENSMUSG00000029840-P,3.1784941161922395,3.166697178331243,3.20341083942476,3.1643485899953667,
ENSMUSG00000105970-P,0.0,0.0,0.0,1.8374323366045544,
ENSMUSG00000021904-P,2.1196222755147707,2.095468075911837,1.801701458258359,2.0953528215154256,
ENSMUSG00000105607-P,0.0,1.2421002558951926,2.155759553322986,2.0270023139014657,
ENSMUSG00000033502-P,1.7995643759135387,2.3001027890519743,1.801701458258359,2.4035355258428126,
ENSMUSG00000090877-P,2.421186457903286,1.8149309228014727,0.0,2.3775960544773964,
ENSMUSG00000044813-P,2.347955401300944,2.43986701089569,0.8651248360644636,2.0270023139014657,
ENSMUSG00000030268-P,2.061184138190143,2.053453986246826,2.1215023751710116,1.484259846072834,
ENSMUSG00000031967-P,3.0266480536455433,2.9055498181766337,3.0068649323946404,2.9058243430072372,
ENSMUSG00000028977-P,2.061184138190143,1.459701847083028,0.0,1.8374323366045544,
ENSMUSG00000090110-P,1.7995643759135387,2.095468075911837,1.8763483827709528,1.9434952791684947,
ENSMUSG00000048106-P,2.7732801675235845,2.606915153242291,2.5642146220154145,2.7776010444902117,
ENSMUSG00000026563-P,2.5442179254641437,2.7106012798847736,2.443779125416539,2.757354003958427,
ENSMUSG00000046157-P,2.8327179836146357,2.8286597405370135,2.7326672938459,2.7027399709643682,
ENSMUSG00000047067-P,2.7190443432626434,2.606915153242291,2.620772577884177,2.4035355258428126,
ENSMUSG00000067928-P,1.7995643759135387,2.198256772626553,2.242062744714769,2.4496558439516534,
ENSMUSG00000047181-P,2.347955401300944,2.5142074979066815,1.801701458258359,2.3775960544773964,
ENSMUSG00000038880-P,2.822924647086312,2.8076380877602043,2.8371479683152816,2.934490294452489,
ENSMUSG00000034786-P,1.6552464933952984,2.1331338699121956,1.445311761788396,1.484259846072834,
ENSMUSG00000053746-P,1.6552464933952984,2.095468075911837,0.0,1.8374323366045544,
ENSMUSG00000032740-P,2.9422776424269426,2.874397110754338,2.8750243332609866,3.058086768230479,
ENSMUSG00000028701-P,2.767100483761365,2.7456679282239533,2.2665724746728726,2.4496558439516534,
ENSMUSG00000003360-P,2.252780182892186,2.43986701089569,1.9394155404126132,2.6552921163561893,
ENSMUSG00000032172-P,2.347955401300944,2.2774024684845027,2.443779125416539,2.0270023139014657,
ENSMUSG00000041720-P,2.9511419359709326,2.961400352040635,3.025682094667625,2.9019783273829334,
ENSMUSG00000047371-P,2.754268198132454,2.754865751127779,2.6550609795444537,2.771031098889904,
ENSMUSG00000040761-P,3.022484656115348,2.99820806382266,2.833971781329175,3.0400174277992686,
ENSMUSG00000085207-P,0.0,0.0,0.8651248360644636,1.1126662321788277,
ENSMUSG00000024190-P,2.754268198132454,2.868780378708814,2.648541717745634,2.8247160008477663,
ENSMUSG00000061838-P,2.8127223447910805,2.7593428346524647,2.8274920460144854,2.727574694412923,
ENSMUSG00000033453-P,1.4429906309045002,1.459701847083028,2.0413936459085575,1.6947876612196968,
ENSMUSG00000032251-P,2.817876587869956,2.8956179017937616,2.88035245405,2.9538596308285614,
ENSMUSG00000048118-P,2.9422776424269426,2.831994013535371,2.905321808023009,3.12649269056784,
ENSMUSG00000020444-P,2.9422776424269426,3.007692578728224,2.9795450576904727,2.916994876200561,
ENSMUSG00000048175-P,2.7732801675235845,2.7211153762382994,2.833971781329175,2.6336747822560156,
ENSMUSG00000049744-P,0.0,1.9519984617276487,0.0,1.1126662321788277,
ENSMUSG00000047989-P,2.822924647086312,2.740941625435471,2.3842800019604167,2.524865291762277,
ENSMUSG00000071253-P,2.817876587869956,2.5643385114090353,2.806953231143538,2.5707419177252406,
ENSMUSG00000045302-P,2.7190443432626434,2.7106012798847736,2.5815768475995338,2.7902455099870553,
ENSMUSG00000041841-P,3.4673337257653545,3.504347477435219,3.5159853838274433,3.4584941873628847,
ENSMUSG00000070544-P,3.3546636224382382,3.313647952660999,3.1778331159921565,3.4157798641437536,
ENSMUSG00000036435-P,2.461828028183353,2.5030452451043868,2.5047080156972648,2.2456192392505634,
ENSMUSG00000039157-P,2.895677968810237,2.8218511271322027,2.6967184748753983,2.864197802147477,
ENSMUSG00000052534-P,3.2137979871545457,3.2421063413662403,3.341977781912434,3.352582773524066,
ENSMUSG00000015932-P,3.360771917644502,3.283469728263546,3.2395905762104067,3.4019152236485,
ENSMUSG00000040612-P,3.1451173093661424,3.1469382522423484,3.1168097275897115,3.1711343720159353,
ENSMUSG00000067795-P,1.9917914642976264,2.341246213959001,1.9394155404126132,2.0953528215154256,
ENSMUSG00000021010-P,2.3192145608562917,2.4103471503975396,2.1215023751710116,2.524865291762277,
ENSMUSG00000004285-P,3.4140937141182044,3.4112497262832844,3.3820573380345724,3.4313334402440665,
ENSMUSG00000044927-P,1.907064870753855,1.8892371947312578,1.8763483827709528,1.484259846072834,
ENSMUSG00000027782-P,2.9201507307165766,2.868780378708814,2.6854687482556345,2.9475845804178036,
ENSMUSG00000038064-P,1.907064870753855,1.2421002558951926,2.0413936459085575,1.6947876612196968,
ENSMUSG00000005575-P,2.9809574710417057,2.9848930171113923,3.009867422817034,3.0934604165243327,
ENSMUSG00000029034-P,2.3743170763364394,2.545325280539927,2.3307758766228757,2.4496558439516534,
ENSMUSG00000034768-P,2.5442179254641437,2.4103471503975396,1.7109981910635972,2.349315770906976,
ENSMUSG00000017802-P,2.421186457903286,2.2267449724753265,2.4818141549904005,2.2023647052041646,
ENSMUSG00000032050-P,3.2619048325424607,3.2246089150793096,3.2131092581985508,3.3309438524774153,
ENSMUSG00000050856-P,3.508259154842902,3.535254637165884,3.5022536256202157,3.474916986989317,
ENSMUSG00000028051-P,0.0,1.2421002558951926,0.0,1.1126662321788277,
ENSMUSG00000056952-P,2.8467048188058475,2.8956179017937616,2.8208353001706152,2.7027399709643682,
ENSMUSG00000047547-P,3.158704435900332,3.116872313645432,3.129051099173832,3.160867291573803,
ENSMUSG00000027598-P,2.733718476737655,2.7106012798847736,2.635011449491469,2.8247160008477663,
ENSMUSG00000060227-P,3.1121309686143013,2.9127304872226962,2.956131077605516,3.060003306116963,
ENSMUSG00000024576-P,3.2203128840641693,3.1911787554954776,3.2207479967793677,3.2577534522330347,
ENSMUSG00000030697-P,2.3986367260122026,2.198256772626553,2.3842800019604167,2.349315770906976,
ENSMUSG00000024191-P,2.3986367260122026,1.9519984617276487,2.3107460688711234,2.4496558439516534,
ENSMUSG00000030286-P,2.995686400842219,2.965178695981451,2.969041020366587,2.9629575904382133,
ENSMUSG00000031970-P,1.907064870753855,2.1331338699121956,1.9394155404126132,2.1528902206445597,
ENSMUSG00000091475-P,2.2138344837228114,2.095468075911837,0.0,1.6947876612196968,
ENSMUSG00000026509-P,2.855598235056039,2.907968100513055,2.8274920460144854,2.9019783273829334,
ENSMUSG00000035762-P,2.7732801675235845,2.5821541063716693,2.2156310537137593,2.8817394037700357,
ENSMUSG00000099689-P,2.061184138190143,2.1331338699121956,1.7109981910635972,2.0953528215154256,
ENSMUSG00000034377-P,3.0117140754003935,2.955611443463124,2.905321808023009,3.033639956031705,
ENSMUSG00000039715-P,2.7034897912608202,2.5142074979066815,2.635011449491469,2.5077886040937423,
ENSMUSG00000098113-P,0.0,0.8785749788291128,0.0,1.484259846072834,
ENSMUSG00000007379-P,0.0,0.8785749788291128,1.801701458258359,0.0,
ENSMUSG00000087083-P,1.7995643759135387,1.8149309228014727,0.0,1.484259846072834,
ENSMUSG00000023064-P,2.7732801675235845,2.811269185405351,2.6418610549900436,2.7776010444902117,
ENSMUSG00000030554-P,3.1342920030479853,3.0657166078450993,3.0793877707449933,3.024833041247217,
ENSMUSG00000037221-P,2.65041492888618,2.6222713615892594,2.3496308968536934,2.735350272607458,
ENSMUSG00000006005-P,3.319605477268319,3.1886034542217163,3.1824416636952257,3.3668583293343723,
ENSMUSG00000038608-P,2.2138344837228114,2.1331338699121956,2.083632204854801,2.0270023139014657,
ENSMUSG00000104682-P,1.4429906309045002,1.9519984617276487,1.596772442286542,2.0270023139014657,
ENSMUSG00000022023-P,3.028700186901335,3.016784085469559,2.96542736743422,3.0729554428434174,
ENSMUSG00000041135-P,1.7995643759135387,2.3001027890519743,2.3107460688711234,2.3775960544773964,
ENSMUSG00000091183-P,1.4429906309045002,0.8785749788291128,2.2156310537137593,1.484259846072834,
ENSMUSG00000026820-P,2.678276639784948,2.8448909217158174,2.4002663380723464,2.6552921163561893,
ENSMUSG00000030352-P,2.8074576896077374,2.949670508270182,2.788424874237413,2.8817394037700357,
ENSMUSG00000034295-P,0.0,0.0,2.1215023751710116,1.484259846072834,
ENSMUSG00000037646-P,2.9266931882037093,2.7680662867025294,2.8274920460144854,2.9058243430072372,
ENSMUSG00000040167-P,2.7607656236629645,2.6296386370446947,2.5979257959037816,2.868706121382282,
ENSMUSG00000077767-P,2.2876704541404798,2.4793594992850077,1.9394155404126132,2.2456192392505634,
ENSMUSG00000055239-P,2.9784049279042777,2.9848930171113923,2.9846174258109266,3.0619027343860385,
ENSMUSG00000031489-P,1.7995643759135387,2.1672040515391857,1.445311761788396,1.8374323366045544,
ENSMUSG00000035093-P,3.107959553884404,2.981435591192325,3.0351781418558827,3.1091323563546616,
ENSMUSG00000032306-P,2.6693083767598873,2.6296386370446947,2.4934836894364327,2.6221846390046615,
ENSMUSG00000043535-P,2.6869516984758546,2.657258972959217,2.6854687482556345,2.7902455099870553,
ENSMUSG00000025869-P,2.6193395162899162,2.6222713615892594,2.469665851254174,2.5077886040937423,
ENSMUSG00000007613-P,2.5442179254641437,2.772317476967576,2.746663866846133,2.540989606927098,
ENSMUSG00000049571-P,1.7995643759135387,0.8785749788291128,1.8763483827709528,1.6947876612196968,
ENSMUSG00000018983-P,1.7995643759135387,2.1331338699121956,2.2665724746728726,2.0270023139014657,
ENSMUSG00000024870-P,2.975822859798234,2.9594871586509357,2.833971781329175,3.0421019840189705,
ENSMUSG00000043487-P,2.061184138190143,2.6222713615892594,2.1215023751710116,1.9434952791684947,
ENSMUSG00000017831-P,2.2138344837228114,2.095468075911837,1.2275493591623887,2.2023647052041646,
ENSMUSG00000024947-P,2.497608995338276,2.5906548897977633,2.768407923745648,2.6221846390046615,
ENSMUSG00000025478-P,1.6552464933952984,1.9519984617276487,2.3107460688711234,0.0,
ENSMUSG00000028032-P,2.91341752938336,2.947655109971288,2.89810624883056,2.771031098889904,
ENSMUSG00000029772-P,3.398469847559897,3.377858608670499,3.412062197693133,3.3767647652393853,
ENSMUSG00000075704-P,2.3192145608562917,2.2530295756883016,2.083632204854801,2.3775960544773964,
ENSMUSG00000028599-P,2.2138344837228114,2.053453986246826,2.083632204854801,0.0,
ENSMUSG00000059820-P,2.7034897912608202,2.6222713615892594,2.469665851254174,2.584520678076253,
ENSMUSG00000085776-P,1.071456397614503,1.6107808256217575,1.7109981910635972,1.1126662321788277,
ENSMUSG00000022426-P,2.608142838150247,2.663743477241979,2.3842800019604167,2.31827692187783,
ENSMUSG00000011831-P,3.0934152808415813,2.9594871586509357,3.0007339566620463,3.152501300487313,
ENSMUSG00000064246-P,2.480258076587797,2.5989041065386944,2.6967184748753983,2.5077886040937423,
ENSMUSG00000004085-P,2.5842910381109783,2.6882108464557377,2.5155173877129626,2.7428974109991633,
ENSMUSG00000042686-P,2.8467048188058475,2.7764980104975905,2.6854687482556345,2.965910471786865,
ENSMUSG00000028626-P,1.907064870753855,2.394450335799839,2.186984164853306,1.6947876612196968,
ENSMUSG00000068196-P,3.4920501360912692,3.4527770547802934,3.481400572602016,3.452401847663252,
ENSMUSG00000030088-P,2.822924647086312,2.9103614991004734,2.936309726561106,2.9276509031263904,
ENSMUSG00000058351-P,3.0777805952994894,3.109332867526112,3.120382455144553,3.017985223941575,
ENSMUSG00000007739-P,3.0728539333961775,3.0585020468929156,3.1037936870246297,3.020291844804969,
ENSMUSG00000031590-P,2.91341752938336,2.811269185405351,2.605753386049364,2.9310960767366425,
ENSMUSG00000025505-P,2.7607656236629645,2.7925551849244274,2.7326672938459,2.8501390035373046,
ENSMUSG00000039194-P,2.7034897912608202,2.5249572072893645,2.893169130999024,2.5707419177252406,
ENSMUSG00000028863-P,2.421186457903286,2.6996450084665087,2.5359981702370633,2.584520678076253,
ENSMUSG00000002660-P,2.8804502361156588,2.9632974474115157,2.914607401096712,2.9773482709211447,
ENSMUSG00000048612-P,3.0139111134127097,3.022641410931058,3.1122547743099864,3.0561528295798364,
ENSMUSG00000005609-P,2.9266931882037093,2.99820806382266,2.890661036930146,3.0156539477558573,
ENSMUSG00000054720-P,2.8074576896077374,2.885246243216641,2.934229416733908,2.835207283763672,
ENSMUSG00000031246-P,3.237903748518924,3.187954334658279,3.2306543295293695,3.2626699230592693,
ENSMUSG00000014603-P,1.907064870753855,1.8149309228014727,2.2665724746728726,0.0,
ENSMUSG00000031838-P,2.837470621966492,2.8630278549864396,2.9076782145678775,2.6654832579996888,
ENSMUSG00000031922-P,2.779311584844936,2.763742190819454,2.5898711023906955,2.7840032545917266,
ENSMUSG00000045094-P,0.0,0.0,1.9394155404126132,1.1126662321788277,
ENSMUSG00000047141-P,2.461828028183353,2.321328724343416,2.691153657904061,2.489650674607176,
ENSMUSG00000032288-P,3.0347424281781747,3.048486152255945,2.9617547109034574,2.9058243430072372,
ENSMUSG00000054717-P,2.2876704541404798,2.1331338699121956,2.4154677776220805,2.31827692187783,
ENSMUSG00000029438-P,2.790955099484594,2.1331338699121956,2.242062744714769,2.6939070764766924,
ENSMUSG00000026895-P,3.212968017827447,3.2391323644679604,3.232172919326963,3.1766178055915284,
ENSMUSG00000038555-P,2.855598235056039,3.0182632408137593,2.7555862931958126,2.845263652023838,
ENSMUSG00000035293-P,2.2138344837228114,2.5030452451043868,2.083632204854801,2.6847672255169943,
ENSMUSG00000022141-P,3.1714296765366377,3.1745031596579656,3.0939689450566643,3.3117632700641684,
ENSMUSG00000024002-P,3.0608913143890883,3.044605916827859,2.893169130999024,3.153717971646664,
ENSMUSG00000048874-P,3.1330528051815207,3.0703935214298257,3.130741591691041,3.1798366368697626,
ENSMUSG00000006476-P,2.74760029431152,2.947655109971288,3.032507234229698,2.8402877222574237,
ENSMUSG00000066357-P,3.3463153286143714,3.3728665252946963,3.360272146626761,3.350875954280489,
ENSMUSG00000038646-P,2.7607656236629645,2.4793594992850077,2.8307534905836054,2.6336747822560156,
ENSMUSG00000105729-P,0.0,1.6107808256217575,1.8763483827709528,1.8374323366045544,
ENSMUSG00000041570-P,2.995686400842219,2.965178695981451,2.989576692841649,3.001119575272491,
ENSMUSG00000045930-P,2.252780182892186,2.2267449724753265,2.469665851254174,2.0953528215154256,
ENSMUSG00000002324-P,2.3986367260122026,2.573387236635776,2.605753386049364,2.0270023139014657,
ENSMUSG00000030493-P,1.907064870753855,2.053453986246826,1.801701458258359,1.8374323366045544,
ENSMUSG00000022199-P,3.740360471161876,3.7476908017160184,3.7746367092624635,3.6672574859396985,
ENSMUSG00000052584-P,2.061184138190143,1.8892371947312578,2.0413936459085575,2.0270023139014657,
ENSMUSG00000027108-P,2.9651861242182878,2.9536483891989644,3.020063131548343,2.9276509031263904,
ENSMUSG00000023960-P,3.2170828151950337,3.2516972839514127,3.2540635618764564,3.120867326976366,
ENSMUSG00000044365-P,2.660028037107889,2.5549907672618524,2.5898711023906955,2.5562549303859377,
ENSMUSG00000056735-P,1.907064870753855,1.6107808256217575,0.0,1.6947876612196968,
ENSMUSG00000012422-P,2.954021439025054,2.9949536301931916,2.8777033839386323,2.885929005844027,
ENSMUSG00000062040-P,1.907064870753855,2.2530295756883016,0.0,2.31827692187783,
ENSMUSG00000028890-P,2.822924647086312,2.693990058396147,2.8104979513609116,2.8940909482477233,
ENSMUSG00000042129-P,1.9917914642976264,2.2530295756883016,0.8651248360644636,1.484259846072834,
ENSMUSG00000069631-P,2.461828028183353,2.7456679282239533,2.6796588600767435,2.4035355258428126,
ENSMUSG00000040242-P,2.959672811076727,2.882580299100145,3.0068649323946404,3.0060721060541935,
ENSMUSG00000039959-P,2.678276639784948,2.5142074979066815,2.3842800019604167,2.7428974109991633,
ENSMUSG00000020227-P,1.7995643759135387,1.2421002558951926,0.8651248360644636,1.484259846072834,
ENSMUSG00000020297-P,3.4255940446340256,3.4494093388374436,3.447786603545054,3.3829531579531356,
ENSMUSG00000061689-P,3.169364314567444,3.2544826514230336,3.2207479967793677,3.1861214562793405,
ENSMUSG00000040586-P,2.3986367260122026,2.1331338699121956,2.2665724746728726,2.4496558439516534,
ENSMUSG00000051435-P,3.211297365661766,3.0974818653903275,3.1122547743099864,3.320086940599654,
ENSMUSG00000070527-P,1.071456397614503,1.2421002558951926,1.596772442286542,1.484259846072834,
ENSMUSG00000022427-P,2.895677968810237,2.885246243216641,2.691153657904061,2.764285073155202,
ENSMUSG00000020553-P,2.2876704541404798,2.341246213959001,2.5815768475995338,1.8374323366045544,
ENSMUSG00000031198-P,3.16303678377952,3.0974818653903275,3.0442740888529856,3.101444225770133,
ENSMUSG00000061524-P,2.7607656236629645,2.053453986246826,2.3107460688711234,2.6101912964338725,
ENSMUSG00000030403-P,2.8327179836146357,2.930856317882744,2.9523027395515853,2.9019783273829334,
ENSMUSG00000023931-P,2.421186457903286,2.4793594992850077,2.6133654113606313,2.4274661660492587,
ENSMUSG00000005045-P,2.421186457903286,2.3001027890519743,1.596772442286542,2.7027399709643682,
ENSMUSG00000089875-P,0.0,1.459701847083028,0.0,1.484259846072834,
ENSMUSG00000038390-P,2.802078144142687,2.7806100365412996,2.620772577884177,2.6552921163561893,
ENSMUSG00000002748-P,3.158704435900332,3.0923372815809302,3.015751675175993,3.2121537214721143,
ENSMUSG00000001089-P,3.074508975713848,3.0645310707022078,2.96542736743422,3.1399133703735016,
ENSMUSG00000034349-P,2.7965789605286684,2.6882108464557377,2.3307758766228757,2.868706121382282,
ENSMUSG00000027860-P,2.790955099484594,2.8076380877602043,2.8371479683152816,2.7840032545917266,
ENSMUSG00000085890-P,1.071456397614503,1.2421002558951926,0.0,1.484259846072834,
ENSMUSG00000001014-P,1.6552464933952984,0.8785749788291128,0.0,1.1126662321788277,
ENSMUSG00000052056-P,2.3192145608562917,2.491440368638206,2.155759553322986,2.349315770906976,
ENSMUSG00000020235-P,2.7034897912608202,2.7106012798847736,2.605753386049364,2.7963350765827735,
ENSMUSG00000071637-P,2.1196222755147707,2.198256772626553,2.242062744714769,2.31827692187783,
ENSMUSG00000097462-P,1.7995643759135387,2.0060887051699368,0.0,2.2839445115691266,
ENSMUSG00000043263-P,1.7995643759135387,1.8149309228014727,0.0,1.484259846072834,
ENSMUSG00000019173-P,3.212968017827447,3.2129499277535407,3.1654670680807255,3.167770320649741,
ENSMUSG00000009076-P,2.5442179254641437,2.6882108464557377,2.6676431081265495,2.524865291762277,
ENSMUSG00000054792-P,2.513991467947046,2.545325280539927,2.083632204854801,2.6101912964338725,
ENSMUSG00000020491-P,1.9917914642976264,1.8892371947312578,0.0,2.0953528215154256,
ENSMUSG00000018570-P,1.071456397614503,0.0,1.8763483827709528,0.0,
ENSMUSG00000066800-P,1.6552464933952984,1.7246040061391812,0.0,2.0953528215154256,
ENSMUSG00000028053-P,3.1804671933347355,3.1645141685508067,3.1066526768181144,3.3013607875293864,
ENSMUSG00000032261-P,3.022484656115348,3.0352699624161876,3.104751074337567,3.020291844804969,
ENSMUSG00000029551-P,2.513991467947046,2.6700745323910153,2.3842800019604167,2.5707419177252406,
ENSMUSG00000027210-P,2.608142838150247,2.5249572072893645,2.661425902472211,2.6939070764766924,
ENSMUSG00000017286-P,2.678276639784948,2.7159115207719005,2.746663866846133,2.7776010444902117,
ENSMUSG00000027957-P,2.6953508096555665,2.7361264510988956,2.840283064766016,2.489650674607176,
ENSMUSG00000086851-P,1.071456397614503,1.2421002558951926,1.7109981910635972,1.1126662321788277,
ENSMUSG00000056999-P,3.009494763579019,3.1303038223450046,3.0442740888529856,3.0462114095428063,
ENSMUSG00000102101-P,2.6193395162899162,2.5030452451043868,2.648541717745634,2.1528902206445597,
ENSMUSG00000051297-P,1.071456397614503,1.2421002558951926,0.0,0.0,
ENSMUSG00000103731-P,1.7995643759135387,1.6107808256217575,0.8651248360644636,2.2023647052041646,
ENSMUSG00000078486-P,1.6552464933952984,0.0,0.0,1.1126662321788277,
ENSMUSG00000003190-P,1.7995643759135387,1.8149309228014727,1.9937805887193352,1.1126662321788277,
ENSMUSG00000051285-P,3.046341728224016,2.996586841229019,2.9235351812361587,3.1278752057118457,
ENSMUSG00000098098-P,2.2876704541404798,1.8892371947312578,2.186984164853306,1.6947876612196968,
ENSMUSG00000051510-P,2.9651861242182878,2.868780378708814,2.982939439893401,3.0085071336738873,
ENSMUSG00000037110-P,2.7607656236629645,2.7262167284148284,2.525939166166587,2.757354003958427,
ENSMUSG00000006281-P,2.3743170763364394,2.394450335799839,0.0,2.597652509811574,
ENSMUSG00000022674-P,2.252780182892186,2.2530295756883016,2.4934836894364327,2.2456192392505634,
ENSMUSG00000027770-P,2.9932985289172054,2.8716053441942893,3.0429979716855775,3.063785337113564,
ENSMUSG00000036815-P,2.2138344837228114,2.053453986246826,2.3307758766228757,2.1528902206445597,
ENSMUSG00000030677-P,2.061184138190143,1.459701847083028,2.2156310537137593,2.0953528215154256,
ENSMUSG00000097318-P,1.9917914642976264,1.8892371947312578,1.9937805887193352,1.6947876612196968,
ENSMUSG00000025789-P,0.0,0.8785749788291128,1.596772442286542,1.9434952791684947,
ENSMUSG00000025894-P,2.678276639784948,2.6762587209653836,2.7278269792810614,2.7902455099870553,
ENSMUSG00000030801-P,2.3986367260122026,2.5906548897977633,1.2275493591623887,2.1528902206445597,
ENSMUSG00000032763-P,2.9422776424269426,2.9933082638375237,2.8668008141831987,2.8402877222574237,
ENSMUSG00000038324-P,2.995686400842219,3.0030014203384714,3.0442740888529856,2.9276509031263904,
ENSMUSG00000030201-P,3.263188648536127,3.2288716750115585,3.243906911156321,3.279882154635341,
ENSMUSG00000033068-P,2.1196222755147707,2.198256772626553,2.3107460688711234,2.2456192392505634,
ENSMUSG00000016018-P,3.0810021539550045,3.0772204040610465,2.8695737170991973,3.0109154230513755,
ENSMUSG00000074994-P,2.9705675486302265,2.941499505673579,2.852431611707223,3.0885191174211215,
ENSMUSG00000032560-P,2.790955099484594,2.831994013535371,2.8494514251412104,2.8402877222574237,
ENSMUSG00000022439-P,1.4429906309045002,0.0,0.0,1.1126662321788277,
ENSMUSG00000045767-P,3.212134486961475,3.1532273419982815,3.020063131548343,3.183004011664077,
ENSMUSG00000043241-P,3.0728539333961775,3.0211917797451813,3.051775346300983,3.145042958966888,
ENSMUSG00000015748-P,2.802078144142687,2.763742190819454,2.7228941187888074,2.6939070764766924,
ENSMUSG00000048330-P,2.822924647086312,2.754865751127779,2.969041020366587,2.7840032545917266,
ENSMUSG00000020380-P,2.7607656236629645,2.6700745323910153,2.3842800019604167,2.916994876200561,
ENSMUSG00000039145-P,3.2018434423073145,3.1532273419982815,3.0298029247583442,3.1951885121988233,
ENSMUSG00000041491-P,1.9917914642976264,2.0060887051699368,1.2275493591623887,2.0270023139014657,
ENSMUSG00000032459-P,2.461828028183353,2.5249572072893645,2.083632204854801,2.2456192392505634,
ENSMUSG00000015363-P,2.754268198132454,2.763742190819454,2.6418610549900436,2.7840032545917266,
ENSMUSG00000027680-P,3.1241610790390903,3.053552806023277,3.020063131548343,3.1292484314258484,
ENSMUSG00000035539-P,1.071456397614503,0.0,0.8651248360644636,1.484259846072834,
ENSMUSG00000045284-P,3.2820411656696455,3.2208001153525876,3.176496467858433,3.2467674754610996,
ENSMUSG00000033054-P,2.461828028183353,2.545325280539927,2.3496308968536934,2.764285073155202,
ENSMUSG00000064338-P,2.9705675486302265,2.8904892923595784,2.6418610549900436,2.8300181780360933,
ENSMUSG00000024873-P,2.3192145608562917,2.2774024684845027,2.4154677776220805,2.597652509811574,
ENSMUSG00000097537-P,2.347955401300944,2.2530295756883016,2.2665724746728726,2.3775960544773964,
ENSMUSG00000043614-P,2.347955401300944,2.3599954797460105,2.1215023751710116,2.31827692187783,
ENSMUSG00000027710-P,1.4429906309045002,2.1672040515391857,0.0,1.6947876612196968,
ENSMUSG00000007570-P,2.252780182892186,2.6700745323910153,2.5155173877129626,2.2456192392505634,
ENSMUSG00000052951-P,1.071456397614503,1.7246040061391812,0.0,1.8374323366045544,
ENSMUSG00000033021-P,2.6404463034313403,2.693990058396147,2.7127372495593884,2.6552921163561893,
ENSMUSG00000067148-P,2.837470621966492,2.763742190819454,2.6967184748753983,2.735350272607458,
ENSMUSG00000013663-P,3.0003860686704282,2.9351731699384955,3.028437998269926,3.0060721060541935,
ENSMUSG00000006800-P,2.480258076587797,2.5353215762700656,2.2665724746728726,2.524865291762277,
ENSMUSG00000022843-P,2.3192145608562917,2.1672040515391857,2.2665724746728726,2.0270023139014657,
ENSMUSG00000039899-P,2.1196222755147707,1.6107808256217575,0.0,1.6947876612196968,
ENSMUSG00000042557-P,2.822924647086312,2.7456679282239533,2.6550609795444537,2.5562549303859377,
ENSMUSG00000038884-P,2.1698842315707574,2.095468075911837,1.7109981910635972,2.349315770906976,
ENSMUSG00000035692-P,1.907064870753855,2.095468075911837,0.0,2.1528902206445597,
ENSMUSG00000063801-P,2.6404463034313403,2.7211153762382994,2.4818141549904005,2.7195575207677583,
ENSMUSG00000059456-P,2.8074576896077374,2.8600987364452664,2.7511641644374496,2.8900454046307034,
ENSMUSG00000031637-P,1.4429906309045002,1.6107808256217575,0.0,1.9434952791684947,
ENSMUSG00000036202-P,3.004987601213568,2.930856317882744,2.88035245405,3.1620344633158486,
ENSMUSG00000043411-P,3.0203726761656173,3.1303038223450046,3.0468037912735055,3.154927331555668,
ENSMUSG00000017670-P,2.8074576896077374,2.81837432152161,2.9484086299192884,2.81375346813342,
ENSMUSG00000014846-P,2.6693083767598873,2.6700745323910153,2.768407923745648,2.727574694412923,
ENSMUSG00000030611-P,2.7034897912608202,2.5549907672618524,1.8763483827709528,2.6939070764766924,
ENSMUSG00000034563-P,2.995686400842219,2.9536483891989644,2.9760982283675395,2.8501390035373046,
ENSMUSG00000010057-P,2.6404463034313403,2.43986701089569,2.5979257959037816,2.470323600916517,
ENSMUSG00000020886-P,3.1051311076413817,3.2023672457059886,3.0683163424991116,3.177696563763369,
ENSMUSG00000018171-P,3.030733071611051,3.0510344807526057,3.086805233350573,2.959965485705852,
ENSMUSG00000008348-P,3.311896176711081,3.37668279393101,3.291814367425244,3.353006941651894,
ENSMUSG00000042659-P,2.3743170763364394,2.053453986246826,2.2665724746728726,1.6947876612196968,
ENSMUSG00000019647-P,2.461828028183353,2.5353215762700656,2.457001420371913,2.5562549303859377,
ENSMUSG00000021709-P,2.956864784431843,2.8218511271322027,2.796003138682647,3.017985223941575,
ENSMUSG00000086769-P,1.071456397614503,0.8785749788291128,1.2275493591623887,2.0953528215154256,
ENSMUSG00000031617-P,2.9298959923501324,2.9949536301931916,2.942439429782009,2.980118640704985,
ENSMUSG00000071650-P,3.194668773474841,3.171699887461947,3.0825988321369264,3.107617399893542,
ENSMUSG00000024098-P,2.91341752938336,2.81837432152161,2.969041020366587,2.7776010444902117,
ENSMUSG00000046806-P,2.2138344837228114,2.0060887051699368,2.5457169779959123,2.6101912964338725,
ENSMUSG00000040661-P,2.4421888308404,2.6996450084665087,2.5155173877129626,2.7027399709643682,
ENSMUSG00000040675-P,1.7995643759135387,1.8149309228014727,2.083632204854801,1.8374323366045544,
ENSMUSG00000016487-P,2.779311584844936,2.7361264510988956,2.6854687482556345,2.7840032545917266,
ENSMUSG00000028967-P,2.1196222755147707,2.2774024684845027,1.8763483827709528,2.4274661660492587,
ENSMUSG00000036197-P,2.895677968810237,2.900636641044257,2.8695737170991973,2.864197802147477,
ENSMUSG00000105302-P,0.0,1.7246040061391812,1.596772442286542,2.4035355258428126,
ENSMUSG00000028057-P,2.608142838150247,2.7806100365412996,2.5642146220154145,2.727574694412923,
ENSMUSG00000031513-P,3.0266480536455433,2.9670443432827005,3.098939341024289,2.9475845804178036,
ENSMUSG00000042198-P,2.9511419359709326,2.9127304872226962,2.982939439893401,2.9475845804178036,
ENSMUSG00000022751-P,2.252780182892186,2.2530295756883016,2.2665724746728726,2.2839445115691266,
ENSMUSG00000033585-P,2.74760029431152,2.754865751127779,2.817437698015667,2.5562549303859377,
ENSMUSG00000038058-P,2.2138344837228114,2.394450335799839,2.3842800019604167,2.470323600916517,
ENSMUSG00000042745-P,3.2606122181567523,3.226218522779614,3.113173855719506,3.2201123118366373,
ENSMUSG00000026096-P,2.3192145608562917,2.636812133012038,2.6279848361427183,2.4496558439516534,
ENSMUSG00000072662-P,2.7113831756594373,2.394450335799839,2.6796588600767435,2.584520678076253,
ENSMUSG00000023764-P,2.6404463034313403,2.5353215762700656,2.367431233629665,2.6221846390046615,
ENSMUSG00000040483-P,2.061184138190143,1.9519984617276487,1.9937805887193352,1.484259846072834,
ENSMUSG00000033047-P,2.8804502361156588,2.970729788781496,3.063720189236177,2.868706121382282,
ENSMUSG00000032602-P,2.983481114088348,2.831994013535371,2.8464338647336755,2.7840032545917266,
ENSMUSG00000064340-P,2.909976107720614,2.8571332961676803,2.469665851254174,2.7428974109991633,
ENSMUSG00000019971-P,3.091903331850564,2.983171016420134,2.934229416733908,3.1512772345392706,
ENSMUSG00000031256-P,2.891962492384467,2.8352831654245976,2.186984164853306,2.9310960767366425,
ENSMUSG00000023826-P,1.907064870753855,2.4667654917753103,1.8763483827709528,2.4496558439516534,
ENSMUSG00000070643-P,2.3743170763364394,2.4536168454275327,2.367431233629665,2.524865291762277,
ENSMUSG00000022568-P,2.5442179254641437,2.425463555361774,2.5898711023906955,1.9434952791684947,
ENSMUSG00000024548-P,2.5295004401257075,2.1331338699121956,2.3496308968536934,2.4035355258428126,
ENSMUSG00000050199-P,2.754268198132454,2.6762587209653836,2.7075060288837647,2.489650674607176,
ENSMUSG00000057440-P,2.9809574710417057,2.9670443432827005,2.9523027395515853,3.078272364906108,
ENSMUSG00000022010-P,3.4127050417930636,3.4266000786784754,3.402030544857221,3.386143052918875,
ENSMUSG00000024083-P,3.2593106909421237,3.168139374207557,3.199272907101899,3.2591712676500237,
ENSMUSG00000072763-P,2.1698842315707574,2.4103471503975396,2.457001420371913,2.4496558439516534,
ENSMUSG00000030616-P,2.902936562267875,2.8448909217158174,2.8668008141831987,2.9569331729067194,
ENSMUSG00000003949-P,3.0139111134127097,2.9670443432827005,2.7766074393788767,2.9717023305111954,
ENSMUSG00000085184-P,1.907064870753855,0.8785749788291128,0.0,1.6947876612196968,
ENSMUSG00000066595-P,2.733718476737655,2.6882108464557377,2.7766074393788767,2.6221846390046615,
ENSMUSG00000046714-P,2.497608995338276,2.341246213959001,0.0,1.8374323366045544,
ENSMUSG00000004263-P,3.0072527516329703,3.0014151946454275,2.9029413223135947,3.0400174277992686,
ENSMUSG00000021929-P,2.802078144142687,2.7051805537332947,2.7127372495593884,2.854917495379022,
ENSMUSG00000074480-P,1.6552464933952984,2.377695997826456,0.8651248360644636,2.4035355258428126,
ENSMUSG00000000127-P,2.7113831756594373,2.7680662867025294,2.661425902472211,2.7840032545917266,
ENSMUSG00000075256-P,2.1196222755147707,1.8149309228014727,1.596772442286542,2.2456192392505634,
ENSMUSG00000028811-P,2.5715546558045084,2.6222713615892594,2.5898711023906955,2.6847672255169943,
ENSMUSG00000025016-P,3.282618770191183,3.250759665260508,3.264130170115701,3.180898069093755,
ENSMUSG00000034957-P,2.1196222755147707,1.7246040061391812,1.801701458258359,2.2023647052041646,
ENSMUSG00000025862-P,3.090380354014981,2.9899803804805645,2.9029413223135947,3.0711529389548944,
ENSMUSG00000024800-P,2.1196222755147707,2.321328724343416,2.4002663380723464,2.2839445115691266,
ENSMUSG00000025104-P,2.8327179836146357,2.7764980104975905,2.840283064766016,2.885929005844027,
ENSMUSG00000078201-P,2.3986367260122026,2.5821541063716693,2.840283064766016,2.5707419177252406,
ENSMUSG00000042506-P,3.0117140754003935,2.941499505673579,3.021481537525398,2.9569331729067194,
ENSMUSG00000101059-P,0.0,0.0,0.0,1.1126662321788277,
ENSMUSG00000022629-P,3.0139111134127097,2.838528318877882,2.8668008141831987,3.0060721060541935,
ENSMUSG00000049287-P,2.5442179254641437,2.5249572072893645,2.5730295558604337,2.4035355258428126,
ENSMUSG00000033792-P,3.009494763579019,3.1645141685508067,3.200464131216817,3.0561528295798364,
ENSMUSG00000018707-P,3.237903748518924,3.2558601321496683,3.207462941702888,3.2848746064146654,
ENSMUSG00000018293-P,2.939244510427673,2.8218511271322027,2.8829721626411575,2.909607875235306,
ENSMUSG00000026547-P,2.8511926531990177,2.81837432152161,2.7599327347215863,2.7902455099870553,
ENSMUSG00000026527-P,2.2138344837228114,1.6107808256217575,2.7420827985535605,2.2456192392505634,
ENSMUSG00000085945-P,2.4421888308404,2.4793594992850077,2.4154677776220805,2.4035355258428126,
ENSMUSG00000071369-P,2.9234451695671373,2.9351731699384955,2.9235351812361587,2.990867772460306,
ENSMUSG00000015970-P,2.779311584844936,2.7159115207719005,2.635011449491469,2.8247160008477663,
ENSMUSG00000017314-P,2.660028037107889,2.5249572072893645,2.5898711023906955,2.8731306132917562,
ENSMUSG00000051579-P,3.0761511340794727,3.0352699624161876,2.9191144006048058,3.0462114095428063,
ENSMUSG00000093606-P,2.1196222755147707,2.198256772626553,0.0,2.1528902206445597,
ENSMUSG00000049090-P,2.9884441045022574,2.9196955290462374,2.914607401096712,3.001119575272491,
ENSMUSG00000032307-P,2.65041492888618,2.5643385114090353,2.4934836894364327,2.6552921163561893,
ENSMUSG00000062866-P,3.3487405857504497,3.2416138830606243,3.229123645111238,3.3857914769714794,
ENSMUSG00000041685-P,2.983481114088348,2.9127304872226962,3.0566339215145923,3.044166525605284,
ENSMUSG00000046807-P,2.2138344837228114,2.341246213959001,0.8651248360644636,2.0270023139014657,
ENSMUSG00000027305-P,2.421186457903286,2.491440368638206,2.155759553322986,2.4035355258428126,
ENSMUSG00000031715-P,3.0711858162714325,2.930856317882744,3.021481537525398,3.0156539477558573,
ENSMUSG00000005699-P,2.461828028183353,2.5353215762700656,2.605753386049364,2.470323600916517,
ENSMUSG00000042594-P,2.5295004401257075,2.5142074979066815,2.4154677776220805,2.0953528215154256,
ENSMUSG00000071652-P,2.5295004401257075,2.5353215762700656,2.7420827985535605,2.349315770906976,
ENSMUSG00000019933-P,1.9917914642976264,1.6107808256217575,1.7109981910635972,2.2456192392505634,
ENSMUSG00000102664-P,1.4429906309045002,0.8785749788291128,0.0,2.31827692187783,
ENSMUSG00000020219-P,3.1486009011019203,3.1702833060709064,3.2326764592570276,3.152501300487313,
ENSMUSG00000052837-P,2.3986367260122026,2.5142074979066815,1.801701458258359,2.2023647052041646,
ENSMUSG00000022774-P,2.855598235056039,2.838528318877882,2.942439429782009,2.8402877222574237,
ENSMUSG00000031079-P,1.6552464933952984,0.8785749788291128,1.2275493591623887,1.8374323366045544,
ENSMUSG00000021149-P,2.9266931882037093,2.9127304872226962,2.893169130999024,3.0060721060541935,
ENSMUSG00000039000-P,2.779311584844936,2.8541306866228267,2.8956506955284564,2.764285073155202,
ENSMUSG00000048776-P,2.5442179254641437,2.425463555361774,2.3842800019604167,2.349315770906976,
ENSMUSG00000035173-P,2.939244510427673,2.811269185405351,2.6737188129418357,2.934490294452489,
ENSMUSG00000038780-P,2.461828028183353,2.341246213959001,2.5898711023906955,2.2456192392505634,
ENSMUSG00000026113-P,2.480258076587797,2.4793594992850077,1.7109981910635972,2.349315770906976,
ENSMUSG00000090247-P,2.421186457903286,2.377695997826456,2.2665724746728726,2.2456192392505634,
ENSMUSG00000009013-P,3.2877380895380868,3.2762220372303523,3.2645558999280877,3.279248591063086,
ENSMUSG00000027349-P,2.7732801675235845,2.8771563977771515,2.8033568111478777,2.8900454046307034,
ENSMUSG00000026315-P,2.3986367260122026,2.198256772626553,1.9937805887193352,2.0270023139014657,
ENSMUSG00000027646-P,2.802078144142687,2.7361264510988956,2.8274920460144854,2.6101912964338725,
ENSMUSG00000038827-P,2.3743170763364394,2.2530295756883016,2.3496308968536934,2.1528902206445597,
ENSMUSG00000025231-P,2.5295004401257075,2.2774024684845027,2.3496308968536934,2.349315770906976,
ENSMUSG00000020546-P,3.046341728224016,3.0510344807526057,3.1122547743099864,3.1060912660241837,
ENSMUSG00000020330-P,0.0,1.2421002558951926,2.3107460688711234,0.0,
ENSMUSG00000019088-P,1.9917914642976264,2.321328724343416,2.457001420371913,1.8374323366045544,
ENSMUSG00000020074-P,3.04445143843909,3.0269331902797525,2.9076782145678775,3.2085090865114503,
ENSMUSG00000037408-P,2.252780182892186,2.198256772626553,2.6279848361427183,2.0270023139014657,
ENSMUSG00000023046-P,2.2138344837228114,2.341246213959001,2.2665724746728726,2.0953528215154256,
ENSMUSG00000031776-P,3.009494763579019,2.9373014636783448,2.9444466065946147,3.0085071336738873,
ENSMUSG00000020899-P,2.608142838150247,2.657258972959217,2.7127372495593884,2.4274661660492587,
ENSMUSG00000055022-P,3.499693456635996,3.4584394849332374,3.46591737143782,3.4738711809707996,
ENSMUSG00000024976-P,2.790955099484594,2.7312192566336493,2.5457169779959123,2.8817394037700357,
ENSMUSG00000003199-P,2.8278705187414985,2.885246243216641,2.9029413223135947,2.941131362870242,
ENSMUSG00000039450-P,2.5964727770196876,2.6147004146828277,2.289400527784741,2.7195575207677583,
ENSMUSG00000066057-P,2.1698842315707574,2.394450335799839,2.3496308968536934,2.584520678076253,
ENSMUSG00000041649-P,0.0,0.8785749788291128,1.2275493591623887,0.0,
ENSMUSG00000042699-P,3.042544360272005,2.930856317882744,3.009867422817034,2.9443808302330066,
ENSMUSG00000032348-P,3.2044675558746674,3.2089024691640273,3.202237479959323,3.1840486342147942,
ENSMUSG00000022177-P,1.6552464933952984,1.6107808256217575,2.367431233629665,1.1126662321788277,
ENSMUSG00000045098-P,2.7852012063842517,2.636812133012038,2.788424874237413,2.81375346813342,
ENSMUSG00000024772-P,2.9361705563599982,2.961400352040635,3.0442740888529856,2.9206018420192863,
ENSMUSG00000021000-P,3.1474463644453023,3.0510344807526057,3.076126928575846,3.1372990888617918,
ENSMUSG00000056938-P,2.975822859798234,2.9761467770489367,2.9029413223135947,2.982855016765054,
ENSMUSG00000060279-P,2.7190443432626434,2.5906548897977633,2.605753386049364,2.764285073155202,
ENSMUSG00000030557-P,2.895677968810237,2.7925551849244274,2.8777033839386323,2.982855016765054,
ENSMUSG00000023118-P,2.513991467947046,2.4667654917753103,2.717865379161838,2.7027399709643682,
ENSMUSG00000021583-P,2.6193395162899162,2.4103471503975396,2.3307758766228757,2.489650674607176,
ENSMUSG00000021990-P,2.86834843105756,2.8571332961676803,2.7555862931958126,2.7840032545917266,
ENSMUSG00000029265-P,2.6953508096555665,2.75030835361769,2.620772577884177,2.6101912964338725,
ENSMUSG00000036087-P,3.0519145824246556,3.022641410931058,3.0053481418463743,3.0950818589877716,
ENSMUSG00000031479-P,2.8881872689062176,2.7106012798847736,2.8033568111478777,2.9019783273829334,
ENSMUSG00000039813-P,2.754268198132454,2.8600987364452664,2.6967184748753983,2.9019783273829334,
ENSMUSG00000044617-P,1.071456397614503,1.8892371947312578,0.0,1.9434952791684947,
ENSMUSG00000032796-P,2.1196222755147707,2.2530295756883016,2.0413936459085575,2.0270023139014657,
ENSMUSG00000038135-P,1.4429906309045002,1.2421002558951926,1.445311761788396,1.484259846072834,
