ID,28.0,30.0,3347.0,3356.0,3689.0
ENSMUSG00000027374-P,6.497881069743797,6.578810082044038,6.868552317858963,6.47450648984294,
ENSMUSG00000042626-P,4.773717179416936,5.249761165651875,5.119294833844485,4.095825131616586,
ENSMUSG00000055681-P,7.587650676784901,7.583154076116105,7.2420200413281455,7.294940016667448,
ENSMUSG00000028412-P,6.403396359164746,6.168794597769411,6.896693588259501,6.084745360660747,
ENSMUSG00000054484-P,3.499872833949994,4.477876898351648,5.531915052948042,3.602330869756028,
ENSMUSG00000024425-P,9.77927009197506,9.828260553707608,10.079538043156562,8.839074331884566,
ENSMUSG00000032216-P,10.529439758184486,10.10307486909952,10.260976136754516,10.424537368097104,
ENSMUSG00000025979-P,7.462020342800686,7.5410318711098,7.477614521655494,7.486436248924816,
ENSMUSG00000051343-P,5.5843651388493765,5.336751661916167,5.852390833229077,5.387715570888301,
ENSMUSG00000035443-P,8.034828409731569,8.133569271465676,7.941043407679104,7.758066985983726,
ENSMUSG00000028991-P,5.8652467992153925,5.770877578272352,5.7736466720356585,5.623412425038124,
ENSMUSG00000036948-P,5.513756508827198,5.770877578272352,5.458296416691542,5.887609044527258,
ENSMUSG00000033900-P,7.1137715124922245,6.2606501363599065,6.222166155140717,7.213018173345705,
ENSMUSG00000041936-P,5.144686967095041,5.091996670089199,4.279006118292288,4.541680749013652,
ENSMUSG00000034584-P,3.639066360670274,3.016917148480216,3.553526136124895,3.98736199748914,
ENSMUSG00000068921-P,5.836605448731078,5.336751661916167,5.2413627109075795,5.794112339603797,
ENSMUSG00000049670-P,4.579972749883457,4.9520524375429185,4.675344686353559,5.253653900713497,
ENSMUSG00000044224-P,5.920878125152063,5.685065173693515,6.207262667770539,6.186372170124542,
ENSMUSG00000030216-P,7.002141105753032,6.566864070201843,6.969159013687992,7.200925862831468,
ENSMUSG00000071072-P,7.324397467720096,7.182414237198111,7.636245391461139,7.260398656889082,
ENSMUSG00000021243-P,6.653770044998742,6.6709759093174945,5.908750798758959,7.006210653064658,
ENSMUSG00000016495-P,4.997208115262688,5.0582625678179705,6.349791805673653,4.541680749013652,
ENSMUSG00000026803-P,6.051238055022613,5.983511760055927,5.601958724231705,6.370382045868336,
ENSMUSG00000036188-P,5.549492748204033,5.749898233250982,5.962991549260935,5.887609044527258,
ENSMUSG00000068284-P,6.1476580781696795,5.770877578272352,5.6245707660558795,6.3486239926237875,
ENSMUSG00000033237-P,6.026091402856162,5.909765255028894,6.7501541190630325,5.7282357068308976,
ENSMUSG00000063894-P,4.434656420589223,4.528030178878593,5.298730040384409,4.755196917052203,
ENSMUSG00000027536-P,2.7504530210826617,3.2736479731305947,0.8214972740981208,3.742406201252233,
ENSMUSG00000069727-P,2.1497700180480246,2.0541709707085123,1.3416887972772054,2.5737342002457866,
ENSMUSG00000042118-P,3.499872833949994,2.8691011930276966,4.3887555887983,3.98736199748914,
ENSMUSG00000094002-P,0.0,0.0,0.0,1.1624491859884538,
ENSMUSG00000039253-P,7.027704996206866,6.725725980205628,7.538418907355164,6.4944590229545565,
ENSMUSG00000031916-P,6.075953891260875,6.168794597769411,5.833104049243173,5.549044634156289,
ENSMUSG00000025477-P,6.2380357579761,6.454650575043512,6.114456216467567,6.748191605248251,
ENSMUSG00000036371-P,9.522570185437376,9.508916073971832,9.576740744814176,9.7837869584527,
ENSMUSG00000094595-P,2.7504530210826617,0.8385583691221199,0.0,3.2733065724676464,
ENSMUSG00000041126-P,7.404638783250175,7.510173364819759,7.28523857220737,6.949520114659912,
ENSMUSG00000034064-P,6.2811864723658815,6.360908827426249,6.6211635260372645,5.586707663782819,
ENSMUSG00000004591-P,7.1491413423187735,6.625628866339765,7.07966449911876,7.564015271270525,
ENSMUSG00000035295-P,1.7188388271759958,3.016917148480216,0.8214972740981208,1.1624491859884538,
ENSMUSG00000085558-P,4.091022357542375,2.518427834990676,4.718026823444724,2.237292359872747,
ENSMUSG00000057421-P,6.363798940035684,6.2606501363599065,6.265974554429926,6.281308835348339,
ENSMUSG00000022781-P,8.19570924454413,7.426708569252113,7.054904156992124,8.13376822606405,
ENSMUSG00000030060-P,4.647486806889882,4.797060637208412,2.982793245950239,3.0755713231656583,
ENSMUSG00000015112-P,6.051238055022613,5.965425524418817,5.79373929816027,6.412937792110153,
ENSMUSG00000042426-P,5.893330593408167,5.909765255028894,5.531915052948042,5.9174749285256585,
ENSMUSG00000027642-P,7.579030995967128,7.993337322064584,8.43250169914364,7.733092920284857,
ENSMUSG00000105382-P,1.101553810933769,0.8385583691221199,0.0,2.237292359872747,
ENSMUSG00000024081-P,6.68623796324397,6.0190179118825755,5.852390833229077,6.920316984940343,
ENSMUSG00000079442-P,4.647486806889882,4.914837409260238,4.985935973379719,5.2997392522886235,
ENSMUSG00000003184-P,5.684193163395242,6.415218952224443,5.890207709726216,6.412937792110153,
ENSMUSG00000005469-P,8.047380609995699,8.290718697581303,7.881268019503946,7.592064595566402,
ENSMUSG00000030094-P,5.715990987754683,5.364620670048894,4.279006118292288,6.03111488755192,
ENSMUSG00000024941-P,6.569251957123769,6.388319437205652,6.83015583602112,6.084745360660747,
ENSMUSG00000049295-P,6.323083951004984,6.428482936752331,5.998051254836258,6.59028116084245,
ENSMUSG00000049097-P,3.639066360670274,3.766828018722604,4.334924217068247,3.2733065724676464,
ENSMUSG00000070348-P,5.8652467992153925,6.070690580584308,6.114456216467567,6.781053427151367,
ENSMUSG00000046711-P,0.0,2.0541709707085123,2.6714460049549595,1.1624491859884538,
ENSMUSG00000034647-P,8.355655863266442,8.032953901383392,7.33407640999861,9.355042471737502,
ENSMUSG00000002319-P,6.075953891260875,6.184515760660532,5.852390833229077,5.887609044527258,
ENSMUSG00000020108-P,6.2811864723658815,7.379682333466507,6.6978022317506145,5.623412425038124,
ENSMUSG00000026273-P,4.184903277508623,4.7555635980171935,4.799779975678678,4.755196917052203,
ENSMUSG00000022246-P,5.920878125152063,6.554818314781219,6.336156080099638,6.731475665463304,
ENSMUSG00000020308-P,6.302287300049863,6.215453292083812,5.998051254836258,5.975413535217892,
ENSMUSG00000050910-P,5.807383954077628,5.728609303897493,6.83015583602112,5.344397913104836,
ENSMUSG00000061533-P,4.184903277508623,3.766828018722604,4.718026823444724,4.37947792176972,
ENSMUSG00000102840-P,1.101553810933769,2.304894014097668,1.3416887972772054,0.0,
ENSMUSG00000058756-P,8.229148682016751,8.487321883454431,7.696183933069615,8.49731682447766,
ENSMUSG00000004698-P,2.9773057297687884,4.425917120147838,2.982793245950239,3.742406201252233,
ENSMUSG00000033948-P,3.3458014892099626,2.704393082495007,2.0246588745094822,3.0755713231656583,
ENSMUSG00000028655-P,2.9773057297687884,0.0,0.0,2.237292359872747,
ENSMUSG00000106032-P,1.7188388271759958,2.0541709707085123,0.0,2.237292359872747,
ENSMUSG00000086610-P,2.4811509553456763,2.0541709707085123,3.730729742193722,2.237292359872747,
ENSMUSG00000026309-P,6.075953891260875,6.625628866339765,5.732601918256957,6.5527125293398205,
ENSMUSG00000021903-P,1.7188388271759958,2.704393082495007,2.6714460049549595,1.797736024735714,
ENSMUSG00000037262-P,4.997208115262688,4.528030178878593,3.811785977787418,5.206047685885701,
ENSMUSG00000026603-P,4.434656420589223,3.848042911114287,5.326580346558123,4.196701002559253,
ENSMUSG00000005514-P,7.937035365765588,7.901200075871685,8.259089674333099,7.535409772124337,
ENSMUSG00000033808-P,5.097182960519852,5.364620670048894,4.220832965109259,5.761549999571857,
ENSMUSG00000015461-P,7.1491413423187735,7.302540216719784,7.234689383772528,6.412937792110153,
ENSMUSG00000045128-P,7.824855612019645,8.084138539059586,8.598754224614515,8.13376822606405,
ENSMUSG00000047146-P,2.7504530210826617,3.924928531900101,3.2387303901521816,3.602330869756028,
ENSMUSG00000070705-P,4.711982138158219,3.680767066032414,4.838982462590132,3.4471782169461127,
ENSMUSG00000040795-P,4.184903277508623,3.848042911114287,4.838982462590132,2.5737342002457866,
ENSMUSG00000031511-P,6.000498649023327,6.347005719723283,4.95057695534904,5.510371955830969,
ENSMUSG00000024805-P,5.144686967095041,4.7555635980171935,5.020449068505198,4.541680749013652,
ENSMUSG00000029198-P,5.513756508827198,5.947109670438807,5.962991549260935,6.281308835348339,
ENSMUSG00000032482-P,6.215966561406288,6.578810082044038,7.361258977839794,6.4944590229545565,
ENSMUSG00000021288-P,7.570359505374808,7.740326014029304,7.465139960641773,7.628635029224738,
ENSMUSG00000024151-P,5.278478256490664,5.124959967225956,3.6448469301561017,5.387715570888301,
ENSMUSG00000023243-P,2.9773057297687884,1.7505151454784302,3.6448469301561017,2.237292359872747,
ENSMUSG00000030591-P,8.467295368974508,8.5734291811334,8.454755975112612,8.101608028508538,
ENSMUSG00000052751-P,5.836605448731078,5.685065173693515,5.555642807712789,5.857111800226939,
ENSMUSG00000020389-P,1.7188388271759958,1.3654263732019043,2.0246588745094822,1.797736024735714,
ENSMUSG00000028959-P,6.403396359164746,6.053671170721556,6.2369172577035865,6.210698417561517,
ENSMUSG00000025474-P,4.711982138158219,4.425917120147838,4.334924217068247,4.755196917052203,
ENSMUSG00000064370-P,15.303843002516318,15.275915033358054,15.735417766545842,15.007246335858744,
ENSMUSG00000005580-P,4.579972749883457,4.477876898351648,3.116429864980178,4.819880808378836,
ENSMUSG00000030663-P,7.355013331044662,7.101916637146406,6.9151540307068196,8.035053559367922,
ENSMUSG00000035941-P,6.026091402856162,5.219558326717548,6.294458144630872,6.258153906616064,
ENSMUSG00000036501-P,5.190676530518519,3.766828018722604,4.838982462590132,5.586707663782819,
ENSMUSG00000033411-P,5.190676530518519,5.545944088858351,4.675344686353559,5.975413535217892,
ENSMUSG00000035934-P,5.618414460406547,5.811942639321756,5.962991549260935,6.258153906616064,
ENSMUSG00000003344-P,6.302287300049863,5.851871096899276,5.326580346558123,6.16162869634769,
ENSMUSG00000037608-P,7.867951630097997,7.686137702801572,7.3679753418132945,8.592955486864922,
ENSMUSG00000026333-P,4.647486806889882,4.71283751758856,4.160215203662589,4.819880808378836,
ENSMUSG00000003527-P,4.647486806889882,3.848042911114287,5.578986622299041,4.37947792176972,
ENSMUSG00000058420-P,5.513756508827198,4.316022277370658,4.160215203662589,5.387715570888301,
ENSMUSG00000019907-P,7.1137715124922245,7.658260675691579,7.166981302266064,8.120990046482534,
ENSMUSG00000025410-P,7.293117783399317,7.365959829706537,7.871847945902162,7.006210653064658,
ENSMUSG00000061718-P,11.254332357058718,10.72839012091504,10.427760159341256,10.86092780778258,
ENSMUSG00000008690-P,5.807383954077628,6.230676775662932,6.575469873087676,5.69413390952184,
ENSMUSG00000092417-P,4.832918536856116,4.257767459275488,4.914329502781967,5.206047685885701,
ENSMUSG00000004895-P,2.1497700180480246,2.304894014097668,1.3416887972772054,3.2733065724676464,
ENSMUSG00000025934-P,1.101553810933769,3.016917148480216,0.0,0.0,
ENSMUSG00000028273-P,6.962925328256333,6.972065867532077,6.6545084048490395,7.272004575091322,
ENSMUSG00000026520-P,6.733609591079101,6.184515760660532,6.265974554429926,6.304097995492955,
ENSMUSG00000024193-P,6.1476580781696795,5.928558292707383,5.6245707660558795,6.084745360660747,
ENSMUSG00000083899-P,2.1497700180480246,2.704393082495007,0.0,2.5737342002457866,
ENSMUSG00000030879-P,7.077512697870587,6.868817109971175,6.6763177127307705,6.626896260983651,
ENSMUSG00000021585-P,6.976116051054178,6.454650575043512,6.6211635260372645,7.535409772124337,
ENSMUSG00000026623-P,8.588197539725051,8.707327239229405,8.435701976057654,8.196014648771353,
ENSMUSG00000056215-P,2.9773057297687884,3.680767066032414,3.730729742193722,3.870076759864794,
ENSMUSG00000001964-P,6.343585070409497,6.347005719723283,6.265974554429926,5.549044634156289,
ENSMUSG00000057367-P,5.097182960519852,4.425917120147838,5.150793656005636,5.429770418230872,
ENSMUSG00000036613-P,5.893330593408167,6.454650575043512,5.270331501192406,6.03111488755192,
ENSMUSG00000045100-P,4.773717179416936,2.704393082495007,2.982793245950239,1.797736024735714,
ENSMUSG00000031010-P,6.2597724377910335,5.728609303897493,5.732601918256957,6.748191605248251,
ENSMUSG00000015839-P,7.963768459077877,7.331071426533526,7.526461318263212,7.741465736245257,
ENSMUSG00000038859-P,6.936176461414993,7.126541000486058,6.760400330201038,7.2486986159145905,
ENSMUSG00000044296-P,1.7188388271759958,0.8385583691221199,0.0,0.0,
ENSMUSG00000032633-P,6.302287300049863,5.83204499768739,7.063204910784805,5.7282357068308976,
ENSMUSG00000032724-P,3.639066360670274,2.304894014097668,2.273872621385443,1.1624491859884538,
ENSMUSG00000024235-P,1.7188388271759958,2.304894014097668,0.8214972740981208,1.797736024735714,
ENSMUSG00000023236-P,7.172248487016464,7.076864668528631,7.890626983558027,6.326532763358525,
ENSMUSG00000026483-P,3.639066360670274,4.57649836648427,4.4907431308006736,3.0755713231656583,
ENSMUSG00000057738-P,8.707676211210094,8.594176285720954,8.632615012697588,8.606769768424867,
ENSMUSG00000032301-P,6.764348016049506,7.110171546024135,6.896693588259501,7.814711613415758,
ENSMUSG00000010607-P,5.439513502027453,5.418793830031066,6.065713735290021,5.206047685885701,
ENSMUSG00000030862-P,3.882670605191555,4.66880736564109,5.531915052948042,3.4471782169461127,
ENSMUSG00000035505-P,4.997208115262688,4.837397370759175,3.3514685677215885,3.4471782169461127,
ENSMUSG00000022283-P,8.535709869344078,8.265071322670318,8.305310679152761,8.49731682447766,
ENSMUSG00000050989-P,5.549492748204033,5.685065173693515,5.150793656005636,5.2997392522886235,
ENSMUSG00000014195-P,7.7653155227261905,7.583154076116105,6.687099965125473,7.466371674123676,
ENSMUSG00000036718-P,2.7504530210826617,3.386693383554935,1.7232166478352944,2.237292359872747,
ENSMUSG00000028885-P,2.4811509553456763,2.0541709707085123,0.0,1.1624491859884538,
ENSMUSG00000021693-P,7.0528237819245,6.053671170721556,5.8714231780523285,7.372458915670084,
ENSMUSG00000062044-P,3.499872833949994,3.589244823623905,4.220832965109259,4.616419412697682,
ENSMUSG00000028441-P,6.7794750714481085,7.150752111265248,5.945136930416703,6.813183359961304,
ENSMUSG00000005124-P,1.7188388271759958,4.257767459275488,0.0,3.4471782169461127,
ENSMUSG00000043991-P,9.792379246346838,9.79919765278746,9.514539813202624,10.404905133613466,
ENSMUSG00000086825-P,1.7188388271759958,2.8691011930276966,4.220832965109259,1.797736024735714,
ENSMUSG00000019080-P,1.7188388271759958,1.7505151454784302,1.3416887972772054,2.5737342002457866,
ENSMUSG00000018199-P,7.471365907126827,7.465831608808949,6.790709448052077,7.525747160978108,
ENSMUSG00000041134-P,2.7504530210826617,3.386693383554935,0.8214972740981208,2.237292359872747,
ENSMUSG00000059495-P,8.711624770870914,8.308763058748992,8.668422338921257,9.001259636017187,
ENSMUSG00000049624-P,5.747103057137844,5.418793830031066,6.491848927355747,5.549044634156289,
ENSMUSG00000102142-P,1.7188388271759958,0.0,0.0,3.4471782169461127,
ENSMUSG00000024170-P,4.184903277508623,4.57649836648427,3.811785977787418,4.755196917052203,
ENSMUSG00000030058-P,7.480651321706631,7.606683006287294,7.50833702645693,7.317516537477684,
ENSMUSG00000062421-P,6.193554516482497,6.13682880122614,6.416101744058039,6.16162869634769,
ENSMUSG00000050822-P,9.304618507156013,9.268267963028457,9.56801740793958,9.267887801545484,
ENSMUSG00000014075-P,5.5843651388493765,5.8907241782359,5.181619423170213,4.9981627926112795,
ENSMUSG00000023092-P,5.278478256490664,5.249761165651875,5.407043830871237,4.616419412697682,
ENSMUSG00000003099-P,7.662994426738822,7.439867817372348,6.294458144630872,7.393863086369421,
ENSMUSG00000028772-P,6.5865563286355835,6.778474038344536,6.265974554429926,6.97814382198568,
ENSMUSG00000035133-P,7.810199365829063,7.243727151917058,7.7330695829078575,8.278880361120518,
ENSMUSG00000041012-P,6.794445159917204,6.714940925889379,7.313348011397133,6.5527125293398205,
ENSMUSG00000039275-P,4.773717179416936,5.091996670089199,4.877147816650181,4.6874762040666,
ENSMUSG00000025060-P,8.485858786117964,7.288060192711346,7.680082460924869,9.004741821828384,
ENSMUSG00000013858-P,6.170788802478505,6.454650575043512,5.927058573123851,6.210698417561517,
ENSMUSG00000057722-P,6.68623796324397,6.304473956270043,6.575469873087676,6.39181682376078,
ENSMUSG00000020777-P,7.183664738009512,7.379682333466507,7.857601493574541,6.626896260983651,
ENSMUSG00000024150-P,7.443145611991018,7.03411973655523,7.64733016622062,6.860075167916689,
ENSMUSG00000043467-P,3.639066360670274,4.528030178878593,4.799779975678678,4.941148781404575,
ENSMUSG00000024921-P,9.304618507156013,8.883806696353933,8.581521067106694,9.6478649980289,
ENSMUSG00000030016-P,6.895099625376056,6.5906579885834065,6.504095636833551,7.236902913025551,
ENSMUSG00000056531-P,1.7188388271759958,2.304894014097668,0.0,2.8463639488945427,
ENSMUSG00000020102-P,1.7188388271759958,2.0541709707085123,0.0,0.0,
ENSMUSG00000050493-P,3.882670605191555,0.8385583691221199,3.456031877117128,1.1624491859884538,
ENSMUSG00000043059-P,5.190676530518519,4.372015827487413,5.8714231780523285,4.755196917052203,
ENSMUSG00000048200-P,3.3458014892099626,3.997923171427931,3.730729742193722,3.2733065724676464,
ENSMUSG00000024181-P,6.717991242970886,6.602409388061405,6.977966521623633,6.370382045868336,
ENSMUSG00000005510-P,6.922613718918528,6.659772074351776,6.790709448052077,7.1133169265955605,
ENSMUSG00000032615-P,4.773717179416936,5.308333676941285,4.718026823444724,4.095825131616586,
ENSMUSG00000035873-P,2.9773057297687884,0.8385583691221199,0.0,4.462857702523579,
ENSMUSG00000020496-P,7.517206651196702,8.113178555567346,7.809070894718292,8.421182896919284,
ENSMUSG00000024687-P,5.8652467992153925,5.124959967225956,6.88737402360816,5.344397913104836,
ENSMUSG00000030008-P,4.647486806889882,3.589244823623905,3.2387303901521816,3.2733065724676464,
ENSMUSG00000021377-P,7.817546100327199,7.957185430568097,7.249313638399448,8.545928516420902,
ENSMUSG00000032641-P,1.7188388271759958,1.3654263732019043,2.6714460049549595,2.8463639488945427,
ENSMUSG00000022711-P,5.190676530518519,4.9520524375429185,4.440650389928969,5.470634002017823,
ENSMUSG00000038644-P,3.1732869970602846,3.016917148480216,3.811785977787418,2.237292359872747,
ENSMUSG00000018322-P,5.715990987754683,5.83204499768739,5.2413627109075795,6.1364534341763015,
ENSMUSG00000056054-P,2.1497700180480246,4.197061018832923,0.0,0.0,
ENSMUSG00000062937-P,5.400908296516826,5.909765255028894,5.507790517037734,6.16162869634769,
ENSMUSG00000004040-P,7.544027851613882,7.485002337397464,7.143686896757096,7.404447253638349,
ENSMUSG00000018372-P,2.9773057297687884,3.150985770004812,3.730729742193722,4.616419412697682,
ENSMUSG00000039804-P,5.477112533230167,5.445136200919218,4.838982462590132,5.105846396541886,
ENSMUSG00000024740-P,9.446423613034897,9.592308526932271,9.369799935751304,9.505187140105194,
ENSMUSG00000038836-P,3.3458014892099626,3.848042911114287,4.3887555887983,3.870076759864794,
ENSMUSG00000006777-P,3.1732869970602846,4.66880736564109,4.160215203662589,3.0755713231656583,
ENSMUSG00000017405-P,4.889786008584415,4.197061018832923,4.877147816650181,4.941148781404575,
ENSMUSG00000064345-P,15.937548020419497,15.175808564475917,14.703191772505438,15.436107819509768,
ENSMUSG00000040158-P,2.9773057297687884,0.0,0.0,2.237292359872747,
ENSMUSG00000039883-P,12.338493200746422,12.711397557780172,11.01451533518073,12.40146743689274,
ENSMUSG00000024253-P,6.12415044790558,5.8907241782359,6.294458144630872,6.186372170124542,
ENSMUSG00000019897-P,6.170788802478505,6.374679230119585,5.711633172949355,7.2486986159145905,
ENSMUSG00000031451-P,10.738368143011908,10.31609129357175,10.333970399075364,9.725890071855318,
ENSMUSG00000031751-P,8.634689301848045,8.707327239229405,8.60445316714296,8.249828807719759,
ENSMUSG00000029623-P,8.041118161157744,8.028605400423526,7.838384708235391,8.767086089486192,
ENSMUSG00000030691-P,4.832918536856116,4.66880736564109,5.087092908190067,5.344397913104836,
ENSMUSG00000036819-P,3.499872833949994,2.704393082495007,3.456031877117128,2.237292359872747,
ENSMUSG00000024290-P,8.570912960816642,8.058773202507046,7.56788633605373,9.105480953496087,
ENSMUSG00000017548-P,6.702201961349651,6.152900230963077,6.416101744058039,6.697451276166478,
ENSMUSG00000032555-P,3.639066360670274,4.257767459275488,4.030758295884336,3.742406201252233,
ENSMUSG00000029178-P,7.384992964219269,7.379682333466507,6.222166155140717,7.814711613415758,
ENSMUSG00000035640-P,5.278478256490664,6.230676775662932,6.308491793063544,5.253653900713497,
ENSMUSG00000024168-P,4.273046525332027,4.914837409260238,5.432897709077983,4.6874762040666,
ENSMUSG00000001687-P,7.579030995967128,7.459384335346416,7.3409202176421555,7.9652796801515136,
ENSMUSG00000041438-P,5.549492748204033,5.364620670048894,3.553526136124895,5.429770418230872,
ENSMUSG00000029790-P,6.12415044790558,5.545944088858351,6.222166155140717,5.156816791983688,
ENSMUSG00000030703-P,0.0,0.8385583691221199,0.0,0.0,
ENSMUSG00000008140-P,7.671128140584845,8.12544753598297,8.200091109449644,7.476438842762657,
ENSMUSG00000035011-P,8.508732123258653,8.287082583845416,7.727857592222767,8.951605380055877,
ENSMUSG00000001855-P,5.190676530518519,5.188709646173875,6.032279130491706,6.003533018017092,
ENSMUSG00000028826-P,7.59621916325131,7.510173364819759,7.6583304214225745,7.814711613415758,
ENSMUSG00000007892-P,9.272902252728272,10.10410848963584,10.424542197094665,9.891164270482555,
ENSMUSG00000036499-P,7.552858577079975,7.051369980952486,6.632364337290571,8.035053559367922,
ENSMUSG00000000305-P,3.1732869970602846,2.704393082495007,2.982793245950239,3.4471782169461127,
ENSMUSG00000026341-P,6.852818875729484,6.693125886111827,7.249313638399448,6.304097995492955,
ENSMUSG00000042010-P,7.101786209963284,7.491336385525414,6.849481810649017,6.992245489525954,
ENSMUSG00000021431-P,6.2597724377910335,5.871428427189634,6.2515190601462995,7.30627243870035,
ENSMUSG00000042729-P,3.3458014892099626,3.924928531900101,4.4907431308006736,4.462857702523579,
ENSMUSG00000047264-P,4.091022357542375,4.425917120147838,2.6714460049549595,4.541680749013652,
ENSMUSG00000036478-P,4.579972749883457,4.477876898351648,4.4907431308006736,4.541680749013652,
ENSMUSG00000032238-P,8.245582168729598,7.516398095851411,7.544360740258485,8.114558262657312,
ENSMUSG00000039323-P,12.137060704103163,12.191602208199424,11.41228730099365,11.5844560342786,
ENSMUSG00000030979-P,4.091022357542375,2.518427834990676,4.220832965109259,3.602330869756028,
ENSMUSG00000020608-P,7.757697221240401,7.606683006287294,7.387938841885552,8.405461829548502,
ENSMUSG00000055150-P,0.0,2.518427834990676,0.0,1.797736024735714,
ENSMUSG00000022941-P,1.101553810933769,2.518427834990676,2.4863114493338285,2.8463639488945427,
ENSMUSG00000021244-P,7.172248487016464,6.7887961068096345,5.890207709726216,7.891959026135351,
ENSMUSG00000022463-P,7.101786209963284,6.83932690952143,6.540224095820713,6.4337540069655486,
ENSMUSG00000023030-P,6.403396359164746,6.454650575043512,5.998051254836258,5.887609044527258,
ENSMUSG00000026784-P,1.7188388271759958,1.3654263732019043,1.3416887972772054,1.1624491859884538,
ENSMUSG00000031027-P,3.882670605191555,3.4915209139789276,4.0969383274517766,1.797736024735714,
ENSMUSG00000036641-P,6.215966561406288,5.685065173693515,5.507790517037734,6.514139371735385,
ENSMUSG00000027690-P,1.101553810933769,2.704393082495007,2.0246588745094822,1.1624491859884538,
ENSMUSG00000072772-P,4.434656420589223,4.425917120147838,5.353903186687066,2.5737342002457866,
ENSMUSG00000033487-P,7.160741176560623,6.51806557506156,6.83985118382119,7.317516537477684,
ENSMUSG00000029550-P,6.702201961349651,6.602409388061405,6.363299858074398,6.258153906616064,
ENSMUSG00000096971-P,4.579972749883457,4.477876898351648,3.730729742193722,5.344397913104836,
ENSMUSG00000037664-P,9.167604460455346,8.93814136138873,8.750385142706726,9.611784890672212,
ENSMUSG00000106718-P,2.7504530210826617,2.8691011930276966,2.4863114493338285,2.8463639488945427,
ENSMUSG00000002455-P,7.517206651196702,7.547125149968538,7.28523857220737,7.673081805830108,
ENSMUSG00000106365-P,1.101553810933769,2.0541709707085123,2.0246588745094822,1.1624491859884538,
ENSMUSG00000087368-P,2.7504530210826617,3.150985770004812,3.456031877117128,4.196701002559253,
ENSMUSG00000024335-P,8.75052713333516,8.80971344036846,9.455854409459018,8.918757999578395,
ENSMUSG00000030782-P,4.273046525332027,4.477876898351648,5.507790517037734,4.8817885909416985,
ENSMUSG00000051074-P,2.9773057297687884,2.304894014097668,0.0,0.0,
ENSMUSG00000055447-P,8.49046255735237,7.993337322064584,8.339884185452396,8.068714546612348,
ENSMUSG00000021025-P,8.251018661243796,8.602977373120085,8.015651161854398,8.43156923427477,
ENSMUSG00000049739-P,2.7504530210826617,3.4915209139789276,2.6714460049549595,4.095825131616586,
ENSMUSG00000070858-P,6.051238055022613,6.290013425322891,5.6245707660558795,6.1364534341763015,
ENSMUSG00000024491-P,7.183664738009512,6.747057186155135,6.015266697136804,7.1133169265955605,
ENSMUSG00000030079-P,5.097182960519852,4.9520524375429185,3.116429864980178,4.462857702523579,
ENSMUSG00000055044-P,2.4811509553456763,2.0541709707085123,3.6448469301561017,1.1624491859884538,
ENSMUSG00000091549-P,1.101553810933769,2.304894014097668,3.6448469301561017,1.1624491859884538,
ENSMUSG00000032372-P,4.889786008584415,4.837397370759175,6.176985712794912,5.344397913104836,
ENSMUSG00000032009-P,7.089700503898305,6.935370107539348,7.263791136842731,7.516019396799773,
ENSMUSG00000023967-P,5.513756508827198,6.360908827426249,5.407043830871237,6.186372170124542,
ENSMUSG00000028041-P,5.361241580733786,6.637099952840375,5.753270255913494,4.9981627926112795,
ENSMUSG00000031864-P,4.773717179416936,4.914837409260238,4.334924217068247,4.941148781404575,
ENSMUSG00000005131-P,2.1497700180480246,2.518427834990676,1.3416887972772054,3.0755713231656583,
ENSMUSG00000060512-P,4.273046525332027,4.257767459275488,3.888529394848373,4.37947792176972,
ENSMUSG00000030560-P,7.703212040458416,7.669476208659272,7.1592582164850675,7.2486986159145905,
ENSMUSG00000053012-P,7.077512697870587,6.530420811784201,5.945136930416703,7.294940016667448,
ENSMUSG00000043639-P,2.9773057297687884,3.386693383554935,0.8214972740981208,3.870076759864794,
ENSMUSG00000029291-P,6.170788802478505,6.001374063401805,5.407043830871237,6.53355486241169,
ENSMUSG00000058492-P,2.1497700180480246,1.3654263732019043,0.8214972740981208,0.0,
ENSMUSG00000020080-P,2.1497700180480246,0.8385583691221199,0.0,0.0,
ENSMUSG00000040701-P,3.1732869970602846,3.386693383554935,1.3416887972772054,3.2733065724676464,
ENSMUSG00000041408-P,7.065221052092395,6.554818314781219,6.552068621059058,7.30627243870035,
ENSMUSG00000026687-P,6.441935924402331,6.602409388061405,6.6978022317506145,6.748191605248251,
ENSMUSG00000102687-P,0.0,1.7505151454784302,1.3416887972772054,3.870076759864794,
ENSMUSG00000026029-P,5.048061362802889,4.914837409260238,4.3887555887983,5.659206473308642,
ENSMUSG00000027706-P,10.275741822365918,9.996896681640228,10.24190704524321,10.158329548109954,
ENSMUSG00000071180-P,6.852818875729484,5.471006195071001,5.507790517037734,6.890510489107009,
ENSMUSG00000021254-P,4.184903277508623,4.13368750535001,0.0,4.616419412697682,
ENSMUSG00000064294-P,4.091022357542375,3.016917148480216,2.982793245950239,4.196701002559253,
ENSMUSG00000022312-P,7.12565806597986,6.778474038344536,7.1592582164850675,6.992245489525954,
ENSMUSG00000019699-P,5.400908296516826,5.8907241782359,5.054155772242096,5.510371955830969,
ENSMUSG00000020477-P,6.302287300049863,6.2606501363599065,6.977966521623633,6.084745360660747,
ENSMUSG00000023341-P,1.7188388271759958,0.0,2.982793245950239,0.0,
ENSMUSG00000103657-P,0.0,3.016917148480216,2.8355023371777164,4.095825131616586,
ENSMUSG00000026896-P,4.832918536856116,4.66880736564109,4.95057695534904,5.053009057357688,
ENSMUSG00000020248-P,5.747103057137844,5.308333676941285,5.531915052948042,6.304097995492955,
ENSMUSG00000021482-P,5.684193163395242,5.249761165651875,5.6687586149290246,5.429770418230872,
ENSMUSG00000023249-P,5.235245236796087,5.219558326717548,5.555642807712789,5.887609044527258,
ENSMUSG00000087640-P,1.7188388271759958,0.0,0.0,0.0,
ENSMUSG00000072704-P,7.394849314206583,7.288060192711346,7.374660583066502,7.69910710335554,
ENSMUSG00000020135-P,3.639066360670274,4.477876898351648,3.456031877117128,1.1624491859884538,
ENSMUSG00000031657-P,4.889786008584415,4.528030178878593,4.95057695534904,4.6874762040666,
ENSMUSG00000046947-P,3.882670605191555,3.016917148480216,2.8355023371777164,4.37947792176972,
ENSMUSG00000034930-P,4.889786008584415,5.249761165651875,5.753270255913494,5.825955924352779,
ENSMUSG00000022561-P,7.334675114625747,7.497642745990034,7.3679753418132945,7.1133169265955605,
ENSMUSG00000097626-P,3.3458014892099626,4.316022277370658,1.7232166478352944,3.602330869756028,
ENSMUSG00000031583-P,5.320453324406561,5.336751661916167,4.0969383274517766,5.2997392522886235,
ENSMUSG00000044317-P,3.639066360670274,3.680767066032414,2.6714460049549595,1.797736024735714,
ENSMUSG00000001441-P,8.647113098985141,7.997793270321377,7.433473332226733,8.791483477457762,
ENSMUSG00000037742-P,7.703212040458416,7.452908120216684,8.082511939066816,7.655467070806483,
ENSMUSG00000001054-P,5.807383954077628,5.909765255028894,4.877147816650181,5.105846396541886,
ENSMUSG00000021886-P,2.7504530210826617,1.7505151454784302,2.982793245950239,1.797736024735714,
ENSMUSG00000031157-P,6.702201961349651,6.659772074351776,5.927058573123851,6.920316984940343,
ENSMUSG00000037326-P,5.320453324406561,5.364620670048894,4.0969383274517766,5.470634002017823,
ENSMUSG00000046351-P,6.51605752025926,6.304473956270043,6.130344498468682,6.797207836510276,
ENSMUSG00000030605-P,9.620325727364486,9.982355163012128,9.810415068929276,9.793885556790617,
ENSMUSG00000030108-P,3.882670605191555,4.623391024333983,4.220832965109259,2.8463639488945427,
ENSMUSG00000042349-P,2.1497700180480246,3.386693383554935,1.7232166478352944,2.237292359872747,
ENSMUSG00000037012-P,8.535709869344078,8.646195025569256,8.65749905504806,8.660740946880304,
ENSMUSG00000040640-P,4.184903277508623,4.7555635980171935,2.4863114493338285,4.196701002559253,
ENSMUSG00000039943-P,6.908922262401099,6.388319437205652,5.8714231780523285,7.087276558437443,
ENSMUSG00000056598-P,5.920878125152063,5.983511760055927,5.852390833229077,5.946735064002674,
ENSMUSG00000037736-P,6.5865563286355835,6.374679230119585,6.800672618998028,6.890510489107009,
ENSMUSG00000095677-P,1.7188388271759958,0.0,0.0,0.0,
ENSMUSG00000004098-P,0.0,0.0,3.456031877117128,2.8463639488945427,
ENSMUSG00000100075-P,0.0,2.0541709707085123,0.0,1.1624491859884538,
ENSMUSG00000031918-P,5.400908296516826,5.1571868986923874,6.575469873087676,5.7282357068308976,
ENSMUSG00000035152-P,7.1491413423187735,6.714940925889379,6.294458144630872,7.435741684084697,
ENSMUSG00000104339-P,1.101553810933769,2.704393082495007,2.6714460049549595,1.797736024735714,
ENSMUSG00000038717-P,4.356113222091278,4.66880736564109,5.531915052948042,5.761549999571857,
ENSMUSG00000019464-P,2.7504530210826617,2.518427834990676,2.6714460049549595,3.742406201252233,
ENSMUSG00000038990-P,4.273046525332027,2.8691011930276966,3.116429864980178,3.98736199748914,
ENSMUSG00000025437-P,5.974443679542703,5.909765255028894,6.6211635260372645,6.084745360660747,
ENSMUSG00000051224-P,1.7188388271759958,1.7505151454784302,3.553526136124895,2.237292359872747,
ENSMUSG00000078485-P,2.4811509553456763,3.386693383554935,1.7232166478352944,2.237292359872747,
ENSMUSG00000021392-P,5.477112533230167,5.52139476273597,4.5391547766173215,5.825955924352779,
ENSMUSG00000021686-P,7.0528237819245,6.7990448481646935,6.760400330201038,7.213018173345705,
ENSMUSG00000044134-P,4.091022357542375,3.016917148480216,2.0246588745094822,4.196701002559253,
ENSMUSG00000024975-P,7.027704996206866,7.118379490012138,7.313348011397133,7.564015271270525,
ENSMUSG00000002844-P,6.12415044790558,6.747057186155135,6.877993864511957,5.9174749285256585,
ENSMUSG00000029270-P,6.323083951004984,6.168794597769411,6.552068621059058,5.887609044527258,
ENSMUSG00000029684-P,7.25032778362434,7.323991347254369,6.88737402360816,8.014473417144377,
ENSMUSG00000017697-P,0.0,1.3654263732019043,0.0,0.0,
ENSMUSG00000022812-P,8.634689301848045,8.169561673074455,7.73826281211473,8.854595362607823,
ENSMUSG00000053749-P,1.101553810933769,1.7505151454784302,0.0,0.0,
ENSMUSG00000025323-P,5.097182960519852,5.0582625678179705,5.458296416691542,5.429770418230872,
ENSMUSG00000034863-P,4.832918536856116,4.9520524375429185,4.914329502781967,3.742406201252233,
ENSMUSG00000068762-P,2.4811509553456763,1.7505151454784302,0.0,1.1624491859884538,
ENSMUSG00000068335-P,4.889786008584415,5.364620670048894,5.980627900015513,4.290982059263259,
ENSMUSG00000021215-P,2.9773057297687884,2.8691011930276966,3.811785977787418,3.602330869756028,
ENSMUSG00000085197-P,1.7188388271759958,1.3654263732019043,0.0,0.0,
ENSMUSG00000091007-P,1.7188388271759958,1.3654263732019043,2.982793245950239,0.0,
ENSMUSG00000028133-P,3.1732869970602846,2.704393082495007,0.0,1.797736024735714,
ENSMUSG00000031112-P,3.3458014892099626,2.518427834990676,5.181619423170213,4.541680749013652,
ENSMUSG00000028700-P,8.27789801080813,8.173505958853177,8.889919289402409,7.8844177732725935,
ENSMUSG00000032018-P,6.497881069743797,6.168794597769411,6.643478857085614,6.210698417561517,
ENSMUSG00000030304-P,7.4336148300319165,7.150752111265248,7.401096004130017,7.646578390406453,
ENSMUSG00000054364-P,5.618414460406547,6.347005719723283,5.507790517037734,6.110831045626577,
ENSMUSG00000029878-P,3.639066360670274,3.766828018722604,2.273872621385443,3.4471782169461127,
ENSMUSG00000057181-P,5.651678671357701,5.308333676941285,3.96139585055448,6.084745360660747,
ENSMUSG00000050321-P,3.499872833949994,3.997923171427931,2.8355023371777164,3.602330869756028,
ENSMUSG00000021957-P,8.799580954207954,8.822329594887336,7.249313638399448,8.152725759933345,
ENSMUSG00000030265-P,7.206229747525722,7.236204031810605,6.9151540307068196,7.294940016667448,
ENSMUSG00000052566-P,4.997208115262688,3.589244823623905,5.578986622299041,4.290982059263259,
ENSMUSG00000030256-P,6.441935924402331,5.8907241782359,6.294458144630872,5.586707663782819,
ENSMUSG00000022361-P,7.065221052092395,6.428482936752331,6.2515190601462995,7.236902913025551,
ENSMUSG00000028383-P,6.733609591079101,6.152900230963077,6.960297406363002,5.794112339603797,
ENSMUSG00000017221-P,8.13231495962561,8.129514118939449,7.753731269533196,7.876836893558643,
ENSMUSG00000021481-P,4.184903277508623,3.386693383554935,2.0246588745094822,2.8463639488945427,
ENSMUSG00000020752-P,3.766004067861309,4.7555635980171935,4.759482409994843,4.755196917052203,
ENSMUSG00000041642-P,2.9773057297687884,2.704393082495007,1.7232166478352944,2.237292359872747,
ENSMUSG00000031147-P,2.7504530210826617,1.7505151454784302,3.553526136124895,3.0755713231656583,
ENSMUSG00000038084-P,6.2811864723658815,6.659772074351776,7.087824404947686,6.234621276255072,
ENSMUSG00000066113-P,6.323083951004984,6.602409388061405,6.687099965125473,6.3486239926237875,
ENSMUSG00000051043-P,6.702201961349651,6.819326465706077,5.711633172949355,6.003533018017092,
ENSMUSG00000042797-P,5.777558326318828,5.983511760055927,6.479497367667095,5.586707663782819,
ENSMUSG00000028030-P,4.647486806889882,4.66880736564109,2.0246588745094822,4.541680749013652,
ENSMUSG00000028484-P,7.810199365829063,7.497642745990034,6.810567456482186,8.127393283523324,
ENSMUSG00000045817-P,3.1732869970602846,2.518427834990676,4.030758295884336,4.196701002559253,
ENSMUSG00000031808-P,6.363798940035684,6.972065867532077,6.575469873087676,6.39181682376078,
ENSMUSG00000021676-P,7.53514274027745,7.439867817372348,7.927467274531689,7.846108632215601,
ENSMUSG00000027523-P,11.47712373001111,11.422559469724526,11.592988385471967,11.773401542344711,
ENSMUSG00000037716-P,3.499872833949994,2.8691011930276966,0.8214972740981208,3.0755713231656583,
ENSMUSG00000070319-P,6.733609591079101,7.338116929676339,7.120010187976092,6.326532763358525,
ENSMUSG00000024472-P,5.974443679542703,5.445136200919218,6.114456216467567,5.887609044527258,
ENSMUSG00000007476-P,6.823927234257475,6.85905386921816,6.849481810649017,6.662605037313953,
ENSMUSG00000041308-P,7.604737059888774,7.166670031647152,6.896693588259501,8.346306315440367,
ENSMUSG00000033436-P,7.324397467720096,7.459384335346416,7.72262670400935,6.890510489107009,
ENSMUSG00000034579-P,1.7188388271759958,1.3654263732019043,0.0,1.1624491859884538,
ENSMUSG00000038545-P,5.361241580733786,5.364620670048894,5.020449068505198,5.344397913104836,
ENSMUSG00000042831-P,5.947909491250578,5.570082656223494,5.711633172949355,5.659206473308642,
ENSMUSG00000030217-P,1.101553810933769,2.304894014097668,2.0246588745094822,2.5737342002457866,
ENSMUSG00000065799-P,1.101553810933769,2.0541709707085123,0.0,2.8463639488945427,
ENSMUSG00000022085-P,1.7188388271759958,0.0,0.0,2.237292359872747,
ENSMUSG00000029840-P,8.0536159922518,7.97988630074908,8.211338690241721,7.9652796801515136,
ENSMUSG00000105970-P,0.0,0.0,0.0,2.5737342002457866,
ENSMUSG00000021904-P,3.3458014892099626,3.2736479731305947,2.4863114493338285,3.2733065724676464,
ENSMUSG00000105607-P,0.0,1.3654263732019043,3.456031877117128,3.0755713231656583,
ENSMUSG00000033502-P,2.4811509553456763,3.924928531900101,2.4863114493338285,4.290982059263259,
ENSMUSG00000090877-P,4.356113222091278,2.518427834990676,0.0,4.196701002559253,
ENSMUSG00000044813-P,4.091022357542375,4.425917120147838,0.8214972740981208,3.0755713231656583,
ENSMUSG00000030268-P,3.1732869970602846,3.150985770004812,3.3514685677215885,1.797736024735714,
ENSMUSG00000031967-P,7.1491413423187735,6.493033067157182,7.038157981906848,6.4944590229545565,
ENSMUSG00000028977-P,3.1732869970602846,1.7505151454784302,0.0,2.5737342002457866,
ENSMUSG00000090110-P,2.4811509553456763,3.2736479731305947,2.6714460049549595,2.8463639488945427,
ENSMUSG00000048106-P,5.836605448731078,5.091996670089199,4.914329502781967,5.857111800226939,
ENSMUSG00000026563-P,4.832918536856116,5.545944088858351,4.440650389928969,5.761549999571857,
ENSMUSG00000046157-P,6.12415044790558,6.104138658836288,5.64683386083123,5.510371955830969,
ENSMUSG00000047067-P,5.5843651388493765,5.091996670089199,5.150793656005636,4.290982059263259,
ENSMUSG00000067928-P,2.4811509553456763,3.589244823623905,3.730729742193722,4.462857702523579,
ENSMUSG00000047181-P,4.091022357542375,4.71283751758856,2.4863114493338285,4.196701002559253,
ENSMUSG00000038880-P,6.075953891260875,6.001374063401805,6.146059708423033,6.644861126772542,
ENSMUSG00000034786-P,2.1497700180480246,3.386693383554935,1.7232166478352944,1.797736024735714,
ENSMUSG00000053746-P,2.1497700180480246,3.2736479731305947,0.0,2.5737342002457866,
ENSMUSG00000032740-P,6.68623796324397,6.332967324352099,6.336156080099638,7.328673679116313,
ENSMUSG00000028701-P,5.807383954077628,5.70700151635025,3.811785977787418,4.462857702523579,
ENSMUSG00000003360-P,3.766004067861309,4.425917120147838,2.8355023371777164,5.2997392522886235,
ENSMUSG00000032172-P,4.091022357542375,3.848042911114287,4.440650389928969,3.0755713231656583,
ENSMUSG00000041720-P,6.733609591079101,6.7887961068096345,7.143686896757096,6.47450648984294,
ENSMUSG00000047371-P,5.747103057137844,5.749898233250982,5.298730040384409,5.825955924352779,
ENSMUSG00000040761-P,7.12565806597986,6.99006956437959,6.130344498468682,7.2250099710150035,
ENSMUSG00000085207-P,0.0,0.0,0.8214972740981208,1.1624491859884538,
ENSMUSG00000024190-P,5.747103057137844,6.304473956270043,5.270331501192406,6.084745360660747,
ENSMUSG00000061838-P,6.026091402856162,5.770877578272352,6.098391007835065,5.623412425038124,
ENSMUSG00000033453-P,1.7188388271759958,1.7505151454784302,3.116429864980178,2.237292359872747,
ENSMUSG00000032251-P,6.051238055022613,6.441626083743392,6.363299858074398,6.748191605248251,
ENSMUSG00000048118-P,6.68623796324397,6.1205763191195475,6.491848927355747,7.733092920284857,
ENSMUSG00000020444-P,6.68623796324397,7.042770641156818,6.88737402360816,6.5527125293398205,
ENSMUSG00000048175-P,5.836605448731078,5.5938239845421736,6.130344498468682,5.206047685885701,
ENSMUSG00000049744-P,0.0,2.8691011930276966,0.0,1.1624491859884538,
ENSMUSG00000047989-P,6.075953891260875,5.685065173693515,4.220832965109259,4.755196917052203,
ENSMUSG00000071253-P,6.051238055022613,4.914837409260238,5.998051254836258,4.941148781404575,
ENSMUSG00000045302-P,5.5843651388493765,5.545944088858351,4.985935973379719,5.9174749285256585,
ENSMUSG00000041841-P,10.06041586360226,10.347853120835772,10.439763992240811,9.992854765365877,
ENSMUSG00000070544-P,9.229499270701467,8.94277081407794,8.049468843287558,9.67215680561004,
ENSMUSG00000036435-P,4.509143446686844,4.66880736564109,4.675344686353559,3.742406201252233,
ENSMUSG00000039157-P,6.441935924402331,6.070690580584308,5.48325570383941,6.281308835348339,
ENSMUSG00000052534-P,8.27789801080813,8.461745403568134,9.139944015830906,9.214755545640063,
ENSMUSG00000015932-P,9.272902252728272,8.736948614122829,8.445260431664819,9.57008610244781,
ENSMUSG00000040612-P,7.846564534979622,7.857737554077083,7.674675120286814,8.00754760926227,
ENSMUSG00000067795-P,2.9773057297687884,4.067401756611819,2.8355023371777164,3.2733065724676464,
ENSMUSG00000021010-P,3.9906044464021457,4.316022277370658,3.3514685677215885,4.755196917052203,
ENSMUSG00000004285-P,9.65969100701073,9.638698233565426,9.4255915382237,9.787834884329424,
ENSMUSG00000044927-P,2.7504530210826617,2.704393082495007,2.6714460049549595,1.797736024735714,
ENSMUSG00000027782-P,6.569251957123769,6.304473956270043,5.432897709077983,6.714563772005234,
ENSMUSG00000038064-P,2.7504530210826617,1.3654263732019043,3.116429864980178,2.237292359872747,
ENSMUSG00000005575-P,6.895099625376056,6.916666170064393,7.054904156992124,7.535409772124337,
ENSMUSG00000029034-P,4.184903277508623,4.837397370759175,4.030758295884336,4.462857702523579,
ENSMUSG00000034768-P,4.832918536856116,4.316022277370658,2.273872621385443,4.095825131616586,
ENSMUSG00000017802-P,4.356113222091278,3.680767066032414,4.585994507190442,3.602330869756028,
ENSMUSG00000032050-P,8.592486520558415,8.347683680427886,8.273469887178438,9.062688142369293,
ENSMUSG00000050856-P,10.378663078238398,10.593583335306226,10.331395388614837,10.118705967385472,
ENSMUSG00000028051-P,0.0,1.3654263732019043,0.0,1.1624491859884538,
ENSMUSG00000056952-P,6.193554516482497,6.441626083743392,6.065713735290021,5.510371955830969,
ENSMUSG00000047547-P,7.930273968369961,7.675051447550292,7.748593522995475,7.943672073051395,
ENSMUSG00000027598-P,5.651678671357701,5.545944088858351,5.211800297794947,6.084745360660747,
ENSMUSG00000060227-P,7.646588122502835,6.530420811784201,6.760400330201038,7.339745198281095,
ENSMUSG00000024576-P,8.319889720936434,8.133569271465676,8.322700997046162,8.56492364752524,
ENSMUSG00000030697-P,4.273046525332027,3.589244823623905,4.220832965109259,4.095825131616586,
ENSMUSG00000024191-P,4.273046525332027,2.8691011930276966,3.96139585055448,4.462857702523579,
ENSMUSG00000030286-P,6.976116051054178,6.809221296884509,6.83015583602112,6.797207836510276,
ENSMUSG00000031970-P,2.7504530210826617,3.386693383554935,2.8355023371777164,3.4471782169461127,
ENSMUSG00000091475-P,3.639066360670274,3.2736479731305947,0.0,2.237292359872747,
ENSMUSG00000026509-P,6.2380357579761,6.50560361347312,6.098391007835065,6.47450648984294,
ENSMUSG00000035762-P,5.836605448731078,4.9883315769879735,3.6448469301561017,6.370382045868336,
ENSMUSG00000099689-P,3.1732869970602846,3.386693383554935,2.273872621385443,3.2733065724676464,
ENSMUSG00000034377-P,7.065221052092395,6.757605669713659,6.491848927355747,7.188731340262782,
ENSMUSG00000039715-P,5.513756508827198,4.71283751758856,5.211800297794947,4.6874762040666,
ENSMUSG00000098113-P,0.0,0.8385583691221199,0.0,1.797736024735714,
ENSMUSG00000007379-P,0.0,0.8385583691221199,2.4863114493338285,0.0,
ENSMUSG00000087083-P,2.4811509553456763,2.518427834990676,0.0,1.797736024735714,
ENSMUSG00000023064-P,5.836605448731078,6.0190179118825755,5.2413627109075795,5.857111800226939,
ENSMUSG00000030554-P,7.780432489897183,7.372837397092766,7.452556594264672,7.138895592439591,
ENSMUSG00000037221-P,5.278478256490664,5.1571868986923874,4.0969383274517766,5.659206473308642,
ENSMUSG00000006005-P,8.98391379365212,8.117279819745436,8.078422703785447,9.31633290582535,
ENSMUSG00000038608-P,3.639066360670274,3.386693383554935,3.2387303901521816,3.0755713231656583,
ENSMUSG00000104682-P,1.7188388271759958,2.8691011930276966,2.0246588745094822,3.0755713231656583,
ENSMUSG00000022023-P,7.160741176560623,7.093614222829362,6.810567456482186,7.414954336551214,
ENSMUSG00000041135-P,2.4811509553456763,3.924928531900101,3.96139585055448,4.196701002559253,
ENSMUSG00000091183-P,1.7188388271759958,0.8385583691221199,3.6448469301561017,1.797736024735714,
ENSMUSG00000026820-P,5.400908296516826,6.184515760660532,4.279006118292288,5.2997392522886235,
ENSMUSG00000030352-P,6.000498649023327,6.725725980205628,5.908750798758959,6.370382045868336,
ENSMUSG00000034295-P,0.0,0.0,3.3514685677215885,1.797736024735714,
ENSMUSG00000037646-P,6.603655600901273,5.811942639321756,6.098391007835065,6.4944590229545565,
ENSMUSG00000040167-P,5.777558326318828,5.188709646173875,5.054155772242096,6.304097995492955,
ENSMUSG00000077767-P,3.882670605191555,4.57649836648427,2.8355023371777164,3.742406201252233,
ENSMUSG00000055239-P,6.881143269774151,6.916666170064393,6.9151540307068196,7.350732399143033,
ENSMUSG00000031489-P,2.4811509553456763,3.4915209139789276,1.7232166478352944,2.5737342002457866,
ENSMUSG00000035093-P,7.621623448790876,6.897716555277346,7.197466732873916,7.628635029224738,
ENSMUSG00000032306-P,5.361241580733786,5.188709646173875,4.6313611998743935,5.156816791983688,
ENSMUSG00000043535-P,5.439513502027453,5.308333676941285,5.432897709077983,5.9174749285256585,
ENSMUSG00000025869-P,5.144686967095041,5.1571868986923874,4.5391547766173215,4.6874762040666,
ENSMUSG00000007613-P,4.832918536856116,5.83204499768739,5.711633172949355,4.819880808378836,
ENSMUSG00000049571-P,2.4811509553456763,0.8385583691221199,2.6714460049549595,2.237292359872747,
ENSMUSG00000018983-P,2.4811509553456763,3.386693383554935,3.811785977787418,3.0755713231656583,
ENSMUSG00000024870-P,6.867050583146483,6.778474038344536,6.130344498468682,7.236902913025551,
ENSMUSG00000043487-P,3.1732869970602846,5.1571868986923874,3.3514685677215885,2.8463639488945427,
ENSMUSG00000017831-P,3.639066360670274,3.2736479731305947,1.3416887972772054,3.602330869756028,
ENSMUSG00000024947-P,4.647486806889882,5.023720746902281,5.813555930727355,5.156816791983688,
ENSMUSG00000025478-P,2.1497700180480246,2.8691011930276966,3.96139585055448,0.0,
ENSMUSG00000028032-P,6.534007812883712,6.714940925889379,6.454472406874512,5.825955924352779,
ENSMUSG00000029772-P,9.544873240618047,9.395293658949004,9.644691234338367,9.387414991730717,
ENSMUSG00000075704-P,3.9906044464021457,3.766828018722604,3.2387303901521816,4.196701002559253,
ENSMUSG00000028599-P,3.639066360670274,3.150985770004812,3.2387303901521816,0.0,
ENSMUSG00000059820-P,5.513756508827198,5.1571868986923874,4.5391547766173215,4.9981627926112795,
ENSMUSG00000085776-P,1.101553810933769,2.0541709707085123,2.273872621385443,1.1624491859884538,
ENSMUSG00000022426-P,5.097182960519852,5.336751661916167,4.220832965109259,3.98736199748914,
ENSMUSG00000011831-P,7.53514274027745,6.778474038344536,7.004070955368701,7.891959026135351,
ENSMUSG00000064246-P,4.579972749883457,5.0582625678179705,5.48325570383941,4.6874762040666,
ENSMUSG00000004085-P,4.997208115262688,5.445136200919218,4.718026823444724,5.69413390952184,
ENSMUSG00000042686-P,6.193554516482497,5.851871096899276,5.432897709077983,6.813183359961304,
ENSMUSG00000028626-P,2.7504530210826617,4.257767459275488,3.553526136124895,2.237292359872747,
ENSMUSG00000068196-P,10.251536602426398,9.949378324395903,10.168786760585652,9.94653104872373,
ENSMUSG00000030088-P,6.075953891260875,6.51806557506156,6.6545084048490395,6.6087048676145965,
ENSMUSG00000058351-P,7.443145611991018,7.629834352647068,7.696183933069615,7.100355494673896,
ENSMUSG00000007739-P,7.414362272886572,7.331071426533526,7.5967639125014275,7.1133169265955605,
ENSMUSG00000031590-P,6.534007812883712,6.0190179118825755,5.087092908190067,6.626896260983651,
ENSMUSG00000025505-P,5.777558326318828,5.928558292707383,5.64683386083123,6.210698417561517,
ENSMUSG00000039194-P,5.513756508827198,4.7555635980171935,6.429005689616023,4.941148781404575,
ENSMUSG00000028863-P,4.356113222091278,5.496420455980846,4.799779975678678,4.9981627926112795,
ENSMUSG00000002660-P,6.363798940035684,6.7990448481646935,6.540224095820713,6.875373085563154,
ENSMUSG00000048612-P,7.077512697870587,7.126541000486058,7.64733016622062,7.317516537477684,
ENSMUSG00000005609-P,6.603655600901273,6.99006956437959,6.416101744058039,7.087276558437443,
ENSMUSG00000054720-P,6.000498649023327,6.388319437205652,6.643478857085614,6.1364534341763015,
ENSMUSG00000031246-P,8.43422329927453,8.113178555567346,8.386936042101855,8.597574960351924,
ENSMUSG00000014603-P,2.7504530210826617,2.518427834990676,3.811785977787418,0.0,
ENSMUSG00000031838-P,6.1476580781696795,6.275406483726693,6.504095636833551,5.344397913104836,
ENSMUSG00000031922-P,5.8652467992153925,5.791556214025965,5.020449068505198,5.887609044527258,
ENSMUSG00000045094-P,0.0,0.0,2.8355023371777164,1.1624491859884538,
ENSMUSG00000047141-P,4.509143446686844,3.997923171427931,5.458296416691542,4.616419412697682,
ENSMUSG00000032288-P,7.194991359373166,7.273433361052224,6.790709448052077,6.4944590229545565,
ENSMUSG00000054717-P,3.882670605191555,3.386693383554935,4.334924217068247,3.98736199748914,
ENSMUSG00000029438-P,5.920878125152063,3.386693383554935,3.730729742193722,5.470634002017823,
ENSMUSG00000026895-P,8.272562055530809,8.44226101605895,8.39682199161588,8.0418488804169,
ENSMUSG00000038555-P,6.2380357579761,7.101916637146406,5.753270255913494,6.186372170124542,
ENSMUSG00000035293-P,3.639066360670274,4.66880736564109,3.2387303901521816,5.429770418230872,
ENSMUSG00000022141-P,8.009391548353031,8.028605400423526,7.538418907355164,8.929790432241369,
ENSMUSG00000024002-P,7.344880061977416,7.251211245162187,6.429005689616023,7.899461064269354,
ENSMUSG00000048874-P,7.77289380620395,7.400024416645923,7.758850784361139,8.062044886395137,
ENSMUSG00000006476-P,5.715990987754683,6.714940925889379,7.182304539108063,6.16162869634769,
ENSMUSG00000066357-P,9.170476223770285,9.35938552085034,9.26934418293036,9.20267784967136,
ENSMUSG00000038646-P,5.777558326318828,4.57649836648427,6.114456216467567,5.206047685885701,
ENSMUSG00000105729-P,0.0,2.0541709707085123,2.6714460049549595,2.5737342002457866,
ENSMUSG00000041570-P,6.976116051054178,6.809221296884509,6.942409206222407,7.006210653064658,
ENSMUSG00000045930-P,3.766004067861309,3.680767066032414,4.5391547766173215,3.2733065724676464,
ENSMUSG00000002324-P,4.273046525332027,4.9520524375429185,5.087092908190067,3.0755713231656583,
ENSMUSG00000030493-P,2.7504530210826617,3.150985770004812,2.4863114493338285,2.5737342002457866,
ENSMUSG00000022199-P,12.36474560329271,12.4328246566897,12.686073632698871,11.704410120472096,
ENSMUSG00000052584-P,3.1732869970602846,2.704393082495007,3.116429864980178,3.0755713231656583,
ENSMUSG00000027108-P,6.809261505586279,6.747057186155135,7.1120308085985275,6.6087048676145965,
ENSMUSG00000023960-P,8.299046639104805,8.52485601540269,8.540491301827645,7.69910710335554,
ENSMUSG00000044365-P,5.320453324406561,4.876636924594463,5.020449068505198,4.8817885909416985,
ENSMUSG00000056735-P,2.7504530210826617,2.0541709707085123,0.0,2.237292359872747,
ENSMUSG00000012422-P,6.7490606670967646,6.972065867532077,6.349791805673653,6.39181682376078,
ENSMUSG00000062040-P,2.7504530210826617,3.766828018722604,0.0,3.98736199748914,
ENSMUSG00000028890-P,6.075953891260875,5.471006195071001,6.015266697136804,6.4337540069655486,
ENSMUSG00000042129-P,2.9773057297687884,3.766828018722604,0.8214972740981208,1.797736024735714,
ENSMUSG00000069631-P,4.509143446686844,5.70700151635025,5.407043830871237,4.290982059263259,
ENSMUSG00000040242-P,6.7794750714481085,6.374679230119585,7.038157981906848,7.033741863165058,
ENSMUSG00000039959-P,5.400908296516826,4.71283751758856,4.220832965109259,5.69413390952184,
ENSMUSG00000020227-P,2.4811509553456763,1.3654263732019043,0.8214972740981208,1.797736024735714,
ENSMUSG00000020297-P,9.74500347801244,9.923848749537296,9.911568573348312,9.432067163698894,
ENSMUSG00000061689-P,7.996502932853099,8.543263128758628,8.322700997046162,8.101608028508538,
ENSMUSG00000040586-P,4.273046525332027,3.386693383554935,3.811785977787418,4.462857702523579,
ENSMUSG00000051435-P,8.261830570759992,7.559235041339005,7.64733016622062,8.987246230818066,
ENSMUSG00000070527-P,1.101553810933769,1.3654263732019043,2.0246588745094822,1.797736024735714,
ENSMUSG00000022427-P,6.441935924402331,6.388319437205652,5.458296416691542,5.794112339603797,
ENSMUSG00000020553-P,3.882670605191555,4.067401756611819,4.985935973379719,2.5737342002457866,
ENSMUSG00000031198-P,7.957131482479828,7.559235041339005,7.249313638399448,7.582775283010937,
ENSMUSG00000061524-P,5.777558326318828,3.150985770004812,3.96139585055448,5.105846396541886,
ENSMUSG00000030403-P,6.12415044790558,6.625628866339765,6.739834617146236,6.47450648984294,
ENSMUSG00000023931-P,4.356113222091278,4.57649836648427,5.119294833844485,4.37947792176972,
ENSMUSG00000005045-P,4.356113222091278,3.924928531900101,2.0246588745094822,5.510371955830969,
ENSMUSG00000089875-P,0.0,1.7505151454784302,0.0,1.797736024735714,
ENSMUSG00000038390-P,5.974443679542703,5.871428427189634,5.150793656005636,5.2997392522886235,
ENSMUSG00000002748-P,7.930273968369961,7.528767560038263,7.087824404947686,8.267329845820903,
ENSMUSG00000001089-P,7.424020666545574,7.365959829706537,6.810567456482186,7.814711613415758,
ENSMUSG00000034349-P,5.947909491250578,5.445136200919218,4.030758295884336,6.304097995492955,
ENSMUSG00000027860-P,5.920878125152063,6.001374063401805,6.146059708423033,5.887609044527258,
ENSMUSG00000085890-P,1.101553810933769,1.3654263732019043,0.0,1.797736024735714,
ENSMUSG00000001014-P,2.1497700180480246,0.8385583691221199,0.0,1.1624491859884538,
ENSMUSG00000052056-P,3.9906044464021457,4.623391024333983,3.456031877117128,4.095825131616586,
ENSMUSG00000020235-P,5.513756508827198,5.545944088858351,5.087092908190067,5.946735064002674,
ENSMUSG00000071637-P,3.3458014892099626,3.589244823623905,3.730729742193722,3.98736199748914,
ENSMUSG00000097462-P,2.4811509553456763,3.016917148480216,0.0,3.870076759864794,
ENSMUSG00000043263-P,2.4811509553456763,2.518427834990676,0.0,1.797736024735714,
ENSMUSG00000019173-P,8.272562055530809,8.272445786827808,7.9722328868717725,7.986568434344243,
ENSMUSG00000009076-P,4.832918536856116,5.445136200919218,5.353903186687066,4.755196917052203,
ENSMUSG00000054792-P,4.711982138158219,4.837397370759175,3.2387303901521816,5.105846396541886,
ENSMUSG00000020491-P,2.9773057297687884,2.704393082495007,0.0,3.2733065724676464,
ENSMUSG00000018570-P,1.101553810933769,0.0,2.6714460049549595,0.0,
ENSMUSG00000066800-P,2.1497700180480246,2.304894014097668,0.0,3.2733065724676464,
ENSMUSG00000028053-P,8.066006485861482,7.966308687118054,7.6138170171841555,8.858449669163363,
ENSMUSG00000032261-P,7.12565806597986,7.197988478579278,7.602470707058151,7.1133169265955605,
ENSMUSG00000029551-P,4.711982138158219,5.364620670048894,4.220832965109259,4.941148781404575,
ENSMUSG00000027210-P,5.097182960519852,4.7555635980171935,5.326580346558123,5.470634002017823,
ENSMUSG00000017286-P,5.400908296516826,5.570082656223494,5.711633172949355,5.857111800226939,
ENSMUSG00000027957-P,5.477112533230167,5.6627901298278225,6.161605576305456,4.616419412697682,
ENSMUSG00000086851-P,1.101553810933769,1.3654263732019043,2.273872621385443,1.1624491859884538,
ENSMUSG00000056999-P,7.0528237819245,7.756193414241858,7.249313638399448,7.260398656889082,
ENSMUSG00000102101-P,5.144686967095041,4.66880736564109,5.270331501192406,3.4471782169461127,
ENSMUSG00000051297-P,1.101553810933769,1.3654263732019043,0.0,0.0,
ENSMUSG00000103731-P,2.4811509553456763,2.0541709707085123,0.8214972740981208,3.602330869756028,
ENSMUSG00000078486-P,2.1497700180480246,0.0,0.0,1.1624491859884538,
ENSMUSG00000003190-P,2.4811509553456763,2.518427834990676,2.982793245950239,1.1624491859884538,
ENSMUSG00000051285-P,7.26114485261972,6.981095799766669,6.587029678776263,7.741465736245257,
ENSMUSG00000098098-P,3.882670605191555,2.704393082495007,3.553526136124895,2.237292359872747,
ENSMUSG00000051510-P,6.809261505586279,6.304473956270043,6.905953336306293,7.047312923629622,
ENSMUSG00000037110-P,5.777558326318828,5.617180936836218,4.759482409994843,5.761549999571857,
ENSMUSG00000006281-P,4.184903277508623,4.257767459275488,0.0,5.053009057357688,
ENSMUSG00000022674-P,3.766004067861309,3.766828018722604,4.6313611998743935,3.742406201252233,
ENSMUSG00000027770-P,6.962925328256333,6.318790982518435,7.2420200413281455,7.361636556301199,
ENSMUSG00000036815-P,3.639066360670274,3.150985770004812,4.030758295884336,3.4471782169461127,
ENSMUSG00000030677-P,3.1732869970602846,1.7505151454784302,3.6448469301561017,3.2733065724676464,
ENSMUSG00000097318-P,2.9773057297687884,2.704393082495007,2.982793245950239,2.237292359872747,
ENSMUSG00000025789-P,0.0,0.8385583691221199,2.0246588745094822,2.8463639488945427,
ENSMUSG00000025894-P,5.400908296516826,5.391961510190252,5.6245707660558795,5.9174749285256585,
ENSMUSG00000030801-P,4.273046525332027,5.023720746902281,1.3416887972772054,3.4471782169461127,
ENSMUSG00000032763-P,6.68623796324397,6.9629790601282195,6.294458144630872,6.16162869634769,
ENSMUSG00000038324-P,6.976116051054178,7.016660733064585,7.249313638399448,6.6087048676145965,
ENSMUSG00000030201-P,8.601026418652461,8.375344313206865,8.473561600465423,8.712765663435565,
ENSMUSG00000033068-P,3.3458014892099626,3.589244823623905,3.96139585055448,3.742406201252233,
ENSMUSG00000016018-P,7.462020342800686,7.439867817372348,6.308491793063544,7.06075751337922,
ENSMUSG00000074994-P,6.838445377363691,6.682093406408409,6.222166155140717,7.506225594993879,
ENSMUSG00000032560-P,5.920878125152063,6.1205763191195475,6.207262667770539,6.16162869634769,
ENSMUSG00000022439-P,1.7188388271759958,0.0,0.0,1.1624491859884538,
ENSMUSG00000045767-P,8.26720629138895,7.896435062956554,7.1120308085985275,8.081962071105977,
ENSMUSG00000043241-P,7.414362272886572,7.118379490012138,7.2923174438808385,7.846108632215601,
ENSMUSG00000015748-P,5.974443679542703,5.791556214025965,5.601958724231705,5.470634002017823,
ENSMUSG00000048330-P,6.075953891260875,5.749898233250982,6.83015583602112,5.887609044527258,
ENSMUSG00000020380-P,5.777558326318828,5.364620670048894,4.220832965109259,6.5527125293398205,
ENSMUSG00000039145-P,8.201336586367953,7.896435062956554,7.166981302266064,8.15898998159169,
ENSMUSG00000041491-P,2.9773057297687884,3.016917148480216,1.3416887972772054,3.0755713231656583,
ENSMUSG00000032459-P,4.509143446686844,4.7555635980171935,3.2387303901521816,3.742406201252233,
ENSMUSG00000015363-P,5.747103057137844,5.791556214025965,5.2413627109075795,5.887609044527258,
ENSMUSG00000027680-P,7.718990331553205,7.302540216719784,7.1120308085985275,7.749790240032465,
ENSMUSG00000035539-P,1.101553810933769,0.0,0.8214972740981208,1.797736024735714,
ENSMUSG00000045284-P,8.72731181933491,8.32303779355365,8.04108844853084,8.492364338201057,
ENSMUSG00000033054-P,4.509143446686844,4.837397370759175,4.0969383274517766,5.794112339603797,
ENSMUSG00000064338-P,6.838445377363691,6.415218952224443,5.2413627109075795,6.110831045626577,
ENSMUSG00000024873-P,3.9906044464021457,3.848042911114287,4.334924217068247,5.053009057357688,
ENSMUSG00000097537-P,4.091022357542375,3.766828018722604,3.811785977787418,4.196701002559253,
ENSMUSG00000043614-P,4.091022357542375,4.13368750535001,3.3514685677215885,3.98736199748914,
ENSMUSG00000027710-P,1.7188388271759958,3.4915209139789276,0.0,2.237292359872747,
ENSMUSG00000007570-P,3.766004067861309,5.364620670048894,4.718026823444724,3.742406201252233,
ENSMUSG00000052951-P,1.101553810933769,2.304894014097668,0.0,2.5737342002457866,
ENSMUSG00000033021-P,5.235245236796087,5.471006195071001,5.555642807712789,5.2997392522886235,
ENSMUSG00000067148-P,6.1476580781696795,5.791556214025965,5.48325570383941,5.659206473308642,
ENSMUSG00000013663-P,7.002141105753032,6.648480550018355,7.1592582164850675,7.033741863165058,
ENSMUSG00000006800-P,4.579972749883457,4.797060637208412,3.811785977787418,4.755196917052203,
ENSMUSG00000022843-P,3.9906044464021457,3.4915209139789276,3.811785977787418,3.0755713231656583,
ENSMUSG00000039899-P,3.3458014892099626,2.0541709707085123,0.0,2.237292359872747,
ENSMUSG00000042557-P,6.075953891260875,5.70700151635025,5.298730040384409,4.8817885909416985,
ENSMUSG00000038884-P,3.499872833949994,3.2736479731305947,2.273872621385443,4.095825131616586,
ENSMUSG00000035692-P,2.7504530210826617,3.2736479731305947,0.0,3.4471782169461127,
ENSMUSG00000063801-P,5.235245236796087,5.5938239845421736,4.585994507190442,5.586707663782819,
ENSMUSG00000059456-P,6.000498649023327,6.2606501363599065,5.732601918256957,6.412937792110153,
ENSMUSG00000031637-P,1.7188388271759958,2.0541709707085123,0.0,2.8463639488945427,
ENSMUSG00000036202-P,7.027704996206866,6.625628866339765,6.363299858074398,7.950910626429409,
ENSMUSG00000043411-P,7.1137715124922245,7.756193414241858,7.263791136842731,7.906924293401127,
ENSMUSG00000017670-P,6.000498649023327,6.053671170721556,6.7189714937813845,6.03111488755192,
ENSMUSG00000014846-P,5.361241580733786,5.364620670048894,5.813555930727355,5.623412425038124,
ENSMUSG00000030611-P,5.513756508827198,4.876636924594463,2.6714460049549595,5.470634002017823,
ENSMUSG00000034563-P,6.976116051054178,6.747057186155135,6.868552317858963,6.210698417561517,
ENSMUSG00000010057-P,5.235245236796087,4.425917120147838,5.054155772242096,4.541680749013652,
ENSMUSG00000020886-P,7.604737059888774,8.204677948398803,7.387938841885552,8.04861234442568,
ENSMUSG00000018171-P,7.172248487016464,7.288060192711346,7.496126420868756,6.781053427151367,
ENSMUSG00000008348-P,8.930705245077698,9.386824814469168,8.79343093055519,9.21775923707662,
ENSMUSG00000042659-P,4.184903277508623,3.150985770004812,3.811785977787418,2.237292359872747,
ENSMUSG00000019647-P,4.509143446686844,4.797060637208412,4.4907431308006736,4.8817885909416985,
ENSMUSG00000021709-P,6.764348016049506,6.070690580584308,5.945136930416703,7.100355494673896,
ENSMUSG00000086769-P,1.101553810933769,0.8385583691221199,1.3416887972772054,3.2733065724676464,
ENSMUSG00000031617-P,6.620554578884082,6.972065867532077,6.687099965125473,6.890510489107009,
ENSMUSG00000071650-P,8.155690999980619,8.011079128854785,7.471390724090567,7.619578960518317,
ENSMUSG00000024098-P,6.534007812883712,6.053671170721556,6.83015583602112,5.857111800226939,
ENSMUSG00000046806-P,3.639066360670274,3.016917148480216,4.838982462590132,5.105846396541886,
ENSMUSG00000040661-P,4.434656420589223,5.496420455980846,4.718026823444724,5.510371955830969,
ENSMUSG00000040675-P,2.4811509553456763,2.518427834990676,3.2387303901521816,2.5737342002457866,
ENSMUSG00000016487-P,5.8652467992153925,5.6627901298278225,5.432897709077983,5.887609044527258,
ENSMUSG00000028967-P,3.3458014892099626,3.848042911114287,2.6714460049549595,4.37947792176972,
ENSMUSG00000036197-P,6.441935924402331,6.467558533933706,6.308491793063544,6.281308835348339,
ENSMUSG00000105302-P,0.0,2.304894014097668,2.0246588745094822,4.290982059263259,
ENSMUSG00000028057-P,5.097182960519852,5.871428427189634,4.914329502781967,5.623412425038124,
ENSMUSG00000031513-P,7.1491413423187735,6.819326465706077,7.56788633605373,6.714563772005234,
ENSMUSG00000042198-P,6.733609591079101,6.530420811784201,6.905953336306293,6.714563772005234,
ENSMUSG00000022751-P,3.766004067861309,3.766828018722604,3.811785977787418,3.870076759864794,
ENSMUSG00000033585-P,5.715990987754683,5.749898233250982,6.049093287020709,4.8817885909416985,
ENSMUSG00000038058-P,3.639066360670274,4.257767459275488,4.220832965109259,4.541680749013652,
ENSMUSG00000042745-P,8.583895770173168,8.358118664786549,7.652840778133766,8.318594103322706,
ENSMUSG00000026096-P,3.9906044464021457,5.219558326717548,5.181619423170213,4.462857702523579,
ENSMUSG00000072662-P,5.549492748204033,4.257767459275488,5.407043830871237,4.9981627926112795,
ENSMUSG00000023764-P,5.235245236796087,4.797060637208412,4.160215203662589,5.156816791983688,
ENSMUSG00000040483-P,3.1732869970602846,2.8691011930276966,2.982793245950239,1.797736024735714,
ENSMUSG00000033047-P,6.363798940035684,6.83932690952143,7.361258977839794,6.304097995492955,
ENSMUSG00000032602-P,6.908922262401099,6.1205763191195475,6.192203614308134,5.887609044527258,
ENSMUSG00000064340-P,6.51605752025926,6.2457412952436115,4.5391547766173215,5.69413390952184,
ENSMUSG00000019971-P,7.526202569023755,6.907222475042951,6.643478857085614,7.8844177732725935,
ENSMUSG00000031256-P,6.422794829230024,6.13682880122614,3.553526136124895,6.626896260983651,
ENSMUSG00000023826-P,2.7504530210826617,4.528030178878593,2.6714460049549595,4.462857702523579,
ENSMUSG00000070643-P,4.184903277508623,4.477876898351648,4.160215203662589,4.755196917052203,
ENSMUSG00000022568-P,4.832918536856116,4.372015827487413,5.020449068505198,2.8463639488945427,
ENSMUSG00000024548-P,4.773717179416936,3.386693383554935,4.0969383274517766,4.290982059263259,
ENSMUSG00000050199-P,5.747103057137844,5.391961510190252,5.531915052948042,4.616419412697682,
ENSMUSG00000057440-P,6.895099625376056,6.819326465706077,6.739834617146236,7.446024106763958,
ENSMUSG00000022010-P,9.649435412097136,9.752498900736688,9.570931051512371,9.45515867906818,
ENSMUSG00000024083-P,8.575253558249619,7.988867568390562,8.18495661688966,8.574328242205961,
ENSMUSG00000072763-P,3.499872833949994,4.316022277370658,4.4907431308006736,4.462857702523579,
ENSMUSG00000030616-P,6.479472689762418,6.184515760660532,6.294458144630872,6.764716080324877,
ENSMUSG00000003949-P,7.077512697870587,6.819326465706077,5.852390833229077,6.8446132955301096,
ENSMUSG00000085184-P,2.7504530210826617,0.8385583691221199,0.0,2.237292359872747,
ENSMUSG00000066595-P,5.651678671357701,5.445136200919218,5.852390833229077,5.156816791983688,
ENSMUSG00000046714-P,4.647486806889882,4.067401756611819,0.0,2.5737342002457866,
ENSMUSG00000004263-P,7.0403190563211195,7.007851355645052,6.479497367667095,7.2250099710150035,
ENSMUSG00000021929-P,5.974443679542703,5.52139476273597,5.555642807712789,6.234621276255072,
ENSMUSG00000074480-P,2.1497700180480246,4.197061018832923,0.8214972740981208,4.290982059263259,
ENSMUSG00000000127-P,5.549492748204033,5.811942639321756,5.326580346558123,5.887609044527258,
ENSMUSG00000075256-P,3.3458014892099626,2.518427834990676,2.0246588745094822,3.742406201252233,
ENSMUSG00000028811-P,4.944496653308273,5.1571868986923874,5.020449068505198,5.429770418230872,
ENSMUSG00000025016-P,8.731207073711744,8.518667748760256,8.607294218579987,8.068714546612348,
ENSMUSG00000034957-P,3.3458014892099626,2.304894014097668,2.4863114493338285,3.602330869756028,
ENSMUSG00000025862-P,7.517206651196702,6.944631922007378,6.479497367667095,7.404447253638349,
ENSMUSG00000024800-P,3.3458014892099626,3.997923171427931,4.279006118292288,3.870076759864794,
ENSMUSG00000025104-P,6.12415044790558,5.851871096899276,6.161605576305456,6.39181682376078,
ENSMUSG00000078201-P,4.273046525332027,4.9883315769879735,6.161605576305456,4.941148781404575,
ENSMUSG00000042506-P,7.065221052092395,6.682093406408409,7.120010187976092,6.764716080324877,
ENSMUSG00000101059-P,0.0,0.0,0.0,1.1624491859884538,
ENSMUSG00000022629-P,7.077512697870587,6.152900230963077,6.294458144630872,7.033741863165058,
ENSMUSG00000049287-P,4.832918536856116,4.7555635980171935,4.95057695534904,4.290982059263259,
ENSMUSG00000033792-P,7.0528237819245,7.966308687118054,8.192543708997103,7.317516537477684,
ENSMUSG00000018707-P,8.43422329927453,8.552379358018603,8.237246974646206,8.746434949397965,
ENSMUSG00000018293-P,6.670095338693093,6.070690580584308,6.376682605983674,6.514139371735385,
ENSMUSG00000026547-P,6.215966561406288,6.053671170721556,5.7736466720356585,5.9174749285256585,
ENSMUSG00000026527-P,3.639066360670274,2.0541709707085123,5.690355158374147,3.742406201252233,
ENSMUSG00000085945-P,4.434656420589223,4.57649836648427,4.334924217068247,4.290982059263259,
ENSMUSG00000071369-P,6.5865563286355835,6.648480550018355,6.587029678776263,6.949520114659912,
ENSMUSG00000015970-P,5.8652467992153925,5.570082656223494,5.211800297794947,6.084745360660747,
ENSMUSG00000017314-P,5.320453324406561,4.7555635980171935,5.020449068505198,6.326532763358525,
ENSMUSG00000051579-P,7.4336148300319165,7.197988478579278,6.563816694088996,7.260398656889082,
ENSMUSG00000093606-P,3.3458014892099626,3.589244823623905,0.0,3.4471782169461127,
ENSMUSG00000049090-P,6.936176461414993,6.566864070201843,6.540224095820713,7.006210653064658,
ENSMUSG00000032307-P,5.278478256490664,4.914837409260238,4.6313611998743935,5.2997392522886235,
ENSMUSG00000062866-P,9.187587784767857,8.458516224972223,8.376981882254643,9.452611131341769,
ENSMUSG00000041685-P,6.908922262401099,6.530420811784201,7.320290621582506,7.2486986159145905,
ENSMUSG00000046807-P,3.639066360670274,4.067401756611819,0.8214972740981208,3.0755713231656583,
ENSMUSG00000027305-P,4.356113222091278,4.623391024333983,3.456031877117128,4.290982059263259,
ENSMUSG00000031715-P,7.404638783250175,6.625628866339765,7.120010187976092,7.087276558437443,
ENSMUSG00000005699-P,4.509143446686844,4.797060637208412,5.087092908190067,4.541680749013652,
ENSMUSG00000042594-P,4.773717179416936,4.71283751758856,4.334924217068247,3.2733065724676464,
ENSMUSG00000071652-P,4.773717179416936,4.797060637208412,5.690355158374147,4.095825131616586,
ENSMUSG00000019933-P,2.9773057297687884,2.0541709707085123,2.273872621385443,3.742406201252233,
ENSMUSG00000102664-P,1.7188388271759958,0.8385583691221199,0.0,3.98736199748914,
ENSMUSG00000020219-P,7.867951630097997,8.002235498178084,8.400102311290023,7.891959026135351,
ENSMUSG00000052837-P,4.273046525332027,4.71283751758856,2.4863114493338285,3.602330869756028,
ENSMUSG00000022774-P,6.2380357579761,6.152900230963077,6.687099965125473,6.16162869634769,
ENSMUSG00000031079-P,2.1497700180480246,0.8385583691221199,1.3416887972772054,2.5737342002457866,
ENSMUSG00000021149-P,6.603655600901273,6.530420811784201,6.429005689616023,7.033741863165058,
ENSMUSG00000039000-P,5.8652467992153925,6.230676775662932,6.441795240410741,5.794112339603797,
ENSMUSG00000048776-P,4.832918536856116,4.372015827487413,4.220832965109259,4.095825131616586,
ENSMUSG00000035173-P,6.670095338693093,6.0190179118825755,5.38071816967047,6.644861126772542,
ENSMUSG00000038780-P,4.509143446686844,4.067401756611819,5.020449068505198,3.742406201252233,
ENSMUSG00000026113-P,4.579972749883457,4.57649836648427,2.273872621385443,4.095825131616586,
ENSMUSG00000090247-P,4.356113222091278,4.197061018832923,3.811785977787418,3.742406201252233,
ENSMUSG00000009013-P,8.765799032860624,8.688155607423477,8.610129686222942,8.708501211603203,
ENSMUSG00000027349-P,5.836605448731078,6.347005719723283,5.980627900015513,6.412937792110153,
ENSMUSG00000026315-P,4.273046525332027,3.589244823623905,2.982793245950239,3.0755713231656583,
ENSMUSG00000027646-P,5.974443679542703,5.6627901298278225,6.098391007835065,5.105846396541886,
ENSMUSG00000038827-P,4.184903277508623,3.766828018722604,4.0969383274517766,3.4471782169461127,
ENSMUSG00000025231-P,4.773717179416936,3.848042911114287,4.0969383274517766,4.095825131616586,
ENSMUSG00000020546-P,7.26114485261972,7.288060192711346,7.64733016622062,7.610465685880198,
ENSMUSG00000020330-P,0.0,1.3654263732019043,3.96139585055448,0.0,
ENSMUSG00000019088-P,2.9773057297687884,3.997923171427931,4.4907431308006736,2.5737342002457866,
ENSMUSG00000020074-P,7.25032778362434,7.150752111265248,6.504095636833551,8.24394763015437,
ENSMUSG00000037408-P,3.766004067861309,3.589244823623905,5.181619423170213,3.0755713231656583,
ENSMUSG00000023046-P,3.639066360670274,4.067401756611819,3.811785977787418,3.2733065724676464,
ENSMUSG00000031776-P,7.0528237819245,6.659772074351776,6.6978022317506145,7.047312923629622,
ENSMUSG00000020899-P,5.097182960519852,5.308333676941285,5.555642807712789,4.37947792176972,
ENSMUSG00000055022-P,10.311304821328989,9.99243795900892,10.049562717080756,10.110648965905566,
ENSMUSG00000024976-P,5.920878125152063,5.640165761291323,4.838982462590132,6.370382045868336,
ENSMUSG00000003199-P,6.100253424872349,6.388319437205652,6.479497367667095,6.680133361826227,
ENSMUSG00000039450-P,5.048061362802889,5.124959967225956,3.888529394848373,5.586707663782819,
ENSMUSG00000066057-P,3.499872833949994,4.257767459275488,4.0969383274517766,4.9981627926112795,
ENSMUSG00000041649-P,0.0,0.8385583691221199,1.3416887972772054,0.0,
ENSMUSG00000042699-P,7.239428997094071,6.625628866339765,7.054904156992124,6.697451276166478,
ENSMUSG00000032348-P,8.218088099170188,8.246468540225152,8.203850054661036,8.08854049390844,
ENSMUSG00000022177-P,2.1497700180480246,2.0541709707085123,4.160215203662589,1.1624491859884538,
ENSMUSG00000045098-P,5.893330593408167,5.219558326717548,5.908750798758959,6.03111488755192,
ENSMUSG00000024772-P,6.653770044998742,6.7887961068096345,7.249313638399448,6.5716191303070035,
ENSMUSG00000021000-P,7.86085776803573,7.288060192711346,7.433473332226733,7.798753097843608,
ENSMUSG00000056938-P,6.867050583146483,6.868817109971175,6.479497367667095,6.9054907120052365,
ENSMUSG00000060279-P,5.5843651388493765,5.023720746902281,5.087092908190067,5.794112339603797,
ENSMUSG00000030557-P,6.441935924402331,5.928558292707383,6.349791805673653,6.9054907120052365,
ENSMUSG00000023118-P,4.711982138158219,4.528030178878593,5.578986622299041,5.510371955830969,
ENSMUSG00000021583-P,5.144686967095041,4.316022277370658,4.030758295884336,4.616419412697682,
ENSMUSG00000021990-P,6.302287300049863,6.2457412952436115,5.753270255913494,5.887609044527258,
ENSMUSG00000029265-P,5.477112533230167,5.728609303897493,5.150793656005636,5.105846396541886,
ENSMUSG00000036087-P,7.293117783399317,7.126541000486058,7.02971143238575,7.545008097177936,
ENSMUSG00000031479-P,6.403396359164746,5.545944088858351,5.980627900015513,6.47450648984294,
ENSMUSG00000039813-P,5.747103057137844,6.2606501363599065,5.48325570383941,6.47450648984294,
ENSMUSG00000044617-P,1.101553810933769,2.704393082495007,0.0,2.8463639488945427,
ENSMUSG00000032796-P,3.3458014892099626,3.766828018722604,3.116429864980178,3.0755713231656583,
ENSMUSG00000038135-P,1.7188388271759958,1.3654263732019043,1.7232166478352944,1.797736024735714,
