NAME,3297_VECPAC_190224,3679_VECPAC_190224,3681_VECPAC_190224
,VECPAC_CTRL,VECPAC_CTRL,VECPAC_CTRL
"(2,5-Dimethoxyphenyl)acetone",60441.87655,34634.09876,124928.2394
"(2R)-Pyrrolidine-1,2-dicarboxylic acid, bis(tert-butyldimethylsilyl) ester",1064662.302,419060.8465,706911.482
(4-Fluorophenyl)phenylmethanol,0,0,107810.3666
"(9H-fluoren-9-yl)methanol, O-methoxycarbonyl-",1240395978,214897209.6,68566428.78
"3,4,5-Trimethoxyamphetamine",0,90918.76324,8040.871983
Oxypeucedanin,0,0,0
"1-(1-Hydroxybutyl)-2,5-dimethoxybenzene ",11389516.68,0,14172806.26
"1-(2,4-Dimethoxyphenyl)-propan-2-one",26845.74725,300870.5884,72048.31749
"1-(2,5-Dimethoxyphenyl)-1-[(trimethylsilyl)oxy]propan-2-amine",33162341.68,28860951.41,53327118.06
"1-(4-Methoxyphenyl)-4,6-dimethyl-2(1H)-pyrimidinone",0,1579541.3,5038706.03
1-(Cyclohexylmethyl)-4-piperidinylamine,0,23807.43308,3836.636799
1-(tert-Butyldimethylsilyl)-4-methyl-1H-pyrazole,370803.134,272026.3681,328079.5744
"1,2,4-Butanetriol, (S)",0,0,0
"1,2-Benzenedicarboxylic acid, butyl octyl ester",0,52851077.69,0
"1,2-Bis(trimethylsiloxy)cyclohexene",0,0,127760.3524
"1,2-Cinnolinedicarboxylic acid, 1,2,3,5,6,7,8,8a-octahydro-4-trimethylsilyloxy-, diethyl ester",0,0,0
"1,2-Cyclohexanediol, (Z)",376422.0486,330940.0542,0
"1,3-Butanediamine",65718504.24,0,0
"1,3-Oxazolidine, 2,5-diphenyl-4-methyl-, trans-",244159530.5,103847109.5,216737593.4
"1,3-Propanediol",0,0,0
10-Undecynoic acid,0,0,0
"13-Docosenamide, (Z)",0,0,0
1-Butanol,106875256.1,0,98955214.82
"1-Heptanol, 2-propyl-",0,0,0
1-Hexacosanol,0,0,0
1-Octadecanol,0,487.2821111,0
"1-Octanol, 2-butyl-",19917960.86,9440684.004,32865035.58
"1-Pentene, 1,3-diphenyl-1-(trimethylsilyloxy)-",0,1.68223E+11,0
"2(1H)-Quinolinone, 3-[3-(4-methoxyphenyl)-1-oxo-2-propen-1-yl]-4-phenyl",0,0,0
"2(5H)-Furanone, 4-(hydroxymethyl)",716584.5951,426858.1281,662394.8042
"2-(Ethylamino)ethanol, N-acetyl",2980334518,2548927250,2854154682
2-(Methylamino)ethanol,84614477.01,38510759.99,71781687.63
"2,2'-Bipyridine",2662076.276,1817478.658,2819845.473
"2,3-Butanediol, O-(trimethylsilyl)-, monoacetate",290387.4784,293681.2361,186878.7198
"2,3-Dihydroxybutanoic acid",0,67589111.14,2473065804
"2',3'-Di-O-acetyladenosine",0,2.81217E-06,3.17208E-05
"2,4,4'-Trihydroxybenzophenone",508674.8763,327978.0263,378251.8481
"2,4,6-Cycloheptatrien-1-one",13883571.63,25351106.12,13493772.63
"2,4-Dihydroxyacetophenone",0,0,67645375.06
"2,4-Dimethoxybenzaldoxime",0,0,495632.767
"2,4-Di-tert-butylphenol",8986309.424,6622432.176,7050188.656
"2,4-Imidazolidinedione, 5,5-dimethyl",201468.8534,511496.6468,4419.700505
"2,5-Bis((tert-butyldimethylsilyl)oxy)-4,4-dimethyl-4H-imidazole",198652.6729,883874.4916,0
"2,5-Dimethoxybenzhydrazide",30373452.87,0,40447116.11
"2,5-Dimethoxybenzonitrile",1301553.991,593099.2703,2090882.405
"2,5-Dimethoxyphenol",11831643.02,4117512.171,15790885.36
"2',5'-Dimethoxypropiophenone",37180648.39,30370213.33,65365856.54
"2,6-di-tert-Butyl-4-(dimethylaminomethyl)phenol",3304860.66,1418447.112,1310453.362
"2-Allyl-1,4-dimethoxybenzene",48078132.53,43783184.68,46942271.91
2-Amino-4-methylbenzophenone,326881.3479,249286.5521,393276.5729
2-Aminoquinolin-8-ol,0,4314503.07,0
2-Butanol,0,0,0
2-Buten-1-ol,1822458.642,0,1192604.616
"2-Butene-1,4-diol",0,0,0
2-Butenedioic acid,44970050.85,24802914.28,0
"2-Butenoic acid, 3-[(tert-butyldimethylsilyl)oxy]",73812144.92,53901152.9,56398805.81
2-Butoxyethanol,63237.95102,24011.20868,941.93859
2-Cyanobenzaldehyde,0,0,96159631.48
"2-Cyclohexen-1-one, 3-methyl-6-(1-methylethyl)",587978.2798,713283.8679,615509.8736
"2-Cyclohexen-1-one, 3-methyl-",762583.3118,734454.7847,1167497.017
2-Decanol,373796.532,0,277386.3654
2-Ethyl-1-butanol,0,0,0
2-Ethylhexanoic acid,88968418.42,67585209.38,57746818.88
2-Ethylhexanol,0,0,0
"2-Furancarbodithioic acid, methyl ester",0,0,0
2-Furoic acid,136387.6802,117778.3793,161753.4042
2-Hexanol,81200924.04,63759697.2,56395420.79
"2'-Hydroxy-2,4,4',5-tetramethoxychalcone",876.1524078,823.6095238,2452.432606
"2-Hydroxy-2',4',6'-trimethoxychalcone",0,0,0
2-Hydroxy-3-methylbutyric acid,282.9407671,0,72.35145142
"2-Hydroxymethyl-17alpha-methylandrosta-1,4-diene-11alpha,17beta-diol-3-one",0,0,0
2-Isopropyl-5-methyl-1-heptanol,0,190904286.6,147208982.4
"2-Methyl-1,3-butanediol",10109870.34,5790519.5,6488768.64
2-Methyl-3-pentanol,0,0,0
"2-Methylcyclohexanol, (Z)",68599.78647,130627.7441,147551.1427
"2-Methylcyclohexylamine, tert.-butyldimethylsilyl ether",0,0,0
2-Naphthol,65435.40092,84334.62249,79413.52498
2-Norbornanemethanol,0,0,0
"2-Oxiraneethanol, 2-t-butyldimethysilyloxymethyl- acetate",0,0,0
2-Pentadecanone,22.18504734,18.36215746,23.90542255
"2-Pivaloyl-1,3-indandione",0,0,0
2-Propyl-1-pentanol,0,9441912.351,9166503.818
2-Pyrrolidone-5-carboxylic acid,421307439.1,618533588.5,537320757.6
"2-Thiophenecarboxylic acid, 4-cyanophenyl ester",0,0,0
"3-(4,7-Dimethoxy-2H-1,3-benzodioxol-5-yl)-2-methylprop-2-enal",1923601.852,712195.6571,2652724.903
3-(4-Methoxyphenyl)coumarin,0,23450.71029,0
"3,3-Bis{4-[(trimethylsilyl)oxy]phenyl}-2-benzofuran-1(3H)-one",0,0,0
"3,3-Dimethylacrylic acid",0,0,1643861.842
"3,4-Dihydroxybenzaldehyde",10286388.43,18385343.59,8239508.407
"3,4-Methylenedioxyamphetamine",223841486.1,202109773,7793.21655
"3,5-Dimethoxy-4-(tert.-butyldimethylsilyl)oxybenzaldehyde",0,444346604.4,0
"3,5-Dimethylphenol",25350.81166,29023.02185,32973.88427
3-Amino-5-methylisoxazole,2526405.67,0,4293042.486
3-Aminobenzoic acid,1753810.642,6663407.435,0
3-Buten-2-one,208334.0846,340530.6853,556093.4215
3-Heptanol,11692838.75,10376432.74,3232415.442
"3-Hydroxy-7,3',4',5'-tetramethoxyflavone",0,63.39639019,1219.144291
3-Hydroxymethyl-2-trimethylsilyloxypentane,0,0,0
3-Methyl-3-buten-1-ol,15942.62196,0,16439.91837
3-Nonene,0,0,0
3-Phenyl oxindole,0,2078749.762,0
"4,4'-Dichlorobenzophenone",0,0,0
"4,5-Dihydro-1H-pyrazole",0,0,7015026.634
"4-[2-(4,7-Dimethoxy-2H-1,3-benzodioxol-5-yl)ethenyl]-2-methoxyphenol",1454137.015,3325186.995,4177286.56
4-Aminobutanoic acid,192814.8208,106051.2852,22423.6449
4-Hydroxybutanoic acid,0,0,0
4-Methoxyphenol,141640622.3,68576451.57,221330598.6
"4-Methylquinoline-2,7-diol",0,0,0
4-Methylvaleric acid,344210.461,310885.3256,286558.2859
4-Oxohexanoic acid,598863.8162,485527.467,598173.4428
"4-Phenyl-2,3-dihydro-1H-1,5-benzodiazepin-2-one",0,169953.033,0
4-tert-Butyldimethylsiloxy-3-penten-2-one,0,0,0
5-Aminovaleric acid,0,0,0
5-Azacytosine,529973.7297,103000.5066,344737.97
"5-Chlorovaleric acid, nonyl ester",12192454.58,14314897.76,15674609.32
"5-Ethyl-1,3-dioxane-5-methanol, tert-butyldimethylsilyl ether",7352497.671,10929024.5,7165826.251
5-Ethyl-5-methylnonadecane,0,0,0
5-Hydroxy-7-methoxy-2-methyl-3-phenyl-4-chromenone,0,0,73412483.36
5-Nitroso-8-quinolinol,0,0,8452326.903
"5-Nonanol, tert-butyldimethylsilyl ether",677866.1741,564036.282,620053.7519
5-Oxohexanoic Acid,668443.6425,160665.3658,300586.1806
"6,7,4'-Trihydroxyisoflavone",169329.1567,164849.6338,162588.9017
"6-Aminocaproic acid, N-(tert.-butyldimethylsilyl)",33615.51987,22941.72266,35652.20006
"6-Methoxy-1-methyl-1,2,3,4-tetrahydroisoquinolin-7-ol ",0,5836648.95,0
6-Methyluracil,180103.2314,378276.9331,84493.23511
6-Nitroveratryl alcohol,0,0,105406.5428
6-Oxoheptanoic acid,2275361.869,2032341.657,1947330.104
"7(S),17(S)-Dihydroxy-8(E),10(Z),13(Z),15(E),19(Z)-docosapentaenoic acid",0,0,0
7-Hydroxy-4-(methoxymethyl)coumarin,0,24.63180227,0
8-Acetyl-7-hydroxycoumarin,0,0,0
8-Methylnonanoic acid,13037715,11888691.66,10921211.6
"9,12-Octadecadienoic acid (Z,Z)",0,0,0
9-Ethyl-N-(trimethylsilyl)-9H-carbazol-3-amine,0,0,0
"9H-Xanthen-9-one, 1-hydroxy-3,5,6-trimethoxy",0,0,0
"9Z-Octadecenoic acid, (2S)-3-[(hydroxymercaptophosphinyl)oxy]-2-methoxypropyl ester ",180584.7088,0,186903.9538
Acetic acid,82716323818,13704725484,73615612943
Aceturic acid,9812734.88,9573820.936,12046661.81
Aconitic acid,18024390.93,15834196.85,17669640.78
Adenine,0,12098.62535,0
Adipic acid,0,0,0
Adipoyl-L-carnitine,20827195.79,0,0
alpha-Hydroxyisobutyric acid,0,0,0
Allylescaline,1356829083,666183105.9,1782273870
Aminoguanidine,0,0,0
Aniline,248055.4688,364165.1596,311454.5968
Azelaic acid,310958.759,251805.5386,256962.2661
"Aziridine, 1-(2-buten-2-yl)",0,0,0
"Benz[a]anthracene-1,7,12(2H)-trione, 3,4-dihydro-8-hydroxy-3-methyl-, (3S)",0,0,54866161.62
"Benz[c]acridine, 5,10-dimethyl",0,0,0
"Benzaldehyde, 2,5-dimethoxy",1.18383E+11,74658252245,1.09943E+11
"Benzene, 1,4-dimethoxy",3630448.527,2539951.744,4805818.15
"Benzene, 1-acetoxy-2,6-dimethoxy-4-(2-propenyl)",0,0,0
"Benzene, 1-ethyl-3,5-dimethyl",1235837.995,0,0
Benzeneacetic acid,342984.6155,0,1373710.338
Benzenepropanoic acid,17073459.69,18106699.27,11245537.56
"Benzenesulfonamide, N-butyl",14843.32222,15075.05698,9776.836388
"Benzoic acid, 2-hydroxy-3-[(2-hydroxy-4-methoxy-6-propylbenzoyl)oxy]-4-methoxy-6-propyl-, methyl ester ",336661051.4,164395816.1,256605394.9
"Benzoic acid, methyl ester",7728088.843,1386749.412,8099953.412
Benzoic Acid,429239666.2,377592219.8,471647800.8
Benzophenone,29601.25041,22734.16291,0
Benzyl alcohol,29662925.79,25928181.18,28071022.04
Biphenyl,3399966.786,2709020.555,3320720.855
Butachlor ESA,0.247419454,0,0.236226523
Butanedioic acid,787071215.3,766162786.7,613268302.8
Butylmethylamine,16531394.4,9995193.524,12824776.48
Butyric Acid,97129452.59,148106692.7,90510879.16
Chlorobenzilate ,0,0,0
Cholesterol,4578691.269,5372335.71,46236.90927
cis-2-Decenoic acid,0,101989.9296,0
Citramalic acid,16750.21943,23738.29857,17749.63806
Crotonic acid,5384743.275,5028004.964,5008721.948
Curcumin,105906.9438,87267.14672,101540.8392
Cyclobutylamine,29746210.27,24690521.2,28265474.73
Cyclocurcumin,0,6299.772852,0
Cycloheptanol,5260369.97,9485329.255,15690617.35
"Cyclohexanone, 3,3,5-trimethyl",7214747.331,3255244.627,7218746.834
Cyclooctylamine,19324862.69,12577907.23,17981171.09
"Cyclopentaneacetic acid, 3-oxo-2-pentyl-, methyl ester",651040.7747,76470.11271,647782.7837
"Cytosine, N-(tert-butyldimethylsilyl)-",14021.26057,11762.40459,13359.83135
Desmethylverapamil,0,0,0
Diacetyl monoxime,150626.994,111190.2065,133952.615
Dibutyldodecylamine,0,0,0
Diclofenac,0,0,60780.93919
Diethylamine,455999.2711,289392.6371,479627.8944
DL-Glyceraldehyde,58628899.85,39242481.43,58454247.21
DL-p-Hydroxyphenyllactic acid,172623.3251,181985.5115,174351.1077
"Dodecanoic acid, 1-methylethyl ester",6319.85824,5208.440852,5742.471245
Dodecanoic acid,10434180.87,10552517.59,10291278.02
"D-Streptamine, O-6-amino-6-deoxy-alpha-D-glucopyranosyl-(1-4)-O-(3-deoxy-4-C-methyl-3-(methylamino)-beta-L-arabinopyranosyl-(1-6))-2-deoxy-",183.1256458,231.6199611,208.4075294
Durapan,0,79487.3277,0
"Erythrono-1,4-lactone",10843732.71,12192693.78,13635242.44
Ethanolamine,527019152.1,315348599.8,208501495.1
Formamide,2280360109,1933307916,2163259370
Frangulin,1136.759034,55.49368158,406.2585311
Glabridin,60597.61521,60757.64173,0
Glyceric acid,16973745.68,0,0
Glycerol,66746.06804,66171.82442,52772.95656
Glycine,238234145.7,95437258.61,105387970.4
"Glycine, tert.-butyldimethylsilyl ester",524745793.8,274075647.2,350283483.4
Glycolic acid,293210796.6,252529628.5,258413442.8
Guanosine,0,0,1058.162345
Heptanedioic acid,0,0,0
Heptanoic acid,28562704.67,26040006.1,20759801.75
Heptylamine,0,3628.411088,0
Hexacosanoic acid,3349.840685,3237.507058,0
Hexanoic acid,82318783.54,76476961.9,67277809.98
Hydracrylic acid,13246031.83,14765084.39,13347766.33
Hydroxylamine,0,0,0
"Hymexazole, tert-butyldimethylsilyl ether",23041181.92,28457346.42,15167941.56
Hypoxanthine,15821372.39,99671243.51,14888859.77
Iminodiacetic acid,235.4575898,380.3593045,173.7426243
Indoprofen,0,0,0
Isobutanol,608758.1611,262776.0451,473757.3796
Isonicotinic Acid,65084673.1,49559665.92,63439944.85
Isopropyl palmitate,1603.576767,1362.388969,1606.590942
Isopropylamine,17699570.77,9577753.173,8693407.231
Isosorbide,3315096.084,1321283.991,2306467.07
Ketamine,850706044.8,1257500311,1452197020
"Kojic acid, bis(tert-butyldimethylsilyl) ether",334024.8856,383748.506,159705.408
L-(+)-Threose,0,0,0
Lactic acid,415784846.6,1038334481,690247527.9
L-Alanine,138.69917,245.4770801,174.737716
L-Asparagine,0,1249354.14,0
L-gamma-Glutamyl-L-glutamic acid,0,284612.3338,0
Leucylglycine,0,6928046.92,0
Levulinic acid,16099522.48,14078715.43,15209007.12
L-Glutamic acid,0,0,0
L-Glutamine,201.6857671,0.76108857,163.5609087
"L-Histidine, N,1-bis(tert-butyldimethylsilyl)-",13619382.79,15014239.32,10754495.92
Lignoceric acid,56609.12131,110920.4576,65317.15905
L-Leucine,874523.6994,340386.2827,603107.2516
"l-Leucine, n-butoxycarbonyl-N-methyl-, hexadecyl ester",4165255242,0,4414489354
L-Lysine,18201283.47,0,8643400.871
L-Norleucine,0,0,746124349
"l-Norvaline, n-propargyloxycarbonyl-, isohexyl ester",275297194.6,0,0
L-Ornithine,23619.39792,0,151402.7103
L-Pyroglutamic acid,17804074.72,0,3137185.731
L-Serine,35184506.65,34240059.95,31009533.73
L-Threonine,0,0,0
L-Tryptophan,15082.80077,13995.45023,15408.24155
L-Tyrosine,48288670.89,57990671.81,50321916.62
Luciferin,2202.308048,0,0
Lupinine,0,3415172.151,0
L-Valine,3900881.807,7686167.724,3461519.574
L-Val-L-Leu,0,0,0
Malic acid,1453051.658,4743814.201,1497557.466
Maltol,0,0,0
Methanesulfonic acid,1811026.332,2267105.843,0
Methyl lactate,216078.6871,130770.3051,0
Methylsuccinic acid,0,0,0
Methylthiouracil,1351334.933,2732405.174,0
Mevalonolactone,100339.5305,12635.47113,112180.1013
Monocaproin,144673270.3,116860837.4,60749469.56
m-Toluic acid,163527.2806,155286.5063,190632.4681
Myristic acid,757720.9252,1058052.194,1031250.633
"N,N-Dimethyl-2-aminoethanol",966562216.2,909533387.3,314626212
"N-[(3,4,5-Trimethoxyphenyl)methylidene]hydroxylamine",0,0,0
N-Acetylaminoethanol,1344565045,884071240.4,1186323376
N-Acetylaspartic acid,586495.8845,435007.3379,22409.13062
N-Acetyl-L-alanine,636038.3883,538032.074,636357.0388
"Naringenin 4',7-dimethylether",0,0,0
N-Caffeoyl-O-methyltyramine,222.0307828,0,0
N-Ethylamphetamine,142730549.8,62468053.42,86218993.8
N-Ethyldiethanolamine,4859340.784,5153061.435,5405689.542
Niacin,69673.52256,95049.6097,50427.77344
Niacinamide,144970340.9,0,45250120.18
N-Isobutyrylglycine,18840664.93,89195350.31,20198303.8
N-Methyl-1-[(trimethylsilyl)oxy]-1-{4-[(trimethylsilyl)oxy]phenyl}propan-2-amine,13493.78102,11230.58484,14235.25639
N-Methylacetamide,66088004.61,60001552.28,61361138.99
Nonanoic acid,344595145.9,250885818.1,261818731.4
Norephedrine,74262934.74,64259296.87,92714288.66
Norketamine,149.7790158,252.5750441,19.73647103
"Norleucine, N-trimethylsilyl-",4631708134,0,0
Octacosanol,38687015.3,0,0
"Octadecanoic acid, octyl ester",0,0,0
Octadecanoic acid,7196.357174,0,5958.743389
Octanoic acid,0,0,0
Octocrylene,0,3031.056114,0
Oleamide,27810653.35,14366007.33,14556356.04
Oleic Acid,6054211.48,7622777.424,6415552.944
Olomoucine,0,0,0
Oxalic acid,661373490.7,711209886.5,710655344.3
"Oxalic acid, di(cyclohexylmethyl) ester",0,0,0
"Oxymorphone, bis(trimethylsilyl) ether",159787449.8,112557786.7,133101264
Palmitic Acid,112151642.8,88165786.42,11544711.78
Pentadecanoic acid,0,0,0
Pentanedioic acid,2849748.415,3127967.107,3341640.215
Pentanoic acid,10009136.27,11255155.66,8002606.41
"Phenol, 2,4-bis(1-methyl-1-phenylethyl)-",7761233.463,8046649.087,5301334.934
Phenol,169539429.9,74140105.93,161900241.7
Phenoxyethanol,8783399.504,9352552.084,8892721.936
Phosphoserine,0,0,0
Phthalazin-1-one,18234935978,0,0
Phthalimide,0,0,0
Phytanic acid,1423564.336,1151857.864,1407434.56
Picolinic acid,214149923.9,147914617,124797126.9
Pinosylvin,0,94126.8128,0
Pipecolic acid,499223.0001,879822.9189,803280.9113
"Piperazine, 1-(4-acetylphenylsulfonyl)-4-methyl-",0,0,0
Praziquantel,0,0,0
Pro-Ala-Lys,0,0,0
Prometryne,0,0,0
"Propanoic acid, 3-[(tert-butyldimethylsilyl)oxy]-2-methyl-",1341157.731,16461372.63,36953.45461
"Propanoic acid, dimethyl(isopropyl)silyl ester",0,4011420.81,0
Propanoic acid,0,890261.1006,0
"Propionic acid, 3-iodo-, octadecyl ester",0,0,0
Propylene glycol,240999.7707,195667.2172,269690.8961
Prostaglandin,0,0,2023.771553
"Pyrazole[4,5-b]imidazole, 1-formyl-3-ethyl-6-beta-d-ribofuranosyl-",0,0,0
"Quinoxaline, 2,3-diphenyl- ",0,0,0
Salsoline,42874.03844,10756159.18,15839506.7
Sarcosine,0,253642.0286,6086244.158
Simetryn,297125.2329,0,0
Spiroxamine,598210.8816,0,539526.8975
Stearic acid,388460840.3,354093432.3,420233568.9
Suberic acid,0,507272.0609,576866.9751
Succinamide,0,0,0
Sulindac,0,0,0
Supraene,0,5257799.512,4240808.384
Synephrine,382949.6181,32794.99015,379212.3994
Taurine,0,0,0
tert-butyl(dimethyl)silyl-2-([tert-butyl(dimethyl)silyl]oxy)hex-2-enoate,0,0,0
tert-Butylamine,0,0,0
"Tetrahydro[2,2']bifuranyl-5-one",0,0,0
Tetrahydro-solasodine triacetate,296135.5486,222688.3715,257157.5394
Theobromine,0,0,0
Thymol,45152.72998,176862.4248,27795.77566
Triethyl citrate,32681.76828,25597.90201,33157.80048
Trimethylolpropane,0,11311.63876,0
Tromethamine,0,0,248259.436
Tyr-Val,536159922.8,0,1564006835
Uracil,33358045.18,33716592.2,16541189.66
Urea,331348754.1,1431522677,135492452.7
Vanillylmandelic acid,0,0,0
"Weberine, 5-desmethoxy-",0,0,0
Xylazine,1800606.364,1705540.547,1431129.931
Yangonin,48426.41647,28114.88288,38102.05218
