"(2,5-Dimethoxyphenyl)acetone-F",CSF
"(9H-fluoren-9-yl)methanol, O-methoxycarbonyl--F",CSF
0610040J01Rik-C,CPX
"1,2-Cyclohexanediol, (Z)-F",CSF
"1,3-Oxazolidine, 2,5-diphenyl-4-methyl-, trans--F",CSF
"1-(1-Hydroxybutyl)-2,5-dimethoxybenzene-F",CSF
"1-(2,4-Dimethoxyphenyl)-propan-2-one-F",CSF
"1-(2,5-Dimethoxyphenyl)-1-[(trimethylsilyl)oxy]propan-2-amine-F",CSF
"1-(4-Methoxyphenyl)-4,6-dimethyl-2(1H)-pyrimidinone-F",CSF
1-(Cyclohexylmethyl)-4-piperidinylamine-F,CSF
1-(tert-Butyldimethylsilyl)-4-methyl-1H-pyrazole-F,CSF
"1-Octanol, 2-butyl--F",CSF
1110002L01Rik-S,Brain
1110004F10Rik-C,CPX
1500015L24Rik-S,Brain
1700008J07Rik-B,Brain
1700017B05Rik-B,Brain
1700017B05Rik-S,Brain
1700018L02Rik-C,CPX
1700047K16Rik-T,Brain
1700125H03Rik-C,CPX
1810021B22Rik-T,Brain
1810044D09Rik-S,Brain
"2',5'-Dimethoxypropiophenone-F",CSF
"2,2'-Bipyridine-F",CSF
"2,3-Butanediol, O-(trimethylsilyl)-, monoacetate-F",CSF
"2,3-Dihydroxybutanoic acid-F",CSF
"2,4,4'-Trihydroxybenzophenone-F",CSF
"2,4,6-Cycloheptatrien-1-one-F",CSF
"2,4-Di-tert-butylphenol-F",CSF
"2,5-Dimethoxybenzhydrazide-F",CSF
"2,5-Dimethoxybenzonitrile-F",CSF
"2,5-Dimethoxyphenol-F",CSF
"2,6-di-tert-Butyl-4-(dimethylaminomethyl)phenol-F",CSF
2-(Methylamino)ethanol-F,CSF
2-Amino-4-methylbenzophenone-F,CSF
2-Butenedioic acid-F,CSF
"2-Butenoic acid, 3-[(tert-butyldimethylsilyl)oxy]-F",CSF
2-Butoxyethanol-F,CSF
"2-Cyclohexen-1-one, 3-methyl--F",CSF
"2-Cyclohexen-1-one, 3-methyl-6-(1-methylethyl)-F",CSF
2-Furoic acid-F,CSF
"2-Methyl-1,3-butanediol-F",CSF
2-Methyl-3-pentanol-F,CSF
"2-Methylcyclohexanol, (Z)-F",CSF
"2-Methylcyclohexylamine, tert.-butyldimethylsilyl ether-F",CSF
2-Naphthol-F,CSF
2-Pentadecanone-F,CSF
2-Propyl-1-pentanol-F,CSF
2-Pyrrolidone-5-carboxylic acid-F,CSF
2310014F06Rik-C,CPX
2310022A10Rik-S,Brain
2310034G01Rik-T,Brain
2310057M21Rik-T,Brain
2410124H12Rik-B,Brain
2410124H12Rik-C,CPX
2510002D24Rik-S,Brain
2610020C07Rik-C,CPX
2700097O09Rik-S,Brain
2810021J22Rik-C,CPX
2810021J22Rik-T,Brain
"3,4,5-Trimethoxyamphetamine-F",CSF
"3,4-Methylenedioxyamphetamine-F",CSF
"3,5-Dimethylphenol-F",CSF
"3-(4,7-Dimethoxy-2H-1,3-benzodioxol-5-yl)-2-methylprop-2-enal-F",CSF
3-Amino-5-methylisoxazole-F,CSF
3-Heptanol-F,CSF
4-Aminobutanoic acid-F,CSF
4-Methoxyphenol-F,CSF
4-Oxohexanoic acid-F,CSF
"4-[2-(4,7-Dimethoxy-2H-1,3-benzodioxol-5-yl)ethenyl]-2-methoxyphenol-F",CSF
4632415L05Rik-C,CPX
4833418N02Rik-S,Brain
4921504A21Rik-C,CPX
4921524J17Rik-T,Brain
4921539H07Rik-S,Brain
4930412C18Rik-C,CPX
4930444P10Rik-S,Brain
4930447M23Rik-S,Brain
4930513N10Rik-T,Brain
4930519P11Rik-T,Brain
4930556M19Rik-C,CPX
4931440P22Rik-B,Brain
4933439C10Rik-T,Brain
4933439K11Rik-C,CPX
"5-Ethyl-1,3-dioxane-5-methanol, tert-butyldimethylsilyl ether-F",CSF
"5-Nonanol, tert-butyldimethylsilyl ether-F",CSF
5330413P13Rik-T,Brain
5730408A14Rik-T,Brain
5730409E04Rik-T,Brain
5730455P16Rik-C,CPX
"6-Aminocaproic acid, N-(tert.-butyldimethylsilyl)-F",CSF
"6-Methoxy-1-methyl-1,2,3,4-tetrahydroisoquinolin-7-ol-F",CSF
6-Methyluracil-F,CSF
6030458C11Rik-S,Brain
6430511E19Rik-T,Brain
8-Methylnonanoic acid-F,CSF
9230116N13Rik-B,Brain
9330136K24Rik-B,Brain
9330151L19Rik-B,Brain
9330151L19Rik-S,Brain
9330159F19Rik-T,Brain
9530026P05Rik-C,CPX
A230083G16Rik-B,Brain
A330040F15Rik-T,Brain
A430018G15Rik-T,Brain
A430108G06Rik-C,CPX
A530041M06Rik-T,Brain
AA986860-S,Brain
AI504432-S,Brain
AI593442-S,Brain
AU041133-B,Brain
Aard-T,Brain
Aasdhppt-C,CPX
Aasdhppt-S,Brain
Aatf-T,Brain
Abcg1-S,Brain
Abhd11-T,Brain
Abhd17b-S,Brain
Abhd2-S,Brain
Abi2-S,Brain
Abitram-C,CPX
Abraxas1-B,Brain
Acacb-C,CPX
Acad9-C,CPX
Acadm-S,Brain
Acadvl-S,Brain
Acbd4-C,CPX
Acbd5-S,Brain
Accs-S,Brain
Acetic acid-F,CSF
Aceturic acid-F,CSF
Acin1-S,Brain
Ackr3-T,Brain
Acly-B,Brain
Aconitic acid-F,CSF
Acot7-S,Brain
Acox1-C,CPX
Actr3-C,CPX
Acvrl1-S,Brain
Adam10-T,Brain
Adam15-C,CPX
Adck1-B,Brain
Adck2-C,CPX
Adcy2-S,Brain
Adcy5-S,Brain
Adcy9-C,CPX
Adenine-F,CSF
Adgra1-S,Brain
Adipoyl-L-carnitine-F,CSF
Adora2a-S,Brain
Adprh-C,CPX
Adra2a-S,Brain
Adsl-T,Brain
Afg3l1-C,CPX
Agbl3-C,CPX
Agbl5-S,Brain
Agk-T,Brain
Ago2-S,Brain
Agrn-C,CPX
Ahcyl2-C,CPX
Akr1b1-S,Brain
Alas1-S,Brain
Aldh1l1-C,CPX
Aldh3a2-B,Brain
Aldh3a2-S,Brain
Aldh9a1-C,CPX
Alg5-S,Brain
Alg5-T,Brain
Alkbh1-T,Brain
Alkbh6-C,CPX
Allylescaline-F,CSF
Amer2-T,Brain
Amfr-C,CPX
Amigo2-S,Brain
Amz2-S,Brain
Anapc4-B,Brain
Ankib1-T,Brain
Ankra2-B,Brain
Ankra2-T,Brain
Ankrd11-B,Brain
Ankrd12-C,CPX
Ankrd16-T,Brain
Ankrd9-T,Brain
Ankub1-S,Brain
Ano2-S,Brain
Ano8-C,CPX
Antxr1-B,Brain
Aox3-C,CPX
Ap1ar-S,Brain
Ap2a1-T,Brain
Ap2b1-C,CPX
Ap3b1-C,CPX
Ap3s2-C,CPX
Apc-T,Brain
Apc2-B,Brain
Apc2-C,CPX
Api5-B,Brain
Appbp2-T,Brain
Appl1-T,Brain
Aqp11-C,CPX
Arb2a-T,Brain
Arel1-S,Brain
Arf2-C,CPX
Arhgap10-B,Brain
Arhgap10-S,Brain
Arhgap19-T,Brain
Arhgap5-C,CPX
Arhgap5-T,Brain
Arhgef1-T,Brain
Arhgef12-C,CPX
Arhgef26-T,Brain
Arhgef28-S,Brain
Arid2-C,CPX
Arid4a-C,CPX
Arl1-T,Brain
Arl2bp-C,CPX
Arl2bp-S,Brain
Armcx2-C,CPX
Arrdc2-T,Brain
Arrdc4-C,CPX
Arsj-S,Brain
Art4-C,CPX
Arx-S,Brain
Asb8-C,CPX
Ascc3-T,Brain
Ascl4-B,Brain
Ascl4-T,Brain
Ash1l-C,CPX
Asphd2-T,Brain
Aste1-S,Brain
Atad5-T,Brain
Atat1-S,Brain
Atf3-B,Brain
Atf6b-C,CPX
Atg4d-T,Brain
Atg9b-T,Brain
Atn1-C,CPX
Atosb-T,Brain
Atp1a3-B,Brain
Atp1b1-T,Brain
Atp5me-C,CPX
Atp5mf-T,Brain
Atp5mg-C,CPX
Atp5po-S,Brain
Atp6v1f-C,CPX
Atp7a-C,CPX
Atp8a1-T,Brain
Atr-S,Brain
Atxn10-S,Brain
Azelaic acid-F,CSF
B130034C11Rik-C,CPX
B230217C12Rik-T,Brain
B230219D22Rik-C,CPX
B9d2-T,Brain
Baiap2-B,Brain
Baiap2l1-C,CPX
Basp1-S,Brain
Batf3-B,Brain
Baz1a-S,Brain
Baz1b-C,CPX
Bcat1-C,CPX
Bcl7a-C,CPX
Bclaf1-C,CPX
Bclaf3-T,Brain
Bcor-S,Brain
Bdh2-B,Brain
Bean1-T,Brain
Bend3-T,Brain
Bend5-B,Brain
Bend5-S,Brain
"Benzaldehyde, 2,5-dimethoxy-F",CSF
"Benzene, 1,4-dimethoxy-F",CSF
Benzoic Acid-F,CSF
"Benzoic acid, 2-hydroxy-3-[(2-hydroxy-4-methoxy-6-propylbenzoyl)oxy]-4-methoxy-6-propyl-, methyl ester-F",CSF
"Benzoic acid, methyl ester-F",CSF
Benzophenone-F,CSF
Benzyl alcohol-F,CSF
Bet1-S,Brain
Bhlhb9-B,Brain
Bhlhe41-C,CPX
Bhmt2-C,CPX
Bicd1-T,Brain
Birc2-C,CPX
Bltp3a-B,Brain
Bltp3b-S,Brain
Brd2-C,CPX
Brd4-C,CPX
Brdt-T,Brain
Brinp2-B,Brain
Brwd1-T,Brain
Brwd3-T,Brain
Btbd1-T,Brain
Btbd2-C,CPX
Btg1-C,CPX
Btg3-B,Brain
Btk-B,Brain
Butachlor ESA-F,CSF
Butanedioic acid-F,CSF
Butylmethylamine-F,CSF
Butyric Acid-F,CSF
C030013C21Rik-T,Brain
C030034I22Rik-T,Brain
C130021I20Rik-B,Brain
C130021I20Rik-C,CPX
C130023A14Rik-T,Brain
C130026L21Rik-S,Brain
C130075A20Rik-S,Brain
C130089K02Rik-C,CPX
C230014O12Rik-S,Brain
C2cd2l-S,Brain
Cables2-C,CPX
Cachd1-S,Brain
Cacna2d3-S,Brain
Cacng2-S,Brain
Cacng4-S,Brain
Cacul1-S,Brain
Calb2-S,Brain
Calcoco1-S,Brain
Caly-S,Brain
Camk1d-C,CPX
Camsap2-C,CPX
Cand1-T,Brain
Capn15-C,CPX
Capn2-C,CPX
Car8-S,Brain
Carf-T,Brain
Carmil3-T,Brain
Casp8-C,CPX
Casp8-S,Brain
Casq2-S,Brain
Casq2-T,Brain
Cast-C,CPX
Cast-T,Brain
Cbarp-C,CPX
Cbln2-S,Brain
Cbln3-S,Brain
Cbx6-T,Brain
Ccar1-C,CPX
Ccdc124-B,Brain
Ccdc134-T,Brain
Ccdc14-T,Brain
Ccdc148-C,CPX
Ccdc149-T,Brain
Ccdc169-T,Brain
Ccdc177-S,Brain
Ccdc18-C,CPX
Ccdc186-C,CPX
Ccdc187-S,Brain
Ccdc190-B,Brain
Ccdc28b-T,Brain
Ccdc30-B,Brain
Ccdc30-S,Brain
Ccdc33-C,CPX
Ccdc34-S,Brain
Ccdc59-C,CPX
Ccdc88a-C,CPX
Ccdc96-B,Brain
Ccdc97-T,Brain
Ccdc9b-S,Brain
Ccnd1-C,CPX
Ccno-S,Brain
Ccnyl1-T,Brain
Ccpg1-C,CPX
Cct4-C,CPX
Cct8-S,Brain
Cd151-B,Brain
Cd24a-T,Brain
Cd47-C,CPX
Cd99l2-S,Brain
Cdc14a-C,CPX
Cdc27-T,Brain
Cdc42bpa-T,Brain
Cdc42ep4-B,Brain
Cdc73-T,Brain
Cdh15-S,Brain
Cdh19-B,Brain
Cdh4-C,CPX
Cdip1-S,Brain
Cdk17-S,Brain
Cdk20-B,Brain
Cdk7-T,Brain
Cdkl3-C,CPX
Cdkn1c-C,CPX
Cdr2l-C,CPX
Cebpd-C,CPX
Cebpd-T,Brain
Cebpz-C,CPX
Celf1-S,Brain
Celrr-T,Brain
Cemip-T,Brain
Cenpb-S,Brain
Cenpj-B,Brain
Cenpq-S,Brain
Cep15-T,Brain
Cep290-C,CPX
Cep350-T,Brain
Cep41-C,CPX
Cep57-C,CPX
Cep63-S,Brain
Cep95-C,CPX
Cep97-T,Brain
Cerkl-C,CPX
Cerox1-C,CPX
Cfap418-T,Brain
Cfap46-C,CPX
Cfap54-S,Brain
Cfap69-T,Brain
Cfap92-S,Brain
Cfdp1-T,Brain
Cfh-T,Brain
Cfp-T,Brain
Chia1-S,Brain
Chic1-T,Brain
Chmp1b2-S,Brain
Chmp2a-S,Brain
Chmp4c-C,CPX
Chmp6-T,Brain
Cholesterol-F,CSF
Chst14-T,Brain
Cimap1d-B,Brain
Cisd3-S,Brain
Ckb-S,Brain
Ckmt1-S,Brain
Cks1b-B,Brain
Clcn2-C,CPX
Cldn22-C,CPX
Clec12a-S,Brain
Clec14a-C,CPX
Clip4-T,Brain
Clpp-C,CPX
Cltb-C,CPX
Cmas-S,Brain
Cmtm7-T,Brain
Cmtm8-C,CPX
Cmya5-T,Brain
Cnih2-C,CPX
Cnih3-B,Brain
Cnnm4-C,CPX
Cnot1-T,Brain
Cntd1-T,Brain
Cntln-B,Brain
Cntn1-C,CPX
Cntnap3-S,Brain
Cntnap4-S,Brain
Cntnap5b-T,Brain
Coch-S,Brain
Cog4-S,Brain
Cog8-C,CPX
Col13a1-T,Brain
Col14a1-T,Brain
Col25a1-T,Brain
Col27a1-S,Brain
Col4a2-S,Brain
Col5a3-C,CPX
Col6a3-S,Brain
Col8a1-C,CPX
Col8a1-T,Brain
Cope-C,CPX
Copg1-C,CPX
Copg1-S,Brain
Cops8-T,Brain
Coq5-B,Brain
Cox6b2-S,Brain
Cox7b2-B,Brain
Cpped1-S,Brain
Cpxm1-S,Brain
Cpxm1-T,Brain
Cracr2b-C,CPX
Crebrf-B,Brain
Crebzf-S,Brain
Crlf1-S,Brain
Crls1-S,Brain
Crnkl1-B,Brain
Cry2-T,Brain
Crygn-C,CPX
Crygn-T,Brain
Cse1l-B,Brain
Csgalnact1-B,Brain
Csnk1a1-B,Brain
Csnk1a1-C,CPX
Csnk1g1-T,Brain
Csnk2b-T,Brain
Cspg5-C,CPX
Csrp1-T,Brain
Cstf2-C,CPX
Ctdspl2-B,Brain
Ctdspl2-C,CPX
Ctnna1-S,Brain
Ctnnal1-B,Brain
Ctnnbip1-S,Brain
Ctr9-C,CPX
Ctsc-C,CPX
Ctso-T,Brain
Ctu1-T,Brain
Cul4b-T,Brain
Cul7-C,CPX
Curcumin-F,CSF
Cxadr-S,Brain
Cxcl14-T,Brain
Cxcl16-S,Brain
Cxxc4-C,CPX
Cyb5d2-T,Brain
Cyclobutylamine-F,CSF
"Cyclohexanone, 3,3,5-trimethyl-F",CSF
Cyclooctylamine-F,CSF
Cyld-B,Brain
Cyp2j9-B,Brain
Cyp4f15-S,Brain
Cyria-S,Brain
Cyria-T,Brain
Cyyr1-C,CPX
D030028A08Rik-T,Brain
D16Ertd472e-S,Brain
D17H6S53E-S,Brain
D430036J16Rik-S,Brain
D630023F18Rik-T,Brain
D630036H23Rik-C,CPX
DL-Glyceraldehyde-F,CSF
Dach1-B,Brain
Dalrd3-T,Brain
Dap3-C,CPX
Dap3-T,Brain
Dbndd1-C,CPX
Dbndd1-S,Brain
Dbpht2-C,CPX
Dcaf12l1-C,CPX
Dcaf15-B,Brain
Dcbld1-B,Brain
Dchs2-B,Brain
Dcp2-T,Brain
Dctn2-C,CPX
Dctn2-S,Brain
Dctpp1-T,Brain
Dcun1d4-S,Brain
Dcxr-C,CPX
Ddb1-C,CPX
Ddb2-S,Brain
Ddhd1-T,Brain
Ddias-S,Brain
Ddit4-C,CPX
Ddt-T,Brain
Ddx20-S,Brain
Ddx31-S,Brain
Ddx6-T,Brain
Dek-C,CPX
Dennd2c-C,CPX
Dennd6b-S,Brain
Derl1-S,Brain
Dgcr8-B,Brain
Dgkeos-T,Brain
Dgkh-T,Brain
Dgki-S,Brain
Dhtkd1-T,Brain
Dhx29-C,CPX
Dhx35-S,Brain
Dhx36-C,CPX
Dhx9-C,CPX
Diacetyl monoxime-F,CSF
Diethylamine-F,CSF
Dipk1a-C,CPX
Dipk1b-T,Brain
Dlg3-T,Brain
Dlg4-C,CPX
Dlgap4-C,CPX
Dll3-S,Brain
Dlx1-S,Brain
Dlx5-S,Brain
Dmtf1-T,Brain
Dmxl1-T,Brain
Dnajb6-T,Brain
Dnajc13-C,CPX
Dnajc14-B,Brain
Dnajc21-C,CPX
Dnajc5-S,Brain
Dnajc7-C,CPX
Dnajc8-T,Brain
Dnase1l1-C,CPX
Dnm1l-B,Brain
Dnmt3a-T,Brain
Dock10-C,CPX
Dock10-T,Brain
Dock3-S,Brain
Dock6-T,Brain
Dok1-C,CPX
Dph5-B,Brain
Dpysl4-C,CPX
Dqx1-T,Brain
Dr1-C,CPX
Drap1-T,Brain
Drc3-C,CPX
Dscam-S,Brain
Dstn-C,CPX
Dtl-S,Brain
Dtnbp1-B,Brain
Dtx2-S,Brain
Dtx4-S,Brain
Dus4l-T,Brain
Dusp1-C,CPX
Dusp11-T,Brain
Dusp12-S,Brain
Dync1h1-C,CPX
Dync1li1-S,Brain
Dync2i2-S,Brain
Dync2li1-C,CPX
Dynll1-C,CPX
Dynlt1a-T,Brain
Dynlt2b-C,CPX
Dzip1l-T,Brain
E2f2-C,CPX
E2f3-T,Brain
Ebag9-S,Brain
Ebf1-S,Brain
Ece2-T,Brain
Eea1-C,CPX
Eef1a1-C,CPX
Eeig1-C,CPX
Efemp2-T,Brain
Efhb-C,CPX
Efhd2-S,Brain
Efl1-S,Brain
Efnb2-S,Brain
Egfem1-S,Brain
Ehbp1-T,Brain
Ehd1-C,CPX
Eid2-T,Brain
Eid2b-C,CPX
Eif1b-S,Brain
Eif2s2-T,Brain
Eif3b-S,Brain
Eif3g-C,CPX
Eif3h-C,CPX
Eif4ebp1-T,Brain
Elapor2-S,Brain
Elavl2-S,Brain
Elf4-T,Brain
Elmod2-S,Brain
Emc10-C,CPX
Emc3-C,CPX
Emc6-T,Brain
Emcn-S,Brain
Emd-C,CPX
Emd-S,Brain
Emg1-T,Brain
Emp2-B,Brain
Endou-B,Brain
Enho-S,Brain
Enpp5-C,CPX
Entpd3-B,Brain
Entpd3-S,Brain
Entpd6-C,CPX
Eola1-S,Brain
Ep300-T,Brain
Epas1-B,Brain
Epcip-T,Brain
Epm2aip1-S,Brain
Epor-S,Brain
Eps15-B,Brain
Eps8l2-T,Brain
Erbin-C,CPX
Erbin-T,Brain
Ercc1-T,Brain
Ergic2-C,CPX
Erh-T,Brain
Erlin1-S,Brain
Ermard-T,Brain
Errfi1-C,CPX
Errfi1-T,Brain
"Erythrono-1,4-lactone-F",CSF
Esam-S,Brain
Ess2-T,Brain
Etaa1-T,Brain
Ethanolamine-F,CSF
Etv1-T,Brain
Etv3-T,Brain
Evi5-C,CPX
Exoc5-T,Brain
Exph5-C,CPX
Extl1-T,Brain
Ezh1-B,Brain
F9-T,Brain
Faap24-C,CPX
Fadd-T,Brain
Fads2-T,Brain
Faf2-S,Brain
Fam120b-T,Brain
Fam13a-B,Brain
Fam13b-C,CPX
Fam13b-S,Brain
Fam168a-T,Brain
Fam174c-S,Brain
Fam193b-T,Brain
Fam199x-T,Brain
Fam241a-S,Brain
Fam78a-B,Brain
Fam8a1-S,Brain
Fam91a1-T,Brain
Fam98b-C,CPX
Fance-C,CPX
Farsa-S,Brain
Fbxl16-S,Brain
Fbxl22-T,Brain
Fbxo16-S,Brain
Fbxo25-S,Brain
Fbxo28-S,Brain
Fbxw4-S,Brain
Fcf1-C,CPX
Fcho2-C,CPX
Fcho2-T,Brain
Fchsd1-S,Brain
Fchsd2-C,CPX
Fchsd2-S,Brain
Fdft1-T,Brain
Fer-C,CPX
Fermt1-B,Brain
Fgf12-T,Brain
Fgf7-B,Brain
Fgfr1op2-C,CPX
Fgl2-C,CPX
Fhad1-C,CPX
Fhl1-C,CPX
Fhod3-C,CPX
Firre-S,Brain
Fkbp10-B,Brain
Fkbp1b-S,Brain
Fkbp4-S,Brain
Fkbp7-B,Brain
Flcn-C,CPX
Fli1-S,Brain
Flna-T,Brain
Flnb-T,Brain
Flnc-T,Brain
Flvcr1-C,CPX
Fmnl2-S,Brain
Fn3krp-C,CPX
Fndc3a-C,CPX
Fntb-S,Brain
Folh1-T,Brain
Foxa2-B,Brain
Foxk2-C,CPX
Fpgt-T,Brain
Fra10ac1-T,Brain
Frat2-S,Brain
Frg1-C,CPX
Fry-T,Brain
Fsbp-C,CPX
Fsbp-S,Brain
Fsbp-T,Brain
Ftx-T,Brain
Fuom-B,Brain
Furin-T,Brain
Fxr1-C,CPX
Fxyd6-S,Brain
Fyb1-B,Brain
Fyn-S,Brain
Fzd10-B,Brain
Fzd5-T,Brain
Fzr1-C,CPX
G2e3-C,CPX
Gaa-T,Brain
Gab2-T,Brain
Gabra4-S,Brain
Gad2-S,Brain
Galnt13-S,Brain
Galnt15-B,Brain
Galnt16-S,Brain
Ganab-C,CPX
Gas1-T,Brain
Gas6-C,CPX
Gca-B,Brain
Gclc-S,Brain
Gcnt1-B,Brain
Gcnt4-B,Brain
Gdap1-T,Brain
Gde1-T,Brain
Gdf10-T,Brain
Gdf11-T,Brain
Gdf9-T,Brain
Gdpd1-S,Brain
Gdpd3-C,CPX
Gem-B,Brain
Gemin7-S,Brain
Gfra2-S,Brain
Ggct-S,Brain
Gh-T,Brain
Gigyf1-T,Brain
Gimap4-T,Brain
Gimap9-T,Brain
Gin1-C,CPX
Gjc1-B,Brain
Glmn-T,Brain
Gls-T,Brain
Glul-B,Brain
Glycerol-F,CSF
Glycine-F,CSF
Gm10221-T,Brain
Gm10516-T,Brain
Gm10643-B,Brain
Gm10654-T,Brain
Gm10699-S,Brain
Gm11637-B,Brain
Gm11942-B,Brain
Gm12144-T,Brain
Gm12346-C,CPX
Gm12999-T,Brain
Gm13340-T,Brain
Gm13861-B,Brain
Gm14634-T,Brain
Gm15083-C,CPX
Gm15201-B,Brain
Gm15408-C,CPX
Gm15446-S,Brain
Gm15513-T,Brain
Gm15542-T,Brain
Gm15564-S,Brain
Gm15587-C,CPX
Gm15675-C,CPX
Gm15764-T,Brain
Gm16168-T,Brain
Gm16339-S,Brain
Gm17259-T,Brain
Gm17530-S,Brain
Gm18284-T,Brain
Gm19391-B,Brain
Gm19439-T,Brain
Gm1976-C,CPX
Gm1976-T,Brain
Gm19817-C,CPX
Gm19967-S,Brain
Gm20045-S,Brain
Gm20052-C,CPX
Gm20712-S,Brain
Gm23751-T,Brain
Gm2445-C,CPX
Gm25517-C,CPX
Gm26225-T,Brain
Gm26592-T,Brain
Gm26652-T,Brain
Gm26691-T,Brain
Gm26814-S,Brain
Gm26881-S,Brain
Gm27151-T,Brain
Gm27184-B,Brain
Gm27200-S,Brain
Gm28523-T,Brain
Gm29155-S,Brain
Gm29325-S,Brain
Gm29488-T,Brain
Gm3294-S,Brain
Gm3364-T,Brain
Gm3687-T,Brain
Gm37033-T,Brain
Gm37061-T,Brain
Gm37124-S,Brain
Gm37124-T,Brain
Gm37204-C,CPX
Gm37219-C,CPX
Gm37258-T,Brain
Gm37266-T,Brain
Gm37390-B,Brain
Gm37397-S,Brain
Gm37397-T,Brain
Gm37420-T,Brain
Gm37452-T,Brain
Gm37529-T,Brain
Gm37534-S,Brain
Gm37569-S,Brain
Gm3764-T,Brain
Gm37678-T,Brain
Gm37735-S,Brain
Gm37777-T,Brain
Gm37834-T,Brain
Gm37941-T,Brain
Gm37968-T,Brain
Gm38077-T,Brain
Gm38104-T,Brain
Gm38217-T,Brain
Gm38299-T,Brain
Gm38357-T,Brain
Gm38380-C,CPX
Gm4017-C,CPX
Gm42442-T,Brain
Gm42463-S,Brain
Gm42482-T,Brain
Gm42600-S,Brain
Gm42636-C,CPX
Gm42722-S,Brain
Gm42725-S,Brain
Gm42727-T,Brain
Gm42771-T,Brain
Gm42837-T,Brain
Gm42853-T,Brain
Gm42869-S,Brain
Gm42897-T,Brain
Gm42941-T,Brain
Gm42942-S,Brain
Gm43009-T,Brain
Gm43066-T,Brain
Gm43133-T,Brain
Gm43176-T,Brain
Gm43187-T,Brain
Gm43311-T,Brain
Gm43339-C,CPX
Gm43359-S,Brain
Gm43360-C,CPX
Gm43413-T,Brain
Gm43417-T,Brain
Gm43420-T,Brain
Gm43568-C,CPX
Gm43663-T,Brain
Gm43672-S,Brain
Gm43751-T,Brain
Gm43765-T,Brain
Gm43795-T,Brain
Gm4491-S,Brain
Gm4804-T,Brain
Gm4924-S,Brain
Gm5093-S,Brain
Gm5141-C,CPX
Gm5475-T,Brain
Gm5845-T,Brain
Gm6548-C,CPX
Gm6556-S,Brain
Gm7467-S,Brain
Gm8186-S,Brain
Gm8186-T,Brain
Gm9905-B,Brain
Gm9920-C,CPX
Gm9930-S,Brain
Gmip-B,Brain
Gmppa-C,CPX
Gnas-C,CPX
Gne-T,Brain
Gng14-B,Brain
Gng7-S,Brain
Gnl2-S,Brain
Gnl3l-S,Brain
Golm2-C,CPX
Gpaa1-C,CPX
Gpank1-B,Brain
Gpbp1l1-T,Brain
Gphn-T,Brain
Gpr12-B,Brain
Gpr139-B,Brain
Gpr162-C,CPX
Gpr180-S,Brain
Gpr19-C,CPX
Gpr4-C,CPX
Gpr88-S,Brain
Gprc5c-C,CPX
Grb2-S,Brain
Greb1l-S,Brain
Grhpr-T,Brain
Gria4-T,Brain
Grin2c-T,Brain
Grk3-T,Brain
Grpel1-C,CPX
Gsk3b-C,CPX
Gsta3-C,CPX
Gsta3-S,Brain
Gsta4-C,CPX
Gstm6-C,CPX
Gtf3c1-S,Brain
Gtpbp4-C,CPX
Gucy1a1-S,Brain
Guk1-C,CPX
Gxylt1-C,CPX
Gxylt2-B,Brain
Gypc-S,Brain
Gypc-T,Brain
H13-S,Brain
H1f10-C,CPX
H1f10-T,Brain
H2-T22-B,Brain
H2bc27-T,Brain
H3f3a-T,Brain
Habp4-T,Brain
Hacd3-S,Brain
Hadhb-B,Brain
Hapln3-S,Brain
Haus4-C,CPX
Hbp1-S,Brain
Hcn3-C,CPX
Hdgfl3-C,CPX
Heatr3-C,CPX
Heatr6-T,Brain
Hectd1-T,Brain
Heg1-T,Brain
Heph-T,Brain
Heptylamine-F,CSF
Hes6-S,Brain
Hexim2-T,Brain
Hey1-S,Brain
Hhip-S,Brain
Hic2-S,Brain
Hint3-B,Brain
Hip1-C,CPX
Hk1-C,CPX
Hlf-C,CPX
Hlx-T,Brain
Hmces-C,CPX
Hmcn1-S,Brain
Hmgb2-T,Brain
Hmgcs1-T,Brain
Hmox2-T,Brain
Hopx-T,Brain
Hps6-B,Brain
Hs1bp3-B,Brain
Hs1bp3-S,Brain
Hs3st3b1-B,Brain
Hs3st3b1-T,Brain
Hs3st5-S,Brain
Hsd17b2-B,Brain
Hsdl2-C,CPX
Hspa1a-S,Brain
Hspb8-T,Brain
Hspg2-B,Brain
Htatsf1-S,Brain
Htr1a-S,Brain
Htr1d-B,Brain
Htr1d-S,Brain
Htr6-T,Brain
Hycc1-T,Brain
Hydracrylic acid-F,CSF
Hyls1-S,Brain
"Hymexazole, tert-butyldimethylsilyl ether-F",CSF
Iba57-C,CPX
Ibtk-B,Brain
Ibtk-C,CPX
Icam2-B,Brain
Icam4-C,CPX
Ice2-B,Brain
Id1-C,CPX
Id4-S,Brain
Ide-C,CPX
Idi1-T,Brain
Idnk-S,Brain
Ifi30-C,CPX
Ifih1-C,CPX
Ift122-S,Brain
Ift122-T,Brain
Ift172-B,Brain
Ift172-S,Brain
Ift46-S,Brain
Igdcc4-B,Brain
Igf2bp2-B,Brain
Igfbp2-C,CPX
Igfbp6-C,CPX
Igsf11-B,Brain
Igsf8-S,Brain
Ikzf5-C,CPX
Il10ra-T,Brain
Il15ra-S,Brain
Ildr2-C,CPX
Ilf2-S,Brain
Ilkap-C,CPX
Ilvbl-C,CPX
Iminodiacetic acid-F,CSF
Immp1l-T,Brain
Imp3-C,CPX
Impact-T,Brain
Impdh1-S,Brain
Inava-T,Brain
Ing2-B,Brain
Inha-S,Brain
Ino80-S,Brain
Ino80c-C,CPX
Inpp4a-C,CPX
Inpp5a-C,CPX
Insc-S,Brain
Insl5-S,Brain
Insyn2a-S,Brain
Ints10-C,CPX
Ints11-C,CPX
Ints6l-S,Brain
Ip6k1-S,Brain
Ip6k2-S,Brain
Ipo13-S,Brain
Iqank1-T,Brain
Iqcc-C,CPX
Iqgap2-C,CPX
Iqgap3-T,Brain
Iqsec3-B,Brain
Irak1bp1-B,Brain
Irak1bp1-C,CPX
Irak3-C,CPX
Irf2bp2-B,Brain
Irf3-C,CPX
Irf8-S,Brain
Irs2-S,Brain
Irx1-S,Brain
Irx3-B,Brain
Iscu-B,Brain
Isg15-C,CPX
Isl1-S,Brain
Isopropylamine-F,CSF
Itch-C,CPX
Itga11-B,Brain
Itga4-S,Brain
Itgam-S,Brain
Itgb1bp1-T,Brain
Itpr3-S,Brain
Iws1-T,Brain
Jam2-T,Brain
Jcad-S,Brain
Jmjd4-C,CPX
Josd1-C,CPX
Jph1-C,CPX
Jrkl-B,Brain
Junb-B,Brain
Junb-C,CPX
Jup-S,Brain
Kank3-T,Brain
Kansl1-S,Brain
Katnal1-S,Brain
Kcmf1-C,CPX
Kcnab1-S,Brain
Kcnh2-T,Brain
Kcnh7-T,Brain
Kcnip1-S,Brain
Kcnip3-S,Brain
Kcnj4-T,Brain
Kcnk5-C,CPX
Kcnk6-S,Brain
Kcnma1-T,Brain
Kcnq5-S,Brain
Kctd1-S,Brain
Kctd10-S,Brain
Kctd12b-T,Brain
Kdelr1-T,Brain
Kdm3b-S,Brain
Kdm3b-T,Brain
Kif1b-B,Brain
Kif21a-C,CPX
Kif22-C,CPX
Kif26a-T,Brain
Kif2a-C,CPX
Kif9-T,Brain
Kifc3-B,Brain
Kin-C,CPX
Klc1-C,CPX
Klf16-S,Brain
Klf3-C,CPX
Klf8-B,Brain
Klf8-T,Brain
Klhdc10-S,Brain
Klhdc3-S,Brain
Klhl18-C,CPX
Klhl22-T,Brain
Klhl26-T,Brain
Kmt2b-T,Brain
Kmt2c-T,Brain
Kmt2d-T,Brain
Kndc1-S,Brain
Knstrn-T,Brain
Kpna3-C,CPX
Kpna4-B,Brain
Kpna4-C,CPX
Kras-C,CPX
Kras-S,Brain
Krcc1-C,CPX
Krt23-C,CPX
Krt73-T,Brain
Krt80-S,Brain
Krtcap2-T,Brain
Ktn1-B,Brain
L-Glutamic acid-F,CSF
"L-Histidine, N,1-bis(tert-butyldimethylsilyl)--F",CSF
L-Lysine-F,CSF
L-Tryptophan-F,CSF
L-Tyrosine-F,CSF
L3hypdh-T,Brain
L3mbtl1-T,Brain
Lactb2-S,Brain
Lactic acid-F,CSF
Lamtor4-S,Brain
Lamtor5-S,Brain
Laptm4b-S,Brain
Larp4-T,Brain
Lca5-S,Brain
Lca5l-S,Brain
Lepr-C,CPX
Leprotl1-C,CPX
Leucylglycine-F,CSF
Levulinic acid-F,CSF
Lgals1-B,Brain
Lgr4-C,CPX
Lgr6-B,Brain
Lignoceric acid-F,CSF
Limch1-C,CPX
Lipo3-S,Brain
Lmbrd2-T,Brain
Lmo2-S,Brain
Lmtk2-S,Brain
Lmtk3-C,CPX
Lonp2-B,Brain
Lpar4-T,Brain
Lpgat1-C,CPX
Lpin2-S,Brain
Lpl-T,Brain
Lrba-T,Brain
Lrch1-S,Brain
Lrch3-T,Brain
Lrfn5-T,Brain
Lrp2bp-C,CPX
Lrp4-T,Brain
Lrp6-C,CPX
Lrrc17-C,CPX
Lrrc40-T,Brain
Lrrc43-B,Brain
Lrrc4c-S,Brain
Lrrc8a-C,CPX
Lrrc8b-S,Brain
Lrrc8c-C,CPX
Lrtm2-S,Brain
Ltbp4-T,Brain
Luc7l2-S,Brain
Lurap1-C,CPX
Luzp1-C,CPX
Luzp1-S,Brain
Ly6e-S,Brain
Ly6h-S,Brain
Lypd6b-T,Brain
Lyzl4-T,Brain
Macf1-T,Brain
Maco1-C,CPX
Macroh2a1-S,Brain
Mad2l1bp-B,Brain
Maf-T,Brain
Mafa-S,Brain
Mafg-C,CPX
Mageh1-B,Brain
Magix-C,CPX
Man2c1-B,Brain
Manbal-S,Brain
Manea-T,Brain
Mansc4-C,CPX
Map1lc3b-S,Brain
Map2k6-S,Brain
Map3k13-T,Brain
Map3k2-T,Brain
Map3k5-C,CPX
Map4k2-S,Brain
Map7d2-B,Brain
Map9-C,CPX
Mapk8ip2-S,Brain
Mapre2-S,Brain
Mapt-S,Brain
Marchf10-S,Brain
Mast1-T,Brain
Mcfd2-C,CPX
Mchr1-T,Brain
Mcm6-S,Brain
Mcrip2-B,Brain
Mcrs1-S,Brain
Mdh1-T,Brain
Me1-T,Brain
Me2-S,Brain
Meaf6-C,CPX
Mecp2-T,Brain
Med12l-T,Brain
Med13l-T,Brain
Med18-T,Brain
Med23-S,Brain
Med25-S,Brain
Mef2a-C,CPX
Mesd-S,Brain
Methyl lactate-F,CSF
Mettl5-T,Brain
Mevalonolactone-F,CSF
Mex3a-C,CPX
Mfge8-C,CPX
Mfn2-T,Brain
Mfsd2a-C,CPX
Mfsd3-C,CPX
Mfsd6-S,Brain
Mgat4c-B,Brain
Mgat5b-T,Brain
Mhrt-S,Brain
Mia2-C,CPX
Mia2-T,Brain
Mib1-T,Brain
Mib2-S,Brain
Micu1-S,Brain
Mier3-B,Brain
Mier3-T,Brain
Minar1-T,Brain
Mipol1-T,Brain
Mir9-2hg-T,Brain
Mkrn1-S,Brain
Mllt11-S,Brain
Mllt6-T,Brain
Mmp24-T,Brain
Mmut-S,Brain
Mob2-S,Brain
Mon1b-S,Brain
Monocaproin-F,CSF
Morn4-C,CPX
Mospd3-C,CPX
Mpp7-B,Brain
Mpp7-C,CPX
Mpp7-T,Brain
Mpped2-S,Brain
Mpst-T,Brain
Mrap-B,Brain
Mrfap1-T,Brain
Mrgbp-T,Brain
Mrln-B,Brain
Mrm2-S,Brain
Mrm3-S,Brain
Mrnip-S,Brain
Mroh5-S,Brain
Mrpl17-C,CPX
Mrpl28-C,CPX
Mrpl3-T,Brain
Mrpl30-S,Brain
Mrpl34-T,Brain
Mrpl36-B,Brain
Mrpl37-S,Brain
Mrpl41-T,Brain
Mrpl58-S,Brain
Mrps12-S,Brain
Mrps18a-C,CPX
Mrps18b-S,Brain
Mrps18c-S,Brain
Mrps18c-T,Brain
Mrps24-C,CPX
Mrps35-S,Brain
Mrps5-C,CPX
Msh2-C,CPX
Msh2-S,Brain
Msi2-T,Brain
Msmo1-T,Brain
Msrb2-T,Brain
Mtap-C,CPX
Mterf3-T,Brain
Mterf4-C,CPX
Mtf1-C,CPX
Mthfd2l-S,Brain
Mtif3-T,Brain
Mtm1-T,Brain
Mtmr10-T,Brain
Mto1-T,Brain
Mtor-C,CPX
Mtpap-T,Brain
Mtpn-C,CPX
Mtrex-C,CPX
Mturn-S,Brain
Mtx3-S,Brain
Muc3a-T,Brain
Mx2-C,CPX
Mxra7-T,Brain
Myct1-T,Brain
Mydgf-T,Brain
Myo1a-S,Brain
Myo9a-T,Brain
Myof-C,CPX
Myrip-B,Brain
Myristic acid-F,CSF
Myzap-T,Brain
"N,N-Dimethyl-2-aminoethanol-F",CSF
N-Acetyl-L-alanine-F,CSF
N-Acetylaminoethanol-F,CSF
N-Acetylaspartic acid-F,CSF
N-Caffeoyl-O-methyltyramine-F,CSF
N-Ethyldiethanolamine-F,CSF
N-Isobutyrylglycine-F,CSF
N-Methyl-1-[(trimethylsilyl)oxy]-1-{4-[(trimethylsilyl)oxy]phenyl}propan-2-amine-F,CSF
N-Methylacetamide-F,CSF
Naa40-S,Brain
Naa40-T,Brain
Nadsyn1-S,Brain
Naip6-T,Brain
Nalf1-B,Brain
Nanp-S,Brain
Nans-T,Brain
Nap1l1-T,Brain
Nars2-S,Brain
Nat10-S,Brain
Nbeal1-T,Brain
Ncaph-T,Brain
Ncaph2-C,CPX
Nckipsd-S,Brain
Ncl-T,Brain
Ncln-S,Brain
Ncoa5-S,Brain
Ncs1-B,Brain
Ndfip1-C,CPX
Ndn-C,CPX
Ndn-T,Brain
Ndst2-T,Brain
Ndufa13-S,Brain
Ndufa5-T,Brain
Ndufa8-C,CPX
Ndufaf1-C,CPX
Ndufaf4-T,Brain
Ndufaf8-S,Brain
Ndufb11-B,Brain
Ndufb5-B,Brain
Ndufb7-B,Brain
Ndufb9-T,Brain
Ndufs3-C,CPX
Ndufs6-S,Brain
Ndufv3-T,Brain
Nedd4-C,CPX
Nek1-T,Brain
Nek8-B,Brain
Nek8-C,CPX
Net1-C,CPX
Neu2-S,Brain
Neu2-T,Brain
Nfatc4-S,Brain
Nfe2l2-C,CPX
Nfx1-S,Brain
Nfyb-C,CPX
Ngef-S,Brain
Nhsl1-B,Brain
Nhsl1-T,Brain
Niacin-F,CSF
Niban1-C,CPX
Niban1-S,Brain
Niban3-B,Brain
Nicn1-T,Brain
Nicol1-C,CPX
Nid2-S,Brain
Nipal4-B,Brain
Nipbl-C,CPX
Nit2-C,CPX
Nit2-S,Brain
Nkain1-T,Brain
Nkain2-T,Brain
Nkapd1-C,CPX
Nkiras2-B,Brain
Nkrf-S,Brain
Nkx2-9-S,Brain
Nlgn2-T,Brain
Nlrp3-B,Brain
Nmnat1-S,Brain
Nmnat3-S,Brain
Nol3-T,Brain
Nol8-C,CPX
Nol9-B,Brain
Nop56-S,Brain
Norephedrine-F,CSF
Norketamine-F,CSF
Nosip-T,Brain
Notch3-T,Brain
Noxred1-B,Brain
Npas3-C,CPX
Npas3-T,Brain
Npat-C,CPX
Npat-S,Brain
Npepps-C,CPX
Nphp3-T,Brain
Npr2-S,Brain
Nprl2-C,CPX
Nptn-S,Brain
Nptn-T,Brain
Nr2f6-S,Brain
Nr3c2-T,Brain
Nrm-T,Brain
Nsg2-C,CPX
Nsmf-C,CPX
Nsun4-B,Brain
Nt5m-C,CPX
Nudt16l1-T,Brain
Nudt2-T,Brain
Nudt22-T,Brain
Nudt6-T,Brain
Nufip2-T,Brain
Nup214-C,CPX
Nxph3-T,Brain
Oaz2-T,Brain
Ofd1-C,CPX
Ogdh-B,Brain
Ogdhl-T,Brain
Ogg1-B,Brain
Ola1-C,CPX
Oleamide-F,CSF
Olfm2-C,CPX
Ooep-B,Brain
Opa1-C,CPX
Or52b2-T,Brain
Or8b53-B,Brain
Ormdl1-B,Brain
Osbp-C,CPX
Osbpl10-S,Brain
Osbpl6-S,Brain
Osbpl8-S,Brain
Osgepl1-C,CPX
Osgin2-T,Brain
Otulinl-S,Brain
Oxalic acid-F,CSF
Oxr1-S,Brain
Oxsm-B,Brain
"Oxymorphone, bis(trimethylsilyl) ether-F",CSF
P2ry14-S,Brain
P3h2-S,Brain
Pabpc1-C,CPX
Pabpn1-S,Brain
Pacsin1-B,Brain
Pafah2-B,Brain
Pak2-C,CPX
Palmitic Acid-F,CSF
Pank2-B,Brain
Pank3-B,Brain
Pantr1-B,Brain
Pantr2-S,Brain
Papss1-C,CPX
Pard6a-C,CPX
Pard6a-T,Brain
Parm1-S,Brain
Parp3-S,Brain
Parva-S,Brain
Parvg-C,CPX
Patl1-T,Brain
Patz1-T,Brain
Pawr-C,CPX
Paxbp1-T,Brain
Pbx1-C,CPX
Pcdhb13-S,Brain
Pcdhb18-B,Brain
Pcdhb19-T,Brain
Pcdhb20-S,Brain
Pcdhb7-S,Brain
Pcdhga5-S,Brain
Pcdhga6-S,Brain
Pcgf5-C,CPX
Pcmtd1-C,CPX
Pcmtd1-T,Brain
Pctp-B,Brain
Pcx-T,Brain
Pdap1-C,CPX
Pdcd4-C,CPX
Pdia5-S,Brain
Pdlim3-S,Brain
Pdlim5-C,CPX
Pdpk1-S,Brain
Pdss1-C,CPX
Pdzd11-S,Brain
Pea15a-S,Brain
Pebp4-C,CPX
Peg13-T,Brain
Penk-S,Brain
Pentanedioic acid-F,CSF
Pentanoic acid-F,CSF
Pepd-T,Brain
Perm1-C,CPX
Pex3-T,Brain
Pfas-C,CPX
Pfdn2-B,Brain
Pfn1-C,CPX
Pgam1-S,Brain
Pgap2-S,Brain
Pgap4-S,Brain
Phactr2-C,CPX
Phenoxyethanol-F,CSF
Phex-S,Brain
Phf1-C,CPX
Phf12-S,Brain
Phf3-C,CPX
Phip-T,Brain
Phka1-T,Brain
Phpt1-T,Brain
Phytanic acid-F,CSF
Pi4ka-C,CPX
Picolinic acid-F,CSF
Pign-T,Brain
Pigv-T,Brain
Pip5k1b-S,Brain
Pipecolic acid-F,CSF
Pja2-C,CPX
Pja2-T,Brain
Pkd2-T,Brain
Pkia-S,Brain
Pkn2-C,CPX
Pknox2-C,CPX
Pla2g3-C,CPX
Plcb4-C,CPX
Plcg1-T,Brain
Pld5-S,Brain
Plekha3-T,Brain
Plekhg5-T,Brain
Plekhj1-S,Brain
Plekhn1-C,CPX
Plgrkt-C,CPX
Plin2-T,Brain
Pllp-B,Brain
Plpp3-T,Brain
Pmm1-S,Brain
Pmm2-C,CPX
Pmvk-S,Brain
Pnck-S,Brain
Pnoc-S,Brain
Podxl2-S,Brain
Poglut1-S,Brain
Pold1-C,CPX
Pole-T,Brain
Polg2-S,Brain
Poln-B,Brain
Polr1b-S,Brain
Polr1c-C,CPX
Polr1g-S,Brain
Polr2j-S,Brain
Polr3c-S,Brain
Pomgnt1-C,CPX
Pomt2-B,Brain
Por-C,CPX
Ppfibp1-C,CPX
Ppil3-B,Brain
Ppil6-T,Brain
Ppm1j-T,Brain
Ppme1-T,Brain
Ppp1r12a-C,CPX
Ppp1r13b-S,Brain
Ppp1r1b-C,CPX
Ppp1r26-T,Brain
Ppp1r3c-B,Brain
Ppp1r3g-T,Brain
Ppp2r2b-B,Brain
Ppp5c-C,CPX
Pqbp1-C,CPX
Pramel1-T,Brain
Prdm1-T,Brain
Prdm10-T,Brain
Prima1-T,Brain
Prkaca-B,Brain
Prkaca-C,CPX
Prkcd-B,Brain
Prkcsh-S,Brain
Prlr-S,Brain
Prnp-S,Brain
"Propanoic acid, 3-[(tert-butyldimethylsilyl)oxy]-2-methyl--F",CSF
"Propanoic acid, dimethyl(isopropyl)silyl ester-F",CSF
Propylene glycol-F,CSF
Prpf6-C,CPX
Prps1-S,Brain
Prss22-S,Brain
Prxl2c-C,CPX
Psd3-T,Brain
Psip1-C,CPX
Psma4-C,CPX
Psmc2-S,Brain
Psmc5-S,Brain
Psmd10-S,Brain
Psmd10-T,Brain
Psmd12-S,Brain
Psmd2-T,Brain
Psmd3-C,CPX
Psmd8-C,CPX
Psme1-T,Brain
Psme4-S,Brain
Psmg3-B,Brain
Psmg3-C,CPX
Pstpip2-T,Brain
Ptch2-T,Brain
Pten-C,CPX
Ptger1-C,CPX
Ptges2-C,CPX
Pthlh-C,CPX
Ptk2b-C,CPX
Ptk2b-T,Brain
Ptk7-S,Brain
Ptpn4-T,Brain
Ptpn6-S,Brain
Ptx4-B,Brain
Pum1-T,Brain
Pura-C,CPX
Pycr2-C,CPX
Qars1-S,Brain
Qng1-T,Brain
Qrfpr-B,Brain
Qser1-C,CPX
R3hdm1-T,Brain
Rab11fip5-C,CPX
Rab24-T,Brain
Rab36-T,Brain
Rab40c-T,Brain
Rab5a-C,CPX
Rab5c-C,CPX
Rabepk-B,Brain
Rabgef1-B,Brain
Rad50-C,CPX
Rad51ap1-S,Brain
Rad51ap2-S,Brain
Rad54l2-C,CPX
Rad54l2-T,Brain
Ralgapa2-C,CPX
Ramac-C,CPX
Rap2a-S,Brain
Rapgef5-S,Brain
Rarb-S,Brain
Rarb-T,Brain
Rasa2-T,Brain
Rasa4-T,Brain
Rasgrp2-S,Brain
Rasgrp3-S,Brain
Rassf4-C,CPX
Rbm20-C,CPX
Rbm27-C,CPX
Rbm7-T,Brain
Rbm8a-S,Brain
Rbms1-S,Brain
Rbms2-B,Brain
Rbmx-S,Brain
Rbpj-B,Brain
Rbpms2-B,Brain
Rdh11-B,Brain
Rdh11-T,Brain
Rdx-C,CPX
Recql5-C,CPX
Repin1-C,CPX
Rfx1-T,Brain
Rgl2-S,Brain
Rgs17-T,Brain
Rgs2-S,Brain
Rgs20-S,Brain
Rgs5-T,Brain
Rgs7-C,CPX
Rhebl1-T,Brain
Rhob-C,CPX
Rhobtb2-S,Brain
Ric3-C,CPX
Ric8a-S,Brain
Rif1-C,CPX
Rimklb-B,Brain
Ripk4-B,Brain
Rit2-B,Brain
Rmnd5b-C,CPX
Rnasel-C,CPX
Rnaset2b-T,Brain
Rnf123-S,Brain
Rnf13-T,Brain
Rnf144a-B,Brain
Rnf144a-S,Brain
Rnf187-C,CPX
Rnf207-S,Brain
Ro60-C,CPX
Robo2-S,Brain
Rock1-C,CPX
Rom1-B,Brain
Rom1-T,Brain
Rora-C,CPX
Rpap2-T,Brain
Rpgr-T,Brain
Rpl12-B,Brain
Rpl18a-C,CPX
Rpl28-ps1-T,Brain
Rpl31-T,Brain
Rpl37-C,CPX
Rpl37-T,Brain
Rpl38-B,Brain
Rpl3l-B,Brain
Rpl8-T,Brain
Rplp1-C,CPX
Rpn2-C,CPX
Rpn2-T,Brain
Rpp30-C,CPX
Rps12-B,Brain
Rps13-B,Brain
Rps13-ps5-T,Brain
Rps18-B,Brain
Rps26-T,Brain
Rps29-B,Brain
Rps29-S,Brain
Rps5-S,Brain
Rps6-ps1-S,Brain
Rps6ka3-S,Brain
Rps9-T,Brain
Rsad1-T,Brain
Rspo1-B,Brain
Rsrp1-S,Brain
Rtkn-C,CPX
Rtl8b-T,Brain
Rtn2-B,Brain
Rtn4r-B,Brain
Rundc1-S,Brain
Rundc3a-S,Brain
Rusc2-B,Brain
Ruvbl1-C,CPX
Rwdd3-C,CPX
Rxrb-T,Brain
Rxrg-S,Brain
S100a13-S,Brain
S100a8-C,CPX
S100a9-B,Brain
Sall1-T,Brain
Salsoline-F,CSF
Samd14-C,CPX
Samd14-S,Brain
Samd5-T,Brain
Saraf-S,Brain
Saysd1-S,Brain
Sbf2-B,Brain
Scaf4-T,Brain
Scap-S,Brain
Scarb1-S,Brain
Scarf1-T,Brain
Scg2-S,Brain
Scg5-C,CPX
Scn4b-S,Brain
Scp2-ps2-C,CPX
Scrib-C,CPX
Scrt2-T,Brain
Scube3-S,Brain
Scyl1-C,CPX
Sdc1-T,Brain
Sdccag8-B,Brain
Sdhb-T,Brain
Sdr39u1-T,Brain
Sec14l1-S,Brain
Sec16b-T,Brain
Sec24a-T,Brain
Sec24c-B,Brain
Sec62-C,CPX
Secisbp2l-C,CPX
Sema3g-C,CPX
Sema4d-S,Brain
Sema4f-B,Brain
Sema6a-C,CPX
Sema6c-T,Brain
Senp7-T,Brain
Serbp1-C,CPX
Serp2-C,CPX
Serpina3n-T,Brain
Serpina9-S,Brain
Serpinb1b-T,Brain
Serpinb8-C,CPX
Sesn3-C,CPX
Setbp1-C,CPX
Setd2-T,Brain
Setd3-B,Brain
Setx-C,CPX
Sez6l-S,Brain
Sfi1-C,CPX
Sgf29-T,Brain
Sgsm1-S,Brain
Sh2b1-T,Brain
Sh3bgrl-C,CPX
Sh3bgrl2-C,CPX
Sh3d19-S,Brain
Shb-C,CPX
Shc1-C,CPX
She-S,Brain
Shfl-C,CPX
Shfl-S,Brain
Shh-T,Brain
Shisa9-T,Brain
Shoc2-C,CPX
Sigirr-T,Brain
Sike1-S,Brain
Silc1-C,CPX
Sin3a-C,CPX
Sirt2-T,Brain
Six4-B,Brain
Skic3-T,Brain
Slain2-C,CPX
Slc13a5-T,Brain
Slc16a7-C,CPX
Slc17a5-C,CPX
Slc18a1-T,Brain
Slc1a2-T,Brain
Slc1a3-B,Brain
Slc1a4-S,Brain
Slc1a5-B,Brain
Slc22a17-C,CPX
Slc22a17-T,Brain
Slc24a3-S,Brain
Slc25a12-T,Brain
Slc25a13-C,CPX
Slc25a16-C,CPX
Slc25a16-S,Brain
Slc25a20-C,CPX
Slc25a26-C,CPX
Slc25a29-S,Brain
Slc25a30-S,Brain
Slc29a4-C,CPX
Slc2a2-C,CPX
Slc2a4rg-ps-T,Brain
Slc35a3-C,CPX
Slc35d3-S,Brain
Slc35e2-S,Brain
Slc36a1-S,Brain
Slc38a9-T,Brain
Slc39a12-S,Brain
Slc44a1-C,CPX
Slc5a5-S,Brain
Slc7a11-T,Brain
Slc7a14-T,Brain
Slf2-T,Brain
Slfn8-S,Brain
Slk-C,CPX
Smarca1-B,Brain
Smarca2-C,CPX
Smarca5-C,CPX
Smarcc1-B,Brain
Smc1a-B,Brain
Smc4-C,CPX
Smc6-C,CPX
Smg9-S,Brain
Smim10l1-C,CPX
Smim15-C,CPX
Smim24-T,Brain
Smim43-B,Brain
Smpdl3a-S,Brain
Smpdl3b-C,CPX
Smtnl2-B,Brain
Smurf1-C,CPX
Smurf1-S,Brain
Smyd2-C,CPX
Smyd4-S,Brain
Smyd5-T,Brain
Snai3-S,Brain
Snap47-S,Brain
Sncg-C,CPX
Sncg-T,Brain
Snip1-T,Brain
Snora35-C,CPX
Snrnp48-C,CPX
Snrnp70-S,Brain
Sntb2-B,Brain
Sntb2-C,CPX
Sntg1-T,Brain
Sntg2-S,Brain
Snx16-S,Brain
Snx7-S,Brain
Soat1-T,Brain
Socs5-T,Brain
Sox13-C,CPX
Sox30-T,Brain
Sp3-T,Brain
Sp4-C,CPX
Sp4-T,Brain
Spaca6-S,Brain
Spata13-C,CPX
Spata24-T,Brain
Spata7-T,Brain
Spink8-B,Brain
Spns1-T,Brain
Spns2-S,Brain
Spock3-S,Brain
Spopl-T,Brain
Spp2-T,Brain
Sppl3-C,CPX
Spr-S,Brain
Spryd3-S,Brain
Spsb2-T,Brain
Sptan1-C,CPX
Sqstm1-T,Brain
Src-C,CPX
Srcap-T,Brain
Srebf2-C,CPX
Srprb-T,Brain
Ss18-T,Brain
Ss18l1-B,Brain
Ss18l2-B,Brain
Ssc4d-B,Brain
St3gal5-S,Brain
St6gal2-B,Brain
St6galnac4-C,CPX
St8sia5-S,Brain
St8sia6-T,Brain
Stag2-C,CPX
Stambpl1-S,Brain
Star-T,Brain
Stard4-T,Brain
Stat3-C,CPX
Stau1-B,Brain
Steap3-T,Brain
Sting1-S,Brain
Sting1-T,Brain
Stip1-S,Brain
Stk19-S,Brain
Stk26-C,CPX
Stk32a-S,Brain
Stk32c-T,Brain
Strada-C,CPX
Strap-B,Brain
Strip2-S,Brain
Strn-S,Brain
Stx4a-S,Brain
Stxbp3-S,Brain
Stxbp4-C,CPX
Suberic acid-F,CSF
Suclg2-C,CPX
Sufu-C,CPX
Sufu-S,Brain
Sugp1-S,Brain
Sulf2-C,CPX
Suz12-C,CPX
Svil-T,Brain
Sympk-C,CPX
Syne2-S,Brain
Synephrine-F,CSF
Synj2bp-S,Brain
Synm-C,CPX
Synpo2-S,Brain
Synpo2-T,Brain
Sypl2-T,Brain
Syt17-C,CPX
Sytl2-C,CPX
Szt2-S,Brain
Taco1os-T,Brain
Tada1-C,CPX
Taf1b-B,Brain
Taf1b-T,Brain
Tagln2-C,CPX
Tarbp1-T,Brain
Tatdn2-C,CPX
Tax1bp3-C,CPX
Tbc1d2-C,CPX
Tbc1d22b-S,Brain
Tbc1d30-T,Brain
Tbcb-T,Brain
Tbck-C,CPX
Tbp-S,Brain
Tbx3os1-T,Brain
Tcea1-ps1-T,Brain
Tceal3-T,Brain
Tceal6-B,Brain
Tceanc-C,CPX
Tcf15-S,Brain
Tcf20-B,Brain
Tcf23-T,Brain
Tcf4-T,Brain
Tcf7-S,Brain
Tdrp-B,Brain
Tekt1-T,Brain
Telo2-C,CPX
Tet1-C,CPX
Tet1-T,Brain
Tetrahydro-solasodine triacetate-F,CSF
Tex10-S,Brain
Tfip11-T,Brain
Tgfa-S,Brain
Thap11-T,Brain
Thoc3-T,Brain
Thop1-S,Brain
Thra-C,CPX
Thrsp-S,Brain
Thumpd1-B,Brain
Thumpd1-T,Brain
Thyn1-C,CPX
Tiam2-S,Brain
Timm17a-S,Brain
Timm17b-S,Brain
Tinagl1-B,Brain
Tkt-C,CPX
Tle5-T,Brain
Tlnrd1-S,Brain
Tm9sf3-C,CPX
Tmbim4-B,Brain
Tmem100-T,Brain
Tmem104-T,Brain
Tmem108-B,Brain
Tmem130-S,Brain
Tmem132c-T,Brain
Tmem138-T,Brain
Tmem160-S,Brain
Tmem161b-C,CPX
Tmem167-C,CPX
Tmem168-B,Brain
Tmem184c-C,CPX
Tmem191-S,Brain
Tmem201-S,Brain
Tmem203-C,CPX
Tmem204-C,CPX
Tmem217rt-B,Brain
Tmem229b-C,CPX
Tmem229b-T,Brain
Tmem231-B,Brain
Tmem232-T,Brain
Tmem241-S,Brain
Tmem242-T,Brain
Tmem25-S,Brain
Tmem250-T,Brain
Tmem259-C,CPX
Tmem42-S,Brain
Tmem62-C,CPX
Tmem80-C,CPX
Tmem82-T,Brain
Tmem87a-C,CPX
Tmem88b-B,Brain
Tmem8b-T,Brain
Tmtc4-T,Brain
Tmx3-S,Brain
Tnfrsf19-T,Brain
Tnfrsf1b-C,CPX
Tnfsf13os-C,CPX
Tnks-S,Brain
Tnrc18-T,Brain
Tob2-S,Brain
Tomm22-C,CPX
Tomm34-C,CPX
Tomm40-B,Brain
Tomm70a-S,Brain
Top1-C,CPX
Topbp1-C,CPX
Tor1aip1-T,Brain
Tox-S,Brain
Tpbg-S,Brain
Tpmt-S,Brain
Tppp3-C,CPX
Tpr-C,CPX
Tprkb-T,Brain
Tpst1-B,Brain
Trabd-C,CPX
Traip-S,Brain
Trank1-S,Brain
Trappc14-C,CPX
Trappc3-S,Brain
Trappc5-S,Brain
Trdmt1-T,Brain
Trib1-T,Brain
Triethyl citrate-F,CSF
Trimethylolpropane-F,CSF
Trip11-T,Brain
Trnt1-S,Brain
Trp53bp1-S,Brain
Trp53bp2-T,Brain
Trpc4ap-B,Brain
Trpc4ap-C,CPX
Trpv4-T,Brain
Tsc22d1-C,CPX
Tsen34-T,Brain
Tshr-B,Brain
Tspan14-B,Brain
Tspan33-S,Brain
Tspan9-C,CPX
Tspear-S,Brain
Tspo-B,Brain
Tspoap1-S,Brain
Tspyl5-S,Brain
Ttc12-S,Brain
Ttc21b-S,Brain
Ttc22-S,Brain
Ttc39c-S,Brain
Ttc8-T,Brain
Ttf1-C,CPX
Tubb2a-T,Brain
Tubb2b-S,Brain
Tubb3-B,Brain
Tubg2-T,Brain
Tulp3-T,Brain
Tulp4-C,CPX
Txlng-B,Brain
Txnl1-S,Brain
Txnrd2-C,CPX
Tyro3-S,Brain
UNKNOWN_1345-T,Brain
UNKNOWN_1454-T,Brain
UNKNOWN_158-C,CPX
UNKNOWN_2821-B,Brain
Ubb-T,Brain
Ubc-C,CPX
Ube2m-C,CPX
Ube2q2-B,Brain
Ube2q2-C,CPX
Ube2v2-B,Brain
Ube3c-C,CPX
Ube3d-S,Brain
Ubl3-C,CPX
Ubr5-T,Brain
Ubr7-S,Brain
Uevld-B,Brain
Unk-T,Brain
Upf2-C,CPX
Uqcc5-C,CPX
Uqcr10-S,Brain
Uqcr11-S,Brain
Uracil-F,CSF
Urea-F,CSF
Urm1-T,Brain
Uros-C,CPX
Usf3-C,CPX
Usp13-B,Brain
Usp43-B,Brain
Usp9x-C,CPX
Utp20-T,Brain
Utrn-S,Brain
Uts2b-B,Brain
Uty-T,Brain
Vangl1-C,CPX
Vash2-T,Brain
Vav3-S,Brain
Vcpip1-T,Brain
Vldlr-S,Brain
Vmac-T,Brain
Vmp1-C,CPX
Vps13a-T,Brain
Vps13b-C,CPX
Vps13c-T,Brain
Vps13d-T,Brain
Vps35l-S,Brain
Vps36-C,CPX
Vps37d-C,CPX
Vps39-T,Brain
Vps41-S,Brain
Vps4a-T,Brain
Vrk1-S,Brain
Vstm4-B,Brain
Vti1b-S,Brain
Vwa3a-B,Brain
Vwa5a-B,Brain
Wapl-C,CPX
Wars1-S,Brain
Wasl-C,CPX
Wbp1-T,Brain
Wbp11-C,CPX
Wbp4-C,CPX
Wdr17-S,Brain
Wdr27-T,Brain
Wdr47-T,Brain
Wdr89-S,Brain
Wdsub1-S,Brain
Wif1-S,Brain
Wrn-C,CPX
Wwc2-T,Brain
Wwp1-T,Brain
Xaf1-C,CPX
Xk-S,Brain
Xpc-C,CPX
Xpnpep1-T,Brain
Xpr1-T,Brain
Xylazine-F,CSF
Yangonin-F,CSF
Yars1-T,Brain
Ybx1-T,Brain
Ybx3-B,Brain
Yif1a-S,Brain
Yipf6-T,Brain
Ylpm1-C,CPX
Ywhag-S,Brain
Ywhah-T,Brain
Zbtb11os1-C,CPX
Zbtb3-B,Brain
Zbtb3-S,Brain
Zbtb37-C,CPX
Zbtb37-T,Brain
Zbtb40-S,Brain
Zbtb44-T,Brain
Zbtb45-T,Brain
Zbtb7a-C,CPX
Zbtb8a-B,Brain
Zc3h11a-T,Brain
Zc3h12c-T,Brain
Zc3hc1-T,Brain
Zcchc12-T,Brain
Zcchc24-T,Brain
Zdhhc15-B,Brain
Zdhhc18-S,Brain
Zdhhc9-T,Brain
Zfand2b-T,Brain
Zfp1007-C,CPX
Zfp142-S,Brain
Zfp217-C,CPX
Zfp219-C,CPX
Zfp27-C,CPX
Zfp300-C,CPX
Zfp322a-C,CPX
Zfp346-S,Brain
Zfp358-C,CPX
Zfp36l2-C,CPX
Zfp382-T,Brain
Zfp383-C,CPX
Zfp389-S,Brain
Zfp469-T,Brain
Zfp512-S,Brain
Zfp512b-S,Brain
Zfp523-S,Brain
Zfp523-T,Brain
Zfp617-S,Brain
Zfp638-C,CPX
Zfp638-T,Brain
Zfp654-C,CPX
Zfp664-T,Brain
Zfp677-T,Brain
Zfp689-T,Brain
Zfp719-S,Brain
Zfp738-T,Brain
Zfp74-T,Brain
Zfp768-C,CPX
Zfp78-C,CPX
Zfp799-T,Brain
Zfp804b-B,Brain
Zfp811-S,Brain
Zfp866-B,Brain
Zfp867-B,Brain
Zfp869-T,Brain
Zfp87-S,Brain
Zfp874a-T,Brain
Zfp879-C,CPX
Zfp946-S,Brain
Zfp959-S,Brain
Zfp975-C,CPX
Zgrf1-T,Brain
Zhx1-C,CPX
Zic2-C,CPX
Zim1-S,Brain
Zkscan8-C,CPX
Zmat3-B,Brain
Zmat5-C,CPX
Zmpste24-S,Brain
Zmym6-T,Brain
Zmynd10-B,Brain
Zpbp-S,Brain
Zpr1-T,Brain
Zranb2-T,Brain
Zscan29-T,Brain
alpha-Hydroxyisobutyric acid-F,CSF
"l-Norvaline, n-propargyloxycarbonyl-, isohexyl ester-F",CSF
m-Toluic acid-F,CSF
mt-Cytb-C,CPX
mt-Cytb-S,Brain
mt-Nd1-S,Brain
mt-Nd2-C,CPX
mt-Nd4-B,Brain
nan-C,CPX
nan-F,CSF
