"(2,5-Dimethoxyphenyl)acetone-F",RBN
"(2,5-Dimethoxyphenyl)acetone-F",CSF
"(2R)-Pyrrolidine-1,2-dicarboxylic acid, bis(tert-butyldimethylsilyl) ester-F",CSF
"(2R)-Pyrrolidine-1,2-dicarboxylic acid, bis(tert-butyldimethylsilyl) ester-F",RBN
"(9H-fluoren-9-yl)methanol, O-methoxycarbonyl--F",CSF
"(9H-fluoren-9-yl)methanol, O-methoxycarbonyl--F",RBN
0610040J01Rik-C,CPX
"1,2-Bis(trimethylsiloxy)cyclohexene-F",RBN
"1,2-Bis(trimethylsiloxy)cyclohexene-F",CSF
"1,2-Cinnolinedicarboxylic acid, 1,2,3,5,6,7,8,8a-octahydro-4-trimethylsilyloxy-, diethyl ester-F",CSF
"1,2-Cinnolinedicarboxylic acid, 1,2,3,5,6,7,8,8a-octahydro-4-trimethylsilyloxy-, diethyl ester-F",RBN
"1,2-Cyclohexanediol, (Z)-F",CSF
"1,2-Cyclohexanediol, (Z)-F",RBN
"1,3-Oxazolidine, 2,5-diphenyl-4-methyl-, trans--F",CSF
"1,3-Oxazolidine, 2,5-diphenyl-4-methyl-, trans--F",RBN
"1-(1-Hydroxybutyl)-2,5-dimethoxybenzene-F",CSF
"1-(1-Hydroxybutyl)-2,5-dimethoxybenzene-F",RBN
"1-(2,4-Dimethoxyphenyl)-propan-2-one-F",CSF
"1-(2,4-Dimethoxyphenyl)-propan-2-one-F",RBN
"1-(2,5-Dimethoxyphenyl)-1-[(trimethylsilyl)oxy]propan-2-amine-F",CSF
"1-(2,5-Dimethoxyphenyl)-1-[(trimethylsilyl)oxy]propan-2-amine-F",RBN
"1-(4-Methoxyphenyl)-4,6-dimethyl-2(1H)-pyrimidinone-F",RBN
"1-(4-Methoxyphenyl)-4,6-dimethyl-2(1H)-pyrimidinone-F",CSF
1-(Cyclohexylmethyl)-4-piperidinylamine-F,RBN
1-(Cyclohexylmethyl)-4-piperidinylamine-F,CSF
1-(tert-Butyldimethylsilyl)-4-methyl-1H-pyrazole-F,CSF
1-Butanol-F,RBN
1-Butanol-F,CSF
"1-Heptanol, 2-propyl--F",CSF
"1-Heptanol, 2-propyl--F",RBN
1-Octadecanol-F,RBN
1-Octadecanol-F,CSF
"1-Octanol, 2-butyl--F",CSF
"1-Pentene, 1,3-diphenyl-1-(trimethylsilyloxy)--F",CSF
"1-Pentene, 1,3-diphenyl-1-(trimethylsilyloxy)--F",RBN
1110002L01Rik-S,STM
1110004F10Rik-C,CPX
1110035H17Rik-B,CSF
"13-Docosenamide, (Z)-F",RBN
1500002F19Rik-B,CSF
1500009L16Rik-S,STM
1500015L24Rik-S,STM
1700008J07Rik-B,RBN
1700008J07Rik-B,CSF
1700017B05Rik-B,CSF
1700017B05Rik-S,STM
1700018L02Rik-C,CPX
1700047K16Rik-T,CTX
1700125H03Rik-C,CPX
1810021B22Rik-T,CTX
1810044D09Rik-B,CSF
1810044D09Rik-S,STM
"2',3'-Di-O-acetyladenosine-F",CSF
"2',3'-Di-O-acetyladenosine-F",RBN
"2',5'-Dimethoxypropiophenone-F",RBN
"2',5'-Dimethoxypropiophenone-F",CSF
"2'-Hydroxy-2,4,4',5-tetramethoxychalcone-F",RBN
"2'-Hydroxy-2,4,4',5-tetramethoxychalcone-F",CSF
"2(5H)-Furanone, 4-(hydroxymethyl)-F",CSF
"2(5H)-Furanone, 4-(hydroxymethyl)-F",RBN
"2,2'-Bipyridine-F",RBN
"2,2'-Bipyridine-F",CSF
"2,3-Butanediol, O-(trimethylsilyl)-, monoacetate-F",CSF
"2,3-Butanediol, O-(trimethylsilyl)-, monoacetate-F",RBN
"2,3-Dihydroxybutanoic acid-F",CSF
"2,4,4'-Trihydroxybenzophenone-F",CSF
"2,4,4'-Trihydroxybenzophenone-F",RBN
"2,4,6-Cycloheptatrien-1-one-F",RBN
"2,4,6-Cycloheptatrien-1-one-F",CSF
"2,4-Di-tert-butylphenol-F",CSF
"2,4-Di-tert-butylphenol-F",RBN
"2,4-Dimethoxybenzaldoxime-F",RBN
"2,4-Dimethoxybenzaldoxime-F",CSF
"2,4-Imidazolidinedione, 5,5-dimethyl-F",CSF
"2,4-Imidazolidinedione, 5,5-dimethyl-F",RBN
"2,5-Bis((tert-butyldimethylsilyl)oxy)-4,4-dimethyl-4H-imidazole-F",CSF
"2,5-Bis((tert-butyldimethylsilyl)oxy)-4,4-dimethyl-4H-imidazole-F",RBN
"2,5-Dimethoxybenzhydrazide-F",CSF
"2,5-Dimethoxybenzonitrile-F",CSF
"2,5-Dimethoxybenzonitrile-F",RBN
"2,5-Dimethoxyphenol-F",CSF
"2,5-Dimethoxyphenol-F",RBN
"2,6-di-tert-Butyl-4-(dimethylaminomethyl)phenol-F",CSF
"2,6-di-tert-Butyl-4-(dimethylaminomethyl)phenol-F",RBN
"2-(Ethylamino)ethanol, N-acetyl-F",RBN
"2-(Ethylamino)ethanol, N-acetyl-F",CSF
2-(Methylamino)ethanol-F,CSF
2-(Methylamino)ethanol-F,RBN
"2-Allyl-1,4-dimethoxybenzene-F",CSF
"2-Allyl-1,4-dimethoxybenzene-F",RBN
2-Amino-4-methylbenzophenone-F,CSF
2-Amino-4-methylbenzophenone-F,RBN
2-Aminoquinolin-8-ol-F,RBN
2-Buten-1-ol-F,CSF
2-Buten-1-ol-F,RBN
"2-Butene-1,4-diol-F",RBN
"2-Butene-1,4-diol-F",CSF
2-Butenedioic acid-F,CSF
2-Butenedioic acid-F,RBN
"2-Butenoic acid, 3-[(tert-butyldimethylsilyl)oxy]-F",CSF
2-Butoxyethanol-F,RBN
2-Butoxyethanol-F,CSF
2-Cyanobenzaldehyde-F,CSF
2-Cyanobenzaldehyde-F,RBN
"2-Cyclohexen-1-one, 3-methyl--F",CSF
"2-Cyclohexen-1-one, 3-methyl--F",RBN
"2-Cyclohexen-1-one, 3-methyl-6-(1-methylethyl)-F",RBN
"2-Cyclohexen-1-one, 3-methyl-6-(1-methylethyl)-F",CSF
2-Decanol-F,RBN
2-Decanol-F,CSF
2-Ethyl-1-butanol-F,RBN
2-Ethyl-1-butanol-F,CSF
2-Ethylhexanoic acid-F,RBN
2-Ethylhexanoic acid-F,CSF
2-Furoic acid-F,CSF
2-Furoic acid-F,RBN
2-Hexanol-F,RBN
2-Hexanol-F,CSF
2-Hydroxy-3-methylbutyric acid-F,CSF
"2-Methyl-1,3-butanediol-F",CSF
2-Methyl-3-pentanol-F,CSF
2-Methyl-3-pentanol-F,RBN
"2-Methylcyclohexanol, (Z)-F",RBN
"2-Methylcyclohexanol, (Z)-F",CSF
"2-Methylcyclohexylamine, tert.-butyldimethylsilyl ether-F",RBN
"2-Methylcyclohexylamine, tert.-butyldimethylsilyl ether-F",CSF
2-Naphthol-F,CSF
2-Naphthol-F,RBN
2-Norbornanemethanol-F,RBN
2-Norbornanemethanol-F,CSF
2-Pentadecanone-F,RBN
2-Pentadecanone-F,CSF
2-Propyl-1-pentanol-F,CSF
2-Propyl-1-pentanol-F,RBN
2-Pyrrolidone-5-carboxylic acid-F,CSF
2-Pyrrolidone-5-carboxylic acid-F,RBN
2310014F06Rik-C,CPX
2310022A10Rik-S,STM
2310030G06Rik-T,CTX
2310034G01Rik-T,CTX
2310057M21Rik-T,CTX
2410124H12Rik-B,CSF
2410124H12Rik-B,RBN
2410124H12Rik-C,CPX
2500002B13Rik-B,CSF
2510002D24Rik-S,STM
2610020C07Rik-C,CPX
2700049A03Rik-T,CTX
2700097O09Rik-S,STM
2810021J22Rik-C,CPX
2810021J22Rik-T,CTX
2900035J10Rik-T,CTX
"3,3-Dimethylacrylic acid-F",RBN
"3,3-Dimethylacrylic acid-F",CSF
"3,4,5-Trimethoxyamphetamine-F",RBN
"3,4,5-Trimethoxyamphetamine-F",CSF
"3,4-Dihydroxybenzaldehyde-F",RBN
"3,4-Methylenedioxyamphetamine-F",RBN
"3,4-Methylenedioxyamphetamine-F",CSF
"3,5-Dimethylphenol-F",RBN
"3,5-Dimethylphenol-F",CSF
"3-(4,7-Dimethoxy-2H-1,3-benzodioxol-5-yl)-2-methylprop-2-enal-F",CSF
"3-(4,7-Dimethoxy-2H-1,3-benzodioxol-5-yl)-2-methylprop-2-enal-F",RBN
3-(4-Methoxyphenyl)coumarin-F,CSF
3-(4-Methoxyphenyl)coumarin-F,RBN
3-Amino-5-methylisoxazole-F,CSF
3-Amino-5-methylisoxazole-F,RBN
3-Aminobenzoic acid-F,CSF
3-Aminobenzoic acid-F,RBN
3-Buten-2-one-F,CSF
3-Buten-2-one-F,RBN
3-Heptanol-F,CSF
3-Heptanol-F,RBN
"3-Hydroxy-7,3',4',5'-tetramethoxyflavone-F",RBN
3-Hydroxymethyl-2-trimethylsilyloxypentane-F,CSF
3-Methyl-3-buten-1-ol-F,CSF
3-Methyl-3-buten-1-ol-F,RBN
"4,5-Dihydro-1H-pyrazole-F",CSF
"4,5-Dihydro-1H-pyrazole-F",RBN
4-Aminobutanoic acid-F,CSF
4-Aminobutanoic acid-F,RBN
4-Methoxyphenol-F,CSF
4-Methoxyphenol-F,RBN
4-Methylvaleric acid-F,RBN
4-Methylvaleric acid-F,CSF
4-Oxohexanoic acid-F,CSF
4-Oxohexanoic acid-F,RBN
"4-[2-(4,7-Dimethoxy-2H-1,3-benzodioxol-5-yl)ethenyl]-2-methoxyphenol-F",RBN
"4-[2-(4,7-Dimethoxy-2H-1,3-benzodioxol-5-yl)ethenyl]-2-methoxyphenol-F",CSF
4-tert-Butyldimethylsiloxy-3-penten-2-one-F,CSF
4-tert-Butyldimethylsiloxy-3-penten-2-one-F,RBN
4632415L05Rik-C,CPX
4833417C18Rik-T,CTX
4833418N02Rik-S,STM
4921504A21Rik-C,CPX
4921524J17Rik-T,CTX
4921539H07Rik-S,STM
4930412C18Rik-C,CPX
4930444P10Rik-S,STM
4930447M23Rik-S,STM
4930513N10Rik-T,CTX
4930519P11Rik-T,CTX
4930556M19Rik-B,CSF
4930556M19Rik-C,CPX
4931440P22Rik-B,CSF
4933439C10Rik-T,CTX
4933439K11Rik-C,CPX
5-Azacytosine-F,CSF
5-Azacytosine-F,RBN
"5-Chlorovaleric acid, nonyl ester-F",CSF
"5-Chlorovaleric acid, nonyl ester-F",RBN
"5-Ethyl-1,3-dioxane-5-methanol, tert-butyldimethylsilyl ether-F",RBN
"5-Ethyl-1,3-dioxane-5-methanol, tert-butyldimethylsilyl ether-F",CSF
5-Hydroxy-7-methoxy-2-methyl-3-phenyl-4-chromenone-F,RBN
5-Hydroxy-7-methoxy-2-methyl-3-phenyl-4-chromenone-F,CSF
5-Nitroso-8-quinolinol-F,CSF
"5-Nonanol, tert-butyldimethylsilyl ether-F",RBN
"5-Nonanol, tert-butyldimethylsilyl ether-F",CSF
5-Oxohexanoic Acid-F,CSF
5-Oxohexanoic Acid-F,RBN
5330413P13Rik-T,CTX
5730408A14Rik-T,CTX
5730409E04Rik-T,CTX
5730455P16Rik-C,CPX
"6,7,4'-Trihydroxyisoflavone-F",CSF
"6,7,4'-Trihydroxyisoflavone-F",RBN
"6-Aminocaproic acid, N-(tert.-butyldimethylsilyl)-F",CSF
"6-Aminocaproic acid, N-(tert.-butyldimethylsilyl)-F",RBN
"6-Methoxy-1-methyl-1,2,3,4-tetrahydroisoquinolin-7-ol-F",CSF
6-Methyluracil-F,CSF
6-Nitroveratryl alcohol-F,CSF
6-Nitroveratryl alcohol-F,RBN
6-Oxoheptanoic acid-F,RBN
6-Oxoheptanoic acid-F,CSF
6030458C11Rik-S,STM
6430511E19Rik-T,CTX
7-Hydroxy-4-(methoxymethyl)coumarin-F,CSF
7-Hydroxy-4-(methoxymethyl)coumarin-F,RBN
8-Methylnonanoic acid-F,CSF
8-Methylnonanoic acid-F,RBN
9230116N13Rik-B,CSF
9330136K24Rik-B,CSF
9330136K24Rik-B,RBN
9330151L19Rik-B,CSF
9330151L19Rik-S,STM
9330159F19Rik-T,CTX
9330160F10Rik-B,CSF
9430002A10Rik-B,CSF
9530026P05Rik-C,CPX
"9Z-Octadecenoic acid, (2S)-3-[(hydroxymercaptophosphinyl)oxy]-2-methoxypropyl ester-F",RBN
"9Z-Octadecenoic acid, (2S)-3-[(hydroxymercaptophosphinyl)oxy]-2-methoxypropyl ester-F",CSF
A230083G16Rik-B,CSF
A230083G16Rik-B,RBN
A2m-B,CSF
A330040F15Rik-B,CSF
A330040F15Rik-T,CTX
A330094K24Rik-B,CSF
A430018G15Rik-T,CTX
A430108G06Rik-C,CPX
A530041M06Rik-T,CTX
AA414768-B,CSF
AA986860-S,STM
AB041806-S,STM
AI429214-T,CTX
AI504432-S,STM
AI593442-S,STM
AU040972-T,CTX
AU041133-B,RBN
AU041133-B,CSF
Aard-T,CTX
Aasdhppt-C,CPX
Aasdhppt-S,STM
Aatf-T,CTX
Abca6-B,CSF
Abcg1-S,STM
Abhd11-T,CTX
Abhd17b-S,STM
Abhd2-S,STM
Abi2-S,STM
Abitram-C,CPX
Abraxas1-B,CSF
Abtb2-C,CPX
Acacb-C,CPX
Acad9-C,CPX
Acad9-S,STM
Acadm-S,STM
Acadvl-S,STM
Acbd4-C,CPX
Acbd5-S,STM
Accs-S,STM
Ace2-S,STM
Acetic acid-F,CSF
Acetic acid-F,RBN
Aceturic acid-F,RBN
Aceturic acid-F,CSF
Acin1-S,STM
Ackr3-T,CTX
Acly-B,CSF
Acly-B,RBN
Aconitic acid-F,RBN
Aconitic acid-F,CSF
Acot7-S,STM
Acox1-C,CPX
Acsbg3-T,CTX
Acsf2-S,STM
Acss3-B,CSF
Actr3-C,CPX
Acvrl1-S,STM
Adam10-T,CTX
Adam15-C,CPX
Adam17-S,STM
Adam32-B,CSF
Adam33-B,CSF
Adamts1-T,CTX
Adamts15-C,CPX
Adamts15-T,CTX
Adamts3-T,CTX
Adck1-B,CSF
Adck1-B,RBN
Adck2-C,CPX
Adcy2-S,STM
Adcy5-S,STM
Adcy7-B,CSF
Adcy9-C,CPX
Adenine-F,CSF
Adgra1-S,STM
Adipoyl-L-carnitine-F,CSF
Adipoyl-L-carnitine-F,RBN
Adora2a-S,STM
Adora3-B,CSF
Adprh-C,CPX
Adra2a-S,STM
Adrb3-C,CPX
Adsl-T,CTX
Afg3l1-C,CPX
Agbl3-C,CPX
Agbl5-S,STM
Agk-T,CTX
Ago2-S,STM
Agrn-C,CPX
Ahcyl2-C,CPX
Aif1l-B,CSF
Ajuba-S,STM
Ak2-S,STM
Akr1b1-S,STM
Alas1-S,STM
Aldh1a1-B,CSF
Aldh1l1-C,CPX
Aldh3a1-B,CSF
Aldh3a2-B,CSF
Aldh3a2-S,STM
Aldh8a1-T,CTX
Aldh9a1-C,CPX
Alg5-S,STM
Alg5-T,CTX
Alkbh1-T,CTX
Alkbh6-C,CPX
Allylescaline-F,CSF
Allylescaline-F,RBN
Alyref-B,CSF
Amer2-T,CTX
Amfr-C,CPX
Amigo2-S,STM
Amz2-S,STM
Anapc4-B,CSF
Ang-T,CTX
Angel2-S,STM
Angptl1-T,CTX
Aniline-F,CSF
Aniline-F,RBN
Ankib1-T,CTX
Ankra2-B,CSF
Ankra2-T,CTX
Ankrd11-B,CSF
Ankrd11-B,RBN
Ankrd12-C,CPX
Ankrd16-T,CTX
Ankrd34c-B,CSF
Ankrd9-T,CTX
Ankub1-S,STM
Ano2-S,STM
Ano8-C,CPX
Antxr1-B,CSF
Antxr1-B,RBN
Aox3-C,CPX
Ap1ar-S,STM
Ap2a1-T,CTX
Ap2b1-C,CPX
Ap3b1-C,CPX
Ap3s2-C,CPX
Apc-T,CTX
Apc2-B,CSF
Apc2-B,RBN
Apc2-C,CPX
Api5-B,CSF
Api5-B,RBN
Apobr-B,CSF
Appbp2-T,CTX
Appl1-T,CTX
Aqp11-C,CPX
Arb2a-T,CTX
Arel1-S,STM
Arf2-C,CPX
Arg2-B,CSF
Arhgap10-B,CSF
Arhgap10-S,STM
Arhgap19-T,CTX
Arhgap25-B,CSF
Arhgap5-C,CPX
Arhgap5-T,CTX
Arhgap6-B,CSF
Arhgef1-T,CTX
Arhgef12-C,CPX
Arhgef26-B,CSF
Arhgef26-T,CTX
Arhgef28-S,STM
Arid2-C,CPX
Arid4a-C,CPX
Arl1-T,CTX
Arl2bp-C,CPX
Arl2bp-S,STM
Armcx2-C,CPX
Armcx3-S,STM
Arrdc2-T,CTX
Arrdc4-C,CPX
Arsj-S,STM
Art4-C,CPX
Arx-S,STM
Asb8-C,CPX
Ascc3-T,CTX
Ascl4-B,CSF
Ascl4-T,CTX
Ash1l-C,CPX
Asphd2-T,CTX
Aste1-S,STM
Atad5-T,CTX
Atat1-S,STM
Atf3-B,CSF
Atf3-T,CTX
Atf6b-C,CPX
Atg4d-T,CTX
Atg9b-T,CTX
Atn1-C,CPX
Atosb-T,CTX
Atp1a3-B,CSF
Atp1a3-B,RBN
Atp1b1-T,CTX
Atp5me-C,CPX
Atp5mf-T,CTX
Atp5mg-C,CPX
Atp5po-S,STM
Atp6v1f-C,CPX
Atp7a-C,CPX
Atp8a1-T,CTX
Atr-S,STM
Atxn10-S,STM
Azelaic acid-F,CSF
Azelaic acid-F,RBN
B130034C11Rik-C,CPX
B230217C12Rik-T,CTX
B230219D22Rik-C,CPX
B230398E01Rik-T,CTX
B9d2-T,CTX
BB031773-S,STM
BC004004-S,STM
BC043934-T,CTX
Bag3-T,CTX
Baiap2-B,CSF
Baiap2-B,RBN
Baiap2l1-C,CPX
Basp1-S,STM
Batf3-B,CSF
Batf3-B,RBN
Baz1a-S,STM
Baz1b-C,CPX
Bcat1-C,CPX
Bcl7a-C,CPX
Bclaf1-C,CPX
Bclaf3-T,CTX
Bcor-S,STM
Bdh2-B,RBN
Bdh2-B,CSF
Bean1-B,CSF
Bean1-T,CTX
Bend3-T,CTX
Bend5-B,RBN
Bend5-B,CSF
Bend5-S,STM
Bend7-S,STM
"Benzaldehyde, 2,5-dimethoxy-F",CSF
"Benzene, 1,4-dimethoxy-F",CSF
"Benzene, 1-ethyl-3,5-dimethyl-F",CSF
"Benzene, 1-ethyl-3,5-dimethyl-F",RBN
Benzeneacetic acid-F,RBN
Benzeneacetic acid-F,CSF
Benzenepropanoic acid-F,CSF
Benzenepropanoic acid-F,RBN
"Benzenesulfonamide, N-butyl-F",RBN
"Benzenesulfonamide, N-butyl-F",CSF
Benzoic Acid-F,RBN
Benzoic Acid-F,CSF
"Benzoic acid, 2-hydroxy-3-[(2-hydroxy-4-methoxy-6-propylbenzoyl)oxy]-4-methoxy-6-propyl-, methyl ester-F",CSF
"Benzoic acid, 2-hydroxy-3-[(2-hydroxy-4-methoxy-6-propylbenzoyl)oxy]-4-methoxy-6-propyl-, methyl ester-F",RBN
"Benzoic acid, methyl ester-F",CSF
"Benzoic acid, methyl ester-F",RBN
Benzophenone-F,RBN
Benzophenone-F,CSF
Benzyl alcohol-F,CSF
Benzyl alcohol-F,RBN
Bet1-S,STM
Bhlhb9-B,CSF
Bhlhe41-C,CPX
Bhmt2-C,CPX
Bicd1-T,CTX
Biphenyl-F,CSF
Biphenyl-F,RBN
Birc2-C,CPX
Birc5-T,CTX
Bltp3a-B,RBN
Bltp3a-B,CSF
Bltp3b-S,STM
Brca2-B,CSF
Brd2-C,CPX
Brd3-S,STM
Brd4-C,CPX
Brdt-T,CTX
Brinp2-B,CSF
Brinp2-B,RBN
Brwd1-T,CTX
Brwd3-T,CTX
Btbd1-T,CTX
Btbd2-C,CPX
Btg1-C,CPX
Btg3-B,CSF
Btg3-B,RBN
Btk-B,CSF
Btk-B,RBN
Butachlor ESA-F,CSF
Butanedioic acid-F,CSF
Butanedioic acid-F,RBN
Butylmethylamine-F,CSF
Butylmethylamine-F,RBN
Butyric Acid-F,CSF
Butyric Acid-F,RBN
Bvht-C,CPX
Bvht-T,CTX
C030013C21Rik-T,CTX
C030034I22Rik-T,CTX
C130021I20Rik-B,CSF
C130021I20Rik-C,CPX
C130023A14Rik-T,CTX
C130026L21Rik-S,STM
C130075A20Rik-S,STM
C130089K02Rik-C,CPX
C1qtnf7-B,CSF
C230014O12Rik-S,STM
C2cd2l-S,STM
C3-B,CSF
Cables1-T,CTX
Cables2-C,CPX
Cachd1-S,STM
Cacna2d3-S,STM
Cacng2-S,STM
Cacng4-S,STM
Cacul1-S,STM
Calb2-S,STM
Calcoco1-S,STM
Caly-S,STM
Camk1d-C,CPX
Camsap2-C,CPX
Cand1-T,CTX
Capg-B,CSF
Capn15-C,CPX
Capn2-C,CPX
Car8-S,STM
Carf-T,CTX
Carmil3-T,CTX
Casc3-S,STM
Casd1-B,CSF
Casp8-C,CPX
Casp8-S,STM
Casq2-S,STM
Casq2-T,CTX
Cast-C,CPX
Cast-T,CTX
Cat-S,STM
Cbarp-C,CPX
Cbln2-S,STM
Cbln3-S,STM
Cbx6-T,CTX
Ccar1-C,CPX
Ccdc116-T,CTX
Ccdc124-B,RBN
Ccdc124-B,CSF
Ccdc134-T,CTX
Ccdc14-T,CTX
Ccdc148-C,CPX
Ccdc149-T,CTX
Ccdc159-T,CTX
Ccdc162-B,CSF
Ccdc169-T,CTX
Ccdc177-S,STM
Ccdc18-C,CPX
Ccdc186-C,CPX
Ccdc187-S,STM
Ccdc190-B,RBN
Ccdc190-B,CSF
Ccdc28b-T,CTX
Ccdc30-B,CSF
Ccdc30-B,RBN
Ccdc30-S,STM
Ccdc33-C,CPX
Ccdc34-S,STM
Ccdc59-C,CPX
Ccdc85a-B,CSF
Ccdc88a-C,CPX
Ccdc96-B,CSF
Ccdc96-B,RBN
Ccdc97-T,CTX
Ccdc9b-S,STM
Ccn4-B,CSF
Ccnd1-C,CPX
Ccne1-B,CSF
Ccno-S,STM
Ccnt1-T,CTX
Ccnyl1-T,CTX
Ccpg1-C,CPX
Cct4-C,CPX
Cct8-S,STM
Cd151-B,RBN
Cd151-B,CSF
Cd24a-T,CTX
Cd276-S,STM
Cd44-S,STM
Cd47-C,CPX
Cd99l2-S,STM
Cdc14a-C,CPX
Cdc27-T,CTX
Cdc42bpa-T,CTX
Cdc42ep4-B,CSF
Cdc42ep4-B,RBN
Cdc73-T,CTX
Cdh15-S,STM
Cdh19-B,CSF
Cdh24-B,CSF
Cdh4-C,CPX
Cdip1-S,STM
Cdk17-S,STM
Cdk20-B,RBN
Cdk20-B,CSF
Cdk7-T,CTX
Cdkl3-C,CPX
Cdkn1c-C,CPX
Cdr2l-C,CPX
Cebpd-C,CPX
Cebpd-T,CTX
Cebpz-C,CPX
Celf1-S,STM
Celrr-T,CTX
Cemip-T,CTX
Cenpb-S,STM
Cenpj-B,RBN
Cenpj-B,CSF
Cenpq-S,STM
Cenps-T,CTX
Cep126-B,CSF
Cep15-T,CTX
Cep290-C,CPX
Cep350-T,CTX
Cep41-C,CPX
Cep57-C,CPX
Cep63-S,STM
Cep95-C,CPX
Cep97-T,CTX
Cerkl-C,CPX
Cerox1-C,CPX
Cfap418-T,CTX
Cfap46-C,CPX
Cfap53-B,CSF
Cfap54-S,STM
Cfap69-T,CTX
Cfap92-S,STM
Cfdp1-T,CTX
Cfh-T,CTX
Cfp-T,CTX
Chchd3-B,CSF
Chd4-B,CSF
Chi3l1-C,CPX
Chia1-S,STM
Chic1-T,CTX
Chlorobenzilate-F,RBN
Chlorobenzilate-F,CSF
Chmp1b2-S,STM
Chmp2a-S,STM
Chmp4c-C,CPX
Chmp6-T,CTX
Cholesterol-F,RBN
Cholesterol-F,CSF
Chst14-T,CTX
Cimap1d-B,CSF
Cimap1d-B,RBN
Cisd3-S,STM
Citramalic acid-F,CSF
Citramalic acid-F,RBN
Ckb-S,STM
Ckmt1-S,STM
Cks1b-B,CSF
Cks1b-B,RBN
Clcn2-C,CPX
Cldn10-B,CSF
Cldn22-C,CPX
Clec12a-S,STM
Clec14a-C,CPX
Clec5a-B,CSF
Clip4-T,CTX
Cln8-S,STM
Clpp-C,CPX
Cltb-C,CPX
Cmas-S,STM
Cmbl-T,CTX
Cmc4-C,CPX
Cmklr1-B,CSF
Cmtm5-S,STM
Cmtm7-T,CTX
Cmtm8-C,CPX
Cmtr1-T,CTX
Cmya5-T,CTX
Cnih2-C,CPX
Cnih3-B,CSF
Cnih3-B,RBN
Cnnm4-C,CPX
Cnot1-T,CTX
Cntd1-T,CTX
Cntln-B,RBN
Cntln-B,CSF
Cntn1-C,CPX
Cntnap3-S,STM
Cntnap4-S,STM
Cntnap5b-T,CTX
Coch-S,STM
Cog4-S,STM
Cog8-C,CPX
Col13a1-T,CTX
Col14a1-T,CTX
Col25a1-B,CSF
Col25a1-T,CTX
Col27a1-S,STM
Col4a2-S,STM
Col5a3-C,CPX
Col6a3-S,STM
Col6a4-S,STM
Col8a1-C,CPX
Col8a1-T,CTX
Col9a2-C,CPX
Colec11-T,CTX
Comt-T,CTX
Copa-B,CSF
Cope-C,CPX
Copg1-C,CPX
Copg1-S,STM
Cops8-T,CTX
Coq5-B,CSF
Coq5-B,RBN
Coro1c-S,STM
Coro7-S,STM
Cox6b2-S,STM
Cox7b2-B,RBN
Cox7b2-B,CSF
Cpped1-S,STM
Cpxm1-S,STM
Cpxm1-T,CTX
Cracr2b-C,CPX
Crb1-B,CSF
Crebrf-B,RBN
Crebrf-B,CSF
Crebzf-S,STM
Crlf1-S,STM
Crls1-S,STM
Crnkl1-B,RBN
Crnkl1-B,CSF
Crotonic acid-F,RBN
Crotonic acid-F,CSF
Cry2-T,CTX
Crybb3-S,STM
Crygn-C,CPX
Crygn-T,CTX
Cse1l-B,CSF
Cse1l-B,RBN
Csgalnact1-B,CSF
Csnk1a1-B,RBN
Csnk1a1-B,CSF
Csnk1a1-C,CPX
Csnk1g1-T,CTX
Csnk2b-T,CTX
Cspg5-C,CPX
Csrp1-T,CTX
Cstf2-C,CPX
Ctdspl2-B,RBN
Ctdspl2-B,CSF
Ctdspl2-C,CPX
Ctnna1-S,STM
Ctnnal1-B,CSF
Ctnnal1-B,RBN
Ctnnbip1-S,STM
Ctr9-C,CPX
Ctsc-C,CPX
Ctso-T,CTX
Ctu1-T,CTX
Cul4b-T,CTX
Cul7-C,CPX
Curcumin-F,CSF
Curcumin-F,RBN
Cx3cr1-S,STM
Cxadr-S,STM
Cxcl14-T,CTX
Cxcl16-B,CSF
Cxcl16-S,STM
Cxxc4-C,CPX
Cyb5d2-T,CTX
Cyclobutylamine-F,RBN
Cyclobutylamine-F,CSF
Cycloheptanol-F,RBN
Cycloheptanol-F,CSF
"Cyclohexanone, 3,3,5-trimethyl-F",CSF
Cyclooctylamine-F,CSF
"Cyclopentaneacetic acid, 3-oxo-2-pentyl-, methyl ester-F",CSF
"Cyclopentaneacetic acid, 3-oxo-2-pentyl-, methyl ester-F",RBN
Cyld-B,CSF
Cyp2j9-B,CSF
Cyp2j9-B,RBN
Cyp4f15-S,STM
Cyria-S,STM
Cyria-T,CTX
"Cytosine, N-(tert-butyldimethylsilyl)--F",CSF
"Cytosine, N-(tert-butyldimethylsilyl)--F",RBN
Cyyr1-C,CPX
"D-Streptamine, O-6-amino-6-deoxy-alpha-D-glucopyranosyl-(1-4)-O-(3-deoxy-4-C-methyl-3-(methylamino)-beta-L-arabinopyranosyl-(1-6))-2-deoxy--F",CSF
"D-Streptamine, O-6-amino-6-deoxy-alpha-D-glucopyranosyl-(1-4)-O-(3-deoxy-4-C-methyl-3-(methylamino)-beta-L-arabinopyranosyl-(1-6))-2-deoxy--F",RBN
D030028A08Rik-T,CTX
D16Ertd472e-S,STM
D17H6S53E-S,STM
D430036J16Rik-S,STM
D630023F18Rik-T,CTX
D630036H23Rik-C,CPX
D630039A03Rik-B,CSF
DL-Glyceraldehyde-F,RBN
DL-Glyceraldehyde-F,CSF
DL-p-Hydroxyphenyllactic acid-F,CSF
DL-p-Hydroxyphenyllactic acid-F,RBN
Dach1-B,CSF
Dach1-B,RBN
Dalrd3-T,CTX
Dap3-C,CPX
Dap3-T,CTX
Dbndd1-C,CPX
Dbndd1-S,STM
Dbpht2-C,CPX
Dcaf12l1-C,CPX
Dcaf15-B,RBN
Dcaf15-B,CSF
Dcbld1-B,CSF
Dchs2-B,CSF
Dchs2-B,RBN
Dcp2-T,CTX
Dctn2-C,CPX
Dctn2-S,STM
Dctpp1-T,CTX
Dcun1d4-S,STM
Dcxr-C,CPX
Ddb1-C,CPX
Ddb2-S,STM
Ddhd1-S,STM
Ddhd1-T,CTX
Ddias-S,STM
Ddit4-C,CPX
Ddt-T,CTX
Ddx19b-S,STM
Ddx20-S,STM
Ddx31-S,STM
Ddx46-S,STM
Ddx6-T,CTX
Dek-C,CPX
Dennd2c-C,CPX
Dennd6b-S,STM
Derl1-S,STM
Dgcr8-B,CSF
Dgcr8-B,RBN
Dgkeos-T,CTX
Dgkh-T,CTX
Dgki-S,STM
Dhtkd1-T,CTX
Dhx29-C,CPX
Dhx34-B,CSF
Dhx35-S,STM
Dhx36-C,CPX
Dhx9-C,CPX
Diablo-B,CSF
Diacetyl monoxime-F,RBN
Diacetyl monoxime-F,CSF
Diaph2-B,CSF
Diclofenac-F,RBN
Diclofenac-F,CSF
Diethylamine-F,RBN
Diethylamine-F,CSF
Dipk1a-C,CPX
Dipk1b-T,CTX
Dlg3-T,CTX
Dlg4-C,CPX
Dlgap4-C,CPX
Dll3-S,STM
Dlx1-S,STM
Dlx5-S,STM
Dmp1-S,STM
Dmtf1-T,CTX
Dmxl1-T,CTX
Dnai2-B,CSF
Dnajb6-T,CTX
Dnajc13-C,CPX
Dnajc14-B,CSF
Dnajc14-B,RBN
Dnajc21-C,CPX
Dnajc5-S,STM
Dnajc7-C,CPX
Dnajc8-T,CTX
Dnase1l1-C,CPX
Dnm1l-B,CSF
Dnmt3a-T,CTX
Doc2g-S,STM
Dock10-C,CPX
Dock10-T,CTX
Dock3-S,STM
Dock6-T,CTX
Dock8-S,STM
"Dodecanoic acid, 1-methylethyl ester-F",RBN
"Dodecanoic acid, 1-methylethyl ester-F",CSF
Dodecanoic acid-F,CSF
Dodecanoic acid-F,RBN
Dok1-C,CPX
Dph5-B,RBN
Dph5-B,CSF
Dpysl4-C,CPX
Dqx1-T,CTX
Dr1-C,CPX
Drap1-T,CTX
Drc3-C,CPX
Dscam-S,STM
Dstn-C,CPX
Dtl-S,STM
Dtnbp1-B,CSF
Dtnbp1-B,RBN
Dtx2-S,STM
Dtx4-S,STM
Durapan-F,CSF
Durapan-F,RBN
Dus4l-T,CTX
Dusp1-C,CPX
Dusp11-T,CTX
Dusp12-S,STM
Dync1h1-C,CPX
Dync1li1-S,STM
Dync2i2-S,STM
Dync2li1-C,CPX
Dynll1-C,CPX
Dynlrb2-T,CTX
Dynlt1a-T,CTX
Dynlt2b-C,CPX
Dzip1l-T,CTX
E230020A03Rik-T,CTX
E2f2-C,CPX
E2f3-T,CTX
Ebag9-S,STM
Ebf1-S,STM
Ece2-T,CTX
Ecm2-B,CSF
Edrf1-B,CSF
Eea1-C,CPX
Eef1a1-C,CPX
Eeig1-C,CPX
Efcab2-T,CTX
Efcc1-T,CTX
Efemp2-T,CTX
Efhb-C,CPX
Efhd2-S,STM
Efl1-S,STM
Efnb2-S,STM
Egfem1-S,STM
Ehbp1-T,CTX
Ehd1-C,CPX
Eid2-T,CTX
Eid2b-C,CPX
Eif1b-S,STM
Eif2s2-T,CTX
Eif3b-S,STM
Eif3g-C,CPX
Eif3h-C,CPX
Eif4ebp1-T,CTX
Elapor2-S,STM
Elavl2-S,STM
Elf1-T,CTX
Elf4-T,CTX
Elmod2-S,STM
Emc10-C,CPX
Emc3-C,CPX
Emc6-T,CTX
Emcn-S,STM
Emd-C,CPX
Emd-S,STM
Emg1-T,CTX
Emp2-B,CSF
Emp2-B,RBN
Enah-S,STM
Endou-B,CSF
Enho-S,STM
Enpp5-B,CSF
Enpp5-C,CPX
Entpd3-B,RBN
Entpd3-B,CSF
Entpd3-S,STM
Entpd6-C,CPX
Eola1-S,STM
Ep300-T,CTX
Epas1-B,CSF
Epcip-T,CTX
Epha5-B,CSF
Epm2aip1-S,STM
Epor-S,STM
Eps15-B,RBN
Eps15-B,CSF
Eps8l2-T,CTX
Erbin-C,CPX
Erbin-T,CTX
Ercc1-T,CTX
Ergic2-C,CPX
Erh-T,CTX
Erlin1-S,STM
Ermard-T,CTX
Errfi1-C,CPX
Errfi1-T,CTX
"Erythrono-1,4-lactone-F",RBN
"Erythrono-1,4-lactone-F",CSF
Esam-B,CSF
Esam-S,STM
Ess2-T,CTX
Etaa1-T,CTX
Ethanolamine-F,CSF
Ethanolamine-F,RBN
Etv1-T,CTX
Etv3-T,CTX
Evi5-C,CPX
Exoc4-S,STM
Exoc5-T,CTX
Exosc10-B,CSF
Exosc9-B,CSF
Exph5-C,CPX
Extl1-T,CTX
Ezh1-B,CSF
Ezh1-B,RBN
F9-T,CTX
Faap24-C,CPX
Fadd-T,CTX
Fads2-T,CTX
Fads3-T,CTX
Faf2-S,STM
Fam120b-T,CTX
Fam13a-B,CSF
Fam13a-B,RBN
Fam13b-C,CPX
Fam13b-S,STM
Fam168a-T,CTX
Fam174c-S,STM
Fam193b-T,CTX
Fam199x-T,CTX
Fam241a-B,CSF
Fam241a-S,STM
Fam78a-B,RBN
Fam78a-B,CSF
Fam8a1-S,STM
Fam91a1-T,CTX
Fam98b-C,CPX
Fancc-S,STM
Fance-C,CPX
Farsa-S,STM
Fastkd5-B,CSF
Fbn2-S,STM
Fbxl12os-B,CSF
Fbxl16-S,STM
Fbxl22-T,CTX
Fbxo16-S,STM
Fbxo25-S,STM
Fbxo25-T,CTX
Fbxo28-S,STM
Fbxw4-S,STM
Fcf1-C,CPX
Fcho2-C,CPX
Fcho2-T,CTX
Fchsd1-S,STM
Fchsd2-C,CPX
Fchsd2-S,STM
Fcor-T,CTX
Fdft1-T,CTX
Fer-C,CPX
Fermt1-B,CSF
Fermt1-B,RBN
Fgf12-T,CTX
Fgf7-B,RBN
Fgf7-B,CSF
Fgfr1op2-C,CPX
Fgl2-C,CPX
Fhad1-C,CPX
Fhl1-C,CPX
Fhod3-C,CPX
Firre-S,STM
Fkbp10-B,CSF
Fkbp1b-S,STM
Fkbp4-S,STM
Fkbp7-B,CSF
Fkbp7-B,RBN
Fkbp7-S,STM
Flcn-C,CPX
Fli1-S,STM
Flicr-T,CTX
Flna-T,CTX
Flnb-T,CTX
Flnc-T,CTX
Flvcr1-C,CPX
Fmnl2-S,STM
Fn3krp-C,CPX
Fndc3a-C,CPX
Fntb-S,STM
Folh1-T,CTX
Formamide-F,CSF
Formamide-F,RBN
Foxa2-B,CSF
Foxk2-C,CPX
Fpgt-T,CTX
Fra10ac1-T,CTX
Frangulin-F,RBN
Frangulin-F,CSF
Frat2-S,STM
Frg1-C,CPX
Frmd3-T,CTX
Fry-T,CTX
Fsbp-C,CPX
Fsbp-S,STM
Fsbp-T,CTX
Ftx-T,CTX
Fuom-B,CSF
Fuom-B,RBN
Furin-T,CTX
Fxr1-C,CPX
Fxyd6-S,STM
Fyb1-B,CSF
Fyb1-B,RBN
Fyn-S,STM
Fzd10-B,CSF
Fzd5-T,CTX
Fzr1-C,CPX
G2e3-C,CPX
G530011O06Rikx-T,CTX
Gaa-T,CTX
Gab2-S,STM
Gab2-T,CTX
Gabpb1-T,CTX
Gabra4-S,STM
Gad2-S,STM
Galnt13-S,STM
Galnt15-B,RBN
Galnt15-B,CSF
Galnt16-S,STM
Ganab-C,CPX
Gas1-T,CTX
Gas6-C,CPX
Gbx2-B,CSF
Gca-B,RBN
Gca-B,CSF
Gclc-S,STM
Gcnt1-B,CSF
Gcnt1-B,RBN
Gcnt4-B,RBN
Gcnt4-B,CSF
Gdap1-T,CTX
Gde1-T,CTX
Gdf10-T,CTX
Gdf11-T,CTX
Gdf9-T,CTX
Gdpd1-S,STM
Gdpd3-C,CPX
Gdpgp1-S,STM
Gem-B,CSF
Gem-B,RBN
Gemin6-S,STM
Gemin7-S,STM
Gfra2-S,STM
Ggct-S,STM
Gh-T,CTX
Gigyf1-T,CTX
Gimap4-T,CTX
Gimap6-B,CSF
Gimap9-T,CTX
Gin1-C,CPX
Gjb6-S,STM
Gjc1-B,RBN
Gjc1-B,CSF
Glabridin-F,RBN
Glis1-B,CSF
Glmn-T,CTX
Glmp-B,CSF
Glod4-C,CPX
Gls-T,CTX
Glul-B,CSF
Glul-B,RBN
Glycerol-F,RBN
Glycerol-F,CSF
"Glycine, tert.-butyldimethylsilyl ester-F",CSF
"Glycine, tert.-butyldimethylsilyl ester-F",RBN
Glycine-F,CSF
Glycine-F,RBN
Glycolic acid-F,CSF
Glycolic acid-F,RBN
Gm10221-T,CTX
Gm10516-T,CTX
Gm10643-B,CSF
Gm10643-B,RBN
Gm10654-T,CTX
Gm10657-B,CSF
Gm10699-S,STM
Gm11532-B,CSF
Gm11637-B,CSF
Gm11637-B,RBN
Gm11696-S,STM
Gm11942-B,CSF
Gm11942-B,RBN
Gm12144-T,CTX
Gm12191-T,CTX
Gm12346-C,CPX
Gm12459-B,CSF
Gm12500-B,CSF
Gm12999-T,CTX
Gm13031-T,CTX
Gm13340-T,CTX
Gm13375-S,STM
Gm13861-B,CSF
Gm14379-T,CTX
Gm14634-T,CTX
Gm15083-C,CPX
Gm15201-B,CSF
Gm15201-B,RBN
Gm15408-C,CPX
Gm15446-S,STM
Gm15513-T,CTX
Gm15542-T,CTX
Gm15564-S,STM
Gm15587-C,CPX
Gm15675-C,CPX
Gm15764-T,CTX
Gm16168-T,CTX
Gm16339-S,STM
Gm16754-T,CTX
Gm17259-T,CTX
Gm17322-S,STM
Gm17530-S,STM
Gm18284-T,CTX
Gm19391-B,CSF
Gm19391-B,RBN
Gm19439-T,CTX
Gm1976-C,CPX
Gm1976-T,CTX
Gm19817-C,CPX
Gm19967-S,STM
Gm20045-S,STM
Gm20052-C,CPX
Gm20522-T,CTX
Gm20559-T,CTX
Gm20632-T,CTX
Gm20712-S,STM
Gm23751-T,CTX
Gm2445-C,CPX
Gm2445-S,STM
Gm25517-C,CPX
Gm26225-T,CTX
Gm26592-T,CTX
Gm26652-T,CTX
Gm26691-T,CTX
Gm26814-S,STM
Gm26881-S,STM
Gm27151-T,CTX
Gm27184-B,RBN
Gm27184-B,CSF
Gm27200-S,STM
Gm28523-T,CTX
Gm29155-S,STM
Gm29155-T,CTX
Gm29325-S,STM
Gm29488-T,CTX
Gm30340-B,CSF
Gm3294-S,STM
Gm3364-T,CTX
Gm3687-T,CTX
Gm37033-T,CTX
Gm37061-T,CTX
Gm37124-S,STM
Gm37124-T,CTX
Gm37204-C,CPX
Gm37219-C,CPX
Gm37258-T,CTX
Gm37266-T,CTX
Gm37390-B,CSF
Gm37390-B,RBN
Gm37397-S,STM
Gm37397-T,CTX
Gm37420-T,CTX
Gm37452-T,CTX
Gm37529-T,CTX
Gm37534-S,STM
Gm37569-S,STM
Gm3764-T,CTX
Gm37678-T,CTX
Gm37735-S,STM
Gm37745-T,CTX
Gm37777-T,CTX
Gm37805-B,CSF
Gm37834-T,CTX
Gm37941-T,CTX
Gm37963-B,CSF
Gm37968-T,CTX
Gm38031-T,CTX
Gm38071-S,STM
Gm38077-T,CTX
Gm38104-T,CTX
Gm38217-T,CTX
Gm38254-T,CTX
Gm38299-T,CTX
Gm38357-T,CTX
Gm38380-C,CPX
Gm4017-C,CPX
Gm4117-B,CSF
Gm42442-T,CTX
Gm42463-S,STM
Gm42482-T,CTX
Gm42588-S,STM
Gm42600-S,STM
Gm42600-T,CTX
Gm42636-C,CPX
Gm42679-T,CTX
Gm42722-S,STM
Gm42725-S,STM
Gm42727-S,STM
Gm42727-T,CTX
Gm42771-T,CTX
Gm42837-T,CTX
Gm42853-T,CTX
Gm42869-S,STM
Gm42897-T,CTX
Gm42941-T,CTX
Gm42942-S,STM
Gm42989-T,CTX
Gm43009-T,CTX
Gm43066-T,CTX
Gm43133-T,CTX
Gm43176-T,CTX
Gm43187-T,CTX
Gm43258-T,CTX
Gm43311-T,CTX
Gm43339-C,CPX
Gm43359-S,STM
Gm43360-C,CPX
Gm43413-T,CTX
Gm43417-T,CTX
Gm43420-T,CTX
Gm43568-C,CPX
Gm43663-T,CTX
Gm43672-S,STM
Gm43677-T,CTX
Gm43751-T,CTX
Gm43765-T,CTX
Gm43795-T,CTX
Gm4491-S,STM
Gm4804-T,CTX
Gm4924-S,STM
Gm5093-S,STM
Gm5141-C,CPX
Gm5475-T,CTX
Gm5845-T,CTX
Gm5909-T,CTX
Gm6117-B,CSF
Gm6548-C,CPX
Gm6556-S,STM
Gm6654-S,STM
Gm7008-B,CSF
Gm7265-T,CTX
Gm7467-S,STM
Gm8186-S,STM
Gm8186-T,CTX
Gm8451-S,STM
Gm8730-T,CTX
Gm8927-T,CTX
Gm9905-B,RBN
Gm9905-B,CSF
Gm9920-C,CPX
Gm9930-S,STM
Gmip-B,CSF
Gmppa-C,CPX
Gnas-C,CPX
Gne-T,CTX
Gng14-B,RBN
Gng14-B,CSF
Gng7-S,STM
Gnl2-S,STM
Gnl3l-S,STM
Golm2-C,CPX
Gopc-T,CTX
Gorasp1-S,STM
Gpaa1-C,CPX
Gpank1-B,CSF
Gpank1-B,RBN
Gpatch2l-C,CPX
Gpbp1l1-T,CTX
Gphn-T,CTX
Gpr12-B,CSF
Gpr12-B,RBN
Gpr139-B,CSF
Gpr139-B,RBN
Gpr162-C,CPX
Gpr180-S,STM
Gpr19-C,CPX
Gpr4-C,CPX
Gpr65-C,CPX
Gpr88-S,STM
Gprc5c-C,CPX
Gprin2-T,CTX
Gpsm3-C,CPX
Grb2-S,STM
Greb1l-S,STM
Grhpr-T,CTX
Gria4-T,CTX
Grin2c-T,CTX
Grk3-T,CTX
Grk5-T,CTX
Grk6-S,STM
Grpel1-C,CPX
Gsk3b-C,CPX
Gsta3-C,CPX
Gsta3-S,STM
Gsta4-C,CPX
Gstm6-C,CPX
Gtf3c1-S,STM
Gtpbp3-T,CTX
Gtpbp4-C,CPX
Guanosine-F,RBN
Guanosine-F,CSF
Gucy1a1-S,STM
Guk1-C,CPX
Gxylt1-C,CPX
Gxylt2-B,RBN
Gxylt2-B,CSF
Gypc-S,STM
Gypc-T,CTX
H13-S,STM
H1f10-C,CPX
H1f10-T,CTX
H2-T22-B,RBN
H2-T22-B,CSF
H2bc27-T,CTX
H3f3a-T,CTX
Habp4-T,CTX
Hacd3-S,STM
Hadhb-B,CSF
Hapln3-S,STM
Haus4-C,CPX
Haus7-S,STM
Hbp1-S,STM
Hcn3-C,CPX
Hdac5-B,CSF
Hdgfl3-C,CPX
Heatr3-C,CPX
Heatr6-T,CTX
Hectd1-T,CTX
Heg1-T,CTX
Heph-T,CTX
Heptanoic acid-F,CSF
Heptylamine-F,CSF
Heptylamine-F,RBN
Hes6-S,STM
Hexacosanoic acid-F,CSF
Hexanoic acid-F,CSF
Hexanoic acid-F,RBN
Hexim2-T,CTX
Hey1-S,STM
Hhip-S,STM
Hic2-S,STM
Hint3-B,CSF
Hint3-B,RBN
Hip1-C,CPX
Hk1-C,CPX
Hlf-C,CPX
Hlx-T,CTX
Hmces-C,CPX
Hmcn1-S,STM
Hmgb2-T,CTX
Hmgcs1-T,CTX
Hmox2-T,CTX
Hook2-C,CPX
Hopx-T,CTX
Hps6-B,RBN
Hps6-B,CSF
Hs1bp3-B,CSF
Hs1bp3-B,RBN
Hs1bp3-S,STM
Hs3st3b1-B,CSF
Hs3st3b1-B,RBN
Hs3st3b1-T,CTX
Hs3st5-S,STM
Hscb-T,CTX
Hsd17b2-B,CSF
Hsd17b2-B,RBN
Hsdl2-C,CPX
Hspa12b-B,CSF
Hspa1a-S,STM
Hspb8-T,CTX
Hspg2-B,CSF
Hspg2-B,RBN
Htatsf1-S,STM
Htr1a-S,STM
Htr1d-B,CSF
Htr1d-S,STM
Htr2c-S,STM
Htr6-S,STM
Htr6-T,CTX
Hycc1-T,CTX
Hydracrylic acid-F,CSF
Hydracrylic acid-F,RBN
Hyls1-S,STM
"Hymexazole, tert-butyldimethylsilyl ether-F",CSF
Hypoxanthine-F,RBN
Hypoxanthine-F,CSF
Iba57-C,CPX
Ibtk-B,RBN
Ibtk-B,CSF
Ibtk-C,CPX
Icam2-B,RBN
Icam2-B,CSF
Icam4-C,CPX
Ice2-B,RBN
Ice2-B,CSF
Icosl-S,STM
Id1-C,CPX
Id2-B,CSF
Id4-S,STM
Ide-C,CPX
Idi1-T,CTX
Idnk-S,STM
Ifi30-C,CPX
Ifih1-C,CPX
Ifit1bl2-T,CTX
Ift122-S,STM
Ift122-T,CTX
Ift172-B,CSF
Ift172-S,STM
Ift46-S,STM
Ift52-B,CSF
Igdcc4-B,RBN
Igdcc4-B,CSF
Igf2bp2-B,CSF
Igf2bp2-B,RBN
Igfbp2-C,CPX
Igfbp6-C,CPX
Igsf11-B,CSF
Igsf11-B,RBN
Igsf8-S,STM
Ikbke-C,CPX
Ikzf2-S,STM
Ikzf5-C,CPX
Il10ra-T,CTX
Il15ra-S,STM
Ildr2-C,CPX
Ilf2-S,STM
Ilkap-C,CPX
Ilvbl-C,CPX
Iminodiacetic acid-F,RBN
Iminodiacetic acid-F,CSF
Immp1l-T,CTX
Imp3-C,CPX
Impact-T,CTX
Impdh1-S,STM
Impdh2-S,STM
Inava-T,CTX
Ing2-B,RBN
Ing2-B,CSF
Inha-S,STM
Ino80-S,STM
Ino80c-C,CPX
Inpp4a-C,CPX
Inpp5a-C,CPX
Inpp5e-T,CTX
Inppl1-B,CSF
Insc-S,STM
Insl5-S,STM
Insm1-B,CSF
Insyn2a-S,STM
Ints10-C,CPX
Ints11-C,CPX
Ints5-C,CPX
Ints6l-S,STM
Ip6k1-S,STM
Ip6k2-S,STM
Ip6k2-T,CTX
Ipo13-S,STM
Iqank1-T,CTX
Iqcc-C,CPX
Iqgap2-C,CPX
Iqgap3-T,CTX
Iqsec3-B,RBN
Iqsec3-B,CSF
Irak1bp1-B,RBN
Irak1bp1-B,CSF
Irak1bp1-C,CPX
Irak3-C,CPX
Irf2bp2-B,CSF
Irf3-C,CPX
Irf8-S,STM
Irs2-S,STM
Irx1-S,STM
Irx3-B,CSF
Iscu-B,CSF
Iscu-B,RBN
Isg15-C,CPX
Isl1-S,STM
Isobutanol-F,CSF
Isobutanol-F,RBN
Isonicotinic Acid-F,RBN
Isonicotinic Acid-F,CSF
Isopropyl palmitate-F,CSF
Isopropyl palmitate-F,RBN
Isopropylamine-F,CSF
Isopropylamine-F,RBN
Isosorbide-F,RBN
Itch-C,CPX
Itga11-B,CSF
Itga4-S,STM
Itga5-B,CSF
Itgam-S,STM
Itgb1bp1-T,CTX
Itgb2-S,STM
Itgb4-B,CSF
Itpkc-T,CTX
Itpr3-S,STM
Iws1-T,CTX
Jam2-T,CTX
Jcad-S,STM
Jmjd4-C,CPX
Jmjd7-B,CSF
Josd1-C,CPX
Jph1-C,CPX
Jrkl-B,CSF
Jrkl-B,RBN
Junb-B,RBN
Junb-B,CSF
Junb-C,CPX
Jup-S,STM
Kank3-T,CTX
Kansl1-S,STM
Katnal1-S,STM
Kcmf1-B,CSF
Kcmf1-C,CPX
Kcnab1-S,STM
Kcnh2-T,CTX
Kcnh5-S,STM
Kcnh7-T,CTX
Kcnip1-S,STM
Kcnip3-S,STM
Kcnj4-T,CTX
Kcnk5-C,CPX
Kcnk6-S,STM
Kcnma1-T,CTX
Kcnq5-S,STM
Kctd1-S,STM
Kctd10-S,STM
Kctd12b-T,CTX
Kdelr1-T,CTX
Kdm3b-S,STM
Kdm3b-T,CTX
Ketamine-F,CSF
Khsrp-B,CSF
Kif1b-B,CSF
Kif1b-B,RBN
Kif21a-C,CPX
Kif22-C,CPX
Kif26a-T,CTX
Kif2a-C,CPX
Kif9-T,CTX
Kifc3-B,CSF
Kifc3-B,RBN
Kin-C,CPX
Kirrel2-B,CSF
Klc1-C,CPX
Klf16-S,STM
Klf3-C,CPX
Klf8-B,CSF
Klf8-B,RBN
Klf8-T,CTX
Klhdc10-S,STM
Klhdc3-S,STM
Klhl18-C,CPX
Klhl22-T,CTX
Klhl26-T,CTX
Klhl5-B,CSF
Kmt2b-T,CTX
Kmt2c-T,CTX
Kmt2d-T,CTX
Kmt5b-C,CPX
Kndc1-S,STM
Knstrn-B,CSF
Knstrn-T,CTX
"Kojic acid, bis(tert-butyldimethylsilyl) ether-F",CSF
"Kojic acid, bis(tert-butyldimethylsilyl) ether-F",RBN
Kpna3-C,CPX
Kpna4-B,CSF
Kpna4-B,RBN
Kpna4-C,CPX
Kras-C,CPX
Kras-S,STM
Krcc1-C,CPX
Krt23-C,CPX
Krt73-T,CTX
Krt80-S,STM
Krtcap2-T,CTX
Ktn1-B,RBN
Ktn1-B,CSF
L-(+)-Threose-F,RBN
L-(+)-Threose-F,CSF
L-Alanine-F,CSF
L-Alanine-F,RBN
L-Glutamic acid-F,CSF
L-Glutamic acid-F,RBN
L-Glutamine-F,CSF
L-Glutamine-F,RBN
"L-Histidine, N,1-bis(tert-butyldimethylsilyl)--F",RBN
"L-Histidine, N,1-bis(tert-butyldimethylsilyl)--F",CSF
L-Leucine-F,CSF
L-Leucine-F,RBN
L-Lysine-F,RBN
L-Lysine-F,CSF
L-Norleucine-F,RBN
L-Norleucine-F,CSF
L-Ornithine-F,CSF
L-Ornithine-F,RBN
L-Pyroglutamic acid-F,RBN
L-Pyroglutamic acid-F,CSF
L-Serine-F,CSF
L-Serine-F,RBN
L-Threonine-F,CSF
L-Threonine-F,RBN
L-Tryptophan-F,RBN
L-Tryptophan-F,CSF
L-Tyrosine-F,CSF
L-Tyrosine-F,RBN
L-Val-L-Leu-F,RBN
L-Val-L-Leu-F,CSF
L-Valine-F,CSF
L-Valine-F,RBN
L3hypdh-T,CTX
L3mbtl1-T,CTX
Lactb2-B,CSF
Lactb2-S,STM
Lactic acid-F,RBN
Lactic acid-F,CSF
Lamtor4-S,STM
Lamtor5-S,STM
Laptm4b-S,STM
Larp4-T,CTX
Lca5-S,STM
Lca5l-S,STM
Ldlr-T,CTX
Lepr-C,CPX
Leprotl1-C,CPX
Letmd1-B,CSF
Leucylglycine-F,RBN
Leucylglycine-F,CSF
Levulinic acid-F,RBN
Levulinic acid-F,CSF
Lgals1-B,CSF
Lgr4-C,CPX
Lgr6-B,RBN
Lgr6-B,CSF
Lignoceric acid-F,RBN
Lignoceric acid-F,CSF
Limch1-C,CPX
Lipo3-S,STM
Lmbrd2-T,CTX
Lmo2-S,STM
Lmtk2-S,STM
Lmtk3-C,CPX
Lonp2-B,CSF
Lonp2-B,RBN
Loxl1-B,CSF
Loxl1-S,STM
Lpar4-T,CTX
Lpgat1-C,CPX
Lpin2-S,STM
Lpl-T,CTX
Lrba-T,CTX
Lrch1-S,STM
Lrch3-T,CTX
Lrfn5-T,CTX
Lrguk-C,CPX
Lrp2bp-C,CPX
Lrp4-T,CTX
Lrp6-C,CPX
Lrrc17-B,CSF
Lrrc17-C,CPX
Lrrc27-B,CSF
Lrrc40-T,CTX
Lrrc43-B,CSF
Lrrc43-B,RBN
Lrrc4b-S,STM
Lrrc4c-S,STM
Lrrc8a-C,CPX
Lrrc8b-S,STM
Lrrc8c-C,CPX
Lrrk1-S,STM
Lrtm2-S,STM
Ltbp4-T,CTX
Luc7l2-S,STM
Luciferin-F,CSF
Luciferin-F,RBN
Lupinine-F,RBN
Lupinine-F,CSF
Lurap1-C,CPX
Lurap1l-B,CSF
Luzp1-C,CPX
Luzp1-S,STM
Ly6e-S,STM
Ly6h-S,STM
Lypd6b-T,CTX
Lyzl4-T,CTX
Macf1-T,CTX
Maco1-C,CPX
Macroh2a1-S,STM
Mad2l1bp-B,CSF
Maf-T,CTX
Mafa-S,STM
Mafa-T,CTX
Mafg-C,CPX
Mageh1-B,CSF
Mageh1-B,RBN
Magix-C,CPX
Malic acid-F,CSF
Malic acid-F,RBN
Mall-B,CSF
Man2c1-B,CSF
Man2c1-B,RBN
Manbal-S,STM
Manea-T,CTX
Mansc4-C,CPX
Map10-B,CSF
Map1lc3b-S,STM
Map2k6-S,STM
Map3k13-T,CTX
Map3k14-S,STM
Map3k2-T,CTX
Map3k20-T,CTX
Map3k5-C,CPX
Map4k2-S,STM
Map7d2-B,RBN
Map7d2-B,CSF
Map9-C,CPX
Mapk8ip2-S,STM
Mapre2-S,STM
Mapt-S,STM
Marchf10-S,STM
Mast1-T,CTX
Mcfd2-C,CPX
Mchr1-T,CTX
Mcm6-S,STM
Mcrip2-B,RBN
Mcrip2-B,CSF
Mcrs1-S,STM
Mdh1-T,CTX
Me1-T,CTX
Me2-S,STM
Meaf6-C,CPX
Mecp2-T,CTX
Med12l-T,CTX
Med13l-T,CTX
Med18-T,CTX
Med23-S,STM
Med25-S,STM
Mef2a-C,CPX
Mesd-S,STM
Mest-B,CSF
Metap2-B,CSF
Methanesulfonic acid-F,CSF
Methanesulfonic acid-F,RBN
Methyl lactate-F,CSF
Methyl lactate-F,RBN
Methylthiouracil-F,CSF
Methylthiouracil-F,RBN
Mettl5-T,CTX
Mevalonolactone-F,RBN
Mevalonolactone-F,CSF
Mex3a-C,CPX
Mfge8-C,CPX
Mfn2-T,CTX
Mfsd2a-C,CPX
Mfsd3-C,CPX
Mfsd6-S,STM
Mgat4c-B,RBN
Mgat4c-B,CSF
Mgat5b-T,CTX
Mhrt-S,STM
Mia2-C,CPX
Mia2-T,CTX
Mib1-T,CTX
Mib2-S,STM
Micu1-S,STM
Mier3-B,RBN
Mier3-B,CSF
Mier3-T,CTX
Minar1-T,CTX
Mipol1-T,CTX
Mir9-2hg-T,CTX
Mir9-3hg-S,STM
Mitd1-T,CTX
Mkrn1-S,STM
Mkrn3-B,CSF
Mllt11-S,STM
Mllt6-T,CTX
Mlx-B,CSF
Mmel1-T,CTX
Mmp19-B,CSF
Mmp24-T,CTX
Mmut-S,STM
Mob2-S,STM
Mon1b-S,STM
Monocaproin-F,CSF
Monocaproin-F,RBN
Morn4-C,CPX
Morrbid-B,CSF
Mospd3-C,CPX
Mpnd-C,CPX
Mpp7-B,CSF
Mpp7-B,RBN
Mpp7-C,CPX
Mpp7-T,CTX
Mpped2-S,STM
Mpst-T,CTX
Mrap-B,CSF
Mrap-B,RBN
Mrc1-S,STM
Mrc2-S,STM
Mrfap1-T,CTX
Mrgbp-T,CTX
Mrln-B,CSF
Mrln-B,RBN
Mrm2-S,STM
Mrm3-S,STM
Mrnip-S,STM
Mroh5-S,STM
Mrpl16-S,STM
Mrpl17-C,CPX
Mrpl28-C,CPX
Mrpl3-T,CTX
Mrpl30-B,CSF
Mrpl30-S,STM
Mrpl34-T,CTX
Mrpl36-B,RBN
Mrpl36-B,CSF
Mrpl37-S,STM
Mrpl41-T,CTX
Mrpl58-S,STM
Mrps12-S,STM
Mrps18a-C,CPX
Mrps18b-S,STM
Mrps18c-S,STM
Mrps18c-T,CTX
Mrps24-C,CPX
Mrps35-S,STM
Mrps5-C,CPX
Msh2-C,CPX
Msh2-S,STM
Msi2-T,CTX
Msmo1-T,CTX
Msrb2-T,CTX
Mtap-C,CPX
Mterf1b-T,CTX
Mterf3-T,CTX
Mterf4-C,CPX
Mtf1-C,CPX
Mthfd1l-C,CPX
Mthfd2l-S,STM
Mthfr-S,STM
Mtif3-T,CTX
Mtm1-T,CTX
Mtmr10-T,CTX
Mto1-T,CTX
Mtor-C,CPX
Mtpap-T,CTX
Mtpn-C,CPX
Mtrex-C,CPX
Mturn-S,STM
Mtx3-S,STM
Muc3a-T,CTX
Mx2-C,CPX
Mxra7-T,CTX
Myct1-T,CTX
Mydgf-T,CTX
Myef2l-T,CTX
Myo1a-S,STM
Myo1d-B,CSF
Myo9a-T,CTX
Myof-C,CPX
Myom3-S,STM
Myrip-B,RBN
Myrip-B,CSF
Myristic acid-F,RBN
Myristic acid-F,CSF
Myzap-T,CTX
"N,N-Dimethyl-2-aminoethanol-F",CSF
N-Acetyl-L-alanine-F,RBN
N-Acetyl-L-alanine-F,CSF
N-Acetylaminoethanol-F,CSF
N-Acetylaspartic acid-F,CSF
N-Caffeoyl-O-methyltyramine-F,CSF
N-Caffeoyl-O-methyltyramine-F,RBN
N-Ethylamphetamine-F,CSF
N-Ethyldiethanolamine-F,CSF
N-Ethyldiethanolamine-F,RBN
N-Isobutyrylglycine-F,RBN
N-Isobutyrylglycine-F,CSF
N-Methyl-1-[(trimethylsilyl)oxy]-1-{4-[(trimethylsilyl)oxy]phenyl}propan-2-amine-F,RBN
N-Methyl-1-[(trimethylsilyl)oxy]-1-{4-[(trimethylsilyl)oxy]phenyl}propan-2-amine-F,CSF
N-Methylacetamide-F,CSF
"N-[(3,4,5-Trimethoxyphenyl)methylidene]hydroxylamine-F",RBN
Naa40-S,STM
Naa40-T,CTX
Nadsyn1-S,STM
Naip6-T,CTX
Nalf1-B,CSF
Nalf1-B,RBN
Nanp-S,STM
Nans-T,CTX
Nap1l1-T,CTX
"Naringenin 4',7-dimethylether-F",CSF
Nars2-S,STM
Nat10-S,STM
Nbeal1-T,CTX
Ncaph-T,CTX
Ncaph2-C,CPX
Ncbp2-S,STM
Nckipsd-S,STM
Ncl-T,CTX
Ncln-S,STM
Ncmap-S,STM
Ncoa5-S,STM
Ncs1-B,CSF
Ncs1-B,RBN
Ndfip1-C,CPX
Ndn-C,CPX
Ndn-T,CTX
Ndor1-S,STM
Ndst2-T,CTX
Ndufa10-B,CSF
Ndufa13-S,STM
Ndufa5-T,CTX
Ndufa8-C,CPX
Ndufaf1-C,CPX
Ndufaf4-T,CTX
Ndufaf8-S,STM
Ndufb11-B,CSF
Ndufb11-B,RBN
Ndufb5-B,RBN
Ndufb5-B,CSF
Ndufb7-B,RBN
Ndufb7-B,CSF
Ndufb9-T,CTX
Ndufs3-C,CPX
Ndufs6-S,STM
Ndufv3-T,CTX
Nedd4-C,CPX
Nek1-T,CTX
Nek8-B,RBN
Nek8-B,CSF
Nek8-C,CPX
Net1-C,CPX
Neu1-T,CTX
Neu2-S,STM
Neu2-T,CTX
Nfatc4-S,STM
Nfe2l2-C,CPX
Nfx1-S,STM
Nfyb-C,CPX
Ngef-S,STM
Nhsl1-B,RBN
Nhsl1-B,CSF
Nhsl1-T,CTX
Niacin-F,CSF
Niacin-F,RBN
Niacinamide-F,RBN
Niacinamide-F,CSF
Niban1-C,CPX
Niban1-S,STM
Niban3-B,CSF
Nicn1-T,CTX
Nicol1-C,CPX
Nid2-S,STM
Nipal4-B,CSF
Nipal4-B,RBN
Nipbl-C,CPX
Nit2-C,CPX
Nit2-S,STM
Nkain1-T,CTX
Nkain2-T,CTX
Nkapd1-C,CPX
Nkiras2-B,RBN
Nkiras2-B,CSF
Nkrf-S,STM
Nkx2-9-S,STM
Nlgn2-T,CTX
Nlrp3-B,CSF
Nme1-S,STM
Nmnat1-S,STM
Nmnat3-S,STM
Nol3-T,CTX
Nol8-C,CPX
Nol9-B,CSF
Nol9-B,RBN
Nonanoic acid-F,CSF
Nop56-S,STM
Norephedrine-F,CSF
Norephedrine-F,RBN
Norketamine-F,RBN
Norketamine-F,CSF
Nosip-T,CTX
Notch3-T,CTX
Noxred1-B,CSF
Npas3-C,CPX
Npas3-T,CTX
Npat-C,CPX
Npat-S,STM
Npepps-C,CPX
Nphp3-T,CTX
Npr2-S,STM
Nprl2-C,CPX
Nptn-S,STM
Nptn-T,CTX
Nr2f6-S,STM
Nr3c2-T,CTX
Nrm-T,CTX
Nsg2-C,CPX
Nsmf-C,CPX
Nsun4-B,CSF
Nsun4-B,RBN
Nt5m-C,CPX
Nudt16l1-T,CTX
Nudt2-T,CTX
Nudt22-T,CTX
Nudt6-T,CTX
Nufip2-T,CTX
Nup188-B,CSF
Nup214-C,CPX
Nxph1-S,STM
Nxph3-T,CTX
Oaz2-T,CTX
Octacosanol-F,CSF
Octacosanol-F,RBN
Octadecanoic acid-F,CSF
Octadecanoic acid-F,RBN
Octanoic acid-F,RBN
Octanoic acid-F,CSF
Ofd1-C,CPX
Ogdh-B,RBN
Ogdh-B,CSF
Ogdhl-T,CTX
Ogfod2-B,CSF
Ogg1-B,CSF
Ogg1-B,RBN
Ola1-C,CPX
Oleamide-F,RBN
Oleamide-F,CSF
Oleic Acid-F,RBN
Olfm2-C,CPX
Ooep-B,CSF
Ooep-B,RBN
Opa1-C,CPX
Or52b2-T,CTX
Or8b53-B,CSF
Ormdl1-B,CSF
Ormdl1-B,RBN
Osbp-C,CPX
Osbpl10-S,STM
Osbpl6-S,STM
Osbpl8-S,STM
Osgepl1-B,CSF
Osgepl1-C,CPX
Osgin2-T,CTX
Otulinl-S,STM
Oxalic acid-F,CSF
Oxalic acid-F,RBN
Oxr1-S,STM
Oxsm-B,CSF
Oxt-S,STM
"Oxymorphone, bis(trimethylsilyl) ether-F",CSF
"Oxymorphone, bis(trimethylsilyl) ether-F",RBN
P2ry14-S,STM
P3h2-S,STM
Pabpc1-C,CPX
Pabpn1-S,STM
Pacs1-S,STM
Pacsin1-B,RBN
Pacsin1-B,CSF
Pafah2-B,RBN
Pafah2-B,CSF
Pak2-C,CPX
Palm-S,STM
Palmitic Acid-F,RBN
Palmitic Acid-F,CSF
Pank2-B,RBN
Pank2-B,CSF
Pank3-B,CSF
Pank3-B,RBN
Pantr1-B,CSF
Pantr1-B,RBN
Pantr2-S,STM
Papss1-C,CPX
Pard6a-C,CPX
Pard6a-T,CTX
Parm1-S,STM
Parp12-B,CSF
Parp3-S,STM
Parva-S,STM
Parvg-C,CPX
Parvg-S,STM
Patl1-T,CTX
Patz1-T,CTX
Pawr-C,CPX
Paxbp1-T,CTX
Pbx1-C,CPX
Pcdhb13-S,STM
Pcdhb18-B,RBN
Pcdhb18-B,CSF
Pcdhb19-T,CTX
Pcdhb20-S,STM
Pcdhb21-B,CSF
Pcdhb7-S,STM
Pcdhga5-S,STM
Pcdhga6-S,STM
Pcdhgc5-S,STM
Pcgf5-C,CPX
Pcmtd1-C,CPX
Pcmtd1-T,CTX
Pcsk5-T,CTX
Pctp-B,RBN
Pctp-B,CSF
Pcx-T,CTX
Pdap1-C,CPX
Pdcd4-C,CPX
Pde12-B,CSF
Pdgfrb-B,CSF
Pdia5-S,STM
Pdlim1-C,CPX
Pdlim3-S,STM
Pdlim5-C,CPX
Pdpk1-S,STM
Pdss1-C,CPX
Pdzd11-S,STM
Pea15a-S,STM
Pebp4-C,CPX
Peg13-T,CTX
Penk-S,STM
Pentanedioic acid-F,CSF
Pentanoic acid-F,CSF
Pentanoic acid-F,RBN
Pepd-B,CSF
Pepd-T,CTX
Perm1-C,CPX
Pex3-T,CTX
Pfas-C,CPX
Pfdn1-S,STM
Pfdn2-B,CSF
Pfdn2-B,RBN
Pfn1-C,CPX
Pgam1-S,STM
Pgap2-S,STM
Pgap4-S,STM
Phactr2-C,CPX
"Phenol, 2,4-bis(1-methyl-1-phenylethyl)--F",RBN
"Phenol, 2,4-bis(1-methyl-1-phenylethyl)--F",CSF
Phenol-F,CSF
Phenol-F,RBN
Phenoxyethanol-F,CSF
Phenoxyethanol-F,RBN
Phex-S,STM
Phf1-C,CPX
Phf12-S,STM
Phf3-C,CPX
Phf8-T,CTX
Phip-T,CTX
Phka1-S,STM
Phka1-T,CTX
Phldb1-T,CTX
Phpt1-T,CTX
Phthalazin-1-one-F,CSF
Phytanic acid-F,CSF
Pi4ka-C,CPX
Picolinic acid-F,CSF
Picolinic acid-F,RBN
Pigb-S,STM
Pign-T,CTX
Pigv-T,CTX
Pinosylvin-F,CSF
Pinosylvin-F,RBN
Pip5k1b-S,STM
Pipecolic acid-F,CSF
Pipecolic acid-F,RBN
Pja2-C,CPX
Pja2-T,CTX
Pkd2-T,CTX
Pkd2l1-B,CSF
Pkia-S,STM
Pkn2-C,CPX
Pkn3-T,CTX
Pknox2-C,CPX
Pla2g3-C,CPX
Plag1-T,CTX
Plcb4-C,CPX
Plcg1-S,STM
Plcg1-T,CTX
Plcxd2-B,CSF
Pld5-S,STM
Plekha3-T,CTX
Plekhg5-T,CTX
Plekhj1-S,STM
Plekhn1-C,CPX
Plgrkt-C,CPX
Plin2-T,CTX
Pllp-B,RBN
Pllp-B,CSF
Plpbp-S,STM
Plpp3-T,CTX
Plppr3-B,CSF
Plscr2-C,CPX
Pmm1-S,STM
Pmm2-C,CPX
Pmvk-S,STM
Pnck-S,STM
Pnkp-T,CTX
Pnldc1-B,CSF
Pnoc-S,STM
Podxl2-S,STM
Poglut1-S,STM
Pold1-C,CPX
Pole-T,CTX
Polg2-S,STM
Poln-B,RBN
Poln-B,CSF
Polr1a-T,CTX
Polr1b-S,STM
Polr1c-C,CPX
Polr1g-S,STM
Polr2j-S,STM
Polr3c-S,STM
Pomgnt1-C,CPX
Pomt2-B,CSF
Popdc3-T,CTX
Por-C,CPX
Ppfibp1-C,CPX
Ppil3-B,CSF
Ppil6-T,CTX
Ppm1g-S,STM
Ppm1j-T,CTX
Ppme1-T,CTX
Ppp1r12a-C,CPX
Ppp1r13b-S,STM
Ppp1r1b-C,CPX
Ppp1r26-T,CTX
Ppp1r3c-B,CSF
Ppp1r3c-B,RBN
Ppp1r3g-T,CTX
Ppp2r2b-B,CSF
Ppp2r2b-B,RBN
Ppp4c-C,CPX
Ppp5c-C,CPX
Pqbp1-C,CPX
Pramel1-T,CTX
Prcc-T,CTX
Prdm1-T,CTX
Prdm10-T,CTX
Prdm5-B,CSF
Prickle3-T,CTX
Prima1-T,CTX
Prkab1-T,CTX
Prkaca-B,CSF
Prkaca-B,RBN
Prkaca-C,CPX
Prkcd-B,CSF
Prkcd-B,RBN
Prkcsh-S,STM
Prlr-S,STM
Prmt8-S,STM
Prnp-S,STM
"Propanoic acid, 3-[(tert-butyldimethylsilyl)oxy]-2-methyl--F",RBN
"Propanoic acid, 3-[(tert-butyldimethylsilyl)oxy]-2-methyl--F",CSF
"Propanoic acid, dimethyl(isopropyl)silyl ester-F",CSF
"Propanoic acid, dimethyl(isopropyl)silyl ester-F",RBN
Propanoic acid-F,CSF
Propanoic acid-F,RBN
Propylene glycol-F,CSF
Propylene glycol-F,RBN
Prostaglandin-F,RBN
Prostaglandin-F,CSF
Prpf3-C,CPX
Prpf6-C,CPX
Prps1-S,STM
Prr18-B,CSF
Prrg2-B,CSF
Prss16-B,CSF
Prss22-S,STM
Prxl2c-C,CPX
Psd3-T,CTX
Psip1-C,CPX
Psma4-C,CPX
Psmc2-S,STM
Psmc5-S,STM
Psmd10-S,STM
Psmd10-T,CTX
Psmd12-S,STM
Psmd2-T,CTX
Psmd3-C,CPX
Psmd8-C,CPX
Psme1-T,CTX
Psme4-S,STM
Psmg3-B,CSF
Psmg3-B,RBN
Psmg3-C,CPX
Pstpip2-T,CTX
Ptch2-T,CTX
Pten-C,CPX
Ptger1-C,CPX
Ptges2-C,CPX
Pthlh-C,CPX
Ptk2b-C,CPX
Ptk2b-T,CTX
Ptk7-S,STM
Ptpdc1-S,STM
Ptpn4-T,CTX
Ptpn6-S,STM
Ptx4-B,CSF
Ptx4-B,RBN
Pum1-T,CTX
Pura-C,CPX
Pus7l-B,CSF
Pwp2-T,CTX
Pycr2-C,CPX
Qars1-S,STM
Qng1-T,CTX
Qrfpr-B,RBN
Qrfpr-B,CSF
Qrich1-S,STM
Qser1-C,CPX
Qsox1-B,CSF
R3hdm1-T,CTX
Rab11fip5-C,CPX
Rab24-T,CTX
Rab27a-T,CTX
Rab29-S,STM
Rab36-T,CTX
Rab40c-T,CTX
Rab5a-C,CPX
Rab5c-C,CPX
Rabepk-B,RBN
Rabepk-B,CSF
Rabgef1-B,RBN
Rabgef1-B,CSF
Rad50-C,CPX
Rad51ap1-S,STM
Rad51ap2-S,STM
Rad54l2-C,CPX
Rad54l2-T,CTX
Ralgapa2-C,CPX
Ramac-C,CPX
Rap1gds1-B,CSF
Rap2a-S,STM
Rapgef5-S,STM
Rarb-S,STM
Rarb-T,CTX
Rasa2-T,CTX
Rasa4-T,CTX
Rasgef1c-B,CSF
Rasgrp2-S,STM
Rasgrp3-S,STM
Rassf10-B,CSF
Rassf2-B,CSF
Rassf4-C,CPX
Rbfa-B,CSF
Rbm14-B,CSF
Rbm20-C,CPX
Rbm27-C,CPX
Rbm7-T,CTX
Rbm8a-S,STM
Rbms1-S,STM
Rbms2-B,RBN
Rbms2-B,CSF
Rbmx-S,STM
Rbpj-B,CSF
Rbpj-B,RBN
Rbpms2-B,CSF
Rdh11-B,RBN
Rdh11-B,CSF
Rdh11-T,CTX
Rdx-C,CPX
Recql5-C,CPX
Repin1-C,CPX
Rfx1-T,CTX
Rfxank-T,CTX
Rgl2-S,STM
Rgs17-T,CTX
Rgs2-S,STM
Rgs20-S,STM
Rgs5-T,CTX
Rgs7-C,CPX
Rhbdf2-S,STM
Rhebl1-T,CTX
Rhob-C,CPX
Rhobtb2-S,STM
Rhou-S,STM
Ric3-C,CPX
Ric8a-S,STM
Rif1-C,CPX
Rimbp3-T,CTX
Rimklb-B,CSF
Ring1-B,CSF
Ripk4-B,CSF
Ripk4-B,RBN
Ripply3-C,CPX
Rit1-C,CPX
Rit2-B,CSF
Rlbp1-C,CPX
Rmnd5b-C,CPX
Rnasel-C,CPX
Rnaset2b-T,CTX
Rnf123-S,STM
Rnf13-T,CTX
Rnf144a-B,CSF
Rnf144a-B,RBN
Rnf144a-S,STM
Rnf187-C,CPX
Rnf207-S,STM
Ro60-C,CPX
Robo2-B,CSF
Robo2-S,STM
Rock1-C,CPX
Rom1-B,CSF
Rom1-B,RBN
Rom1-T,CTX
Rora-C,CPX
Rpap2-T,CTX
Rpgr-T,CTX
Rpgrip1-S,STM
Rpl12-B,CSF
Rpl12-B,RBN
Rpl18a-C,CPX
Rpl28-ps1-T,CTX
Rpl31-T,CTX
Rpl37-C,CPX
Rpl37-T,CTX
Rpl38-B,CSF
Rpl38-B,RBN
Rpl3l-B,CSF
Rpl3l-S,STM
Rpl8-T,CTX
Rplp1-C,CPX
Rpn2-C,CPX
Rpn2-T,CTX
Rpp25l-S,STM
Rpp30-C,CPX
Rps12-B,CSF
Rps12-B,RBN
Rps13-B,CSF
Rps13-B,RBN
Rps13-ps5-T,CTX
Rps18-B,RBN
Rps18-B,CSF
Rps26-T,CTX
Rps27a-ps3-T,CTX
Rps29-B,RBN
Rps29-B,CSF
Rps29-S,STM
Rps3a3-S,STM
Rps5-S,STM
Rps6-ps1-S,STM
Rps6ka3-S,STM
Rps6ka6-S,STM
Rps9-T,CTX
Rpsa-ps10-B,CSF
Rrp1b-T,CTX
Rsad1-T,CTX
Rspo1-B,CSF
Rsrp1-S,STM
Rtkn-C,CPX
Rtl8b-T,CTX
Rtn2-B,RBN
Rtn2-B,CSF
Rtn4ip1-B,CSF
Rtn4r-B,CSF
Rundc1-S,STM
Rundc3a-S,STM
Rusc2-B,CSF
Rusc2-B,RBN
Ruvbl1-C,CPX
Rwdd3-C,CPX
Rxrb-T,CTX
Rxrg-S,STM
S100a13-S,STM
S100a3-B,CSF
S100a8-C,CPX
S100a9-B,CSF
S1pr5-B,CSF
Sall1-T,CTX
Salsoline-F,CSF
Salsoline-F,RBN
Samd10-B,CSF
Samd14-C,CPX
Samd14-S,STM
Samd5-T,CTX
Samsn1-B,CSF
Saraf-S,STM
Sarcosine-F,CSF
Sarcosine-F,RBN
Saysd1-S,STM
Sbf2-B,RBN
Sbf2-B,CSF
Sbk2-T,CTX
Sc5d-B,CSF
Scaf4-T,CTX
Scap-S,STM
Scarb1-S,STM
Scarf1-T,CTX
Scg2-S,STM
Scg5-C,CPX
Scn4b-S,STM
Sco2-S,STM
Scp2-ps2-C,CPX
Scrib-C,CPX
Scrt2-T,CTX
Scube3-S,STM
Scyl1-C,CPX
Sdc1-T,CTX
Sdccag8-B,CSF
Sdhb-T,CTX
Sdr39u1-T,CTX
Sec14l1-S,STM
Sec16b-T,CTX
Sec24a-T,CTX
Sec24c-B,RBN
Sec24c-B,CSF
Sec62-C,CPX
Secisbp2l-C,CPX
Sema3b-S,STM
Sema3g-C,CPX
Sema4d-S,STM
Sema4f-B,RBN
Sema4f-B,CSF
Sema6a-C,CPX
Sema6c-T,CTX
Senp2-B,CSF
Senp7-T,CTX
Serbp1-C,CPX
Serp2-C,CPX
Serpina3n-T,CTX
Serpina9-S,STM
Serpinb1b-T,CTX
Serpinb8-B,CSF
Serpinb8-C,CPX
Sertad3-S,STM
Sesn1-T,CTX
Sesn3-C,CPX
Setbp1-C,CPX
Setd2-T,CTX
Setd3-B,CSF
Setx-C,CPX
Sez6l-S,STM
Sfi1-C,CPX
Sfr1-S,STM
Sgf29-T,CTX
Sgk1-T,CTX
Sgsm1-S,STM
Sh2b1-T,CTX
Sh2b3-C,CPX
Sh3bgrl-C,CPX
Sh3bgrl2-C,CPX
Sh3bp1-S,STM
Sh3d19-B,CSF
Sh3d19-S,STM
Shb-C,CPX
Shc1-C,CPX
She-S,STM
Shfl-C,CPX
Shfl-S,STM
Shh-T,CTX
Shisa8-S,STM
Shisa9-T,CTX
Shoc2-C,CPX
Sigirr-T,CTX
Sike1-S,STM
Silc1-C,CPX
Sin3a-C,CPX
Sirt2-T,CTX
Six4-B,RBN
Six4-B,CSF
Skic3-T,CTX
Slain2-C,CPX
Slc13a5-T,CTX
Slc16a4-S,STM
Slc16a7-C,CPX
Slc17a5-C,CPX
Slc18a1-T,CTX
Slc19a2-B,CSF
Slc1a2-T,CTX
Slc1a3-B,CSF
Slc1a3-B,RBN
Slc1a3-S,STM
Slc1a4-S,STM
Slc1a5-B,RBN
Slc1a5-B,CSF
Slc22a17-C,CPX
Slc22a17-T,CTX
Slc24a3-S,STM
Slc25a12-T,CTX
Slc25a13-C,CPX
Slc25a16-C,CPX
Slc25a16-S,STM
Slc25a20-C,CPX
Slc25a26-C,CPX
Slc25a29-S,STM
Slc25a30-S,STM
Slc25a32-S,STM
Slc25a53-S,STM
Slc29a4-C,CPX
Slc2a2-C,CPX
Slc2a4rg-ps-T,CTX
Slc35a3-C,CPX
Slc35d3-S,STM
Slc35e2-S,STM
Slc35f1-S,STM
Slc35g1-B,CSF
Slc36a1-S,STM
Slc38a9-T,CTX
Slc39a12-S,STM
Slc44a1-C,CPX
Slc5a5-S,STM
Slc66a2-B,CSF
Slc6a13-B,CSF
Slc6a16-T,CTX
Slc7a11-T,CTX
Slc7a14-T,CTX
Slc7a6os-B,CSF
Slc9a7-B,CSF
Slco4c1-B,CSF
Slco5a1-S,STM
Slf2-T,CTX
Slfn8-S,STM
Slk-C,CPX
Smad2-S,STM
Smarca1-B,CSF
Smarca1-B,RBN
Smarca2-C,CPX
Smarca5-C,CPX
Smarcc1-B,CSF
Smarcc1-B,RBN
Smc1a-B,CSF
Smc1a-B,RBN
Smc4-C,CPX
Smc6-C,CPX
Smco3-T,CTX
Smg9-S,STM
Smim10l1-C,CPX
Smim15-C,CPX
Smim24-T,CTX
Smim43-B,CSF
Smim43-B,RBN
Smim8-S,STM
Smpdl3a-S,STM
Smpdl3b-C,CPX
Smtnl2-B,RBN
Smtnl2-B,CSF
Smurf1-C,CPX
Smurf1-S,STM
Smyd2-C,CPX
Smyd4-S,STM
Smyd5-T,CTX
Snai3-S,STM
Snap29-B,CSF
Snap47-S,STM
Sncg-C,CPX
Sncg-T,CTX
Snhg12-S,STM
Snip1-T,CTX
Snora35-C,CPX
Snora57-B,CSF
Snrnp48-C,CPX
Snrnp70-S,STM
Sntb2-B,RBN
Sntb2-B,CSF
Sntb2-C,CPX
Sntg1-T,CTX
Sntg2-S,STM
Snx16-S,STM
Snx22-T,CTX
Snx7-S,STM
Soat1-T,CTX
Socs5-T,CTX
Sostdc1-S,STM
Sox13-C,CPX
Sox1ot-S,STM
Sox30-T,CTX
Sp3-T,CTX
Sp4-C,CPX
Sp4-T,CTX
Spaca6-S,STM
Spata13-C,CPX
Spata24-T,CTX
Spata7-T,CTX
Spc24-B,CSF
Spef1l-B,CSF
Spink8-B,CSF
Spink8-B,RBN
Spiroxamine-F,RBN
Spiroxamine-F,CSF
Spns1-T,CTX
Spns2-S,STM
Spock3-S,STM
Spopl-T,CTX
Spp2-T,CTX
Sppl3-C,CPX
Spr-S,STM
Spryd3-S,STM
Spryd4-T,CTX
Spsb2-T,CTX
Sptan1-C,CPX
Sqstm1-T,CTX
Src-C,CPX
Srcap-T,CTX
Srcin1-B,CSF
Srebf2-C,CPX
Srprb-T,CTX
Ss18-T,CTX
Ss18l1-B,CSF
Ss18l2-B,RBN
Ss18l2-B,CSF
Ssc4d-B,CSF
St18-B,CSF
St3gal5-S,STM
St6gal2-B,CSF
St6gal2-B,RBN
St6galnac4-C,CPX
St8sia5-S,STM
St8sia6-T,CTX
Stag2-C,CPX
Stambpl1-S,STM
Star-T,CTX
Stard4-T,CTX
Stat3-C,CPX
Stau1-B,CSF
Steap3-T,CTX
Stearic acid-F,CSF
Stearic acid-F,RBN
Sting1-S,STM
Sting1-T,CTX
Stip1-S,STM
Stk19-S,STM
Stk25-S,STM
Stk26-C,CPX
Stk32a-S,STM
Stk32c-T,CTX
Strada-C,CPX
Strap-B,CSF
Strap-B,RBN
Strip2-S,STM
Strn-S,STM
Stx3-S,STM
Stx4a-S,STM
Stxbp3-S,STM
Stxbp4-C,CPX
Suberic acid-F,RBN
Suberic acid-F,CSF
Suclg2-C,CPX
Sufu-C,CPX
Sufu-S,STM
Sugp1-S,STM
Sulf2-C,CPX
Sulindac-F,RBN
Sulindac-F,CSF
Supraene-F,CSF
Supraene-F,RBN
Suz12-C,CPX
Svil-T,CTX
Sycp2-T,CTX
Sympk-C,CPX
Syne2-S,STM
Synephrine-F,RBN
Synephrine-F,CSF
Synj2bp-S,STM
Synm-C,CPX
Synpo2-S,STM
Synpo2-T,CTX
Sypl2-T,CTX
Syt17-C,CPX
Syt3-S,STM
Syt6-B,CSF
Sytl2-C,CPX
Szt2-S,STM
Taco1os-T,CTX
Tada1-C,CPX
Taf1b-B,CSF
Taf1b-B,RBN
Taf1b-T,CTX
Tagln2-C,CPX
Tanc1-B,CSF
Tarbp1-T,CTX
Tatdn2-C,CPX
Tax1bp3-C,CPX
Tbc1d15-B,CSF
Tbc1d2-C,CPX
Tbc1d22b-S,STM
Tbc1d30-T,CTX
Tbcb-T,CTX
Tbck-C,CPX
Tbp-S,STM
Tbrg4-B,CSF
Tbx2-B,CSF
Tbx3os1-T,CTX
Tcea1-ps1-T,CTX
Tceal3-T,CTX
Tceal6-B,RBN
Tceal6-B,CSF
Tceanc-C,CPX
Tcf15-S,STM
Tcf20-B,CSF
Tcf20-B,RBN
Tcf23-T,CTX
Tcf4-T,CTX
Tcf7-S,STM
Tdrp-B,RBN
Tdrp-B,CSF
Tec-S,STM
Tekt1-T,CTX
Telo2-C,CPX
Tent4a-B,CSF
Tet1-C,CPX
Tet1-T,CTX
Tetrahydro-solasodine triacetate-F,CSF
Tetrahydro-solasodine triacetate-F,RBN
Tex10-S,STM
Tex26-B,CSF
Tfap2b-B,CSF
Tfip11-T,CTX
Tfr2-S,STM
Tgfa-S,STM
Tgfbr1-C,CPX
Tgif2-S,STM
Thap11-T,CTX
Themis2-T,CTX
Thoc3-T,CTX
Thop1-S,STM
Thra-C,CPX
Thrsp-S,STM
Thumpd1-B,CSF
Thumpd1-B,RBN
Thumpd1-T,CTX
Thymol-F,RBN
Thymol-F,CSF
Thyn1-C,CPX
Tial1-S,STM
Tiam2-S,STM
Timm17a-S,STM
Timm17b-S,STM
Tinagl1-B,CSF
Tkt-C,CPX
Tle5-T,CTX
Tln2-B,CSF
Tlnrd1-S,STM
Tm9sf3-C,CPX
Tmbim4-B,RBN
Tmbim4-B,CSF
Tmco6-S,STM
Tmem100-T,CTX
Tmem104-T,CTX
Tmem108-B,RBN
Tmem108-B,CSF
Tmem130-S,STM
Tmem132c-T,CTX
Tmem138-T,CTX
Tmem160-S,STM
Tmem161b-C,CPX
Tmem167-C,CPX
Tmem168-B,CSF
Tmem168-B,RBN
Tmem184c-C,CPX
Tmem191-S,STM
Tmem201-S,STM
Tmem203-C,CPX
Tmem204-C,CPX
Tmem217rt-B,CSF
Tmem229b-C,CPX
Tmem229b-T,CTX
Tmem231-B,RBN
Tmem231-B,CSF
Tmem232-T,CTX
Tmem241-S,STM
Tmem242-T,CTX
Tmem25-S,STM
Tmem250-T,CTX
Tmem259-C,CPX
Tmem42-S,STM
Tmem62-C,CPX
Tmem62-S,STM
Tmem80-C,CPX
Tmem82-T,CTX
Tmem87a-C,CPX
Tmem88b-B,CSF
Tmem88b-B,RBN
Tmem8b-T,CTX
Tmtc4-T,CTX
Tmx3-S,STM
Tnfrsf19-T,CTX
Tnfrsf1b-C,CPX
Tnfsf13os-C,CPX
Tnks-S,STM
Tnni1-B,CSF
Tnrc18-B,CSF
Tnrc18-T,CTX
Tob2-S,STM
Toe1-B,CSF
Tomm22-C,CPX
Tomm34-C,CPX
Tomm40-B,CSF
Tomm40-B,RBN
Tomm70a-S,STM
Top1-C,CPX
Topbp1-C,CPX
Tor1aip1-T,CTX
Tox-S,STM
Tpbg-S,STM
Tpbgl-B,CSF
Tpd52l2-T,CTX
Tpmt-S,STM
Tppp3-C,CPX
Tpr-C,CPX
Tprkb-T,CTX
Tpst1-B,RBN
Tpst1-B,CSF
Trabd-C,CPX
Traip-S,STM
Trank1-S,STM
Trappc14-C,CPX
Trappc3-S,STM
Trappc5-S,STM
Trdmt1-T,CTX
Trib1-T,CTX
Triethyl citrate-F,CSF
Triethyl citrate-F,RBN
Trim26-S,STM
Trim68-S,STM
Trimethylolpropane-F,CSF
Trimethylolpropane-F,RBN
Trip11-T,CTX
Trmt10b-S,STM
Trnt1-S,STM
Tromethamine-F,CSF
Tromethamine-F,RBN
Trp53bp1-S,STM
Trp53bp2-T,CTX
Trp53i13-T,CTX
Trp53rkb-S,STM
Trpc3-S,STM
Trpc4ap-B,RBN
Trpc4ap-B,CSF
Trpc4ap-C,CPX
Trpc5-S,STM
Trpv4-T,CTX
Tsc22d1-C,CPX
Tsen34-T,CTX
Tshr-B,CSF
Tshr-B,RBN
Tspan14-B,RBN
Tspan14-B,CSF
Tspan33-S,STM
Tspan9-C,CPX
Tspear-S,STM
Tspo-B,CSF
Tspo-B,RBN
Tspoap1-S,STM
Tspyl5-S,STM
Tstd2-S,STM
Tstd3-B,CSF
Ttc12-S,STM
Ttc21b-S,STM
Ttc22-S,STM
Ttc39c-S,STM
Ttc8-T,CTX
Ttf1-C,CPX
Ttll6-B,CSF
Tubb2a-T,CTX
Tubb2b-S,STM
Tubb3-B,CSF
Tubb3-B,RBN
Tubg2-T,CTX
Tulp3-T,CTX
Tulp4-C,CPX
Twsg1-C,CPX
Txlng-B,CSF
Txlng-B,RBN
Txnl1-S,STM
Txnrd2-C,CPX
Tyr-Val-F,CSF
Tyr-Val-F,RBN
Tyro3-S,STM
UNKNOWN-B,CSF
UNKNOWN-T,CTX
UNKNOWN_1345-T,CTX
UNKNOWN_1454-T,CTX
UNKNOWN_158-C,CPX
UNKNOWN_2821-B,RBN
Ubb-T,CTX
Ubc-C,CPX
Ube2m-C,CPX
Ube2q2-B,CSF
Ube2q2-B,RBN
Ube2q2-C,CPX
Ube2v2-B,RBN
Ube2v2-B,CSF
Ube3c-C,CPX
Ube3d-S,STM
Ubl3-C,CPX
Ubr5-T,CTX
Ubr7-S,STM
Uck1-B,CSF
Uevld-B,CSF
Uevld-B,RBN
Ulk3-B,CSF
Unc93b1-B,CSF
Unk-T,CTX
Upb1-B,CSF
Upf2-C,CPX
Uqcc5-C,CPX
Uqcr10-S,STM
Uqcr11-S,STM
Uracil-F,CSF
Uracil-F,RBN
Urah-S,STM
Urea-F,RBN
Urea-F,CSF
Urm1-T,CTX
Uros-C,CPX
Usf3-C,CPX
Usp13-B,CSF
Usp22-C,CPX
Usp43-B,CSF
Usp43-B,RBN
Usp9x-C,CPX
Utp20-T,CTX
Utrn-S,STM
Uts2b-B,CSF
Uty-T,CTX
Vangl1-C,CPX
Vanillylmandelic acid-F,CSF
Vash2-T,CTX
Vav3-S,STM
Vcpip1-T,CTX
Vldlr-S,STM
Vmac-T,CTX
Vmp1-C,CPX
Vps13a-T,CTX
Vps13b-C,CPX
Vps13c-T,CTX
Vps13d-S,STM
Vps13d-T,CTX
Vps35l-S,STM
Vps36-C,CPX
Vps37d-C,CPX
Vps39-T,CTX
Vps41-S,STM
Vps4a-T,CTX
Vps72-B,CSF
Vrk1-S,STM
Vstm4-B,CSF
Vstm4-B,RBN
Vti1b-S,STM
Vwa3a-B,RBN
Vwa3a-B,CSF
Vwa5a-B,CSF
Vwa5b2-S,STM
Wapl-C,CPX
Wars1-S,STM
Wasl-C,CPX
Wbp1-T,CTX
Wbp11-C,CPX
Wbp4-C,CPX
Wdr17-S,STM
Wdr27-T,CTX
Wdr43-B,CSF
Wdr47-T,CTX
Wdr70-B,CSF
Wdr89-S,STM
Wdsub1-S,STM
Wif1-S,STM
Wif1-T,CTX
Wrn-C,CPX
Wscd1-S,STM
Wwc2-T,CTX
Wwp1-T,CTX
Xaf1-C,CPX
Xk-S,STM
Xlr4b-B,CSF
Xpc-C,CPX
Xpnpep1-T,CTX
Xpr1-T,CTX
Xrra1-T,CTX
Xylazine-F,CSF
Xylazine-F,RBN
Yangonin-F,RBN
Yangonin-F,CSF
Yars1-T,CTX
Ybx1-T,CTX
Ybx3-B,CSF
Ybx3-B,RBN
Yif1a-S,STM
Yipf6-T,CTX
Ylpm1-C,CPX
Ywhag-S,STM
Ywhah-T,CTX
Zbtb11os1-C,CPX
Zbtb3-B,CSF
Zbtb3-S,STM
Zbtb34-B,CSF
Zbtb37-C,CPX
Zbtb37-T,CTX
Zbtb39-C,CPX
Zbtb40-S,STM
Zbtb43-B,CSF
Zbtb44-T,CTX
Zbtb45-T,CTX
Zbtb7a-C,CPX
Zbtb8a-B,CSF
Zbtb8a-B,RBN
Zc3h11a-T,CTX
Zc3h12c-T,CTX
Zc3hc1-T,CTX
Zcchc12-T,CTX
Zcchc24-T,CTX
Zcchc3-S,STM
Zcwpw2-T,CTX
Zdhhc15-B,CSF
Zdhhc15-B,RBN
Zdhhc18-S,STM
Zdhhc20-T,CTX
Zdhhc9-T,CTX
Zfand2b-B,CSF
Zfand2b-T,CTX
Zfp1007-C,CPX
Zfp142-S,STM
Zfp217-C,CPX
Zfp219-C,CPX
Zfp27-C,CPX
Zfp280b-B,CSF
Zfp287-S,STM
Zfp300-C,CPX
Zfp322a-C,CPX
Zfp346-S,STM
Zfp358-C,CPX
Zfp36l2-C,CPX
Zfp382-T,CTX
Zfp383-C,CPX
Zfp386-S,STM
Zfp389-S,STM
Zfp41-B,CSF
Zfp459-T,CTX
Zfp469-T,CTX
Zfp512-S,STM
Zfp512b-S,STM
Zfp523-B,CSF
Zfp523-S,STM
Zfp523-T,CTX
Zfp617-S,STM
Zfp628-S,STM
Zfp638-C,CPX
Zfp638-T,CTX
Zfp654-C,CPX
Zfp664-T,CTX
Zfp677-T,CTX
Zfp689-T,CTX
Zfp704-T,CTX
Zfp719-S,STM
Zfp738-T,CTX
Zfp74-T,CTX
Zfp758-S,STM
Zfp768-C,CPX
Zfp78-C,CPX
Zfp784-B,CSF
Zfp799-T,CTX
Zfp804b-B,RBN
Zfp804b-B,CSF
Zfp811-S,STM
Zfp866-B,RBN
Zfp866-B,CSF
Zfp867-B,CSF
Zfp869-T,CTX
Zfp87-S,STM
Zfp874a-T,CTX
Zfp879-C,CPX
Zfp946-S,STM
Zfp959-S,STM
Zfp975-C,CPX
Zgrf1-T,CTX
Zhx1-C,CPX
Zhx2-S,STM
Zic2-C,CPX
Zim1-S,STM
Zkscan8-C,CPX
Zmat3-B,CSF
Zmat5-C,CPX
Zmpste24-S,STM
Zmym6-T,CTX
Zmynd10-B,RBN
Zmynd10-B,CSF
Zmynd12-B,CSF
Zpbp-B,CSF
Zpbp-S,STM
Zpr1-T,CTX
Zranb2-T,CTX
Zscan29-T,CTX
Zswim4-B,CSF
alpha-Hydroxyisobutyric acid-F,CSF
alpha-Hydroxyisobutyric acid-F,RBN
cis-2-Decenoic acid-F,RBN
"l-Leucine, n-butoxycarbonyl-N-methyl-, hexadecyl ester-F",CSF
"l-Leucine, n-butoxycarbonyl-N-methyl-, hexadecyl ester-F",RBN
"l-Norvaline, n-propargyloxycarbonyl-, isohexyl ester-F",CSF
"l-Norvaline, n-propargyloxycarbonyl-, isohexyl ester-F",RBN
m-Toluic acid-F,RBN
m-Toluic acid-F,CSF
mt-Cytb-C,CPX
mt-Cytb-S,STM
mt-Nd1-S,STM
mt-Nd2-C,CPX
mt-Nd4-B,CSF
mt-Nd4-B,RBN
tert-butyl(dimethyl)silyl-2-([tert-butyl(dimethyl)silyl]oxy)hex-2-enoate-F,CSF
tert-butyl(dimethyl)silyl-2-([tert-butyl(dimethyl)silyl]oxy)hex-2-enoate-F,RBN
