Gene,Metabolite,Sign
ENSMUSG00000027374-P,1-Deoxypentitol,-1.0
ENSMUSG00000027374-P,alpha-Linolenic acid,-1.0
ENSMUSG00000027374-P,Nitrosothymol,-1.0
ENSMUSG00000042626-P,"Stigmast-5-ene, 3beta-",-1.0
ENSMUSG00000055681-P,"1-Phenyl-1,2-ethanediol",-1.0
ENSMUSG00000055681-P,L-5-Oxoproline,1.0
ENSMUSG00000054484-P,"2,5-Cyclohexadiene-1,4-dione, 2,6-bis(1,1-dimethylethyl)-",1.0
ENSMUSG00000054484-P,Heptanoic acid,1.0
ENSMUSG00000054484-P,Octanoic acid,1.0
ENSMUSG00000032216-P,"2,4-Imidazolidinedione, 5,5-dimethyl-",1.0
ENSMUSG00000032216-P,"2,5-Piperazinedione, 3-benzyl-6-isopropyl-",1.0
ENSMUSG00000032216-P,"3,5-Dimethylpyrazole",1.0
ENSMUSG00000032216-P,"Benzimidazole, 5-trifluoromethyl-2-methyl-",1.0
ENSMUSG00000032216-P,"Benzoic acid, pentadecyl ester",1.0
ENSMUSG00000032216-P,Nitrosothymol,1.0
ENSMUSG00000034584-P,Trimidox,-1.0
ENSMUSG00000044224-P,Adipoyl-L-carnitine,1.0
ENSMUSG00000030216-P,1-Deoxypentitol,1.0
ENSMUSG00000030216-P,2-Acetyl-5-chloro-3-methylbenzo(b)thiophene,1.0
ENSMUSG00000030216-P,"2,5-Piperazinedione, 3-benzyl-6-isopropyl-",1.0
ENSMUSG00000030216-P,"3beta,4beta-Bis(trimethylsiloxy)cholest-5-ene",1.0
ENSMUSG00000030216-P,"6,7,4'-Trihydroxyisoflavone",1.0
ENSMUSG00000030216-P,Alloxanic acid,1.0
ENSMUSG00000030216-P,"Benzoic acid, pentadecyl ester",1.0
ENSMUSG00000030216-P,Cadaverine,1.0
ENSMUSG00000030216-P,D-(-)-Citramalic acid,1.0
ENSMUSG00000030216-P,Dinoseb ,1.0
ENSMUSG00000030216-P,DL-Glyceraldehyde,1.0
ENSMUSG00000030216-P,Isofucosterol,1.0
ENSMUSG00000030216-P,Methyl aminoacetate,1.0
ENSMUSG00000030216-P,"N,O-Bis(trimethylsilyl)carbamate",1.0
ENSMUSG00000030216-P,Nonadecanoic acid,1.0
ENSMUSG00000030216-P,p-Toluic acid,1.0
ENSMUSG00000030216-P,"Pentanedioic acid, 3-methyl-3-[(trimethylsilyl)oxy]-",1.0
ENSMUSG00000071072-P,"2-(2,5-Dimethoxy-phenyl)-propionaldehyde",-1.0
ENSMUSG00000021243-P,3-Methoxysalicylic acid,1.0
ENSMUSG00000021243-P,Cadaverine,-1.0
ENSMUSG00000021243-P,"N,O-Bis(trimethylsilyl)carbamate",-1.0
ENSMUSG00000021243-P,p-Toluic acid,-1.0
ENSMUSG00000016495-P,2-Oxooctanoic acid,-1.0
ENSMUSG00000026803-P,3'-(Trimethylsilyl)oxy-beta-naphthoflavone,-1.0
ENSMUSG00000026803-P,"Benzene, 4-ethenyl-1,2-dimethoxy-",-1.0
ENSMUSG00000026803-P,"Butanoic acid, 2,4-bis[(trimethylsilyl)oxy]-",1.0
ENSMUSG00000026803-P,Methylmalonic monoamide,1.0
ENSMUSG00000068284-P,Isopropyl palmitate,1.0
ENSMUSG00000068284-P,N-Isovaleroylglycine,1.0
ENSMUSG00000063894-P,3-Aminobenzoic acid,1.0
ENSMUSG00000063894-P,Hydracrylic acid,1.0
ENSMUSG00000094002-P,"6,7,4'-Trihydroxyisoflavone",-1.0
ENSMUSG00000039253-P,Isofucosterol,1.0
ENSMUSG00000022781-P,Dinoseb ,1.0
ENSMUSG00000022781-P,Isopropyl palmitate,1.0
ENSMUSG00000022781-P,Methyl aminoacetate,1.0
ENSMUSG00000030060-P,"1H-Pyrazole, 3,4-bis(trimethylsilyl)-",-1.0
ENSMUSG00000030060-P,"Dodecanoic acid, 1-methylethyl ester",-1.0
ENSMUSG00000030060-P,"Ethanone, 1-(5-methoxy-2-methyl-3(1H)-indolyl)-",-1.0
ENSMUSG00000030060-P,Tartronic acid,-1.0
ENSMUSG00000042426-P,Adipoyl-L-carnitine,-1.0
ENSMUSG00000042426-P,N-Valerylglycine,-1.0
ENSMUSG00000105382-P,1-Hydroxy-3-methoxy-6-methylanthraquinone,-1.0
ENSMUSG00000024941-P,Triethanolamine,-1.0
ENSMUSG00000049295-P,Ethyl cis-2-trimethylsilyl-cyclopropane-1-carboxylate,-1.0
ENSMUSG00000049295-P,"N,N-Dimethyl-2-cyclohexyloxyethylamine",-1.0
ENSMUSG00000049295-P,Phenoxyacetic acid,-1.0
ENSMUSG00000049097-P,Bis(trimethylsilyl)histidine,-1.0
ENSMUSG00000070348-P,beta-Lyxopyranose,1.0
ENSMUSG00000046711-P,(CH3)2C=NC2H558,1.0
ENSMUSG00000046711-P,"1-Propanamine, N,N-diethyl- ",1.0
ENSMUSG00000046711-P,Ethyl cis-2-trimethylsilyl-cyclopropane-1-carboxylate,1.0
ENSMUSG00000046711-P,n-Butylamine,1.0
ENSMUSG00000034647-P,"2-(Decanoyloxy)propane-1,3-diyl dioctanoate",1.0
ENSMUSG00000026273-P,"1-Propanamine, N,N-diethyl- ",-1.0
ENSMUSG00000022246-P,"1-(1-Hydroxybutyl)-2,5-dimethoxybenzene ",-1.0
ENSMUSG00000022246-P,"Morpholine, 4-[2,3,4,6-tetrakis-O-(trimethylsilyl)-alpha-d-mannopyranosyl]-",-1.0
ENSMUSG00000020308-P,D-Mannose,1.0
ENSMUSG00000061533-P,"2,5-Dimethyl-1-aza-bicyclo[2.2.1]heptane",1.0
ENSMUSG00000058756-P,"Benzene, 1-acetoxy-2,6-dimethoxy-4-(2-propenyl)-",1.0
ENSMUSG00000033948-P,Hexanoylglycine,1.0
ENSMUSG00000028655-P,"1-Piperazineethanol, 4-dibenzo[b,f][1,4]thiazepin-11-yl-",1.0
ENSMUSG00000005514-P,1-Hydroxy-3-methoxy-6-methylanthraquinone,-1.0
ENSMUSG00000005514-P,"Dodecanamide, N-(2-hydroxyethyl)-",-1.0
ENSMUSG00000005514-P,"Glycine, N-(1-oxobutyl)-",1.0
ENSMUSG00000005514-P,Uracil,1.0
ENSMUSG00000015461-P,12-Oxooctadecanoate,-1.0
ENSMUSG00000015461-P,"Arabinofuranose, 1,2,3,5-tetrakis-O-",-1.0
ENSMUSG00000015461-P,Nitrosothymol,-1.0
ENSMUSG00000031511-P,2-Oxooctanoic acid,-1.0
ENSMUSG00000031511-P,Urea,-1.0
ENSMUSG00000029198-P,Campesterol,1.0
ENSMUSG00000029198-P,Hydantoic acid,-1.0
ENSMUSG00000024151-P,"D-(+)-Ribono-1,4-lactone (R,S,R)-",-1.0
ENSMUSG00000024151-P,"Dodecane, 4,6-dimethyl-",-1.0
ENSMUSG00000030591-P,"N,N-Dimethyl-2-cyclohexyloxyethylamine",-1.0
ENSMUSG00000052751-P,Benzenepropanoic acid,1.0
ENSMUSG00000052751-P,"cis-4,5-Dihydroxy-o-dithiane, 2O-",-1.0
ENSMUSG00000052751-P,phenoxyethanol,-1.0
ENSMUSG00000025474-P,"15-Oxo-11Z,13E-eicosadienoic acid",1.0
ENSMUSG00000025474-P,Dihydrouracil,1.0
ENSMUSG00000025474-P,Hydracrylic acid,1.0
ENSMUSG00000025474-P,L-Asparagine,1.0
ENSMUSG00000005580-P,"Cholest-7-en-3-ol, (3beta,5alpha)-",1.0
ENSMUSG00000030663-P,D-Mannose,1.0
ENSMUSG00000035941-P,10-Heptadecenoic acid,1.0
ENSMUSG00000035941-P,Trimidox,-1.0
ENSMUSG00000036501-P,N-Acetyltyrosine,1.0
ENSMUSG00000035934-P,"2,5-Dimethyl-1-aza-bicyclo[2.2.1]heptane",-1.0
ENSMUSG00000035934-P,4-Methylvaleric acid,-1.0
ENSMUSG00000035934-P,"Carbonic acid, eicosyl vinyl ester ",-1.0
ENSMUSG00000058420-P,Galactopyranose,1.0
ENSMUSG00000019907-P,Hydroquinidine,1.0
ENSMUSG00000025410-P,1-Deoxypentitol,-1.0
ENSMUSG00000025410-P,"Benzoic acid, pentadecyl ester",-1.0
ENSMUSG00000025410-P,beta-Lyxopyranose,-1.0
ENSMUSG00000061718-P,"N,N-Dimethyl-2-cyclohexyloxyethylamine",-1.0
ENSMUSG00000008690-P,Dodecylcyclohexane,-1.0
ENSMUSG00000008690-P,"N,N-Diethyl-2-aminoethanol",-1.0
ENSMUSG00000008690-P,Neostigmine ,-1.0
ENSMUSG00000008690-P,Octan-2-yl palmitate,1.0
ENSMUSG00000004895-P,2-Acetyl-5-chloro-3-methylbenzo(b)thiophene,1.0
ENSMUSG00000028273-P,"Benzoic acid, pentadecyl ester",1.0
ENSMUSG00000028273-P,Dinoseb ,1.0
ENSMUSG00000028273-P,Levulinic acid,1.0
ENSMUSG00000028273-P,Methylmalonic monoamide,1.0
ENSMUSG00000026520-P,"2,4-Imidazolidinedione, 5,5-dimethyl-",-1.0
ENSMUSG00000026520-P,"2,5-Piperazinedione, 3-benzyl-6-isopropyl-",-1.0
ENSMUSG00000083899-P,4-Methylvaleric acid,-1.0
ENSMUSG00000030879-P,Nitrosothymol,-1.0
ENSMUSG00000021585-P,2-Amino-4-methylphenol,1.0
ENSMUSG00000021585-P,2-Oxooctanoic acid,-1.0
ENSMUSG00000021585-P,Urea,-1.0
ENSMUSG00000026623-P,1-Hydroxy-3-methoxy-6-methylanthraquinone,-1.0
ENSMUSG00000026623-P,10-Heptadecenoic acid,1.0
ENSMUSG00000026623-P,2-Amino-4-methylphenol,1.0
ENSMUSG00000026623-P,3-Hexenedinitrile,1.0
ENSMUSG00000026623-P,"6,7,4'-Trihydroxyisoflavone",1.0
ENSMUSG00000026623-P,p-Toluic acid,1.0
ENSMUSG00000001964-P,"2,6-Dimethyl-N-[3-(trimethylsilyl)-1,3-thiazinan-2-ylidene]aniline",-1.0
ENSMUSG00000001964-P,Deoxycholic Acid,-1.0
ENSMUSG00000001964-P,Pimelic acid,-1.0
ENSMUSG00000036613-P,"1-(2,4-Dimethoxyphenyl)-propan-2-one",-1.0
ENSMUSG00000036613-P,1-Cyclopentylethanol,-1.0
ENSMUSG00000036613-P,"9H-Fluorene, 9-methylene-",-1.0
ENSMUSG00000036613-P,"Carbonic acid, eicosyl vinyl ester ",-1.0
ENSMUSG00000036613-P,Dehydronorketamine,-1.0
ENSMUSG00000036613-P,"Dodecanamide, N-(2-hydroxyethyl)-",-1.0
ENSMUSG00000036613-P,Heptadecanoic acid,-1.0
ENSMUSG00000036613-P,Indole-5-carboxylic acid,-1.0
ENSMUSG00000036613-P,Isonicotinic Acid,-1.0
ENSMUSG00000015839-P,D-Mannose,1.0
ENSMUSG00000015839-P,L-Alanine,-1.0
ENSMUSG00000044296-P,L-5-Oxoproline,-1.0
ENSMUSG00000032633-P,1-Hydroxy-3-methoxy-6-methylanthraquinone,-1.0
ENSMUSG00000032633-P,2-Hydroxybutyric acid,1.0
ENSMUSG00000032633-P,Isofucosterol,1.0
ENSMUSG00000023236-P,"9H-Purine, 9-(trimethylsilyl)-2,6,8-tris[(trimethylsilyl)oxy]-",-1.0
ENSMUSG00000026483-P,"1-Octanol, 2-butyl-",-1.0
ENSMUSG00000026483-P,Atrazine desethyl,1.0
ENSMUSG00000026483-P,Supraene,-1.0
ENSMUSG00000057738-P,Deoxycholic Acid,-1.0
ENSMUSG00000010607-P,Nonanal,-1.0
ENSMUSG00000010607-P,Ser-Leu,-1.0
ENSMUSG00000030862-P,"3,4,5-Trihydroxypentanoic acid, tetrakis(trimethylsilyl)-",1.0
ENSMUSG00000035505-P,Glycolic acid,-1.0
ENSMUSG00000014195-P,1-Deoxypentitol,-1.0
ENSMUSG00000014195-P,"3-Hydroxy-2,3-dihydromaltol",-1.0
ENSMUSG00000014195-P,4-Hydroxybenzeneacetic acid,-1.0
ENSMUSG00000014195-P,"Dodecane, 4,6-dimethyl-",-1.0
ENSMUSG00000014195-P,Triethanolamine,-1.0
ENSMUSG00000036718-P,"Benzene, 4-ethenyl-1,2-dimethoxy-",-1.0
ENSMUSG00000036718-P,Hydroquinone,1.0
ENSMUSG00000036718-P,"L-Lysine, ethyl ester ",-1.0
ENSMUSG00000062044-P,"Cyclopentanone, 2,2,4-trimethyl-",-1.0
ENSMUSG00000086825-P,Methyl-3-methoxy-5-methyl benzoate,1.0
ENSMUSG00000086825-P,Oxalic acid,-1.0
ENSMUSG00000041134-P,"3,5-di-tert-Butyl-4-hydroxyacetophenone",-1.0
ENSMUSG00000041134-P,5-Hydroxyquinoline,1.0
ENSMUSG00000041134-P,"Benzene, 4-ethenyl-1,2-dimethoxy-",-1.0
ENSMUSG00000041134-P,"Butanoic acid, 2,4-bis[(trimethylsilyl)oxy]-",1.0
ENSMUSG00000041134-P,"Cyclopentanone, 2,2,4-trimethyl-",1.0
ENSMUSG00000041134-P,DL-Glyceraldehyde,1.0
ENSMUSG00000041134-P,Glyceric acid,1.0
ENSMUSG00000041134-P,Methyl-3-methoxy-5-methyl benzoate,1.0
ENSMUSG00000041134-P,"Propanoic acid, 2-oxo-",-1.0
ENSMUSG00000059495-P,"Benzaldehyde, 2,5-dimethyl-",1.0
ENSMUSG00000059495-P,"Benzoic acid, pentadecyl ester",1.0
ENSMUSG00000102142-P,"2-(Decanoyloxy)propane-1,3-diyl dioctanoate",1.0
ENSMUSG00000102142-P,phenoxyethanol,-1.0
ENSMUSG00000024170-P,"Inosose-2, 1,3,4,5,6-pentakis-",-1.0
ENSMUSG00000030058-P,"Guanidine, N,N-dimethyl-",-1.0
ENSMUSG00000050822-P,2-Pentenoic acid,1.0
ENSMUSG00000050822-P,Dodecylcyclohexane,-1.0
ENSMUSG00000050822-P,"N,N-Diethyl-2-aminoethanol",-1.0
ENSMUSG00000014075-P,1-Phenethylamine,1.0
ENSMUSG00000014075-P,10-Heptadecenoic acid,1.0
ENSMUSG00000014075-P,2-Hydroxy-3-methylbutyric acid,1.0
ENSMUSG00000014075-P,"3-Methylpiperazine-2,5-dione, (R)-",1.0
ENSMUSG00000014075-P,5-Hydroxyquinoline,1.0
ENSMUSG00000035133-P,"Benzaldehyde, 2,5-dimethyl-",1.0
ENSMUSG00000041012-P,"1-(2,4-Dimethoxyphenyl)-propan-2-one",-1.0
ENSMUSG00000041012-P,1-Hydroxy-3-methoxy-6-methylanthraquinone,-1.0
ENSMUSG00000041012-P,Hexanoylglycine,1.0
ENSMUSG00000041012-P,Isonicotinic Acid,-1.0
ENSMUSG00000041012-P,"N,N-Diethyl-2-aminoethanol",-1.0
ENSMUSG00000041012-P,"Propanoic acid, 2-methyl-",-1.0
ENSMUSG00000025060-P,"3beta,4beta-Bis(trimethylsiloxy)cholest-5-ene",1.0
ENSMUSG00000025060-P,Isopropyl palmitate,1.0
ENSMUSG00000025060-P,Methyl aminoacetate,1.0
ENSMUSG00000013858-P,2-Heptenoic acid,-1.0
ENSMUSG00000013858-P,2-Methyl-4-pentenoic acid,-1.0
ENSMUSG00000013858-P,"2,6-Dimethoxybenzylamine",-1.0
ENSMUSG00000013858-P,3-Hydroxyisovaleric acid,-1.0
ENSMUSG00000013858-P,3-Methyladenine,-1.0
ENSMUSG00000013858-P,"3,4,5-Trihydroxypentanoic acid, tetrakis(trimethylsilyl)-",-1.0
ENSMUSG00000013858-P,4-Hydroxyphenyllactic acid,-1.0
ENSMUSG00000013858-P,Butylmethylamine,-1.0
ENSMUSG00000013858-P,Cyclohexanol,-1.0
ENSMUSG00000013858-P,Glycine,-1.0
ENSMUSG00000013858-P,Guanabenz,-1.0
ENSMUSG00000013858-P,Nonanal,-1.0
ENSMUSG00000013858-P,Octocrylene,-1.0
ENSMUSG00000024150-P,p-Toluic acid,1.0
ENSMUSG00000030016-P,Adipoyl-L-carnitine,1.0
ENSMUSG00000030016-P,Isopropyl palmitate,1.0
ENSMUSG00000030016-P,Methyl aminoacetate,1.0
ENSMUSG00000005510-P,1-Deoxypentitol,1.0
ENSMUSG00000005510-P,"1H-Pyrazole, 3,4-bis(trimethylsilyl)-",1.0
ENSMUSG00000005510-P,"Benzaldehyde, 2,5-dimethyl-",1.0
ENSMUSG00000005510-P,Isofucosterol,1.0
ENSMUSG00000005510-P,Methyl aminoacetate,1.0
ENSMUSG00000005510-P,"Stigmast-5-ene, 3beta-",1.0
ENSMUSG00000032615-P,"1-Phenyl-1,2-ethanediol",-1.0
ENSMUSG00000024687-P,10-Heptadecenoic acid,1.0
ENSMUSG00000024687-P,2-Amino-4-methylphenol,1.0
ENSMUSG00000024687-P,2-Isopropyl-5-methyl-1-heptanol ,1.0
ENSMUSG00000024687-P,3-Methoxysalicylic acid,-1.0
ENSMUSG00000024687-P,5-Hydroxyquinoline,1.0
ENSMUSG00000024687-P,"6,7,4'-Trihydroxyisoflavone",1.0
ENSMUSG00000024687-P,Arachidonic acid,1.0
ENSMUSG00000024687-P,beta-Lyxopyranose,1.0
ENSMUSG00000024687-P,DL-Glyceraldehyde,1.0
ENSMUSG00000024687-P,p-Toluic acid,1.0
ENSMUSG00000024687-P,Sertraline carbamoyl glucuronide,1.0
ENSMUSG00000032641-P,"6-Methoxy-1-methyl-1,2,3,4-tetrahydroisoquinolin-7-ol ",1.0
ENSMUSG00000022711-P,2-Hydroxy-3-methylbutyric acid,1.0
ENSMUSG00000022711-P,"Azetidine, 1-acetyl-2-methyl-",1.0
ENSMUSG00000056054-P,Hydracrylic acid,-1.0
ENSMUSG00000056054-P,Phenylalanine,-1.0
ENSMUSG00000004040-P,2-Hydroxybutyric acid,1.0
ENSMUSG00000004040-P,L-Hydroxyproline,-1.0
ENSMUSG00000004040-P,Trisaminol,1.0
ENSMUSG00000004040-P,Uridine,1.0
ENSMUSG00000024740-P,"1-Butanamine, N,N-diethyl-",-1.0
ENSMUSG00000024740-P,"1-Propanamine, N,N-diethyl- ",-1.0
ENSMUSG00000006777-P,1-Octadecanol,-1.0
ENSMUSG00000017405-P,Phosalone,-1.0
ENSMUSG00000064345-P,3'-(Trimethylsilyl)oxy-beta-naphthoflavone,-1.0
ENSMUSG00000040158-P,Docosyl octyl ether,-1.0
ENSMUSG00000039883-P,2-Acetyl-5-chloro-3-methylbenzo(b)thiophene,-1.0
ENSMUSG00000039883-P,"2-Allyl-1,4-dimethoxybenzene",-1.0
ENSMUSG00000039883-P,2-Amino-4-methylphenol,-1.0
ENSMUSG00000039883-P,"2,3,4-Trihydroxybutyric acid tetrakis",-1.0
ENSMUSG00000039883-P,"3beta,4beta-Bis(trimethylsiloxy)cholest-5-ene",-1.0
ENSMUSG00000039883-P,"6,7,4'-Trihydroxyisoflavone",-1.0
ENSMUSG00000039883-P,Arachidonic acid,-1.0
ENSMUSG00000039883-P,Azatadine,-1.0
ENSMUSG00000039883-P,beta-Lyxopyranose,-1.0
ENSMUSG00000039883-P,"D-(+)-Ribono-1,4-lactone (R,S,R)-",-1.0
ENSMUSG00000039883-P,DL-Glyceraldehyde,-1.0
ENSMUSG00000039883-P,Isofucosterol,-1.0
ENSMUSG00000039883-P,L-Aspartic acid,-1.0
ENSMUSG00000039883-P,Methylmalonic monoamide,-1.0
ENSMUSG00000039883-P,N-Methyl-N-(tetrahydro-2-furanylmethyl)-4-piperidinamine,-1.0
ENSMUSG00000039883-P,p-Toluic acid,-1.0
ENSMUSG00000039883-P,"Pentanedioic acid, 3-methyl-3-[(trimethylsilyl)oxy]-",-1.0
ENSMUSG00000031451-P,"(7a-Isopropenyl-4,5-dimethyloctahydroinden-4-yl)methanol",-1.0
ENSMUSG00000031451-P,"N,N-Dimethyl-2-cyclohexyloxyethylamine",-1.0
ENSMUSG00000031751-P,12-Oxooctadecanoate,-1.0
ENSMUSG00000031751-P,Suberic acid,-1.0
ENSMUSG00000029623-P,"2-(Decanoyloxy)propane-1,3-diyl dioctanoate",1.0
ENSMUSG00000029623-P,3'-(Trimethylsilyl)oxy-beta-naphthoflavone,-1.0
ENSMUSG00000024168-P,1-Hydroxy-3-methoxy-6-methylanthraquinone,-1.0
ENSMUSG00000024168-P,N-Isovaleroylglycine,1.0
ENSMUSG00000001687-P,1-Deoxypentitol,1.0
ENSMUSG00000001687-P,"1,3,5-Benzetriol",1.0
ENSMUSG00000001687-P,2-Acetyl-5-chloro-3-methylbenzo(b)thiophene,1.0
ENSMUSG00000001687-P,"2,3,4-Trihydroxybutyric acid tetrakis",1.0
ENSMUSG00000001687-P,"2,5-Piperazinedione, 3-benzyl-6-isopropyl-",1.0
ENSMUSG00000001687-P,"3-Hydroxy-2,3-dihydromaltol",1.0
ENSMUSG00000001687-P,4-Hydroxybenzeneacetic acid,1.0
ENSMUSG00000001687-P,9-Octadecenoic acid,1.0
ENSMUSG00000001687-P,beta-Lyxopyranose,1.0
ENSMUSG00000001687-P,Dinoseb ,1.0
ENSMUSG00000001687-P,Isofucosterol,1.0
ENSMUSG00000001687-P,Isopropyl palmitate,1.0
ENSMUSG00000001687-P,Methyl aminoacetate,1.0
ENSMUSG00000001687-P,"Pentanedioic acid, 3-methyl-3-[(trimethylsilyl)oxy]-",1.0
ENSMUSG00000001687-P,Propylamine,1.0
ENSMUSG00000001687-P,Tartronic acid,1.0
ENSMUSG00000001687-P,Triethanolamine,1.0
ENSMUSG00000029790-P,3-Methoxysalicylic acid,-1.0
ENSMUSG00000029790-P,"Benzaldehyde, 2,5-dimethyl-",1.0
ENSMUSG00000029790-P,"Benzoic acid, pentadecyl ester",1.0
ENSMUSG00000030703-P,"1-Butanamine, N,N-diethyl-",1.0
ENSMUSG00000030703-P,Pentadecanoic acid,1.0
ENSMUSG00000008140-P,Indole-5-carboxylic acid,-1.0
ENSMUSG00000007892-P,"1-(2,4-Dimethoxyphenyl)-propan-2-one",-1.0
ENSMUSG00000007892-P,1-Hydroxy-3-methoxy-6-methylanthraquinone,-1.0
ENSMUSG00000007892-P,"3,5-Dimethyl-1,4-diallylpyrazole",-1.0
ENSMUSG00000007892-P,Docosyl octyl ether,1.0
ENSMUSG00000007892-P,Hexanoylglycine,1.0
ENSMUSG00000007892-P,Indole-5-carboxylic acid,-1.0
ENSMUSG00000026341-P,"1-(2,4-Dimethoxyphenyl)-propan-2-one",-1.0
ENSMUSG00000026341-P,"9H-Fluorene, 9-methylene-",-1.0
ENSMUSG00000026341-P,Valylglycine,-1.0
ENSMUSG00000042010-P,"(7a-Isopropenyl-4,5-dimethyloctahydroinden-4-yl)methanol",-1.0
ENSMUSG00000032238-P,2-Ethyl-3-hydroxypropionic acid,1.0
ENSMUSG00000032238-P,2-Methyl-4-pentenoic acid,1.0
ENSMUSG00000032238-P,3-Indoleacetic acid,1.0
ENSMUSG00000032238-P,Guanabenz,1.0
ENSMUSG00000032238-P,Nonanal,1.0
ENSMUSG00000032238-P,Pimelic acid,1.0
ENSMUSG00000032238-P,"Propanoic acid, 2-oxo-",1.0
ENSMUSG00000039323-P,"1-Butanamine, N,N-diethyl-",-1.0
ENSMUSG00000026784-P,Allylescaline ,-1.0
ENSMUSG00000026784-P,Niclosamide,-1.0
ENSMUSG00000031027-P,Doconexent,1.0
ENSMUSG00000033487-P,"2,5-Piperazinedione, 3-benzyl-6-isopropyl-",1.0
ENSMUSG00000029550-P,12-Oxooctadecanoate,-1.0
ENSMUSG00000029550-P,Pimelic acid,-1.0
ENSMUSG00000029550-P,Suberic acid,-1.0
ENSMUSG00000096971-P,Isopropyl palmitate,1.0
ENSMUSG00000096971-P,Propylamine,1.0
ENSMUSG00000106365-P,N-Acetyltyrosine,-1.0
ENSMUSG00000087368-P,cis-4-Trimethylsilyloxy-cyclohexyl(trimethylsilyl)carboxylate,1.0
ENSMUSG00000087368-P,Dopamine,-1.0
ENSMUSG00000024335-P,2-Hydroxybutyric acid,1.0
ENSMUSG00000030782-P,"3-Buten-2-one, 3-trimethylsilyloxy-",-1.0
ENSMUSG00000051074-P,"1,3,5-Benzetriol",1.0
ENSMUSG00000051074-P,"15-Oxo-11Z,13E-eicosadienoic acid",1.0
ENSMUSG00000051074-P,2-Acetyl-5-chloro-3-methylbenzo(b)thiophene,1.0
ENSMUSG00000051074-P,9-Octadecenoic acid,1.0
ENSMUSG00000055447-P,DL-Glyceraldehyde,1.0
ENSMUSG00000055447-P,"Pentanedioic acid, 3-methyl-3-[(trimethylsilyl)oxy]-",1.0
ENSMUSG00000049739-P,"15-Oxo-11Z,13E-eicosadienoic acid",1.0
ENSMUSG00000049739-P,3-Ureidopropionic acid,1.0
ENSMUSG00000049739-P,9-Octadecenoic acid,1.0
ENSMUSG00000070858-P,4-Hydroxybutanoic acid,1.0
ENSMUSG00000070858-P,"Aziridine, 1-(2-buten-2-yl)-",-1.0
ENSMUSG00000055044-P,L-Tryptophan,-1.0
ENSMUSG00000055044-P,"L-Tryptophan, N-acetyl-1",-1.0
ENSMUSG00000032372-P,"Benzaldehyde, 2,5-dimethyl-",1.0
ENSMUSG00000032372-P,"Glycine, N-(1-oxobutyl)-",1.0
ENSMUSG00000023967-P,"1,2-Butadiene, 1,1,4-triphenyl-3-trimethylsilyl-4-trimethylsilyloxy-",-1.0
ENSMUSG00000023967-P,"2,5-Piperazinedione, 3-benzyl-6-isopropyl-",-1.0
ENSMUSG00000023967-P,D-(-)-Citramalic acid,-1.0
ENSMUSG00000028041-P,"2,4-Imidazolidinedione, 5,5-dimethyl-",-1.0
ENSMUSG00000028041-P,3-Indoleacetic acid,-1.0
ENSMUSG00000028041-P,Nitrosothymol,-1.0
ENSMUSG00000028041-P,Pimelic acid,-1.0
ENSMUSG00000031864-P,"Guanidine, N,N-dimethyl-",-1.0
ENSMUSG00000060512-P,"N,N-Diethyl-2-aminoethanol",-1.0
ENSMUSG00000030560-P,beta-Methylphenethylamine,1.0
ENSMUSG00000041408-P,2-Isopropyl-5-methyl-1-heptanol ,1.0
ENSMUSG00000041408-P,"2,5-Piperazinedione, 3-benzyl-6-isopropyl-",1.0
ENSMUSG00000041408-P,"Benzoic acid, pentadecyl ester",1.0
ENSMUSG00000041408-P,Dinoseb ,1.0
ENSMUSG00000041408-P,"Morpholine, 4-[2,3,4,6-tetrakis-O-(trimethylsilyl)-alpha-d-mannopyranosyl]-",-1.0
ENSMUSG00000021254-P,"cis-4,5-Dihydroxy-o-dithiane, 2O-",1.0
ENSMUSG00000064294-P,1-(3-Methylphenyl)piperazine,1.0
ENSMUSG00000064294-P,"1-Propanamine, N,N-diethyl- ",1.0
ENSMUSG00000064294-P,n-Butylamine,1.0
ENSMUSG00000022312-P,1-Deoxypentitol,-1.0
ENSMUSG00000022312-P,"Dodecane, 4,6-dimethyl-",-1.0
ENSMUSG00000020135-P,1-Hexadecanol,1.0
ENSMUSG00000020135-P,"1,2-Benzenedicarboxylic acid",1.0
ENSMUSG00000020135-P,"1,3,5-Trimethyl-1H-pyrazol-4-amine",1.0
ENSMUSG00000020135-P,"6-Methoxy-1-methyl-1,2,3,4-tetrahydroisoquinolin-7-ol ",1.0
ENSMUSG00000020135-P,Decanoic acid,1.0
ENSMUSG00000020135-P,Dihydrouracil,-1.0
ENSMUSG00000020135-P,Ethanolamine,-1.0
ENSMUSG00000020135-P,Glyceric acid,-1.0
ENSMUSG00000020135-P,L-Isoleucine,-1.0
ENSMUSG00000020135-P,L-Proline,-1.0
ENSMUSG00000020135-P,L-Valine,-1.0
ENSMUSG00000020135-P,N-Isobutyl-sec-butylamine,1.0
ENSMUSG00000020135-P,"Pyrimidine, 5-methyl-2,4-bis[(trimethylsilyl)oxy]-",-1.0
ENSMUSG00000031657-P,"3-Hydroxy-2,3-dihydromaltol",1.0
ENSMUSG00000031657-P,4-Hydroxybenzeneacetic acid,1.0
ENSMUSG00000031657-P,Pimelic acid,1.0
ENSMUSG00000031657-P,Triethanolamine,1.0
ENSMUSG00000046947-P,5-Henicosylresorcinol,-1.0
ENSMUSG00000046947-P,Pimelic acid,-1.0
ENSMUSG00000034930-P,"3,5-Dimethyl-1,4-diallylpyrazole",-1.0
ENSMUSG00000034930-P,"Butanoic acid, 2-methyl-3-[(trimethylsilyl)oxy]-",1.0
ENSMUSG00000031583-P,3-Indoleacetic acid,1.0
ENSMUSG00000001054-P,"1,3,5-Benzetriol",-1.0
ENSMUSG00000001054-P,Nonanal,-1.0
ENSMUSG00000046351-P,"2-(Decanoyloxy)propane-1,3-diyl dioctanoate",1.0
ENSMUSG00000046351-P,4-Hydroxybenzoic acid,1.0
ENSMUSG00000046351-P,"Benzaldehyde, 2,5-dimethyl-",1.0
ENSMUSG00000046351-P,Butanedioic acid,1.0
ENSMUSG00000046351-P,L-Proline,1.0
ENSMUSG00000046351-P,Trimidox,-1.0
ENSMUSG00000030605-P,"1-Butanamine, N,N-diethyl-",-1.0
ENSMUSG00000030605-P,12-Oxooctadecanoate,-1.0
ENSMUSG00000030605-P,Nitrosothymol,-1.0
ENSMUSG00000037012-P,"Acetamide, 2,2,2-trifluoro-",-1.0
ENSMUSG00000037012-P,Dodecylcyclohexane,-1.0
ENSMUSG00000037012-P,Indole-5-carboxylic acid,-1.0
ENSMUSG00000037012-P,"N,N-Dimethyl-2-cyclohexyloxyethylamine",-1.0
ENSMUSG00000037012-P,Ribitol,-1.0
ENSMUSG00000004098-P,"2-Heptanone, 4,6-dimethyl-",-1.0
ENSMUSG00000031918-P,"Butanoic acid, 2-methyl-3-[(trimethylsilyl)oxy]-",1.0
ENSMUSG00000038717-P,"6,8-Dioxapentadecane",1.0
ENSMUSG00000038717-P,Docosyl octyl ether,1.0
ENSMUSG00000038717-P,"Glycine, N-(1-oxobutyl)-",1.0
ENSMUSG00000038717-P,Hexanoylglycine,1.0
ENSMUSG00000038990-P,"2,4-Imidazolidinedione, 5,5-dimethyl-",1.0
ENSMUSG00000025437-P,"1-Octene, 2-methyl-",1.0
ENSMUSG00000051224-P,L-Tryptophan,1.0
ENSMUSG00000078485-P,2-Heptenoic acid,1.0
ENSMUSG00000078485-P,L-Glutamine,1.0
ENSMUSG00000021686-P,Dinoseb ,1.0
ENSMUSG00000021686-P,Isofucosterol,1.0
ENSMUSG00000021686-P,Isopropyl palmitate,1.0
ENSMUSG00000021686-P,Methyl aminoacetate,1.0
ENSMUSG00000024975-P,Benzophenone,1.0
ENSMUSG00000024975-P,Isopropyl palmitate,1.0
ENSMUSG00000024975-P,"Pentenoic acid, 4-[(trimethylsilyl)oxy]-",1.0
ENSMUSG00000017697-P,Methyl aminoacetate,-1.0
ENSMUSG00000053749-P,Bis(trimethylsilyl)histidine,-1.0
ENSMUSG00000034863-P,Sertraline carbamoyl glucuronide,-1.0
ENSMUSG00000068762-P,"5,6-Dimethyl-4-phenyl-3-cyanopyridine-2(1H)-thione",1.0
ENSMUSG00000068762-P,D-Fructose,-1.0
ENSMUSG00000068762-P,L-Asparagine,-1.0
ENSMUSG00000068762-P,N-Methyl-N-(tetrahydro-2-furanylmethyl)-4-piperidinamine,-1.0
ENSMUSG00000021215-P,Alloxanic acid,-1.0
ENSMUSG00000021215-P,Cyclo-(l-leucyl-l-phenylalanyl) ,-1.0
ENSMUSG00000028133-P,3-Aminobenzoic acid,-1.0
ENSMUSG00000028700-P,"2,5-Dimethyl-1-aza-bicyclo[2.2.1]heptane",-1.0
ENSMUSG00000028700-P,beta-Lyxopyranose,1.0
ENSMUSG00000028700-P,"Erythrono-1,4-lactone, (Z)-",1.0
ENSMUSG00000028700-P,"Morpholine, 4-[2,3,4,6-tetrakis-O-(trimethylsilyl)-alpha-d-mannopyranosyl]-",-1.0
ENSMUSG00000032018-P,Alloxanic acid,1.0
ENSMUSG00000030304-P,"1,5-Anhydroglucitol",-1.0
ENSMUSG00000030304-P,N-(Trimethylsilyl)hexanamide,1.0
ENSMUSG00000029878-P,1-Octadecanol,1.0
ENSMUSG00000057181-P,"Propanoic acid, 2-oxo-",-1.0
ENSMUSG00000050321-P,L-Proline,-1.0
ENSMUSG00000021957-P,"N,O-Bis(trimethylsilyl)carbamate",-1.0
ENSMUSG00000021957-P,Nitrosothymol,-1.0
ENSMUSG00000030265-P,3-Aminobenzoic acid,-1.0
ENSMUSG00000030256-P,Dodecylcyclohexane,1.0
ENSMUSG00000030256-P,Myristic acid,1.0
ENSMUSG00000028383-P,"2,3-Butanediol",-1.0
ENSMUSG00000028383-P,beta-D-Glucopyranose,1.0
ENSMUSG00000017221-P,12-Oxooctadecanoate,-1.0
ENSMUSG00000017221-P,"3,4,5-Trihydroxypentanoic acid, tetrakis(trimethylsilyl)-",-1.0
ENSMUSG00000017221-P,Nitrosothymol,-1.0
ENSMUSG00000020752-P,"3,4,5-Trihydroxypentanoic acid, tetrakis(trimethylsilyl)-",1.0
ENSMUSG00000041642-P,"2-Heptanone, 4,6-dimethyl-",-1.0
ENSMUSG00000041642-P,2-Pentenoic acid,-1.0
ENSMUSG00000041642-P,"2,5-Dimethoxybenzhydrazide",-1.0
ENSMUSG00000041642-P,"3,4-Dihydrocoumarin, 4,4-dimethyl-6-dimethylamino-",-1.0
ENSMUSG00000041642-P,"Cyclohexene, 3-butyl-3-methyl-1-trimethylsilyloxy-",-1.0
ENSMUSG00000041642-P,"Erythrono-1,4-lactone, (Z)-",-1.0
ENSMUSG00000038084-P,1-Deoxypentitol,1.0
ENSMUSG00000038084-P,1-Hydroxy-3-methoxy-6-methylanthraquinone,-1.0
ENSMUSG00000038084-P,2-Acetyl-5-chloro-3-methylbenzo(b)thiophene,1.0
ENSMUSG00000038084-P,"6-Methoxy-1-methyl-1,2,3,4-tetrahydroisoquinolin-7-ol ",1.0
ENSMUSG00000038084-P,beta-Lyxopyranose,1.0
ENSMUSG00000038084-P,Isofucosterol,1.0
ENSMUSG00000038084-P,"N,O-Bis(trimethylsilyl)carbamate",1.0
ENSMUSG00000038084-P,p-Toluic acid,1.0
ENSMUSG00000038084-P,"Pentanedioic acid, 3-methyl-3-[(trimethylsilyl)oxy]-",1.0
ENSMUSG00000038084-P,Triethanolamine,1.0
ENSMUSG00000066113-P,"D-(+)-Talofuranose, pentakis",1.0
ENSMUSG00000051043-P,"1-Butanamine, N,N-diethyl-",-1.0
ENSMUSG00000042797-P,1-Hydroxy-3-methoxy-6-methylanthraquinone,-1.0
ENSMUSG00000028030-P,Hexanoylglycine,-1.0
ENSMUSG00000028030-P,N-Acetyltyrosine,1.0
ENSMUSG00000045817-P,"2,6-Bis[2-[2-S-thiosulfuroethylamino]ethoxy]pyrazine",1.0
ENSMUSG00000045817-P,"3beta-TRIMETHYLSILOXY-5alpha,6alpha-EPOXYCHOLESTANE",1.0
ENSMUSG00000045817-P,"Benzaldehyde, 2,5-dimethyl-",1.0
ENSMUSG00000045817-P,"Dodecane, 4,6-dimethyl-",1.0
ENSMUSG00000045817-P,Indole-3-lactic acid,1.0
ENSMUSG00000045817-P,Sertraline carbamoyl glucuronide,1.0
ENSMUSG00000021676-P,"D-(-)-Fructofuranose, pentakis",-1.0
ENSMUSG00000027523-P,"3,5-Dimethylpyrazole",1.0
ENSMUSG00000027523-P,"Benzimidazole, 5-trifluoromethyl-2-methyl-",1.0
ENSMUSG00000027523-P,"Benzoic acid, pentadecyl ester",1.0
ENSMUSG00000027523-P,Benzophenone,1.0
ENSMUSG00000027523-P,Isofucosterol,1.0
ENSMUSG00000027523-P,Methyl aminoacetate,1.0
ENSMUSG00000037716-P,Decanoic acid,1.0
ENSMUSG00000037716-P,Ethanolamine,-1.0
ENSMUSG00000037716-P,N-Isobutyl-sec-butylamine,1.0
ENSMUSG00000024472-P,"L-Tryptophan, N-acetyl-1",1.0
ENSMUSG00000038545-P,"(7a-Isopropenyl-4,5-dimethyloctahydroinden-4-yl)methanol",-1.0
ENSMUSG00000038545-P,"1,3,5-Trimethyl-1H-pyrazol-4-amine",-1.0
ENSMUSG00000038545-P,"2,5-Di-tert-butylhydroquinone",-1.0
ENSMUSG00000038545-P,Dihydrouracil,1.0
ENSMUSG00000038545-P,L-Proline,1.0
ENSMUSG00000038545-P,N-Isobutyl-sec-butylamine,-1.0
ENSMUSG00000065799-P,Urea,-1.0
ENSMUSG00000029840-P,beta-D-Glucopyranose,1.0
ENSMUSG00000105607-P,D-Fructose,1.0
ENSMUSG00000090877-P,3-Methyladenine,1.0
ENSMUSG00000030268-P,Phenylalanine,-1.0
ENSMUSG00000031967-P,"Acetamide, 2,2,2-trifluoro-",-1.0
ENSMUSG00000026563-P,"1-Decene, 8-methyl-",-1.0
ENSMUSG00000026563-P,Benzophenone,-1.0
ENSMUSG00000046157-P,Dodecylcyclohexane,-1.0
ENSMUSG00000046157-P,"N,N-Diethyl-2-aminoethanol",-1.0
ENSMUSG00000046157-P,Serine,-1.0
ENSMUSG00000067928-P,"Benzimidazole, 5-trifluoromethyl-2-methyl-",1.0
ENSMUSG00000067928-P,"Propanetriol, 2-methyl-",1.0
ENSMUSG00000034786-P,Stearic acid,1.0
ENSMUSG00000053746-P,"2,5-Di-tert-butylhydroquinone",1.0
ENSMUSG00000032172-P,"Cyclohexene, 3-butyl-3-methyl-1-trimethylsilyloxy-",-1.0
ENSMUSG00000041720-P,"1-Butanamine, N,N-diethyl-",-1.0
ENSMUSG00000041720-P,Nonadecanoic acid,-1.0
ENSMUSG00000061838-P,"1,2,2-Trimethyl-1-aza-spiro[2.3]hexane",-1.0
ENSMUSG00000033453-P,L-Hydroxyproline,-1.0
ENSMUSG00000048175-P,"Tacrine, N-trimethylsilyl-",-1.0
ENSMUSG00000049744-P,"Glycine, N-(N-DL-leucylglycyl)-",-1.0
ENSMUSG00000041841-P,Nitrosothymol,-1.0
ENSMUSG00000039157-P,Carfentrazone-ethyl,1.0
ENSMUSG00000052534-P,DL-Glyceraldehyde,1.0
ENSMUSG00000052534-P,Trimidox,-1.0
ENSMUSG00000015932-P,Aspartic acid,-1.0
ENSMUSG00000040612-P,"2,2-Diallylpyrrolidine",1.0
ENSMUSG00000004285-P,12-Oxooctadecanoate,-1.0
ENSMUSG00000004285-P,"2,4-Imidazolidinedione, 5,5-dimethyl-",-1.0
ENSMUSG00000004285-P,Nitrosothymol,-1.0
ENSMUSG00000004285-P,Pentadecanoic acid,-1.0
ENSMUSG00000027782-P,1-Hexadecanol,-1.0
ENSMUSG00000038064-P,"Benzaldehyde, 2,5-dimethyl-",-1.0
ENSMUSG00000038064-P,D-(-)-Citramalic acid,-1.0
ENSMUSG00000038064-P,"Dodecane, 4,6-dimethyl-",-1.0
ENSMUSG00000034768-P,"Thiazolo[4,5-f]quinoline, 2,9-dimethyl-",-1.0
ENSMUSG00000028051-P,"3,5-di-tert-Butyl-4-hydroxyacetophenone",1.0
ENSMUSG00000028051-P,9-Octadecenamide,-1.0
ENSMUSG00000028051-P,"Cholesta-3,5-dien-7-one",-1.0
ENSMUSG00000028051-P,Glyceric acid,-1.0
ENSMUSG00000056952-P,"1,1'-Biphenyl, 3,4-diethyl-",-1.0
ENSMUSG00000056952-P,2-Aminoadipic acid,-1.0
ENSMUSG00000056952-P,"Inosose-2, 1,3,4,5,6-pentakis-",-1.0
ENSMUSG00000056952-P,"N,9-bis(Trimethylsilyl)-6-[(trimethylsilyl)oxy]-9H-purin-2-amine",-1.0
ENSMUSG00000027598-P,"Benzene, 1-acetoxy-2,6-dimethoxy-4-(2-propenyl)-",-1.0
ENSMUSG00000024576-P,Isopropyl palmitate,1.0
ENSMUSG00000030697-P,"3-(3-Cyclohexylaminopropionylamino)-5-ethylthiophene-2-carboxylic acid, ethyl ester",-1.0
ENSMUSG00000030697-P,Desmosterol,-1.0
ENSMUSG00000024191-P,1-Deoxypentitol,1.0
ENSMUSG00000024191-P,3-Methoxysalicylic acid,-1.0
ENSMUSG00000024191-P,"3beta-TRIMETHYLSILOXY-5alpha,6alpha-EPOXYCHOLESTANE",1.0
ENSMUSG00000024191-P,"6,8-Dioxapentadecane",1.0
ENSMUSG00000024191-P,"Benzoic acid, methyl ester",1.0
ENSMUSG00000030286-P,12-Oxooctadecanoate,-1.0
ENSMUSG00000091475-P,"Cyclopentanone, 2,2,4-trimethyl-",-1.0
ENSMUSG00000091475-P,Methylmalonic monoamide,-1.0
ENSMUSG00000026509-P,Heptanoic acid,1.0
ENSMUSG00000099689-P,Butylated Hydroxytoluene,1.0
ENSMUSG00000034377-P,1-(3-Methylphenyl)piperazine,1.0
ENSMUSG00000034377-P,"Benzoic acid, pentadecyl ester",1.0
ENSMUSG00000098113-P,L-Glutamine,1.0
ENSMUSG00000087083-P,Levulinic acid,1.0
ENSMUSG00000006005-P,3'-(Trimethylsilyl)oxy-beta-naphthoflavone,-1.0
ENSMUSG00000104682-P,Glyoxime,1.0
ENSMUSG00000104682-P,Hydracrylic acid,1.0
ENSMUSG00000022023-P,3-Indoleacetic acid,1.0
ENSMUSG00000022023-P,Indole-3-lactic acid,1.0
ENSMUSG00000091183-P,3-Hydroxyisovaleric acid,1.0
ENSMUSG00000091183-P,"Benzimidazole, 5-trifluoromethyl-2-methyl-",1.0
ENSMUSG00000091183-P,"Propanetriol, 2-methyl-",1.0
ENSMUSG00000026820-P,Butylmethylamine,-1.0
ENSMUSG00000030352-P,2-Methyl-4-pentenoic acid,-1.0
ENSMUSG00000037646-P,DL-Glyceraldehyde,1.0
ENSMUSG00000040167-P,3-Aminobenzoic acid,-1.0
ENSMUSG00000040167-P,Alloxanic acid,-1.0
ENSMUSG00000077767-P,N-Methyl-N-(tetrahydro-2-furanylmethyl)-4-piperidinamine,1.0
ENSMUSG00000031489-P,2-Ethyl-3-hydroxypropionic acid,-1.0
ENSMUSG00000032306-P,Octocrylene,-1.0
ENSMUSG00000024947-P,D-(-)-Citramalic acid,-1.0
ENSMUSG00000029772-P,"Benzimidazole, 5-trifluoromethyl-2-methyl-",1.0
ENSMUSG00000029772-P,"Benzoic acid, pentadecyl ester",1.0
ENSMUSG00000029772-P,beta-Lyxopyranose,1.0
ENSMUSG00000029772-P,Levulinic acid,1.0
ENSMUSG00000029772-P,p-Toluic acid,1.0
ENSMUSG00000022426-P,"2,3-Butanediol",-1.0
ENSMUSG00000011831-P,3-Indoleacetic acid,1.0
ENSMUSG00000064246-P,"2,5-Dimethoxybenzhydrazide",1.0
ENSMUSG00000064246-P,"Erythrono-1,4-lactone, (Z)-",1.0
ENSMUSG00000064246-P,"Pyrimidine, 5-methyl-2,4-bis[(trimethylsilyl)oxy]-",1.0
ENSMUSG00000042686-P,Isopropyl palmitate,1.0
ENSMUSG00000068196-P,1-Hydroxy-3-methoxy-6-methylanthraquinone,-1.0
ENSMUSG00000068196-P,Isonicotinic Acid,-1.0
ENSMUSG00000058351-P,"1H-Pyrazole, 3,4-bis(trimethylsilyl)-",1.0
ENSMUSG00000058351-P,2-Hydroxybutyric acid,1.0
ENSMUSG00000058351-P,L-Cysteine,1.0
ENSMUSG00000058351-P,"N,N-Dimethyl-2-cyclohexyloxyethylamine",-1.0
ENSMUSG00000058351-P,Xylitol,1.0
ENSMUSG00000031590-P,"2-Heptanone, 4,6-dimethyl-",1.0
ENSMUSG00000031590-P,"3-Methylpiperazine-2,5-dione, (R)-",1.0
ENSMUSG00000025505-P,"Ethanone, 1-(2,5-dimethoxyphenyl)-",1.0
ENSMUSG00000039194-P,3-Aminobutanoic acid,1.0
ENSMUSG00000002660-P,9-Hexadecenoic acid,1.0
ENSMUSG00000002660-P,L-Glutamine,-1.0
ENSMUSG00000048612-P,"(7a-Isopropenyl-4,5-dimethyloctahydroinden-4-yl)methanol",-1.0
ENSMUSG00000048612-P,Urea,-1.0
ENSMUSG00000031246-P,"2,5-Piperazinedione, 3-benzyl-6-isopropyl-",1.0
ENSMUSG00000031246-P,"Benzoic acid, pentadecyl ester",1.0
ENSMUSG00000031246-P,Butanedioic acid,1.0
ENSMUSG00000031246-P,Cadaverine,1.0
ENSMUSG00000031246-P,"Inosose-2, 1,3,4,5,6-pentakis-",1.0
ENSMUSG00000014603-P,"Dodecanoic acid, 1-methylethyl ester",-1.0
ENSMUSG00000031922-P,"2-(Decanoyloxy)propane-1,3-diyl dioctanoate",1.0
ENSMUSG00000047141-P,Butylated Hydroxytoluene,1.0
ENSMUSG00000032288-P,"1-Butanamine, N,N-diethyl-",-1.0
ENSMUSG00000032288-P,1-Cyclopentylethanol,-1.0
ENSMUSG00000029438-P,2-Hydroxy-3-methylbutyric acid,1.0
ENSMUSG00000029438-P,"2,5-Di-tert-butylhydroquinone",-1.0
ENSMUSG00000029438-P,"Azetidine, 1-acetyl-2-methyl-",1.0
ENSMUSG00000029438-P,Dihydrouracil,1.0
ENSMUSG00000029438-P,Glycolic acid,1.0
ENSMUSG00000038555-P,"3-(3-Cyclohexylaminopropionylamino)-5-ethylthiophene-2-carboxylic acid, ethyl ester",-1.0
ENSMUSG00000035293-P,"1,4-diazabicyclo[4.3.0]nonan-2,5-dione, 3-methyl ",1.0
ENSMUSG00000035293-P,2-Isopropyl-5-methyl-1-heptanol ,-1.0
ENSMUSG00000035293-P,3-Amino-2-piperidone,-1.0
ENSMUSG00000035293-P,"6,7,4'-Trihydroxyisoflavone",-1.0
ENSMUSG00000006476-P,"Benzoic acid, pentadecyl ester",-1.0
ENSMUSG00000006476-P,Levulinic acid,-1.0
ENSMUSG00000105729-P,Indole-5-carboxylic acid,-1.0
ENSMUSG00000045930-P,beta-Lyxopyranose,1.0
ENSMUSG00000045930-P,Butylated Hydroxytoluene,1.0
ENSMUSG00000045930-P,"Cyclopentaneacetic acid, 3-oxo-2-pentyl-",1.0
ENSMUSG00000045930-P,"N,O-Bis(trimethylsilyl)carbamate",1.0
ENSMUSG00000045930-P,Sertraline carbamoyl glucuronide,1.0
ENSMUSG00000002324-P,"Benzo[b]fluorene, 5-amino-7-methyl-1,2,3,4,6,7,8,9-octahydro-11-thia-10-aza-",-1.0
ENSMUSG00000022199-P,"N-(Trifluoroacetyl)-N,O,O'-tris(trimethylsilyl)normetanephrine",-1.0
ENSMUSG00000052584-P,"(7a-Isopropenyl-4,5-dimethyloctahydroinden-4-yl)methanol",1.0
ENSMUSG00000052584-P,L-Proline,-1.0
ENSMUSG00000052584-P,N-Isobutyl-sec-butylamine,1.0
ENSMUSG00000056735-P,"3-Methylpiperazine-2,5-dione, (R)-",-1.0
ENSMUSG00000056735-P,Hydracrylic acid,-1.0
ENSMUSG00000056735-P,L-Threonine,-1.0
ENSMUSG00000056735-P,L-Valine,-1.0
ENSMUSG00000056735-P,Nonanoic acid,-1.0
ENSMUSG00000056735-P,Pyroglutamic acid,-1.0
ENSMUSG00000056735-P,Serine,-1.0
ENSMUSG00000012422-P,"D-Isoleucine, N-acetyl-",1.0
ENSMUSG00000062040-P,"2,6-Dimethoxybenzylamine",1.0
ENSMUSG00000062040-P,"Benzenemethanamine, 2,3-dimethoxy-",1.0
ENSMUSG00000062040-P,Butylmethylamine,1.0
ENSMUSG00000062040-P,Cyclohexanol,1.0
ENSMUSG00000062040-P,"Octane, 1-propoxy-",1.0
ENSMUSG00000062040-P,"Propanoic acid, 2-oxo-",1.0
ENSMUSG00000042129-P,3-Aminobenzoic acid,-1.0
ENSMUSG00000069631-P,"1-(4-Methoxyphenyl)-4,6-dimethyl-2(1H)-pyrimidinone",1.0
ENSMUSG00000069631-P,"beta-D-Galactofuranose, 1,2,3,5,6-pentakis-O-(trimethylsilyl)-",1.0
ENSMUSG00000069631-P,Propylamine,1.0
ENSMUSG00000039959-P,1-(3-Methylphenyl)piperazine,1.0
ENSMUSG00000020297-P,3'-(Trimethylsilyl)oxy-beta-naphthoflavone,-1.0
ENSMUSG00000020297-P,"Carbonic acid, eicosyl vinyl ester ",-1.0
ENSMUSG00000061689-P,"(9H-fluoren-9-yl)methanol, O-methoxycarbonyl-",-1.0
ENSMUSG00000061689-P,4-(Trimethylsilyoxy)-3-penten-2-one,-1.0
ENSMUSG00000061689-P,"Arabinofuranose, 1,2,3,5-tetrakis-O-",-1.0
ENSMUSG00000061689-P,Dodecylcyclohexane,-1.0
ENSMUSG00000070527-P,"3-Methylpiperazine-2,5-dione, (R)-",-1.0
ENSMUSG00000022427-P,beta-Lyxopyranose,1.0
ENSMUSG00000022427-P,"Erythrono-1,4-lactone, (Z)-",1.0
ENSMUSG00000022427-P,L-Aspartic acid,1.0
ENSMUSG00000022427-P,p-Toluic acid,1.0
ENSMUSG00000020553-P,"N-(Trifluoroacetyl)-N,O,O'-tris(trimethylsilyl)normetanephrine",-1.0
ENSMUSG00000030403-P,L-Lysine,1.0
ENSMUSG00000030403-P,"N-(Trifluoroacetyl)-N,O,O'-tris(trimethylsilyl)normetanephrine",-1.0
ENSMUSG00000038390-P,Methyl aminoacetate,-1.0
ENSMUSG00000038390-P,Nitrosothymol,-1.0
ENSMUSG00000034349-P,3-Indoleacetic acid,1.0
ENSMUSG00000027860-P,beta-Methylphenethylamine,1.0
ENSMUSG00000027860-P,"D-(-)-Fructofuranose, pentakis",-1.0
ENSMUSG00000085890-P,"Erythrono-1,4-lactone, (Z)-",-1.0
ENSMUSG00000085890-P,Glucopyranose,-1.0
ENSMUSG00000020235-P,1-Deoxypentitol,-1.0
ENSMUSG00000020235-P,"2,4-Imidazolidinedione, 5,5-dimethyl-",-1.0
ENSMUSG00000020235-P,Nitrosothymol,-1.0
ENSMUSG00000071637-P,1-Aminocyclopropanecarboxylic acid,-1.0
ENSMUSG00000071637-P,2-Hydroxy-3-methylbutyric acid,-1.0
ENSMUSG00000071637-P,"3-Cyclohexyl-L-alanine amide, N,N,N'N'-tetramethyl-",-1.0
ENSMUSG00000071637-P,Acetoacetic acid,-1.0
ENSMUSG00000071637-P,L-Threonine,-1.0
ENSMUSG00000097462-P,"2,6-Dimethyl-N-[3-(trimethylsilyl)-1,3-thiazinan-2-ylidene]aniline",1.0
ENSMUSG00000043263-P,2-Aminobutanoic acid,-1.0
ENSMUSG00000019173-P,Cyclobutanol,-1.0
ENSMUSG00000019173-P,N-Methyl-N-(tetrahydro-2-furanylmethyl)-4-piperidinamine,-1.0
ENSMUSG00000020491-P,"1,3,5-Benzetriol",1.0
ENSMUSG00000032261-P,"3,4-Dihydrocoumarin, 4,4-dimethyl-6-dimethylamino-",1.0
ENSMUSG00000032261-P,L-5-Oxoproline,1.0
ENSMUSG00000032261-P,L-Aspartic acid,1.0
ENSMUSG00000029551-P,Benzophenone,-1.0
ENSMUSG00000029551-P,"beta-D-Galactofuranose, 1,2,3,5,6-pentakis-O-(trimethylsilyl)-",-1.0
ENSMUSG00000029551-P,"Dodecane, 4,6-dimethyl-",-1.0
ENSMUSG00000017286-P,"1-Methyl-N,N-bis(trimethylsilyl)-4-[(trimethylsilyl)oxy]-1H-imidazol-2-amine",1.0
ENSMUSG00000017286-P,Alloxanic acid,1.0
ENSMUSG00000017286-P,cyclobutanecarboxylic acid,1.0
ENSMUSG00000017286-P,L-5-Oxoproline,1.0
ENSMUSG00000017286-P,L-Aspartic acid,1.0
ENSMUSG00000051297-P,"1,3,5-Trimethyl-1H-pyrazol-4-amine",1.0
ENSMUSG00000051297-P,2-Ketoisocaproic acid,1.0
ENSMUSG00000051297-P,3-Methyladenine,1.0
ENSMUSG00000103731-P,4-(Methoxycarbonyl)phenol,-1.0
ENSMUSG00000003190-P,Heptanoic acid,1.0
ENSMUSG00000051285-P,Isopropyl palmitate,1.0
ENSMUSG00000051285-P,Methyl aminoacetate,1.0
ENSMUSG00000098098-P,"Cyclohexene, 3-butyl-3-methyl-1-trimethylsilyloxy-",1.0
ENSMUSG00000051510-P,"1-Octene, 2-methyl-",1.0
ENSMUSG00000051510-P,2-Ethyl-3-hydroxypropionic acid,1.0
ENSMUSG00000051510-P,"2,2,4-Trimethyl-1,3-pentanediol diisobutyrate",1.0
ENSMUSG00000051510-P,"3beta,4beta-Bis(trimethylsiloxy)cholest-5-ene",1.0
ENSMUSG00000051510-P,Aceturic acid,1.0
ENSMUSG00000051510-P,Dinoseb ,1.0
ENSMUSG00000051510-P,Isofucosterol,1.0
ENSMUSG00000051510-P,Isopropyl palmitate,1.0
ENSMUSG00000036815-P,"9H-Purine, 9-(trimethylsilyl)-2,6,8-tris[(trimethylsilyl)oxy]-",-1.0
ENSMUSG00000032763-P,"N-(Trifluoroacetyl)-N,O,O'-tris(trimethylsilyl)normetanephrine",-1.0
ENSMUSG00000038324-P,"1-(1-Hydroxybutyl)-2,5-dimethoxybenzene ",-1.0
ENSMUSG00000038324-P,2-Hydroxybutyric acid,1.0
ENSMUSG00000038324-P,Octan-2-yl palmitate,1.0
ENSMUSG00000038324-P,Xylazine,-1.0
ENSMUSG00000016018-P,"Dodecane, 4,6-dimethyl-",-1.0
ENSMUSG00000016018-P,Phenoxyacetic acid,-1.0
ENSMUSG00000032560-P,3-Nonen-1-ol,-1.0
ENSMUSG00000015748-P,n-Pentadecanol,-1.0
ENSMUSG00000048330-P,1-Hydroxy-3-methoxy-6-methylanthraquinone,-1.0
ENSMUSG00000048330-P,"2,6-Dimethyl-N-[3-(trimethylsilyl)-1,3-thiazinan-2-ylidene]aniline",1.0
ENSMUSG00000048330-P,Aceturic acid,1.0
ENSMUSG00000048330-P,"D-(-)-Fructofuranose, pentakis",-1.0
ENSMUSG00000039145-P,"2-Heptanone, 4,6-dimethyl-",1.0
ENSMUSG00000041491-P,2-Hydroxy-3-methylbutyric acid,1.0
ENSMUSG00000041491-P,"2-Propenamide, 3-phenyl-N-2-propenyl-",1.0
ENSMUSG00000041491-P,"2,5-Di-tert-butylhydroquinone",-1.0
ENSMUSG00000041491-P,Dihydrouracil,1.0
ENSMUSG00000041491-P,Hydracrylic acid,1.0
ENSMUSG00000041491-P,"Pyrimidine, 5-methyl-2,4-bis[(trimethylsilyl)oxy]-",1.0
ENSMUSG00000045284-P,1-Hydroxy-3-methoxy-6-methylanthraquinone,-1.0
ENSMUSG00000045284-P,"Benzimidazole, 5-trifluoromethyl-2-methyl-",1.0
ENSMUSG00000045284-P,"Benzoic acid, pentadecyl ester",1.0
ENSMUSG00000045284-P,beta-Methylphenethylamine,1.0
ENSMUSG00000045284-P,Butylated Hydroxytoluene,1.0
ENSMUSG00000045284-P,Latanoprost lactone diol,-1.0
ENSMUSG00000045284-P,"N,O-Bis(trimethylsilyl)carbamate",1.0
ENSMUSG00000045284-P,p-Toluic acid,1.0
ENSMUSG00000064338-P,"6,8-Dioxapentadecane",-1.0
ENSMUSG00000064338-P,"Benzaldehyde, 2,5-dimethyl-",-1.0
ENSMUSG00000064338-P,"D-(+)-Ribono-1,4-lactone (R,S,R)-",-1.0
ENSMUSG00000064338-P,D-Arabinose,-1.0
ENSMUSG00000064338-P,Methylmalonic monoamide,-1.0
ENSMUSG00000043614-P,"Propiophenone, 3',4'-dimethoxy-",1.0
ENSMUSG00000043614-P,Uridine,-1.0
ENSMUSG00000052951-P,Benzenepropanoic acid,-1.0
ENSMUSG00000033021-P,"Glycine, N-[4-[(trimethylsilyl)oxy]benzoyl]-",1.0
ENSMUSG00000067148-P,Dopamine,-1.0
ENSMUSG00000067148-P,L-Lysine,1.0
ENSMUSG00000022843-P,"alpha-L-Galactopyranoside, methyl 6-deoxy-, (R,R,R,S,S)-",1.0
ENSMUSG00000022843-P,N-Methyl-N-(tetrahydro-2-furanylmethyl)-4-piperidinamine,1.0
ENSMUSG00000038884-P,Alloxanic acid,1.0
ENSMUSG00000043411-P,D-Arabinose,1.0
ENSMUSG00000043411-P,Uridine,1.0
ENSMUSG00000017670-P,L-Lysine,1.0
ENSMUSG00000014846-P,"2-Allyl-1,4-dimethoxybenzene",-1.0
ENSMUSG00000014846-P,Isopropyl palmitate,-1.0
ENSMUSG00000014846-P,Methyl aminoacetate,-1.0
ENSMUSG00000014846-P,Propylamine,-1.0
ENSMUSG00000020886-P,Methyl aminoacetate,-1.0
ENSMUSG00000020886-P,Pimelic acid,-1.0
ENSMUSG00000008348-P,1-Cyclopentylethanol,-1.0
ENSMUSG00000042659-P,"D-(-)-Fructofuranose, pentakis",-1.0
ENSMUSG00000019647-P,Valylglycine,1.0
ENSMUSG00000021709-P,"2-(Decanoyloxy)propane-1,3-diyl dioctanoate",1.0
ENSMUSG00000021709-P,"2,5-Piperazinedione, 3-benzyl-6-isopropyl-",1.0
ENSMUSG00000021709-P,"2,6-Bis[2-[2-S-thiosulfuroethylamino]ethoxy]pyrazine",1.0
ENSMUSG00000021709-P,4-Hydroxybenzeneacetic acid,1.0
ENSMUSG00000021709-P,beta-Lyxopyranose,1.0
ENSMUSG00000021709-P,Butanedioic acid,1.0
ENSMUSG00000021709-P,Ethanolamine,1.0
ENSMUSG00000031617-P,1-Deoxypentitol,1.0
ENSMUSG00000031617-P,2-Acetyl-5-chloro-3-methylbenzo(b)thiophene,1.0
ENSMUSG00000031617-P,"3beta,4beta-Bis(trimethylsiloxy)cholest-5-ene",1.0
ENSMUSG00000031617-P,cis-4-Trimethylsilyloxy-cyclohexyl(trimethylsilyl)carboxylate,1.0
ENSMUSG00000031617-P,N-Methyl-N-(tetrahydro-2-furanylmethyl)-4-piperidinamine,1.0
ENSMUSG00000031617-P,Triethanolamine,1.0
ENSMUSG00000024098-P,Isonicotinic Acid,-1.0
ENSMUSG00000024098-P,"N,N-Diethyl-2-aminoethanol",-1.0
ENSMUSG00000046806-P,2-Hydroxy-5-methoxybenzaldehyde,-1.0
ENSMUSG00000046806-P,4-(Trimethylsilyoxy)-3-penten-2-one,-1.0
ENSMUSG00000040661-P,2-Acetyl-5-chloro-3-methylbenzo(b)thiophene,1.0
ENSMUSG00000040661-P,"2,3,4-Trihydroxybutyric acid tetrakis",1.0
ENSMUSG00000040661-P,"2,5-Piperazinedione, 3-benzyl-6-isopropyl-",1.0
ENSMUSG00000040661-P,"3beta,4beta-Bis(trimethylsiloxy)cholest-5-ene",1.0
ENSMUSG00000040661-P,9-Octadecenoic acid,1.0
ENSMUSG00000040661-P,Arachidonic acid,1.0
ENSMUSG00000040661-P,"D-(+)-Ribono-1,4-lactone (R,S,R)-",1.0
ENSMUSG00000040661-P,D-Fructose,1.0
ENSMUSG00000040661-P,Dinoseb ,1.0
ENSMUSG00000040661-P,DL-Glyceraldehyde,1.0
ENSMUSG00000040661-P,Isofucosterol,1.0
ENSMUSG00000040661-P,Isopropyl palmitate,1.0
ENSMUSG00000040661-P,Methyl aminoacetate,1.0
ENSMUSG00000040661-P,Methyl-3-methoxy-5-methyl benzoate,1.0
ENSMUSG00000040661-P,Methylmalonic monoamide,1.0
ENSMUSG00000040661-P,N-Methyl-N-(tetrahydro-2-furanylmethyl)-4-piperidinamine,1.0
ENSMUSG00000040661-P,"Pentanedioic acid, 3-methyl-3-[(trimethylsilyl)oxy]-",1.0
ENSMUSG00000040661-P,Triethanolamine,1.0
ENSMUSG00000016487-P,"Benzoic acid, pentadecyl ester",1.0
ENSMUSG00000105302-P,"Pentanedioic acid, 3-methyl-3-[(trimethylsilyl)oxy]-",1.0
ENSMUSG00000105302-P,Triethanolamine,1.0
ENSMUSG00000031513-P,"5,6-Dimethyl-4-phenyl-3-cyanopyridine-2(1H)-thione",1.0
ENSMUSG00000031513-P,Bis(trimethylsilyl)histidine,1.0
ENSMUSG00000031513-P,L-5-Oxoproline,1.0
ENSMUSG00000042745-P,"1,2,2-Trimethyl-1-aza-spiro[2.3]hexane",-1.0
ENSMUSG00000042745-P,"5,6-Dimethyl-4-phenyl-3-cyanopyridine-2(1H)-thione",1.0
ENSMUSG00000026096-P,3-Aminobenzoic acid,1.0
ENSMUSG00000026096-P,"9H-Purine, 9-(trimethylsilyl)-2,6,8-tris[(trimethylsilyl)oxy]-",1.0
ENSMUSG00000026096-P,"Cyclopentanone, 2,2,4-trimethyl-",1.0
ENSMUSG00000026096-P,Dihydrouracil,1.0
ENSMUSG00000072662-P,D-Mannose,1.0
ENSMUSG00000033047-P,Arsenous acid,-1.0
ENSMUSG00000064340-P,1-Phenethylamine,-1.0
ENSMUSG00000064340-P,DL-Glyceraldehyde,-1.0
ENSMUSG00000064340-P,L-Aspartic acid,-1.0
ENSMUSG00000070643-P,"1,2,3,10,11,11a-Hexahydro-6,7,8-trimethoxy-3-oxo-5H-dibenzo(a,d)cycloheptene",1.0
ENSMUSG00000070643-P,2-Aminoadipic acid,1.0
ENSMUSG00000070643-P,Sertraline carbamoyl glucuronide,1.0
ENSMUSG00000022568-P,3-Ureidopropionic acid,-1.0
ENSMUSG00000022568-P,"3beta,4beta-Bis(trimethylsiloxy)cholest-5-ene",-1.0
ENSMUSG00000022568-P,cis-4-Trimethylsilyloxy-cyclohexyl(trimethylsilyl)carboxylate,-1.0
ENSMUSG00000022568-P,N-Methyl-N-(tetrahydro-2-furanylmethyl)-4-piperidinamine,-1.0
ENSMUSG00000072763-P,"1,3,5-Benzetriol",1.0
ENSMUSG00000072763-P,2-Acetyl-5-chloro-3-methylbenzo(b)thiophene,1.0
ENSMUSG00000072763-P,"2,6-Dimethyl-N-[3-(trimethylsilyl)-1,3-thiazinan-2-ylidene]aniline",1.0
ENSMUSG00000072763-P,3-Ureidopropionic acid,1.0
ENSMUSG00000072763-P,Dinoseb ,1.0
ENSMUSG00000072763-P,Guanabenz,1.0
ENSMUSG00000072763-P,Isopropyl palmitate,1.0
ENSMUSG00000072763-P,Propylamine,1.0
ENSMUSG00000072763-P,Triethanolamine,1.0
ENSMUSG00000030616-P,"2,6-Dimethyl-N-[3-(trimethylsilyl)-1,3-thiazinan-2-ylidene]aniline",1.0
ENSMUSG00000030616-P,Isofucosterol,1.0
ENSMUSG00000003949-P,"2,5-Piperazinedione, 3-benzyl-6-isopropyl-",1.0
ENSMUSG00000003949-P,"Furan, 2-pentyl-",1.0
ENSMUSG00000003949-P,Tributyl acetylcitrate,-1.0
ENSMUSG00000066595-P,13-Docosenamide,-1.0
ENSMUSG00000066595-P,"Carbonic acid, eicosyl vinyl ester ",-1.0
ENSMUSG00000066595-P,"Dodecanamide, N-(2-hydroxyethyl)-",-1.0
ENSMUSG00000046714-P,"2,5-Dimethoxymandelic acid",1.0
ENSMUSG00000004263-P,3-Aminobenzoic acid,-1.0
ENSMUSG00000021929-P,phenoxyethanol,-1.0
ENSMUSG00000028811-P,"1-(4-Methoxyphenyl)-4,6-dimethyl-2(1H)-pyrimidinone",1.0
ENSMUSG00000028811-P,2-Oxooctanoic acid,1.0
ENSMUSG00000025016-P,"Benzimidazole, 5-trifluoromethyl-2-methyl-",1.0
ENSMUSG00000025016-P,Levulinic acid,1.0
ENSMUSG00000034957-P,"Benzeneethanamine, N-[(pentafluorophenyl)methylene]-4-[(trimethylsilyl)oxy]-",1.0
ENSMUSG00000024800-P,10-Heptadecenoic acid,1.0
ENSMUSG00000024800-P,"2,4-Imidazolidinedione, 5,5-dimethyl-",1.0
ENSMUSG00000024800-P,3-Hexenedinitrile,1.0
ENSMUSG00000024800-P,3-Methoxysalicylic acid,-1.0
ENSMUSG00000024800-P,"3,5-Dimethylpyrazole",1.0
ENSMUSG00000024800-P,"6,7,4'-Trihydroxyisoflavone",1.0
ENSMUSG00000024800-P,"Benzimidazole, 5-trifluoromethyl-2-methyl-",1.0
ENSMUSG00000024800-P,"Benzoic acid, pentadecyl ester",1.0
ENSMUSG00000024800-P,Dinoseb ,1.0
ENSMUSG00000024800-P,Heptanoic acid,1.0
ENSMUSG00000024800-P,Levulinic acid,1.0
ENSMUSG00000024800-P,"Propanetriol, 2-methyl-",1.0
ENSMUSG00000078201-P,"2-Heptanone, 4,6-dimethyl-",1.0
ENSMUSG00000078201-P,Azatadine,1.0
ENSMUSG00000042506-P,"2,5-Dimethoxymandelic acid",1.0
ENSMUSG00000042506-P,Benzyl alcohol,1.0
ENSMUSG00000101059-P,Pimelic acid,1.0
ENSMUSG00000049287-P,"(9H-fluoren-9-yl)methanol, O-methoxycarbonyl-",-1.0
ENSMUSG00000033792-P,2-Hydroxybutyric acid,1.0
ENSMUSG00000033792-P,Cyclo-(l-leucyl-l-phenylalanyl) ,1.0
ENSMUSG00000033792-P,Dodecylcyclohexane,-1.0
ENSMUSG00000033792-P,L-Lysine,1.0
ENSMUSG00000018707-P,3-Methoxysalicylic acid,1.0
ENSMUSG00000018293-P,"Benzene, 1-acetoxy-2,6-dimethoxy-4-(2-propenyl)-",-1.0
ENSMUSG00000026527-P,"2,5-Dimethoxybenzhydrazide",-1.0
ENSMUSG00000026527-P,"3,4-Dihydrocoumarin, 4,4-dimethyl-6-dimethylamino-",-1.0
ENSMUSG00000026527-P,4-Pyridinol,-1.0
ENSMUSG00000026527-P,"7-Isoquinolinol, 1,2,3,4-tetrahydro-1-[(4-hydroxyphenyl)methyl]-6-methoxy-",-1.0
ENSMUSG00000026527-P,"Quinolin-4-one, 1-[2-(3,4-dimethoxyphenyl)ethyl]-octahydro-",-1.0
ENSMUSG00000085945-P,Bis(trimethylsilyl)histidine,1.0
ENSMUSG00000015970-P,"2,5-Dimethoxy-4-methylamphetamine",1.0
ENSMUSG00000015970-P,"2,5-Dimethoxybenzhydrazide",1.0
ENSMUSG00000015970-P,"3,5-di-tert-Butyl-4-hydroxyacetophenone",-1.0
ENSMUSG00000015970-P,beta-Methylphenethylamine,1.0
ENSMUSG00000015970-P,"D-(+)-Talofuranose, pentakis",1.0
ENSMUSG00000017314-P,Butanedioic acid,-1.0
ENSMUSG00000041685-P,5-Hydroxyquinoline,1.0
ENSMUSG00000046807-P,"N-isobutyl-2-(trimethylsilyloxy]-4,5-dihydro-1H-imidazole-1-carboxamide",-1.0
ENSMUSG00000031715-P,"Benzaldehyde, 2,5-dimethyl-",1.0
ENSMUSG00000031715-P,Isopropyl palmitate,1.0
ENSMUSG00000005699-P,"Acetic acid, bis[(trimethylsilyl)oxyl]-",1.0
ENSMUSG00000042594-P,10-Heptadecenoic acid,1.0
ENSMUSG00000042594-P,Levulinic acid,1.0
ENSMUSG00000102664-P,Hexanoic acid,-1.0
ENSMUSG00000102664-P,Tributyl acetylcitrate,1.0
ENSMUSG00000031079-P,"2,6-Dimethoxybenzylamine",-1.0
ENSMUSG00000031079-P,"3-Buten-2-one, 4-(4-methoxyphenyl)-",1.0
ENSMUSG00000031079-P,Campesterol,-1.0
ENSMUSG00000031079-P,"Cholesta-3,5-dien-7-one",1.0
ENSMUSG00000031079-P,"Propanoic acid, 2-oxo-",-1.0
ENSMUSG00000039000-P,"2,5-Dimethoxy-4-methylamphetamine",1.0
ENSMUSG00000039000-P,4-Hydroxybenzoic acid,1.0
ENSMUSG00000039000-P,4-Pyridinol,1.0
ENSMUSG00000039000-P,Pipecolic acid,1.0
ENSMUSG00000039000-P,Pyroglutamic acid,1.0
ENSMUSG00000027349-P,3-Aminobenzoic acid,1.0
ENSMUSG00000027349-P,Supraene,1.0
ENSMUSG00000027646-P,p-Toluic acid,1.0
ENSMUSG00000027646-P,Supraene,1.0
ENSMUSG00000038827-P,"Arabinofuranose, 1,2,3,5-tetrakis-O-",1.0
ENSMUSG00000038827-P,"N,N-Dimethyl-2-cyclohexyloxyethylamine",1.0
ENSMUSG00000038827-P,Pentadecanoic acid,1.0
ENSMUSG00000025231-P,2-Hydroxybutyric acid,-1.0
ENSMUSG00000025231-P,Guanabenz,-1.0
ENSMUSG00000020546-P,10-Heptadecenoic acid,1.0
ENSMUSG00000020546-P,Alloxanic acid,1.0
ENSMUSG00000020546-P,D-Fructose,1.0
ENSMUSG00000020546-P,Isopropyl palmitate,1.0
ENSMUSG00000020546-P,Levulinic acid,1.0
ENSMUSG00000020546-P,Methyl aminoacetate,1.0
ENSMUSG00000019088-P,phenoxyethanol,-1.0
ENSMUSG00000037408-P,10-Heptadecenoic acid,1.0
ENSMUSG00000037408-P,3-Aminobenzoic acid,1.0
ENSMUSG00000037408-P,Alloxanic acid,1.0
ENSMUSG00000037408-P,Nonanoic acid,1.0
ENSMUSG00000023046-P,"3,4-Dihydrocoumarin, 4,4-dimethyl-6-dimethylamino-",-1.0
ENSMUSG00000023046-P,4-Pyridinol,-1.0
ENSMUSG00000023046-P,"Cholesta-3,5-dien-7-one",-1.0
ENSMUSG00000023046-P,L-Threonine,-1.0
ENSMUSG00000023046-P,Pipecolic acid,-1.0
ENSMUSG00000023046-P,Pyroglutamic acid,-1.0
ENSMUSG00000023046-P,"Quinolin-4-one, 1-[2-(3,4-dimethoxyphenyl)ethyl]-octahydro-",-1.0
ENSMUSG00000023046-P,Serine,-1.0
ENSMUSG00000024976-P,D-Mannose,1.0
ENSMUSG00000039450-P,"Cyclohexene, 3-butyl-3-methyl-1-trimethylsilyloxy-",1.0
ENSMUSG00000039450-P,Malic acid,1.0
ENSMUSG00000066057-P,"2-Propenamide, 3-phenyl-N-2-propenyl-",1.0
ENSMUSG00000066057-P,"2,5-di-tert-Butyl-1,4-benzoquinone",-1.0
ENSMUSG00000041649-P,4-Pyridinol,-1.0
ENSMUSG00000042699-P,3-Amino-2-piperidone,1.0
ENSMUSG00000022177-P,"1-Decene, 8-methyl-",1.0
ENSMUSG00000024772-P,2-Methylglutaconic acid,-1.0
ENSMUSG00000021000-P,"2,2-Diallylpyrrolidine",1.0
ENSMUSG00000021000-P,"D-(-)-Fructofuranose, pentakis",-1.0
ENSMUSG00000030557-P,"6,7,4'-Trihydroxyisoflavone",1.0
ENSMUSG00000030557-P,N-Methyl-N-(tetrahydro-2-furanylmethyl)-4-piperidinamine,1.0
ENSMUSG00000021990-P,1-(3-Methylphenyl)piperazine,-1.0
ENSMUSG00000021990-P,12-Oxooctadecanoate,-1.0
ENSMUSG00000021990-P,Tributyl acetylcitrate,1.0
ENSMUSG00000029265-P,"2,5-Cyclohexadiene-1,4-dione, 2,6-bis(1,1-dimethylethyl)-",-1.0
ENSMUSG00000031479-P,4-Hydroxyphenyllactic acid,1.0
ENSMUSG00000031479-P,Benzophenone,1.0
ENSMUSG00000031479-P,Methyl aminoacetate,1.0
ENSMUSG00000039813-P,Erythritol,-1.0
ENSMUSG00000038135-P,"2-Allyl-1,4-dimethoxybenzene",-1.0
ENSMUSG00000038135-P,2-Amino-4-methylphenol,-1.0
ENSMUSG00000038135-P,4-Hydroxybenzeneacetic acid,-1.0
ENSMUSG00000038135-P,L-Threonine,-1.0
