"(2S,3R)-3-[(4E,7E)-Nona-4,7-dienoyl]-N,N-bis(trimethylsilyl)oxirane-2-carboxamide-P",PLS
"(9H-fluoren-9-yl)methanol, O-methoxycarbonyl--P",PLS
(CH3)2C=NC2H558-P,PLS
"(R*,S*)-2,3-Dihydroxybutanoic acid-P",PLS
"(S,S)-(-)-Hydrobenzoin-P",PLS
(pm)-N-Propylamphetamine-P,PLS
(pm)-Norketamine-P,PLS
(pm)-Phenylpropanolamine-P,PLS
(pm)-alpha-Tocopherol acetate-P,PLS
0610040J01Rik-C,CPX
"1,1'-Biphenyl, 3,4-diethyl--P",PLS
"1,2,3,10,11,11a-Hexahydro-6,7,8-trimethoxy-3-oxo-5H-dibenzo(a,d)cycloheptene-P",PLS
"1,2-Benzenedicarboxylic acid-P",PLS
"1,2-Butadiene, 1,1,4-triphenyl-3-trimethylsilyl-4-trimethylsilyloxy--P",PLS
"1,3,5-Benzetriol-P",PLS
"1,3-Cyclohexanebis(methylamine)-P",PLS
"1,3-Dioxane-4-methanol, 4,5-dimethyl--P",PLS
"1,3-bis[(Trimethylsilyl)ethynyl]benzene-P",PLS
"1,4-diazabicyclo[4.3.0]nonan-2,5-dione, 3-methyl-P",PLS
"1,5-Anhydroglucitol-P",PLS
1-(3-Methylphenyl)piperazine-P,PLS
1-(4-Hydroxybenzylidene)acetone-P,PLS
1-Aminocyclopropanecarboxylic acid-P,PLS
"1-Butanamine, N,N-diethyl--P",PLS
1-Cyclopentylethanol-P,PLS
"1-Decene, 8-methyl--P",PLS
1-Deoxypentitol-P,PLS
1-Hexadecanol-P,PLS
1-Hexanol-P,PLS
1-Hydroxy-3-methoxy-6-methylanthraquinone-P,PLS
"1-Methyl-N,N-bis(trimethylsilyl)-4-[(trimethylsilyl)oxy]-1H-imidazol-2-amine-P",PLS
1-Monoacetin-P,PLS
"1-Octanol, 2-butyl--P",PLS
1-Octanol-P,PLS
1-Phenethylamine-P,PLS
"1-Phenyl-1,2-ethanediol-P",PLS
1-Phenylethanol-P,PLS
"1-Piperazineethanol, 4-dibenzo[b,f][1,4]thiazepin-11-yl--P",PLS
1-Tetradecanol-P,PLS
10-Heptadecenoic acid-P,PLS
1110002L01Rik-S,STM
1110004F10Rik-C,CPX
12-Hydroxyoctadecanoic acid-P,PLS
12-Oxooctadecanoate-P,PLS
13-Docosenamide-P,PLS
1500015L24Rik-S,STM
1700017B05Rik-S,STM
1700018L02Rik-C,CPX
1700125H03Rik-C,CPX
"2',2,3,6'-Tetramethoxychalcone-P",PLS
"2,2,4-Trimethyl-1,3-pentanediol diisobutyrate-P",PLS
"2,2,8,8-Tetramethyl-3,7-dioxa-4-aza-2,8-disilanon-4-ene-P",PLS
"2,2-Diallylpyrrolidine-P",PLS
"2,3,4-Trihydroxybutyric acid tetrakis-P",PLS
"2,3-Butanediol-P",PLS
"2,4-Imidazolidinedione, 5,5-dimethyl--P",PLS
"2,5-Cyclohexadiene-1,4-dione, 2,6-bis(1,1-dimethylethyl)--P",PLS
"2,5-Dimethoxybenzonitrile-P",PLS
"2,5-Dimethoxymandelic acid-P",PLS
"2,5-Dimethoxyphenol-P",PLS
"2,5-Piperazinedione, 3-benzyl-6-isopropyl--P",PLS
"2,5-di-tert-Butyl-1,4-benzoquinone-P",PLS
"2,6-Bis[2-[2-S-thiosulfuroethylamino]ethoxy]pyrazine-P",PLS
"2,6-Dimethyl-N-[3-(trimethylsilyl)-1,3-thiazinan-2-ylidene]aniline-P",PLS
"2-(2,5-Dimethoxy-phenyl)-propionaldehyde-P",PLS
"2-(Decanoyloxy)propane-1,3-diyl dioctanoate-P",PLS
"2-Acetyl-3-(1-methyl-2-pyrrolyl)-1,4-benzenediol-P",PLS
"2-Allyl-1,4-dimethoxybenzene-P",PLS
"2-Amino-4,6-dihydroxypyrimidine-P",PLS
2-Amino-4-methylphenol-P,PLS
2-Aminoadipic acid-P,PLS
2-Aminobutanoic acid-P,PLS
2-Furoic acid-P,PLS
"2-Heptanone, 4,6-dimethyl--P",PLS
2-Heptenoic acid-P,PLS
2-Hexen-1-ol-P,PLS
"2-Hexenoic acid, 2-[(trimethylsilyl)oxy]--P",PLS
2-Hydroxy-3-methylbutyric acid-P,PLS
2-Hydroxy-5-methoxybenzaldehyde-P,PLS
2-Hydroxybutyric acid-P,PLS
2-Isopropyl-5-methyl-1-heptanol-P,PLS
2-Ketoisocaproic acid-P,PLS
2-Methyl-4-pentenoic acid-P,PLS
2-Methylglutaconic acid-P,PLS
2-Naphthol-P,PLS
"2-Propanone, bis(1-methylethyl)hydrazone-P",PLS
"2-Propenamide, 3-phenyl-N-2-propenyl--P",PLS
2-Pyrrolidinone-P,PLS
2310014F06Rik-C,CPX
2310022A10Rik-S,STM
2410124H12Rik-C,CPX
2610020C07Rik-C,CPX
2700097O09Rik-S,STM
2810021J22Rik-C,CPX
3'-(Trimethylsilyl)oxy-beta-naphthoflavone-P,PLS
3'-Hydroxyacetophenone-P,PLS
"3,4-Dihydroxymandelic acid, ethyl ester-P",PLS
"3,4-dimethyl-5-(3,4-methylenedioxy)phenyloxazolidine-P",PLS
"3,5-Dimethylpyrazole-P",PLS
3-(2-Hydroxyethyl)imidazole-2-thione-P,PLS
"3-(3-Cyclohexylaminopropionylamino)-5-ethylthiophene-2-carboxylic acid, ethyl ester-P",PLS
3-Amino-2-piperidone-P,PLS
3-Amino-5-morpholinomethyl-2-oxazolidinone-P,PLS
3-Aminobutanoic acid-P,PLS
"3-Buten-2-one, 3-trimethylsilyloxy--P",PLS
"3-Buten-2-one, 4-(4-methoxyphenyl)--P",PLS
"3-Cyclohexyl-L-alanine amide, N,N,N'N'-tetramethyl--P",PLS
3-Hexenedinitrile-P,PLS
"3-Hydroxy-2,3-dihydromaltol-P",PLS
3-Hydroxybutyric acid-P,PLS
3-Hydroxyisovaleric acid-P,PLS
3-Indoleacetic acid-P,PLS
3-Indolepropionic acid-P,PLS
3-Methoxysalicylic acid-P,PLS
3-Nonen-1-ol-P,PLS
"3beta,4beta-Bis(trimethylsiloxy)cholest-5-ene-P",PLS
4-(Methoxycarbonyl)phenol-P,PLS
4-Cumylphenol-P,PLS
4-Hydroxy-5-(hydroxymethyl)oxolan-2-one-P,PLS
4-Hydroxybenzaldehyde-P,PLS
4-Hydroxybenzeneacetic acid-P,PLS
4-Hydroxybenzoic acid-P,PLS
4-Hydroxybutanoic acid-P,PLS
4-Hydroxyphenyllactic acid-P,PLS
4632415L05Rik-C,CPX
4833418N02Rik-S,STM
4921504A21Rik-C,CPX
4921539H07Rik-S,STM
4930412C18Rik-C,CPX
4930444P10Rik-S,STM
4930447M23Rik-S,STM
4930556M19Rik-C,CPX
4933439K11Rik-C,CPX
5-(2-Aminopropyl)-2-methylphenol-P,PLS
5-Aminovaleric acid-P,PLS
"5-Androsten-17alpha-methyl-3beta,17beta-diol-P",PLS
"5-Cholesten-3beta, 7alpha-bis[(trimethylsilyl)oxy]--P",PLS
5-Ethyluracil-P,PLS
5-Henicosylresorcinol-P,PLS
5-Hydroxyhexanoic acid-P,PLS
5-Hydroxyquinoline-P,PLS
5-Hydroxytryptophan-P,PLS
5430402O13Rik-C,CPX
5730455P16Rik-C,CPX
"5alpha-Pregnane-3,20-dione-P",PLS
"6,7,4'-Trihydroxyisoflavone-P",PLS
6-Hydroxyflavone-beta-D-glucoside-P,PLS
6030458C11Rik-S,STM
7-(Trimethylsilyl)amino-4-methylcoumarin-P,PLS
"7-Acetyl-6-ethyl-1,1,4,4-tetramethyltetralin-P",PLS
"7-Isoquinolinol, 1,2,3,4-tetrahydro-1-[(4-hydroxyphenyl)methyl]-6-methoxy--P",PLS
"9,12-Octadecadienoic acid-P",PLS
9-Hexadecenoic acid-P,PLS
9-Octadecenamide-P,PLS
9330151L19Rik-S,STM
9530026P05Rik-C,CPX
A430108G06Rik-C,CPX
AA986860-S,STM
AI504432-S,STM
AI593442-S,STM
Aasdhppt-C,CPX
Aasdhppt-S,STM
Abcg1-S,STM
Abhd17b-S,STM
Abhd2-S,STM
Abi2-S,STM
Abitram-C,CPX
Abtb2-C,CPX
Acacb-C,CPX
Acad9-C,CPX
Acad9-S,STM
Acadm-S,STM
Acadvl-S,STM
Acbd4-C,CPX
Accs-S,STM
Ace2-S,STM
"Acetamide, N,N-diethyl--P",PLS
"Acetic acid, bis[(trimethylsilyl)oxyl]--P",PLS
"Acetin, bis-1,3-trimethylsilyl ether-P",PLS
Acetoacetic acid-P,PLS
"Acetohydrazide, 2-(2-isopropyl-5-methylphenoxy)-N2-benzylideno--P",PLS
Aceturic acid-P,PLS
Acin1-S,STM
Acot6-C,CPX
Acot7-S,STM
Acox1-C,CPX
Acsf2-S,STM
Actr3-C,CPX
Acvrl1-S,STM
Ada-C,CPX
Adam15-C,CPX
Adamts15-C,CPX
Adamtsl1-C,CPX
Adck2-C,CPX
Adcy2-S,STM
Adcy5-S,STM
Adcy9-C,CPX
Adgra1-S,STM
Adipoyl-L-carnitine-P,PLS
Adora2a-S,STM
Adprh-C,CPX
Adra2a-S,STM
Afg3l1-C,CPX
Agbl3-C,CPX
Agbl5-S,STM
Ago2-S,STM
Agrn-C,CPX
Ahcyl2-C,CPX
Alas1-S,STM
Aldh1l1-C,CPX
Aldh3a2-S,STM
Aldh9a1-C,CPX
Alg5-S,STM
Alkbh6-C,CPX
Allylescaline-P,PLS
Alx3-C,CPX
Amfr-C,CPX
Amigo2-S,STM
Ammeline-P,PLS
Amz2-S,STM
Ankrd12-C,CPX
Ankrd34a-C,CPX
Ankub1-S,STM
Ano2-S,STM
Ano8-C,CPX
Aox3-C,CPX
Ap1ar-S,STM
Ap2a1-C,CPX
Ap2b1-C,CPX
Ap3b1-C,CPX
Ap3s2-C,CPX
Apc2-C,CPX
Aqp11-C,CPX
Arabinaric acid-P,PLS
Arachidonic acid-P,PLS
Arel1-S,STM
Arf2-C,CPX
Arhgap10-S,STM
Arhgap15-C,CPX
Arhgap5-C,CPX
Arhgef12-C,CPX
Arhgef28-S,STM
Arid2-C,CPX
Arid4a-C,CPX
Arl2bp-C,CPX
Arl2bp-S,STM
Armcx2-C,CPX
Arrdc4-C,CPX
Arsenous acid-P,PLS
Arsj-S,STM
Art4-C,CPX
Arx-S,STM
Asb16-C,CPX
Asb8-C,CPX
Ash1l-C,CPX
Aspartic acid-P,PLS
Atf6b-C,CPX
Atn1-C,CPX
Atp5me-C,CPX
Atp5mg-C,CPX
Atp5po-S,STM
Atp6v1f-C,CPX
Atp7a-C,CPX
Atr-S,STM
Atrazine desethyl-P,PLS
Atxn10-S,STM
Azatadine-P,PLS
"Azetidine, 1-acetyl-2-methyl--P",PLS
"Aziridine, 1-(2-buten-2-yl)--P",PLS
B130034C11Rik-C,CPX
B230219D22Rik-C,CPX
BB031773-S,STM
BC004004-S,STM
BC065397-C,CPX
Baiap2l1-C,CPX
Basp1-S,STM
Baz1a-S,STM
Baz1b-C,CPX
Bcat1-C,CPX
Bcl7a-C,CPX
Bclaf1-C,CPX
Bcor-S,STM
Bend5-S,STM
Bend7-S,STM
"Benzaldehyde, 2,5-dimethyl--P",PLS
"Benzene, 1,1'-(1,2-cyclobutanediyl)bis--P",PLS
"Benzene, 1,3-bis(1,1-dimethylethyl)--P",PLS
"Benzene, 1-acetoxy-2,6-dimethoxy-4-(2-propenyl)--P",PLS
"Benzene, 3-cyclohexen-1-yl--P",PLS
Benzeneacetamide-P,PLS
Benzeneacetic acid-P,PLS
"Benzeneethanamine, N-[(pentafluorophenyl)methylene]-4-[(trimethylsilyl)oxy]--P",PLS
"Benzenemethanamine, 2,3-dimethoxy--P",PLS
"Benzimidazole, 5-trifluoromethyl-2-methyl--P",PLS
"Benzo[b]fluorene, 5-amino-7-methyl-1,2,3,4,6,7,8,9-octahydro-11-thia-10-aza--P",PLS
"Benzoic acid, methyl ester-P",PLS
"Benzoic acid, pentadecyl ester-P",PLS
Benzophenone-P,PLS
Benzyl alcohol-P,PLS
Bet1-S,STM
Bhlhe41-C,CPX
Bhmt2-C,CPX
Birc2-C,CPX
Bis(trimethylsilyl)acetylene-P,PLS
Bloc1s1-C,CPX
Bltp3b-S,STM
Bnip1-C,CPX
Boric acid-P,PLS
Brd2-C,CPX
Brd3-S,STM
Brd4-C,CPX
Btbd2-C,CPX
Btg1-C,CPX
"Butanal, 2,3,4-tris[(trimethylsilyl)oxy]-, O-methyloxime, [R-(R*,R*)]--P",PLS
"Butanoic acid, 2,4-bis[(trimethylsilyl)oxy]--P",PLS
"Butanoic acid, 2-methyl-3-[(trimethylsilyl)oxy]--P",PLS
Butylated Hydroxytoluene-P,PLS
Bvht-C,CPX
C130021I20Rik-C,CPX
C130026L21Rik-S,STM
C130075A20Rik-S,STM
C130089K02Rik-C,CPX
C230014O12Rik-S,STM
C2cd2l-S,STM
Cables2-C,CPX
Cachd1-S,STM
Cacna2d3-S,STM
Cacng2-S,STM
Cacng4-S,STM
Cacul1-S,STM
Cadaverine-P,PLS
Calb2-S,STM
Caly-S,STM
Camk1d-C,CPX
Camsap2-C,CPX
Capn15-C,CPX
Capn2-C,CPX
Car8-S,STM
Carfentrazone-ethyl-P,PLS
Casp8-C,CPX
Casp8-S,STM
Casq2-S,STM
Cast-C,CPX
Cbarp-C,CPX
Cbln2-S,STM
Cbln3-S,STM
Ccar1-C,CPX
Ccdc148-C,CPX
Ccdc177-S,STM
Ccdc18-C,CPX
Ccdc186-C,CPX
Ccdc187-S,STM
Ccdc30-S,STM
Ccdc33-C,CPX
Ccdc34-S,STM
Ccdc59-C,CPX
Ccdc88a-C,CPX
Ccdc9b-S,STM
Ccn4-C,CPX
Ccnd1-C,CPX
Ccno-S,STM
Ccpg1-C,CPX
Cct4-C,CPX
Cct8-S,STM
Cd47-C,CPX
Cd99l2-S,STM
Cdc14a-C,CPX
Cdh4-C,CPX
Cdip1-S,STM
Cdk17-S,STM
Cdkl3-C,CPX
Cdkn1c-C,CPX
Cdr2l-C,CPX
Cebpa-C,CPX
Cebpd-C,CPX
Cebpz-C,CPX
Celf1-S,STM
Cenpq-S,STM
Cep290-C,CPX
Cep41-C,CPX
Cep57-C,CPX
Cep63-S,STM
Cep78-C,CPX
Cep95-C,CPX
"Cephalotaxine, 3-deoxy-3,11-epoxy-, (3alpha,11alpha)--P",PLS
Cerkl-C,CPX
Cerox1-C,CPX
"Cetaben, N,O-bis(trimethylsilyl)--P",PLS
Cfap46-C,CPX
Cfap54-S,STM
Cfap92-S,STM
Chdh-C,CPX
Chi3l1-C,CPX
Chia1-S,STM
Chmp1b2-S,STM
Chmp2a-S,STM
Chmp4c-C,CPX
"Cholest-22-ene-21-ol, 3,5-dehydro-6-methoxy-, pivalate-P",PLS
"Cholest-7-en-3-ol, (3beta,5alpha)--P",PLS
"Cholesta-3,5-diene-P",PLS
Cholesterol-P,PLS
Cinnamic acid-P,PLS
Cisd3-S,STM
Citric acid-P,PLS
Ckb-S,STM
Ckmt1-S,STM
Clcn2-C,CPX
Cldn22-C,CPX
Clec12a-S,STM
Clec14a-C,CPX
Clpp-C,CPX
Cltb-C,CPX
Cmas-S,STM
Cmtm8-C,CPX
Cnih2-C,CPX
Cnnm4-C,CPX
Cntn1-C,CPX
Cntnap3-S,STM
Cntnap4-S,STM
Coch-S,STM
Cog4-S,STM
Cog8-C,CPX
Col27a1-S,STM
Col4a2-S,STM
Col5a3-C,CPX
Col6a3-S,STM
Col8a1-C,CPX
Col9a2-C,CPX
Cope-C,CPX
Copg1-C,CPX
Copg1-S,STM
Coro1c-S,STM
Coro7-S,STM
Cox18-C,CPX
Cox6b2-S,STM
Cpped1-S,STM
Cpxm1-S,STM
Cracr2b-C,CPX
Crebzf-S,STM
Crlf1-S,STM
Crls1-S,STM
Crybb3-S,STM
Crygn-C,CPX
Csnk1a1-C,CPX
Cspg5-C,CPX
Cstf2-C,CPX
Ctdspl2-C,CPX
Ctnna1-S,STM
Ctnnbip1-S,STM
Ctr9-C,CPX
Ctsc-C,CPX
Cul7-C,CPX
Cxadr-S,STM
Cxcl16-S,STM
Cxxc4-C,CPX
Cyclo(L-prolyl-L-valine)-P,PLS
Cyclo-(l-leucyl-l-phenylalanyl)-P,PLS
Cyclobutanol-P,PLS
"Cyclopentaneacetic acid, 3-oxo-2-pentyl--P",PLS
"Cyclopentanone, 2,2,4-trimethyl--P",PLS
Cyp4f15-S,STM
Cyren-C,CPX
Cyria-S,STM
Cyyr1-C,CPX
"D-(+)-Ribono-1,4-lactone (R,S,R)--P",PLS
"D-(+)-Talofuranose, pentakis-P",PLS
D-(-)-Citramalic acid-P,PLS
"D-(-)-Fructofuranose, pentakis-P",PLS
"D-(-)-Lyxose, tetrakis-P",PLS
"D-(-)-Ribofuranose, tetrakis-P",PLS
"D-Erythro-Pentofuranose, 2-deoxy-1,3-bis-O--P",PLS
D-Fructose-P,PLS
"D-Isoleucine, N-acetyl--P",PLS
D-Leucylglycylglycine-P,PLS
D-Mannose-P,PLS
D-Proline-P,PLS
D-Ribose-P,PLS
D-Threitol-P,PLS
"D-Xylofuranose, 1,2,3,5-tetrakis-O--P",PLS
D16Ertd472e-S,STM
D430036J16Rik-S,STM
D630036H23Rik-C,CPX
DL-Glyceraldehyde-P,PLS
DL-Ornithine-P,PLS
DL-Phenylalanine-P,PLS
"DL-Proline, 5-oxo--P",PLS
Dap3-C,CPX
Dbndd1-C,CPX
Dbndd1-S,STM
Dbpht2-C,CPX
Dcaf12l1-C,CPX
Dcp2-C,CPX
Dctn2-C,CPX
Dctn2-S,STM
Dcun1d4-S,STM
Dcxr-C,CPX
Ddb1-C,CPX
Ddb2-S,STM
Ddit4-C,CPX
Ddx19b-S,STM
Ddx20-S,STM
Ddx23-C,CPX
Ddx31-S,STM
Ddx46-S,STM
Decanoic acid-P,PLS
Dehydronorketamine-P,PLS
Dek-C,CPX
Delorazepam-P,PLS
Dennd2c-C,CPX
Dennd6b-S,STM
Deoxycholic Acid-P,PLS
Derl1-S,STM
Desmosterol-P,PLS
Dgki-S,STM
Dhx29-C,CPX
Dhx35-S,STM
Dhx36-C,CPX
Dhx9-C,CPX
Dihydrouracil-P,PLS
Dimethyl fumarate-P,PLS
"Dimethyl hexopyranosiduronate, alpha-D--P",PLS
Dinoseb-P,PLS
Diphenyl ether-P,PLS
Dipk1a-C,CPX
Dlg4-C,CPX
Dlgap4-C,CPX
Dll3-S,STM
Dlx1-S,STM
Dlx5-S,STM
Dnajc13-C,CPX
Dnajc21-C,CPX
Dnajc5-S,STM
Dnajc7-C,CPX
Dnase1l1-C,CPX
Dobutamine-P,PLS
Dock10-C,CPX
Dock3-S,STM
Dock8-S,STM
Doconexent-P,PLS
"Dodecane, 4,6-dimethyl--P",PLS
Dodecanoic acid-P,PLS
Dodecylcyclohexane-P,PLS
Dok1-C,CPX
Dpp10-C,CPX
Dpysl4-C,CPX
Dr1-C,CPX
Drc3-C,CPX
Dscam-S,STM
Dstn-C,CPX
Dtl-S,STM
Dtx2-S,STM
Dtx4-S,STM
Dusp1-C,CPX
Dusp12-S,STM
Dusp28-C,CPX
Dync1h1-C,CPX
Dync1li1-S,STM
Dync2i2-C,CPX
Dync2i2-S,STM
Dync2li1-C,CPX
Dynll1-C,CPX
Dynlt2b-C,CPX
E2f2-C,CPX
Ebag9-S,STM
Ebf1-S,STM
Eea1-C,CPX
Eef1a1-C,CPX
Eeig1-C,CPX
Efhb-C,CPX
Efhd2-S,STM
Efl1-S,STM
Efnb2-S,STM
Egfem1-S,STM
Ehd1-C,CPX
Eicosapentaenoic acid-P,PLS
Eid2b-C,CPX
Eif1b-S,STM
Eif3b-S,STM
Eif3g-C,CPX
Eif3h-C,CPX
Eif3l-C,CPX
Eipr1-C,CPX
Elapor2-S,STM
Elavl2-S,STM
Elmod2-S,STM
Emc10-C,CPX
Emc3-C,CPX
Emcn-S,STM
Emd-C,CPX
Emd-S,STM
Enho-S,STM
Enpp5-C,CPX
Entpd3-S,STM
Entpd6-C,CPX
Epm2aip1-S,STM
Epor-S,STM
Erbin-C,CPX
Ergic2-C,CPX
Erlin1-S,STM
Errfi1-C,CPX
Erythritol-P,PLS
"Erythrono-1,4-lactone, (Z)--P",PLS
Esam-S,STM
"Ethanamine, N,N-diethyl-2,2-dimethyl-2-[(3,5-dimethoxy)phenyl]--P",PLS
Ethanolamine-P,PLS
"Ethanone, 1-(2,5-dimethoxyphenyl)--P",PLS
"Ethanone, 1-(5-methoxy-2-methyl-3(1H)-indolyl)--P",PLS
Evi5-C,CPX
Exoc1-C,CPX
Exph5-C,CPX
Faap24-C,CPX
Faf2-S,STM
Fam13b-C,CPX
Fam13b-S,STM
Fam174c-S,STM
Fam241a-S,STM
Fam8a1-S,STM
Fam98b-C,CPX
Fance-C,CPX
Farsa-S,STM
Fastk-C,CPX
Fbxl16-S,STM
Fbxo25-S,STM
Fbxo28-S,STM
Fbxw4-S,STM
Fcf1-C,CPX
Fcho2-C,CPX
Fchsd1-S,STM
Fchsd2-C,CPX
Fchsd2-S,STM
Fer-C,CPX
Fgfr1op2-C,CPX
Fgl2-C,CPX
Fhad1-C,CPX
Fhl1-C,CPX
Fhod3-C,CPX
Firre-S,STM
Fkbp1b-S,STM
Fkbp4-S,STM
Flcn-C,CPX
Fli1-S,STM
Flvcr1-C,CPX
Fmnl2-S,STM
Fn3krp-C,CPX
Fndc3a-C,CPX
Fntb-S,STM
Foxc2-C,CPX
Foxk2-C,CPX
Frg1-C,CPX
Fsbp-C,CPX
Fsbp-S,STM
Fundc2-C,CPX
"Furan, 2-pentyl--P",PLS
Fxr1-C,CPX
Fxyd6-S,STM
Fyn-S,STM
Fzr1-C,CPX
G2e3-C,CPX
Gab2-S,STM
Gabra4-S,STM
Gad2-S,STM
Galactopyranose-P,PLS
Galnt13-S,STM
Galnt16-S,STM
Ganab-C,CPX
Gas6-C,CPX
Gclc-S,STM
Gdpd1-S,STM
Gdpd3-C,CPX
Gemin6-S,STM
Gemin7-S,STM
Gfra2-S,STM
Ggct-S,STM
Gin1-C,CPX
Gln-Ala-P,PLS
Glod4-C,CPX
Glucopyranose-P,PLS
Glucose-P,PLS
Glyceric acid-P,PLS
"Glycine, N-(1-oxobutyl)--P",PLS
"Glycine, N-(N-DL-leucylglycyl)--P",PLS
"Glycine, N-[4-[(trimethylsilyl)oxy]benzoyl]--P",PLS
Glycine-P,PLS
Glycolic acid-P,PLS
Glyoxime-P,PLS
Gm10699-S,STM
Gm12346-C,CPX
Gm13375-S,STM
Gm14798-C,CPX
Gm15083-C,CPX
Gm15408-C,CPX
Gm15446-S,STM
Gm15564-S,STM
Gm15587-C,CPX
Gm15675-C,CPX
Gm16339-S,STM
Gm17322-S,STM
Gm17530-C,CPX
Gm17530-S,STM
Gm1976-C,CPX
Gm19817-C,CPX
Gm19967-S,STM
Gm20045-S,STM
Gm20052-C,CPX
Gm20712-S,STM
Gm2445-C,CPX
Gm25517-C,CPX
Gm26814-S,STM
Gm26881-S,STM
Gm27200-S,STM
Gm29155-S,STM
Gm29325-S,STM
Gm3294-S,STM
Gm37124-S,STM
Gm37204-C,CPX
Gm37219-C,CPX
Gm37397-S,STM
Gm37534-S,STM
Gm37569-S,STM
Gm37735-S,STM
Gm38380-C,CPX
Gm4017-C,CPX
Gm42463-S,STM
Gm42600-S,STM
Gm42636-C,CPX
Gm42722-S,STM
Gm42725-S,STM
Gm42727-S,STM
Gm42869-S,STM
Gm43339-C,CPX
Gm43360-C,CPX
Gm43513-C,CPX
Gm43568-C,CPX
Gm43672-S,STM
Gm4491-S,STM
Gm4924-S,STM
Gm5093-S,STM
Gm5141-C,CPX
Gm6548-C,CPX
Gm6556-S,STM
Gm7467-S,STM
Gm8186-S,STM
Gm9920-C,CPX
Gm9930-S,STM
Gmppa-C,CPX
Gnas-C,CPX
Gng7-S,STM
Gnl2-S,STM
Gnl3l-S,STM
Golm2-C,CPX
Gorasp1-S,STM
Gpaa1-C,CPX
Gpr162-C,CPX
Gpr180-S,STM
Gpr19-C,CPX
Gpr4-C,CPX
Gpr65-C,CPX
Gpr88-S,STM
Gprc5c-C,CPX
Gpsm3-C,CPX
Grb2-S,STM
Grcc10-C,CPX
Greb1l-S,STM
Grpel1-C,CPX
Gsk3b-C,CPX
Gsta3-C,CPX
Gsta3-S,STM
Gsta4-C,CPX
Gstm6-C,CPX
Gtf3c1-S,STM
Gtpbp4-C,CPX
Guanabenz-P,PLS
Gucy1a1-S,STM
Guk1-C,CPX
Gxylt1-C,CPX
H13-S,STM
H1f10-C,CPX
Hapln3-S,STM
Haus4-C,CPX
Hbp1-S,STM
Hcn3-C,CPX
Hdgfl3-C,CPX
Heatr3-C,CPX
Heptadecanoic acid-P,PLS
Hes6-S,STM
Hexanedioic acid-P,PLS
Hexanoic acid-P,PLS
Hey1-S,STM
Hhip-S,STM
Hic2-S,STM
Hip1-C,CPX
Hk1-C,CPX
Hkdc1-C,CPX
Hlf-C,CPX
Hmces-C,CPX
Hmcn1-S,STM
Hmga1-C,CPX
Hmgb2-C,CPX
Hook2-C,CPX
Hs1bp3-S,STM
Hs3st5-S,STM
Hsdl2-C,CPX
Hspa1a-S,STM
Htatsf1-S,STM
Htr1a-S,STM
Htr1d-S,STM
Htr6-S,STM
Hydantoic acid-P,PLS
Hydracrylic acid-P,PLS
Hydroquinidine-P,PLS
Hydroquinone-P,PLS
Iba57-C,CPX
Ibtk-C,CPX
Icam4-C,CPX
Icosl-S,STM
Id1-C,CPX
Id4-S,STM
Ide-C,CPX
Idnk-S,STM
Ifi209-C,CPX
Ifi30-C,CPX
Ifih1-C,CPX
Ift122-S,STM
Ift172-S,STM
Ift46-S,STM
Igfbp2-C,CPX
Igfbp6-C,CPX
Igsf8-S,STM
Ikzf5-C,CPX
Il15ra-S,STM
Ildr2-C,CPX
Ilkap-C,CPX
Ilvbl-C,CPX
Imp3-C,CPX
Impdh1-S,STM
Impdh2-S,STM
Indole-3-carboxaldehyde-P,PLS
Indole-3-lactic acid-P,PLS
Indole-5-carboxylic acid-P,PLS
Inha-S,STM
Ino80-S,STM
Ino80c-C,CPX
"Inosose-2, 1,3,4,5,6-pentakis--P",PLS
Inpp4a-C,CPX
Inpp5a-C,CPX
Insc-S,STM
Insl5-S,STM
Insyn2a-S,STM
Ints10-C,CPX
Ints11-C,CPX
Ints6l-S,STM
Ip6k1-S,STM
Ip6k2-S,STM
Ipo13-S,STM
Iqcc-C,CPX
Iqgap2-C,CPX
Irak1bp1-C,CPX
Irak3-C,CPX
Irf3-C,CPX
Irf8-S,STM
Irs2-S,STM
Irx1-S,STM
Isg15-C,CPX
Isl1-S,STM
Isofucosterol-P,PLS
Isopropyl palmitate-P,PLS
Isoxaben-P,PLS
Itaconic acid-P,PLS
Itch-C,CPX
Itga4-S,STM
Itgam-S,STM
Itpr3-S,STM
Jcad-S,STM
Jmjd4-C,CPX
Josd1-C,CPX
Jph1-C,CPX
Junb-C,CPX
Jup-S,STM
Kat8-C,CPX
Katnal1-S,STM
Kcmf1-C,CPX
Kcnab1-S,STM
Kcnip1-S,STM
Kcnip3-S,STM
Kcnk5-C,CPX
Kcnk6-S,STM
Kcnq5-S,STM
Kctd1-S,STM
Kctd10-S,STM
Kdm3b-S,STM
Ketamine-P,PLS
Kif21a-C,CPX
Kif21b-C,CPX
Kif22-C,CPX
Kif2a-C,CPX
Kin-C,CPX
Klc1-C,CPX
Klf16-S,STM
Klf3-C,CPX
Klhdc10-S,STM
Klhdc3-S,STM
Klhl18-C,CPX
Kmt5b-C,CPX
Kndc1-S,STM
Kpna3-C,CPX
Kpna4-C,CPX
Kras-C,CPX
Kras-S,STM
Krcc1-C,CPX
Krt23-C,CPX
Krt80-S,STM
L-5-Oxoproline-P,PLS
L-Alanine-P,PLS
L-Asparagine-P,PLS
L-Aspartic acid-P,PLS
L-Cysteine-P,PLS
L-Glutamic acid-P,PLS
L-Hydroxyproline-P,PLS
L-Isoleucine-P,PLS
L-Leucine-P,PLS
"L-Lysine, ethyl ester-P",PLS
L-Norleucine-P,PLS
L-Threitol-P,PLS
"L-Tryptophan, N-acetyl-1-P",PLS
L-Tryptophan-P,PLS
L-Tyrosine-P,PLS
Lactb2-S,STM
Lactic Acid-P,PLS
Lama1-C,CPX
Lamtor4-S,STM
Lamtor5-S,STM
Laptm4b-S,STM
Latanoprost lactone diol-P,PLS
Lca5-S,STM
Lca5l-S,STM
Lepr-C,CPX
Leprotl1-C,CPX
Levulinic acid-P,PLS
Lgr4-C,CPX
Limch1-C,CPX
Lipo3-S,STM
Lmo2-S,STM
Lmtk2-S,STM
Lmtk3-C,CPX
Loxl1-S,STM
Lpgat1-C,CPX
Lpin2-S,STM
Lrch1-S,STM
Lrguk-C,CPX
Lrp2bp-C,CPX
Lrp6-C,CPX
Lrrc17-C,CPX
Lrrc4c-S,STM
Lrrc75b-C,CPX
Lrrc8a-C,CPX
Lrrc8b-S,STM
Lrrc8c-C,CPX
Lrrk1-S,STM
Lrtm2-S,STM
Luc7l2-S,STM
Lurap1-C,CPX
Luzp1-C,CPX
Luzp1-S,STM
Ly6e-S,STM
Ly6h-S,STM
Maco1-C,CPX
Macroh2a1-S,STM
Mafa-S,STM
Mafg-C,CPX
Magix-C,CPX
Malic acid-P,PLS
Manbal-S,STM
Mansc4-C,CPX
Map1lc3b-S,STM
Map2k6-S,STM
Map3k5-C,CPX
Map3k8-C,CPX
Map4k2-S,STM
Map9-C,CPX
Mapk8ip2-S,STM
Mapre2-S,STM
Mapt-S,STM
Marchf10-S,STM
Mcfd2-C,CPX
Mcrs1-S,STM
Me2-S,STM
Meaf6-C,CPX
Med23-S,STM
Med25-S,STM
Mef2a-C,CPX
Meis2-C,CPX
Men1-C,CPX
Mesd-S,STM
Metanephrine-P,PLS
"Methyl (3,4-dimethoxyphenyl)(hydroxy)acetate-P",PLS
Methyl alpha-Lyxofuranoside-P,PLS
Methyl aminoacetate-P,PLS
Methyl isovanillate-P,PLS
Methyl-3-methoxy-5-methyl benzoate-P,PLS
Methylmalonic monoamide-P,PLS
Mex3a-C,CPX
Mfge8-C,CPX
Mfsd2a-C,CPX
Mfsd3-C,CPX
Mfsd6-S,STM
Mhrt-S,STM
Mia2-C,CPX
Mib2-S,STM
Micall2-C,CPX
Micu1-S,STM
Mir9-3hg-S,STM
Mirin-P,PLS
Mkrn1-S,STM
Mllt11-S,STM
Mmut-S,STM
Mob2-S,STM
Mon1b-S,STM
Morn4-C,CPX
"Morpholine, 4-[2,3,4,6-tetrakis-O-(trimethylsilyl)-alpha-d-mannopyranosyl]--P",PLS
Mospd3-C,CPX
Mpi-C,CPX
Mpnd-C,CPX
Mpp2-C,CPX
Mpp7-C,CPX
Mpped2-S,STM
Mrc2-S,STM
Mrln-C,CPX
Mrm2-S,STM
Mrm3-S,STM
Mrnip-S,STM
Mroh5-S,STM
Mrpl17-C,CPX
Mrpl28-C,CPX
Mrpl30-S,STM
Mrpl37-S,STM
Mrpl58-S,STM
Mrps12-S,STM
Mrps18a-C,CPX
Mrps18b-S,STM
Mrps18c-S,STM
Mrps24-C,CPX
Mrps34-C,CPX
Mrps5-C,CPX
Msh2-C,CPX
Msh2-S,STM
Mtap-C,CPX
Mterf4-C,CPX
Mtf1-C,CPX
Mthfd2l-S,STM
Mthfr-S,STM
Mtmr2-C,CPX
Mtor-C,CPX
Mtpn-C,CPX
Mtrex-C,CPX
Mturn-S,STM
Mtx3-S,STM
Mx2-C,CPX
Myo1a-S,STM
Myof-C,CPX
Myristic acid-P,PLS
"N,9-bis(Trimethylsilyl)-6-[(trimethylsilyl)oxy]-9H-purin-2-amine-P",PLS
"N,N-Diethyl-2-aminoethanol-P",PLS
"N,N-Dimethyl-2-cyclohexyloxyethylamine-P",PLS
"N,O-Bis(trimethylsilyl)carbamate-P",PLS
N-(Trimethylsilyl)hexanamide-P,PLS
N-Acetyl-L-glutamic acid-P,PLS
N-Isobutyrylglycine-P,PLS
N-Isovaleroylglycine-P,PLS
N-Methyl-N-(tetrahydro-2-furanylmethyl)-4-piperidinamine-P,PLS
N-Valerylglycine-P,PLS
"N-isobutyl-2-(trimethylsilyloxy]-4,5-dihydro-1H-imidazole-1-carboxamide-P",PLS
Naa40-S,STM
Nadsyn1-S,STM
Nanp-S,STM
Naphthofluorescein-P,PLS
Nars2-S,STM
Nat10-S,STM
Ncaph2-C,CPX
Nckipsd-S,STM
Ncln-S,STM
Ncmap-S,STM
Ncoa5-S,STM
Ndfip1-C,CPX
Ndn-C,CPX
Ndufa13-S,STM
Ndufa8-C,CPX
Ndufaf1-C,CPX
Ndufaf8-S,STM
Ndufs3-C,CPX
Ndufs6-S,STM
Nedd4-C,CPX
Nek8-C,CPX
Neostigmine-P,PLS
Net1-C,CPX
Neu2-S,STM
Nfatc4-S,STM
Nfe2l2-C,CPX
Nfx1-S,STM
Nfyb-C,CPX
Ngef-S,STM
Niacin-P,PLS
Niacinamide-P,PLS
Niban1-C,CPX
Niban1-S,STM
Niclosamide-P,PLS
Nicol1-C,CPX
Nid2-S,STM
Nipbl-C,CPX
Nit2-C,CPX
Nit2-S,STM
Nitrosothymol-P,PLS
Nkapd1-C,CPX
Nkrf-S,STM
Nkx2-9-S,STM
Nmnat1-S,STM
Nmnat3-S,STM
Nod1-C,CPX
Nol8-C,CPX
Nonadecanoic acid-P,PLS
Nop16-C,CPX
Nop56-S,STM
Norketamine-P,PLS
Npas3-C,CPX
Npat-C,CPX
Npat-S,STM
Npepps-C,CPX
Npr2-S,STM
Nprl2-C,CPX
Nptn-S,STM
Nr2f6-S,STM
Nsg2-C,CPX
Nsmf-C,CPX
Nt5m-C,CPX
Nup214-C,CPX
"O-Methyl-N,N'-diisopropylisourea-P",PLS
Octan-2-yl palmitate-P,PLS
"Octane, 1-propoxy--P",PLS
Octanoic acid-P,PLS
Octocrylene-P,PLS
Octopamine-P,PLS
Ofd1-C,CPX
Ola1-C,CPX
Olfm2-C,CPX
Opa1-C,CPX
Ornithine-P,PLS
Osbp-C,CPX
Osbpl10-S,STM
Osbpl6-S,STM
Osbpl8-S,STM
Osgepl1-C,CPX
Otulinl-S,STM
Oxalic acid-P,PLS
Oxr1-S,STM
P2ry14-S,STM
P3h2-S,STM
Pabpc1-C,CPX
Pabpn1-S,STM
Pak2-C,CPX
Palmitelaidic acid-P,PLS
Palmitic Acid-P,PLS
Papss1-C,CPX
Pard6a-C,CPX
Parm1-S,STM
Parp3-C,CPX
Parp3-S,STM
Parva-S,STM
Parvg-C,CPX
Pawr-C,CPX
Pbx1-C,CPX
Pcdhb13-S,STM
Pcdhb20-S,STM
Pcdhb7-S,STM
Pcdhga5-S,STM
Pcdhga6-S,STM
Pcgf5-C,CPX
Pcmtd1-C,CPX
Pdap1-C,CPX
Pdcd4-C,CPX
Pdia5-S,STM
Pdlim1-C,CPX
Pdlim3-S,STM
Pdlim5-C,CPX
Pdpk1-S,STM
Pdss1-C,CPX
Pdzd11-S,STM
Pea15a-S,STM
Pebp4-C,CPX
Penk-S,STM
"Pentanedioic acid, 2-[(trimethylsilyl)oxy]--P",PLS
"Pentanedioic acid, 3-methyl-3-[(trimethylsilyl)oxy]--P",PLS
"Pentenoic acid, 4-[(trimethylsilyl)oxy]--P",PLS
Pentylone-P,PLS
Perm1-C,CPX
Pfas-C,CPX
Pfn1-C,CPX
Pgam1-S,STM
Pgap2-S,STM
Pgap4-S,STM
Phactr2-C,CPX
"Phenol, 3,5-bis(1,1-dimethylethyl)--P",PLS
Phenoxyacetic acid-P,PLS
Phenylalanine-P,PLS
Phenylpropanolamine-P,PLS
Phex-S,STM
Phf1-C,CPX
Phf12-S,STM
Phf3-C,CPX
Phlorizin-P,PLS
Phloroglucinol-P,PLS
Phosalone-P,PLS
Phthalazin-1-one-P,PLS
Pi4ka-C,CPX
Pigyl-C,CPX
Pimelic acid-P,PLS
Pip5k1b-S,STM
Pipecolic acid-P,PLS
Pja2-C,CPX
Pkia-S,STM
Pkn2-C,CPX
Pknox2-C,CPX
Pla2g3-C,CPX
Plcb4-C,CPX
Plcg1-S,STM
Pld5-S,STM
Plekhj1-S,STM
Plekhn1-C,CPX
Plgrkt-C,CPX
Plscr2-C,CPX
Pmm1-S,STM
Pmm2-C,CPX
Pmvk-S,STM
Pnck-S,STM
Pnoc-S,STM
Podxl2-S,STM
Poglut1-C,CPX
Poglut1-S,STM
Pold1-C,CPX
Polg2-S,STM
Polr1b-S,STM
Polr1c-C,CPX
Polr1g-S,STM
Polr2j-S,STM
Polr3c-S,STM
Pomgnt1-C,CPX
Por-C,CPX
Ppfibp1-C,CPX
Ppp1r12a-C,CPX
Ppp1r13b-S,STM
Ppp1r1b-C,CPX
Ppp4c-C,CPX
Ppp5c-C,CPX
Pqbp1-C,CPX
Preb-C,CPX
"Pregn-16-en-20-one, 3,18-bis(acetyloxy)-14,15-epoxy-, (3beta,5alpha,14beta,15beta)--P",PLS
Prkaca-C,CPX
Prkcsh-S,STM
Prlr-S,STM
Prmt8-S,STM
Prnp-S,STM
"Propanetriol, 2-methyl--P",PLS
"Propanoic acid, 2-methyl--P",PLS
"Propiophenone, 3',4'-dimethoxy--P",PLS
Propylamine-P,PLS
Prpf3-C,CPX
Prpf6-C,CPX
Prps1-S,STM
Prss22-S,STM
Prxl2c-C,CPX
Psip1-C,CPX
Psma4-C,CPX
Psmc2-S,STM
Psmc5-S,STM
Psmd10-S,STM
Psmd3-C,CPX
Psmd8-C,CPX
Psme4-S,STM
Psmg3-C,CPX
Pten-C,CPX
Ptger1-C,CPX
Ptges2-C,CPX
Ptges3-C,CPX
Pthlh-C,CPX
Ptk2b-C,CPX
Ptk7-S,STM
Ptpn6-S,STM
Pura-C,CPX
Pycr2-C,CPX
"Pyrazine, 3,6-dihydro-3,6-dimethyl--P",PLS
"Pyrimidine, 5-methyl-2,4-bis[(trimethylsilyl)oxy]--P",PLS
Pyrrole-2-carboxylic acid-P,PLS
Qars1-S,STM
Qrich1-S,STM
Qser1-C,CPX
Quazodine-P,PLS
Rab11fip5-C,CPX
Rab29-S,STM
Rab5a-C,CPX
Rab5c-C,CPX
Rad50-C,CPX
Rad51ap1-S,STM
Rad51ap2-S,STM
Rad54l2-C,CPX
Rai14-C,CPX
Ralgapa2-C,CPX
Ramac-C,CPX
Rap2a-S,STM
Rapgef5-S,STM
Rarb-S,STM
Rasgrp2-S,STM
Rasgrp3-S,STM
Rassf4-C,CPX
Rbm20-C,CPX
Rbm27-C,CPX
Rbm8a-S,STM
Rbms1-S,STM
Rbmx-S,STM
Rdx-C,CPX
Rec8-C,CPX
Recql5-C,CPX
Reep2-C,CPX
Repin1-C,CPX
Retreg3-C,CPX
Rgl2-S,STM
Rgs2-S,STM
Rgs20-S,STM
Rgs7-C,CPX
Rhob-C,CPX
Rhobtb2-S,STM
Ribitol-P,PLS
"Ribonic acid, 2,3,4,5-tetrakis--P",PLS
Ric3-C,CPX
Ric8a-S,STM
Rif1-C,CPX
Ripply3-C,CPX
Rit1-C,CPX
Rlbp1-C,CPX
Rmnd5b-C,CPX
Rnasel-C,CPX
Rnf123-S,STM
Rnf144a-S,STM
Rnf187-C,CPX
Rnf207-S,STM
Ro60-C,CPX
Robo2-S,STM
Rock1-C,CPX
Rora-C,CPX
Rpl18a-C,CPX
Rpl37-C,CPX
Rplp1-C,CPX
Rpn2-C,CPX
Rpp30-C,CPX
Rps3a3-S,STM
Rps5-S,STM
Rps6-ps1-S,STM
Rps6ka3-S,STM
Rsrp1-S,STM
Rtkn-C,CPX
Rufy3-C,CPX
Rundc1-S,STM
Rundc3a-S,STM
Ruvbl1-C,CPX
Rwdd3-C,CPX
Rxrg-S,STM
S-Methyl-L-cysteine-P,PLS
S100a13-S,STM
S100a8-C,CPX
Salsoline-P,PLS
Samd14-C,CPX
Samd14-S,STM
Saraf-S,STM
Saysd1-S,STM
Sc5d-C,CPX
Scap-S,STM
Scarb1-S,STM
Scg2-S,STM
Scg5-C,CPX
Scn4b-S,STM
Scp2-ps2-C,CPX
Scrib-C,CPX
Scube3-S,STM
Scyl1-C,CPX
Sec14l1-S,STM
Sec62-C,CPX
Secisbp2l-C,CPX
Sema3b-S,STM
Sema3g-C,CPX
Sema4d-S,STM
Sema6a-C,CPX
Ser-Leu-P,PLS
Serbp1-C,CPX
Serp2-C,CPX
Serpina9-S,STM
Serpinb8-C,CPX
Sertraline carbamoyl glucuronide-P,PLS
Sesn3-C,CPX
Setbp1-C,CPX
Setx-C,CPX
Sez6l-S,STM
Sfi1-C,CPX
Sfr1-S,STM
Sgsm1-S,STM
Sh2b3-C,CPX
Sh3bgrl-C,CPX
Sh3bgrl2-C,CPX
Sh3d19-S,STM
Shb-C,CPX
Shc1-C,CPX
She-S,STM
Shfl-C,CPX
Shfl-S,STM
Shoc2-C,CPX
Sike1-S,STM
Silc1-C,CPX
Sin3a-C,CPX
Slain2-C,CPX
Slc11a2-C,CPX
Slc16a4-S,STM
Slc16a7-C,CPX
Slc17a5-C,CPX
Slc1a4-S,STM
Slc22a17-C,CPX
Slc24a3-S,STM
Slc25a13-C,CPX
Slc25a16-C,CPX
Slc25a16-S,STM
Slc25a20-C,CPX
Slc25a26-C,CPX
Slc25a29-S,STM
Slc25a30-S,STM
Slc25a53-S,STM
Slc29a4-C,CPX
Slc2a2-C,CPX
Slc35a3-C,CPX
Slc35d3-S,STM
Slc35e2-S,STM
Slc36a1-S,STM
Slc39a12-S,STM
Slc44a1-C,CPX
Slc5a5-S,STM
Slc6a13-C,CPX
Slco5a1-S,STM
Slfn8-S,STM
Slk-C,CPX
Smarca2-C,CPX
Smarca5-C,CPX
Smc4-C,CPX
Smc6-C,CPX
Smg9-S,STM
Smim10l1-C,CPX
Smim15-C,CPX
Smpdl3a-S,STM
Smpdl3b-C,CPX
Smurf1-C,CPX
Smurf1-S,STM
Smyd2-C,CPX
Smyd4-S,STM
Snai3-S,STM
Snap47-S,STM
Sncg-C,CPX
Snora35-C,CPX
Snrnp48-C,CPX
Snrnp70-S,STM
Sntb2-C,CPX
Sntg2-S,STM
Snx16-S,STM
Snx7-S,STM
Sostdc1-S,STM
Sox13-C,CPX
Sp4-C,CPX
Spaca6-S,STM
Spata13-C,CPX
Spen-C,CPX
Spmip6-C,CPX
Spns2-S,STM
Spock3-S,STM
Sppl3-C,CPX
Spr-S,STM
Spryd3-S,STM
Sptan1-C,CPX
Src-C,CPX
Srebf2-C,CPX
St3gal5-S,STM
St6galnac4-C,CPX
St8sia2-C,CPX
St8sia5-S,STM
Stag2-C,CPX
Stambpl1-S,STM
Stat3-C,CPX
Stearic acid-P,PLS
"Stigmast-5-ene, 3beta--P",PLS
Sting1-S,STM
Stip1-S,STM
Stk19-S,STM
Stk26-C,CPX
Stk32a-S,STM
Stk33-C,CPX
Strada-C,CPX
Strip2-S,STM
Strn-S,STM
Stx3-S,STM
Stx4a-S,STM
Stxbp3-S,STM
Stxbp4-C,CPX
Suberic acid-P,PLS
Succinic anhydride-P,PLS
Suclg2-C,CPX
Sufu-C,CPX
Sufu-S,STM
Sugp1-S,STM
Sulf2-C,CPX
Suz12-C,CPX
Sympk-C,CPX
Syne2-S,STM
Synj2bp-S,STM
Synm-C,CPX
Synpo2-S,STM
Syt17-C,CPX
Sytl2-C,CPX
Szt2-S,STM
"Tacrine, N-trimethylsilyl--P",PLS
Tada1-C,CPX
Tagln2-C,CPX
"Talonic acid, gamma-lactone-P",PLS
Tartronic acid-P,PLS
Tatdn2-C,CPX
Tax1bp3-C,CPX
Tbc1d2-C,CPX
Tbc1d22b-S,STM
Tbck-C,CPX
Tbp-S,STM
Tceanc-C,CPX
Tcf15-S,STM
Tcf7-S,STM
Tec-S,STM
Telo2-C,CPX
Tet1-C,CPX
Tetradecanenitrile-P,PLS
Tex10-S,STM
Tgfa-S,STM
Tgfb1i1-C,CPX
"Thiazolo[4,5-f]quinoline, 2,9-dimethyl--P",PLS
Thop1-S,STM
Thra-C,CPX
Thrsp-S,STM
"Thymine, 1,3-dimethyl-6-(trimethylsilyloxymethyl)--P",PLS
Thyn1-C,CPX
Tiam2-S,STM
Timm17a-S,STM
Timm17b-S,STM
Tkt-C,CPX
Tlnrd1-S,STM
Tm9sf3-C,CPX
Tmem130-S,STM
Tmem160-S,STM
Tmem161b-C,CPX
Tmem167-C,CPX
Tmem184c-C,CPX
Tmem191-S,STM
Tmem201-S,STM
Tmem203-C,CPX
Tmem204-C,CPX
Tmem229b-C,CPX
Tmem25-S,STM
Tmem259-C,CPX
Tmem42-S,STM
Tmem62-C,CPX
Tmem80-C,CPX
Tmem87a-C,CPX
Tmx3-S,STM
Tnfrsf1b-C,CPX
Tnfsf13os-C,CPX
Tnks-S,STM
Tob2-S,STM
Tomm22-C,CPX
Tomm34-C,CPX
Tomm70a-S,STM
Top1-C,CPX
Topbp1-C,CPX
Tox-S,STM
Tpbg-S,STM
Tpmt-S,STM
Tppp3-C,CPX
Tpr-C,CPX
Trabd-C,CPX
Traip-S,STM
Trank1-S,STM
Trappc14-C,CPX
Trappc3-S,STM
Trappc5-S,STM
Tributyl acetylcitrate-P,PLS
Triethanolamine-P,PLS
Trim26-S,STM
Trim68-S,STM
"Trimethylsilyl (5-benzyl-3,6-dioxopiperazin-2-yl)acetate-P",PLS
Trimethylsilyl 3-((trimethylsilyl)thio)propanoate-P,PLS
Trimethylsilyl oct-2-enoate-P,PLS
Trimidox-P,PLS
Trisaminol-P,PLS
Trnt1-S,STM
Trp53bp1-S,STM
Trpc3-S,STM
Trpc4ap-C,CPX
Trpc5-S,STM
Tsc22d1-C,CPX
Tspan33-S,STM
Tspan9-C,CPX
Tspear-S,STM
Tspoap1-S,STM
Tspyl5-S,STM
Ttc12-S,STM
Ttc21b-S,STM
Ttc22-S,STM
Ttc39c-S,STM
Ttf1-C,CPX
Tubb2b-S,STM
Tubgcp2-C,CPX
Tulp4-C,CPX
Twsg1-C,CPX
Txnl1-S,STM
Txnrd2-C,CPX
Tyro3-S,STM
UNKNOWN_158-C,CPX
Ubc-C,CPX
Ube2m-C,CPX
Ube2q2-C,CPX
Ube2v2-C,CPX
Ube3c-C,CPX
Ube3d-S,STM
Ubl3-C,CPX
Ubr7-S,STM
Upf2-C,CPX
Uqcc5-C,CPX
Uqcr10-S,STM
Uqcr11-S,STM
Uracil-P,PLS
Uros-C,CPX
Usf3-C,CPX
Usp22-C,CPX
Usp33-C,CPX
Usp9x-C,CPX
Utrn-S,STM
Vangl1-C,CPX
Vanillylmandelic acid-P,PLS
Vav3-S,STM
Vldlr-S,STM
Vmp1-C,CPX
Vps13b-C,CPX
Vps35l-S,STM
Vps36-C,CPX
Vps37d-C,CPX
Vps41-S,STM
Vrk1-S,STM
Vti1b-S,STM
Wapl-C,CPX
Wasl-C,CPX
Wbp11-C,CPX
Wbp4-C,CPX
Wdr17-S,STM
Wdr74-C,CPX
Wdr89-S,STM
Wdsub1-S,STM
Wif1-S,STM
Wrn-C,CPX
Xaf1-C,CPX
Xk-S,STM
Xpc-C,CPX
Xylazine-P,PLS
Xylitol-P,PLS
Xylose-P,PLS
Yars1-C,CPX
Ylpm1-C,CPX
Ywhag-S,STM
Zbtb11os1-C,CPX
Zbtb3-S,STM
Zbtb37-C,CPX
Zbtb39-C,CPX
Zbtb40-S,STM
Zbtb7a-C,CPX
Zdhhc18-S,STM
Zfp1007-C,CPX
Zfp142-S,STM
Zfp217-C,CPX
Zfp219-C,CPX
Zfp27-C,CPX
Zfp300-C,CPX
Zfp322a-C,CPX
Zfp346-C,CPX
Zfp346-S,STM
Zfp358-C,CPX
Zfp36l2-C,CPX
Zfp383-C,CPX
Zfp389-S,STM
Zfp512-S,STM
Zfp512b-S,STM
Zfp523-S,STM
Zfp617-S,STM
Zfp638-C,CPX
Zfp654-C,CPX
Zfp719-S,STM
Zfp758-S,STM
Zfp760-C,CPX
Zfp768-C,CPX
Zfp78-C,CPX
Zfp811-S,STM
Zfp87-S,STM
Zfp879-C,CPX
Zfp946-S,STM
Zfp959-S,STM
Zfp975-C,CPX
Zhx1-C,CPX
Zic2-C,CPX
Zim1-S,STM
Zkscan8-C,CPX
Zmat5-C,CPX
Zmpste24-S,STM
Zpbp-S,STM
Zswim5-C,CPX
"alpha-L-Galactopyranoside, methyl 6-deoxy-, (R,R,R,S,S)--P",PLS
alpha-Linolenic acid-P,PLS
alpha-Tocopherol-P,PLS
"beta-D-Galactofuranose, 1,2,3,5,6-pentakis-O-(trimethylsilyl)--P",PLS
beta-Hydroxypyruvic acid-P,PLS
beta-Lyxopyranose-P,PLS
"beta-d-Fructopyranose, 1-deoxy-1-(4-morpholinyl)-2,3,4,5-tetrakis-O-(trimethylsilyl)--P",PLS
cis-4-Trimethylsilyloxy-cyclohexyl(trimethylsilyl)carboxylate-P,PLS
cyclobutanecarboxylic acid-P,PLS
l-Histidine ethyl ester-P,PLS
mt-Cytb-C,CPX
mt-Cytb-S,STM
mt-Nd1-S,STM
mt-Nd2-C,CPX
mt-Tl1-C,CPX
mt-Tv-C,CPX
n-Pentadecanol-P,PLS
p-Hydroxydiisopropylbenzene-P,PLS
p-Toluic acid-P,PLS
