ID,87,53,54,55,56,62,63,64,65,91
ENSMUSG00000000093-B,0.0,1.1310919323943265,1.0234744307658463,1.169035828833055,2.5023923796780365,0.0,1.6880493942036567,2.420536794691922,2.2344845923790824,
ENSMUSG00000000384-B,5.743000392659326,6.028418936376032,5.689512323391463,6.486256975517023,5.8327612178333474,5.504119984897862,5.956770056209975,5.545779044309034,5.868937452889393,
ENSMUSG00000000555-B,1.1902200583207372,0.6736669986596555,1.6161776226610136,2.246663788354165,1.115406628546921,1.6622445327945392,1.0779974755575148,1.667597390739755,0.0,
ENSMUSG00000000562-B,1.1902200583207372,2.1924257090957218,0.0,2.583628536214724,0.0,1.0583461571255826,0.0,1.2935081824757793,1.918179767477204,
ENSMUSG00000000627-B,5.70804976619561,6.041512970342731,5.878658778141378,5.311322345944074,5.677003810536825,6.2828204445193485,5.574899467553379,5.792367944689754,5.6468474578057855,
ENSMUSG00000001021-B,0.0,1.4778673043098092,2.359306004945279,0.0,1.115406628546921,1.6622445327945392,1.0779974755575148,2.2104153203182793,0.0,
ENSMUSG00000001029-B,2.276683176088846,2.1924257090957218,3.211396859945394,2.583628536214724,1.115406628546921,3.272074344080515,2.444777031038329,2.6039096794870713,1.51246595043351,
ENSMUSG00000001418-B,5.874905040375505,6.377243000370542,6.403566013348874,6.360362342820388,5.918734307883194,5.99520145474155,6.126981773100274,6.142806111774644,5.868937452889393,
ENSMUSG00000001555-B,4.034084119125271,3.127070169664964,3.743483083968696,3.613239691404382,4.857854419519998,3.913900100449989,2.444777031038329,3.6564816778911298,3.072430133264163,
ENSMUSG00000001767-B,6.080178481016298,5.769798253883068,6.521791414011427,5.837630861277877,5.741338340539466,5.3970029277829195,6.149737685025233,5.714762188283145,5.673281182073652,
ENSMUSG00000001864-B,5.302182452109122,4.524786055719716,4.999290198784934,5.739896020683038,5.303652970849152,5.01764321255696,5.317905703021179,5.429140046423259,5.619920348556439,
ENSMUSG00000001918-B,3.3180461044995915,1.4778673043098092,1.6161776226610136,2.583628536214724,1.7368738279577771,0.0,1.0779974755575148,2.2104153203182793,0.9459719702367412,
ENSMUSG00000001946-B,4.14277129449116,4.970450365056798,4.436706433756324,5.355990166753498,5.122269298687598,3.913900100449989,4.901528112018219,4.554228205452251,5.28488204080405,
ENSMUSG00000002068-B,5.254533142741591,5.785449198466627,5.878658778141378,4.952647074754181,5.345646964295455,5.281290179264409,4.95418704981544,5.328524738370655,5.699239277079914,
ENSMUSG00000002500-B,1.833396511506524,0.0,0.0,0.0,1.7368738279577771,1.0583461571255826,1.6880493942036567,0.0,0.9459719702367412,
ENSMUSG00000002550-B,5.9664771282753915,5.688890660058602,6.090272579778374,6.148168774324747,5.741338340539466,5.571353444372785,5.982350422965682,5.653689315962776,5.47718702733986,
ENSMUSG00000002718-B,6.99893642227972,7.424586952833998,6.718548976050162,6.315831793333798,7.0406162416864575,7.380496138582578,6.851045451094589,7.3013431496653745,7.019942089663767,
ENSMUSG00000002732-B,3.648106357625734,1.991176696619784,2.03506994845655,3.283965590594543,2.999885291327401,3.272074344080515,3.3057998279465894,2.766581548621033,2.2344845923790824,
ENSMUSG00000002984-B,7.60409501771351,7.773566144910067,7.245933558125311,7.072552444374812,7.542901426846222,7.698813535981383,7.290521386733073,7.926924945026043,7.791187334777103,
ENSMUSG00000004031-B,7.911156536097893,8.151159620157873,7.562022394139246,7.881048931125736,7.5873345931949965,7.978138033831814,7.728666861817966,7.470251523869388,7.856083743753215,
ENSMUSG00000005124-B,4.14277129449116,3.754627505795567,3.6277113392884175,0.0,2.169823038628183,3.806377040646813,2.444777031038329,2.9127557664605015,3.4843121650326756,
ENSMUSG00000005251-B,1.1902200583207372,0.6736669986596555,1.0234744307658463,2.246663788354165,1.7368738279577771,0.0,1.0779974755575148,0.0,1.51246595043351,
ENSMUSG00000005360-B,10.654920119147528,10.710013333298914,10.48533184490637,9.612190603396572,10.74273977616277,11.164220746707702,10.737801112078955,10.87789697283734,10.77025117465118,
ENSMUSG00000005469-B,8.96106670232255,9.590752070918892,9.000676920577495,9.155748835120583,8.949695879509688,9.366909173544522,9.094214786531198,9.057659409017388,9.189231349617923,
ENSMUSG00000006019-B,3.119564148593563,3.549940257162228,3.040832944358254,1.8062115994418957,2.772477593105346,3.806377040646813,4.3923083092009865,3.8136381226818834,3.7053501275360574,
ENSMUSG00000006179-B,1.833396511506524,1.4778673043098092,1.0234744307658463,0.0,0.0,0.0,0.0,0.7871122724200131,2.7134578716552697,
ENSMUSG00000006412-B,9.138894647790456,8.758418966355382,8.821255433633105,8.737339525267325,9.26626526482801,9.155874487067464,9.146064068818369,9.282749630543456,9.16615066683178,
ENSMUSG00000006456-B,5.20525616097943,5.846408416756152,5.254787214777465,5.739896020683038,5.21580983024132,5.784690872389004,5.470310581370488,5.84794991660125,4.9377004768361745,
ENSMUSG00000006920-B,6.9548947400964085,6.970169762624032,6.9887148722053425,6.975691730612013,7.001747213774946,6.90784858508892,7.081547910570757,6.844509498858307,6.924138216802051,
ENSMUSG00000007670-B,6.924768495504056,7.1860122680346015,7.284674213023258,6.887155860601215,7.127434340909316,6.827621566214425,7.227740126090337,6.700961355846783,7.147977478289584,
ENSMUSG00000007721-B,6.909466130956455,6.542938203215556,7.000399682832098,6.638660088735596,6.428928394719617,6.78577055433391,7.045598501478818,6.807604756737513,7.070539983084559,
ENSMUSG00000007837-B,4.510448210865148,4.093247537752913,2.8473659893891825,4.207939041009724,4.672299386859672,4.356550264158849,3.724883916335085,4.144796114547888,4.479565985314829,
ENSMUSG00000008668-B,8.311172666404545,8.585934229510752,7.947248051771719,7.9482322837005315,8.2658749797782,8.313722219718455,8.45531767830932,8.53834521792215,8.409789774272756,
ENSMUSG00000008855-B,8.057169837186335,7.62490760264367,7.6973966776198,8.427810482271592,7.604731635259179,8.17470795950022,7.952246369197045,7.578271894258268,8.33725283142028,
ENSMUSG00000008958-B,7.660027621891965,7.616181958443812,7.505744212311837,7.786308901827037,7.783413459434155,7.645210808271562,7.8094906672875535,7.347068411428345,7.414025597707111,
ENSMUSG00000010025-B,6.052582152064247,6.407900586189881,5.746131127047013,5.441379412747367,6.1731314342944605,5.919813312092914,6.080363988623917,6.270337982547097,6.061355669531017,
ENSMUSG00000010044-B,3.119564148593563,1.7572319572759685,3.5018323019951523,4.107016405932684,3.3691154005615043,2.905977926916991,2.444777031038329,2.6039096794870713,1.918179767477204,
ENSMUSG00000015189-B,7.041673359927218,7.107249702573625,6.965057443925907,6.506211336740633,7.0406162416864575,7.1579846013344985,6.996228586900899,6.730836393283381,6.890735683357632,
ENSMUSG00000015224-B,5.393004768942913,5.785449198466627,4.951935153795522,5.168368589552175,5.574780490082695,5.756078516103285,5.877189504218085,5.953074895619026,5.214628727030609,
ENSMUSG00000015980-B,3.788555701498604,3.127070169664964,3.5018323019951523,3.4579763234462466,3.196280418434252,1.6622445327945392,1.0779974755575148,3.6564816778911298,2.904080281226693,
ENSMUSG00000017264-B,6.107256831188984,5.737977602695131,6.090272579778374,6.709220819725195,5.890642043462946,5.945382913201741,5.703509725447308,5.611488754228909,5.535985476431197,
ENSMUSG00000017405-B,2.615299018017335,1.7572319572759685,2.03506994845655,2.246663788354165,0.0,2.0866575753180157,2.444777031038329,1.2935081824757793,2.904080281226693,
ENSMUSG00000017801-B,6.503528148456875,6.105257694442575,6.045856750327548,6.0152321201233825,5.8327612178333474,6.2828204445193485,6.4355450579178015,6.310460700458159,6.334100318299137,
ENSMUSG00000017837-B,3.648106357625734,4.042047050973651,4.5681410113775405,4.766642199529245,5.022240750570182,4.568846835655832,3.1338472676484734,3.1670024629229987,4.2174820653654965,
ENSMUSG00000017858-B,5.4784465763979755,5.831408384190582,5.471771574054636,6.0152321201233825,5.122269298687598,5.065067507804574,5.73394745483445,5.453234459393591,5.749794959804313,
ENSMUSG00000018846-B,6.620916776477006,6.942515230234372,7.226166002175522,7.150695197194673,7.127434340909316,6.9463488302689935,6.658202008239063,7.040136869508385,6.988709050499259,
ENSMUSG00000018920-B,2.276683176088846,2.5263137538687137,3.6277113392884175,2.246663788354165,2.5023923796780365,2.6809350842674866,1.6880493942036567,2.2104153203182793,1.51246595043351,
ENSMUSG00000019102-B,0.0,1.7572319572759685,3.040832944358254,1.169035828833055,0.0,2.4141818892986997,0.0,2.6039096794870713,2.4937579377882537,
ENSMUSG00000019791-B,3.648106357625734,3.6895725816895366,4.043705832402777,4.4742045144308165,4.014827354495078,4.43084146712594,3.459422919314308,2.6039096794870713,3.3596425496849505,
ENSMUSG00000019864-B,4.803195246527076,4.700169720977104,4.688594862999115,4.698900418805928,5.022240750570182,4.568846835655832,4.95418704981544,5.072653089365245,3.9840225264720672,
ENSMUSG00000019888-B,5.90607936710388,5.394494778623558,5.330799640666987,5.987109006171664,5.802926036353062,5.01764321255696,5.574899467553379,5.328524738370655,5.47718702733986,
ENSMUSG00000019891-B,4.803195246527076,4.764759042526093,4.852290243060011,4.302260943910391,4.914756635918608,4.278224770676536,4.3923083092009865,4.722279887166587,4.84772591259785,
ENSMUSG00000019933-B,0.0,2.3690073638492493,2.8473659893891825,0.0,2.999885291327401,2.6809350842674866,2.115469856457744,2.6039096794870713,2.2344845923790824,
ENSMUSG00000020130-B,6.620916776477006,6.2589056661239395,6.255406928713346,5.899292710517162,5.8327612178333474,5.60383057504562,6.359496099986403,5.84794991660125,6.460901724738217,
ENSMUSG00000020135-B,6.67621326412794,6.990568247665433,7.09061989683253,7.306748230577088,7.28681248007003,6.958957263491913,7.128128065424891,6.8261751294216335,6.645788688445357,
ENSMUSG00000020193-B,0.0,1.1310919323943265,0.0,0.0,1.115406628546921,0.0,1.6880493942036567,0.7871122724200131,0.9459719702367412,
ENSMUSG00000020225-B,7.443384428145453,7.507137864876983,7.185799296207942,7.260504374989755,7.254111049754015,7.361627707801061,7.310855690663775,7.470251523869388,7.119423282062994,
ENSMUSG00000020374-B,4.338291192245054,4.5975173404408745,4.2139496907733465,2.856601009838485,5.073121779783522,4.43084146712594,4.142948926241687,4.312232511768845,4.800542967699481,
ENSMUSG00000020411-B,2.8893523063296556,2.3690073638492493,2.623877003185583,2.856601009838485,1.7368738279577771,3.563820514953389,2.115469856457744,2.6039096794870713,2.4937579377882537,
ENSMUSG00000020456-B,8.546993827381613,8.756435008298977,8.627653929146634,8.86258867649342,8.622531203741506,8.649402926130858,8.72526202447341,8.690523397571098,8.726142460838076,
ENSMUSG00000020553-B,1.1902200583207372,2.3690073638492493,1.6161776226610136,1.8062115994418957,2.5023923796780365,2.6809350842674866,2.444777031038329,2.6039096794870713,2.4937579377882537,
ENSMUSG00000020605-B,4.034084119125271,4.970450365056798,4.292086437243156,4.627820432096269,5.022240750570182,4.633195312020606,4.537424973455023,4.942528388881624,4.59467746443485,
ENSMUSG00000020642-B,6.746791932542452,6.2589056661239395,6.293897381195189,6.726334660265589,6.409261382146811,6.0433569510993514,6.525293824683812,6.518883208611143,6.7237354542137275,
ENSMUSG00000020644-B,9.831515605388333,10.217532922314613,10.084076358813068,9.297037044788528,9.965172340923235,10.119941624279427,10.197616697664332,10.053352533751944,10.150854465094904,
ENSMUSG00000020758-B,5.302182452109122,5.3104472434744325,4.5681410113775405,5.355990166753498,5.426136707219817,4.568846835655832,5.5408720685444575,4.942528388881624,5.178176084065701,
ENSMUSG00000020905-B,2.276683176088846,2.5263137538687137,1.6161776226610136,2.856601009838485,1.7368738279577771,0.0,2.115469856457744,1.964386763254362,2.2344845923790824,
ENSMUSG00000020917-B,7.731383199990864,7.72163346948568,7.7045575981155645,7.9482322837005315,7.806150578049829,7.779218010338336,7.984250676354898,7.791733079955913,7.815125148767661,
ENSMUSG00000020963-B,0.0,0.6736669986596555,0.0,0.0,1.115406628546921,0.0,1.6880493942036567,1.2935081824757793,0.9459719702367412,
ENSMUSG00000021044-B,5.436358103261234,5.288647373990407,5.773628502457098,4.627820432096269,5.4647579207105395,5.359453848276641,5.608142755016201,5.072653089365245,5.415889997243144,
ENSMUSG00000021125-B,2.8893523063296556,2.5263137538687137,3.040832944358254,2.246663788354165,1.7368738279577771,1.0583461571255826,1.6880493942036567,2.766581548621033,2.7134578716552697,
ENSMUSG00000021483-B,5.101345930069091,4.5975173404408745,4.799762132266952,3.613239691404382,4.014827354495078,4.356550264158849,4.142948926241687,3.6564816778911298,4.066112281463039,
ENSMUSG00000021607-B,6.235512190849061,6.515046652711089,5.8270992237076875,5.86879119493531,6.448330905616812,6.470633954415508,6.5765798506982875,6.412300020738322,6.475996075673785,
ENSMUSG00000021661-B,7.594558401677322,7.174171319220453,7.123049091732059,7.405676294925497,7.524737769054917,7.222151192464095,7.526163652168341,7.281294084823783,7.390319835904991,
ENSMUSG00000021786-B,3.119564148593563,3.621445062925454,3.743483083968696,3.613239691404382,3.3691154005615043,3.10060763033277,4.04923452777236,4.144796114547888,4.066112281463039,
ENSMUSG00000021843-B,8.915835097387607,8.38999137559049,9.280116557278053,9.543848419778666,9.076684743462517,8.747142169103086,9.04953651475292,8.693054983389217,8.805958003057468,
ENSMUSG00000021903-B,3.492494629602887,4.632552660612884,4.436706433756324,2.583628536214724,3.9067682393667855,4.0139623753508875,4.04923452777236,4.598111660620564,4.2174820653654965,
ENSMUSG00000021948-B,6.729468319160591,6.885563185160905,6.255406928713346,9.560643637511667,6.241456622828206,6.066845046247496,6.126981773100274,6.2567118856117485,6.821516976007744,
ENSMUSG00000022132-B,7.28639078643851,7.197756822641853,6.953081645139557,7.260504374989755,7.497056169920786,7.862105198922219,7.445695121158375,7.499471291402837,7.590831603978288,
ENSMUSG00000022148-B,3.648106357625734,3.222141711359981,3.8506506919745367,4.302260943910391,3.3691154005615043,3.690190334179437,4.4666904826250535,3.7371987745467248,4.143781507307443,
ENSMUSG00000022468-B,3.492494629602887,3.222141711359981,3.040832944358254,6.403559457754215,4.604736349545275,3.690190334179437,3.459422919314308,3.2790854878575644,3.223171867782088,
ENSMUSG00000022505-B,6.107256831188984,5.394494778623558,5.773628502457098,6.06988527537577,6.369104299209709,5.867273037151031,6.080363988623917,6.002897732393468,6.120185831027147,
ENSMUSG00000022674-B,6.283783420318653,6.2589056661239395,6.090272579778374,5.560675418742802,6.101408839347603,6.019480115459093,5.904207051836072,6.186581381917725,6.020759060147799,
ENSMUSG00000022718-B,5.672231362153938,5.454465528382434,5.952699582582832,6.122543370952541,5.643727715448497,5.970507212417461,5.703509725447308,5.829659495334149,5.935969157856927,
ENSMUSG00000022765-B,5.843042180959553,5.512042553444466,5.569138333666486,6.0428174832780135,6.125714713966881,5.784690872389004,5.672415960346445,5.811134208143242,5.592481085405485,
ENSMUSG00000022789-B,7.545906165269127,7.741829411024554,8.046393979118035,8.572050486188,8.146225896647547,7.8073795258911485,7.906212997212528,7.847339050887036,7.748315968644286,
ENSMUSG00000022790-B,5.635500989474873,5.655212904523175,4.999290198784934,5.7732154103337185,5.539030534139773,5.281290179264409,5.763756260373637,5.220362797558916,5.28488204080405,
ENSMUSG00000022855-B,6.893999715823957,7.088446417138832,7.175528638582602,7.200533796364437,6.975240278993322,7.222151192464095,7.3604718246295535,7.1838614091806665,7.060561373931273,
ENSMUSG00000022863-B,1.833396511506524,0.0,0.0,0.0,0.0,0.0,0.0,0.0,0.0,
ENSMUSG00000022876-B,2.8893523063296556,2.3690073638492493,2.03506994845655,1.8062115994418957,2.772477593105346,2.0866575753180157,2.444777031038329,2.9127557664605015,2.2344845923790824,
ENSMUSG00000023186-B,4.338291192245054,3.8765475742980624,3.743483083968696,3.7534052432122857,3.66284426649862,3.806377040646813,3.9490071216171994,4.2027944005286475,4.287599889753829,
ENSMUSG00000023707-B,6.159934907445336,6.437920224606832,6.704330666854784,7.099073104105514,6.101408839347603,6.452915375283214,6.378887452743053,6.660140580699884,6.176710716088288,
ENSMUSG00000023960-B,8.357016365556374,8.486507131081593,8.675813895813071,8.523924250400716,8.672883782670429,8.238151065035732,8.351175102254558,8.451300821257286,8.559007856880541,
ENSMUSG00000024140-B,7.238208190063391,7.277395868565785,6.928827624099177,7.676126559306693,6.906760591757113,7.168879186980936,7.173251211047324,7.434388226210377,7.230398093306424,
ENSMUSG00000024164-B,2.8893523063296556,2.1924257090957218,1.6161776226610136,1.169035828833055,2.169823038628183,1.6622445327945392,1.6880493942036567,2.2104153203182793,0.9459719702367412,
ENSMUSG00000024172-B,5.046442456662484,5.394494778623558,5.045140133939058,3.998499203171392,4.798615405638065,5.281290179264409,5.640637255852695,5.56801648297262,4.893414495959333,
ENSMUSG00000024220-B,7.378181561392511,7.62490760264367,7.165184338773271,7.769895894864124,7.596059337305274,7.74322502388578,7.269896375284944,7.094767839664221,7.534270081107298,
ENSMUSG00000024325-B,4.510448210865148,4.1904999242042855,4.436706433756324,4.893270698636854,5.21580983024132,4.43084146712594,4.730932597630047,4.50896792755303,4.418372121292375,
ENSMUSG00000024500-B,8.820881511650857,8.933691384294574,8.85060150207339,8.494258558499922,8.98997312530878,8.471640674280016,8.97185329002863,8.809625613086094,8.909652915578151,
ENSMUSG00000024570-B,6.024447640510011,5.7218001540799746,6.000029949611928,5.635055911566559,5.802926036353062,5.697093014064575,5.792961607229167,5.500248682054799,5.724738556984264,
ENSMUSG00000024576-B,9.415652516870866,8.924885633764063,9.701152178166636,9.19930042137789,9.21621080935925,9.235760096886642,9.380571759825946,9.107853350788142,9.245367493270392,
ENSMUSG00000024620-B,4.803195246527076,4.448192564890759,3.8506506919745367,4.627820432096269,4.914756635918608,5.11098235775646,4.3923083092009865,4.50896792755303,4.9377004768361745,
ENSMUSG00000025134-B,5.046442456662484,5.1012654077186985,5.132687301477484,4.766642199529245,5.574780490082695,5.666670525946161,5.23520714648778,4.942528388881624,5.673281182073652,
ENSMUSG00000025340-B,4.867958728441207,5.2211987704826095,5.773628502457098,5.670855843872947,4.672299386859672,5.504119984897862,5.19200946480862,5.103429690744369,5.673281182073652,
ENSMUSG00000025354-B,5.393004768942913,5.638074553342177,5.132687301477484,5.117386261296756,5.502372136118995,5.81274678973172,5.849656323598829,5.429140046423259,5.535985476431197,
ENSMUSG00000025355-B,1.1902200583207372,1.1310919323943265,0.0,0.0,2.169823038628183,1.6622445327945392,2.9385911342453923,1.667597390739755,0.0,
ENSMUSG00000025372-B,8.938628156156609,9.236645011086065,8.853825631817497,6.932102852019465,8.689284873721991,9.08287129439132,8.865895522645035,9.005655986020145,8.760450938830639,
ENSMUSG00000025466-B,5.777124296405466,5.5854029953499,5.9037636292300855,6.0428174832780135,5.9733292026847975,5.756078516103285,6.007485116034182,5.674335539709731,5.749794959804313,
ENSMUSG00000025510-B,6.797548570806902,6.407900586189881,6.367928125787531,6.0428174832780135,6.219039183853482,6.488137558904139,6.339840551765828,6.628748686641819,6.15811407821644,
ENSMUSG00000025732-B,4.5893894874658905,5.024207934840363,4.043705832402777,4.207939041009724,4.533853134714116,4.107532398299207,4.6692695934820385,4.872782571470365,4.9377004768361745,
ENSMUSG00000025825-B,6.5237682794691745,6.2133480027207835,5.504962678369183,5.635055911566559,5.709529656937917,6.2828204445193485,6.007485116034182,6.495869218096571,6.081233471270859,
ENSMUSG00000025927-B,5.672231362153938,6.201730197615111,5.800611572605161,1.169035828833055,6.327797371116673,6.556102613788681,5.904207051836072,5.86601135278382,6.176710716088288,
ENSMUSG00000025937-B,3.492494629602887,2.915778015933987,4.688594862999115,3.881150735998227,4.014827354495078,4.501493687863935,4.3923083092009865,4.0843682041910965,3.804343661299686,
ENSMUSG00000026035-B,4.989366622040713,4.448192564890759,4.745248985959566,4.698900418805928,4.736839414124704,4.568846835655832,4.3923083092009865,4.976176315776484,4.980667413928631,
ENSMUSG00000026087-B,7.274495156969685,7.243801680470932,7.331681422308713,7.212729001769284,7.1631001671650285,7.0323779130950514,7.269896375284944,7.198189746080285,6.9459845182022955,
ENSMUSG00000026096-B,4.243840918132713,4.885860733820958,4.745248985959566,5.168368589552175,4.533853134714116,5.11098235775646,3.9490071216171994,5.163080625637371,4.980667413928631,
ENSMUSG00000026097-B,3.9165368471925786,4.093247537752913,4.131337489040686,3.881150735998227,3.7899553115008984,4.195401545594036,3.724883916335085,4.640699592215125,4.701279104566726,
ENSMUSG00000026197-B,4.510448210865148,4.764759042526093,4.745248985959566,5.399316442586086,5.022240750570182,4.7538733901904395,4.95418704981544,4.462241626417865,4.701279104566726,
ENSMUSG00000026260-B,9.532632833650268,8.975226576409089,9.668566670206776,10.140188354017798,9.44108418838889,9.661171475032582,9.478198288369155,9.337173875702971,9.508372774322932,
ENSMUSG00000026315-B,1.833396511506524,2.5263137538687137,3.5018323019951523,0.0,1.7368738279577771,2.6809350842674866,1.6880493942036567,2.2104153203182793,0.9459719702367412,
ENSMUSG00000026418-B,3.788555701498604,2.668141884917594,2.623877003185583,4.207939041009724,2.999885291327401,3.10060763033277,4.04923452777236,4.258550909440941,2.904080281226693,
ENSMUSG00000026473-B,12.404623059993062,12.26417582250182,11.929585945539966,11.96724625301256,12.36080743537659,12.250749993659731,12.635280284957908,12.428755903883571,12.4234340279186,
ENSMUSG00000026504-B,5.4784465763979755,5.07603414570314,5.53740731871018,4.766642199529245,4.533853134714116,4.8106266633407735,4.604852882159124,4.722279887166587,4.751764592434789,
ENSMUSG00000026514-B,6.375735056793987,6.356436587846056,6.660815133307848,6.486256975517023,6.594816849153726,6.52252027674232,6.339840551765828,6.297210058821763,6.195070686898611,
ENSMUSG00000026553-B,8.517017795612624,8.83937353124705,8.43014008340593,8.336025947950874,8.756981373917569,8.527729387283468,8.63943166111214,8.593587625952937,8.59401970249723,
ENSMUSG00000026628-B,1.833396511506524,1.1310919323943265,2.359306004945279,1.8062115994418957,0.0,1.0583461571255826,0.0,0.0,1.918179767477204,
ENSMUSG00000026630-B,1.1902200583207372,2.668141884917594,0.0,0.0,1.115406628546921,1.6622445327945392,1.0779974755575148,1.2935081824757793,1.51246595043351,
ENSMUSG00000026788-B,4.9299394115645345,5.473914308776037,5.952699582582832,5.399316442586086,5.303652970849152,5.538128336647362,5.930727925178309,5.811134208143242,6.00002417338707,
ENSMUSG00000026893-B,4.034084119125271,3.754627505795567,3.3639108810601055,3.0860503698190223,3.9067682393667855,3.425309622249097,4.313881687701172,4.0843682041910965,4.066112281463039,
ENSMUSG00000027193-B,8.03618787497004,8.145106518842256,7.711683150348581,7.794445910501031,8.16979436028827,8.308805451963993,8.021741612472638,8.034645528182354,8.034904324062984,
ENSMUSG00000027208-B,0.0,1.7572319572759685,2.8473659893891825,0.0,3.3691154005615043,1.6622445327945392,2.7127099383828064,2.6039096794870713,2.7134578716552697,
ENSMUSG00000027318-B,2.615299018017335,1.1310919323943265,2.623877003185583,0.0,2.772477593105346,1.0583461571255826,1.6880493942036567,1.964386763254362,0.9459719702367412,
ENSMUSG00000027331-B,2.276683176088846,0.6736669986596555,0.0,1.169035828833055,1.115406628546921,0.0,0.0,1.2935081824757793,2.4937579377882537,
ENSMUSG00000027339-B,6.878365694511425,7.203593440086415,7.034896791927495,6.808984999067663,7.001747213774946,7.32313399028112,6.996228586900899,6.983355473988696,6.95678485383994,
ENSMUSG00000027356-B,0.0,2.5263137538687137,2.359306004945279,1.8062115994418957,2.5023923796780365,1.6622445327945392,1.0779974755575148,1.2935081824757793,1.51246595043351,
ENSMUSG00000027377-B,1.833396511506524,2.3690073638492493,2.03506994845655,1.8062115994418957,1.7368738279577771,1.6622445327945392,1.0779974755575148,2.9127557664605015,2.7134578716552697,
ENSMUSG00000027663-B,7.926441075959546,7.919009361417542,8.017933966472256,7.940920111199409,7.775754085273523,7.953147427905785,7.577419308878569,7.688946856261703,7.691254780243884,
ENSMUSG00000027673-B,9.643149845355556,9.545511481060895,9.203839682591251,9.489753393565366,9.49105411310186,9.451875957133264,9.635607805688355,9.594429974576082,9.605939738630852,
ENSMUSG00000027714-B,6.543728377951019,6.467327925146577,6.600674234453459,6.122543370952541,6.5595660355169905,6.799856217935155,6.626105135006232,6.710988597463664,6.5913816406925445,
ENSMUSG00000027782-B,7.069477141127952,6.833816433231015,7.4892530959481505,7.22482198372048,7.1631001671650285,6.636789850819052,7.51744116496476,7.1620984982420435,7.157371320424018,
ENSMUSG00000027849-B,5.046442456662484,5.1012654077186985,5.089577694728135,2.856601009838485,4.115353684625507,4.9178449332769585,5.19200946480862,4.413951141920098,4.84772591259785,
ENSMUSG00000028044-B,3.788555701498604,3.549940257162228,3.6277113392884175,3.998499203171392,3.7899553115008984,3.425309622249097,4.3923083092009865,3.383085014617831,3.223171867782088,
ENSMUSG00000028082-B,4.803195246527076,4.2816084837512705,4.688594862999115,6.638660088735596,4.857854419519998,5.433599455640066,4.537424973455023,4.640699592215125,4.980667413928631,
ENSMUSG00000028149-B,8.849227720078296,9.256433819305606,8.722417987443054,9.401946137861431,8.901238929854152,8.90207774684499,8.75895389078579,8.7979130446656,9.003790420736681,
ENSMUSG00000028167-B,3.492494629602887,2.797266730132998,2.623877003185583,2.583628536214724,3.3691154005615043,3.272074344080515,2.9385911342453923,3.8136381226818834,2.2344845923790824,
ENSMUSG00000028214-B,0.0,2.1924257090957218,1.0234744307658463,1.169035828833055,1.115406628546921,1.0583461571255826,1.0779974755575148,1.2935081824757793,1.51246595043351,
ENSMUSG00000028251-B,6.024447640510011,6.39775360581349,6.068235585443728,6.486256975517023,6.1731314342944605,6.178870490663862,6.149737685025233,6.186581381917725,5.978986927136198,
ENSMUSG00000028545-B,5.101345930069091,4.4869975495571,4.902972819154677,4.766642199529245,4.672299386859672,4.633195312020606,3.9490071216171994,4.872782571470365,4.980667413928631,
ENSMUSG00000028552-B,8.444552162520958,8.353707005114071,8.226324060219806,8.219991581915988,8.330039259219987,8.59793255750984,8.408909849011888,8.396436351874002,8.456197685739427,
ENSMUSG00000028637-B,4.735387287731422,4.2816084837512705,4.5681410113775405,5.265227239652079,5.022240750570182,4.43084146712594,4.230945375188764,4.976176315776484,4.354467219899678,
ENSMUSG00000028688-B,3.788555701498604,4.448192564890759,3.743483083968696,4.107016405932684,4.736839414124704,5.01764321255696,4.846874049509617,4.682066304541401,5.140778462063011,
ENSMUSG00000028706-B,4.5893894874658905,5.394494778623558,5.600186441421557,5.441379412747367,4.969499438696846,5.240560701993106,5.277148902281664,5.248172965431768,4.59467746443485,
ENSMUSG00000028763-B,2.276683176088846,3.025288780926803,3.9504050800222528,2.246663788354165,3.3691154005615043,3.272074344080515,2.115469856457744,2.6039096794870713,3.223171867782088,
ENSMUSG00000028776-B,3.119564148593563,3.3953310230336133,3.743483083968696,3.4579763234462466,3.3691154005615043,3.913900100449989,4.6692695934820385,3.480088992742815,4.2174820653654965,
ENSMUSG00000028807-B,3.9165368471925786,4.997579524166388,3.6277113392884175,2.583628536214724,4.672299386859672,3.425309622249097,3.598250544201079,3.8136381226818834,4.354467219899678,
ENSMUSG00000028871-B,4.426936119790452,3.6895725816895366,3.5018323019951523,2.583628536214724,3.66284426649862,3.690190334179437,4.3923083092009865,4.363988112705335,3.4843121650326756,
ENSMUSG00000028948-B,5.101345930069091,4.5975173404408745,4.3662078190308105,4.952647074754181,4.459306481451283,4.865231600653858,3.9490071216171994,4.640699592215125,4.84772591259785,
ENSMUSG00000029176-B,7.36702205458229,7.191896496424401,7.497522217273158,7.405676294925497,7.265094092790128,7.222151192464095,6.970895276355604,7.191043365554182,7.274231236688587,
ENSMUSG00000029245-B,8.251740323238948,7.488134778125191,8.231290856238093,7.865684694141979,8.345644143449755,7.772090892261028,8.212149051709599,8.189688219871416,8.349598428999217,
ENSMUSG00000029433-B,4.426936119790452,5.1012654077186985,5.367354918098208,5.670855843872947,5.303652970849152,5.155480892661968,4.142948926241687,5.009057326027325,4.287599889753829,
ENSMUSG00000029551-B,5.9664771282753915,6.092732082294992,5.952699582582832,6.338268872501172,4.969499438696846,5.970507212417461,5.608142755016201,6.242955863577144,6.398893677587521,
ENSMUSG00000029569-B,3.119564148593563,4.093247537752913,3.5018323019951523,4.302260943910391,4.115353684625507,4.195401545594036,3.841293352347491,4.144796114547888,3.896978526200117,
ENSMUSG00000029660-B,0.0,0.6736669986596555,0.0,0.0,0.0,1.0583461571255826,1.0779974755575148,1.2935081824757793,0.9459719702367412,
ENSMUSG00000029699-B,0.0,1.1310919323943265,0.0,0.0,0.0,0.0,1.0779974755575148,0.0,0.9459719702367412,
ENSMUSG00000029913-B,2.276683176088846,3.222141711359981,3.9504050800222528,2.856601009838485,2.169823038628183,2.6809350842674866,2.115469856457744,3.2790854878575644,3.804343661299686,
ENSMUSG00000029915-B,2.8893523063296556,1.991176696619784,0.0,2.856601009838485,2.169823038628183,1.6622445327945392,1.0779974755575148,3.0454726310430704,2.7134578716552697,
ENSMUSG00000030047-B,3.9165368471925786,3.127070169664964,3.3639108810601055,3.0860503698190223,3.196280418434252,2.4141818892986997,3.841293352347491,3.8862304070733424,4.2174820653654965,
ENSMUSG00000030074-B,3.9165368471925786,1.7572319572759685,1.6161776226610136,2.856601009838485,2.5023923796780365,2.0866575753180157,3.598250544201079,2.420536794691922,3.223171867782088,
ENSMUSG00000030108-B,5.302182452109122,4.885860733820958,5.504962678369183,4.107016405932684,5.709529656937917,5.84026749860625,5.00499140980573,5.694690461874134,5.619920348556439,
ENSMUSG00000030111-B,4.14277129449116,4.5975173404408745,3.6277113392884175,3.283965590594543,4.798615405638065,5.11098235775646,4.142948926241687,4.722279887166587,4.479565985314829,
ENSMUSG00000030189-B,6.107256831188984,5.785449198466627,6.718548976050162,6.91727556969813,6.285272803289949,6.066845046247496,6.032189399350017,5.523193468694959,6.414647331965287,
ENSMUSG00000030224-B,8.091475579190252,8.412844202848692,8.079821080869328,7.728027384783095,8.041528552808783,8.026856902500986,8.179346691127165,8.17527477512492,7.977725276202323,
ENSMUSG00000030271-B,3.788555701498604,4.408314901701355,3.211396859945394,2.856601009838485,3.196280418434252,3.806377040646813,3.3057998279465894,3.0454726310430704,3.3596425496849505,
ENSMUSG00000030401-B,6.878365694511425,7.255086885039244,7.057444956706107,6.545310685789989,6.906760591757113,6.6523995734275205,7.0576814445432685,6.649752327373826,7.265570502917824,
ENSMUSG00000030889-B,3.492494629602887,3.474705774856715,2.03506994845655,3.4579763234462466,3.3691154005615043,2.905977926916991,3.598250544201079,3.6564816778911298,2.904080281226693,
ENSMUSG00000030942-B,6.5237682794691745,6.7485535887276775,6.235769634530476,5.739896020683038,6.594816849153726,6.360903451852134,6.735452524123283,6.436674949914688,6.520354090235933,
ENSMUSG00000031059-B,8.401448068622297,8.517295629175054,8.154931409962906,8.243957078502838,8.22145646409813,8.253585301211908,8.311360364054295,8.43928775684834,8.252133313677291,
ENSMUSG00000031099-B,6.746791932542452,6.054489229774386,6.9887148722053425,6.961307939829503,6.849535767270115,5.919813312092914,6.837092779889893,6.460644887609981,6.4456477762664806,
ENSMUSG00000031264-B,0.0,0.6736669986596555,0.0,0.0,2.169823038628183,1.0583461571255826,1.6880493942036567,0.0,0.9459719702367412,
ENSMUSG00000031355-B,4.14277129449116,5.024207934840363,4.292086437243156,4.553056106033177,4.736839414124704,4.501493687863935,4.4666904826250535,4.312232511768845,5.062942950002011,
ENSMUSG00000031409-B,8.476055586477347,8.945929831476063,8.585608619735492,8.733112474817814,8.450393228957099,8.68399018179974,8.806271540824039,8.620435325455583,8.68126290904429,
ENSMUSG00000031659-B,3.788555701498604,3.8765475742980624,3.8506506919745367,4.390792791186304,2.999885291327401,2.0866575753180157,3.1338472676484734,3.8136381226818834,2.7134578716552697,
ENSMUSG00000031734-B,4.664234435084265,4.561609979243837,5.471771574054636,4.4742045144308165,4.014827354495078,4.568846835655832,5.23520714648778,5.103429690744369,5.351872576335966,
ENSMUSG00000031775-B,7.9932856867017215,8.044634743507782,8.154931409962906,8.758290972760692,8.36108204232125,8.068176764302233,8.375512639791127,8.424129377008757,8.459998461223742,
ENSMUSG00000031788-B,7.136728951344709,7.363334225374037,6.827516034276683,7.059107024611881,6.727790595006691,6.881598846908209,6.642242830613301,6.484223072103106,6.935102718611691,
ENSMUSG00000031844-B,0.0,2.3690073638492493,0.0,0.0,1.115406628546921,0.0,1.0779974755575148,0.7871122724200131,0.9459719702367412,
ENSMUSG00000031872-B,5.302182452109122,5.050353748124531,5.17454602469081,5.311322345944074,4.533853134714116,5.635592666049819,5.396119694709662,4.79949290466337,5.699239277079914,
ENSMUSG00000031951-B,5.302182452109122,5.414763283008213,4.999290198784934,4.553056106033177,4.672299386859672,5.60383057504562,5.3575426687572065,6.002897732393468,5.564509807646584,
ENSMUSG00000032018-B,6.4830000154752625,6.657933465097286,7.023489163962518,6.709220819725195,6.86405617362532,6.698240256629037,7.03341350532729,7.219418914007844,6.9781459491173115,
ENSMUSG00000032235-B,3.648106357625734,4.367303566277369,4.688594862999115,4.4742045144308165,4.736839414124704,4.356550264158849,3.9490071216171994,4.363988112705335,5.02239161452033,
ENSMUSG00000032243-B,1.833396511506524,0.0,1.0234744307658463,1.169035828833055,2.5023923796780365,2.0866575753180157,2.7127099383828064,2.6039096794870713,0.0,
ENSMUSG00000032251-B,6.080178481016298,5.688890660058602,6.521791414011427,6.148168774324747,5.772460805737848,6.157150514465265,6.490061428186359,5.969874413911551,6.020759060147799,
ENSMUSG00000032295-B,5.348308187347345,5.394494778623558,5.293293985752456,6.315831793333798,5.643727715448497,4.9686068428644194,5.470310581370488,5.041205601714661,4.800542967699481,
ENSMUSG00000032300-B,4.735387287731422,5.050353748124531,4.292086437243156,5.399316442586086,4.798615405638065,4.195401545594036,4.730932597630047,4.554228205452251,4.354467219899678,
ENSMUSG00000032307-B,5.348308187347345,4.236773291380003,5.367354918098208,5.217610615520687,5.426136707219817,4.865231600653858,5.00499140980573,4.761402889222107,5.47718702733986,
ENSMUSG00000032308-B,5.519341907117949,5.753975657615927,5.471771574054636,5.635055911566559,5.643727715448497,5.60383057504562,5.470310581370488,5.453234459393591,5.673281182073652,
ENSMUSG00000032334-B,2.8893523063296556,3.8765475742980624,4.043705832402777,2.246663788354165,4.115353684625507,3.690190334179437,4.04923452777236,3.8862304070733424,3.896978526200117,
ENSMUSG00000032346-B,1.833396511506524,2.5263137538687137,0.0,0.0,2.5023923796780365,0.0,2.115469856457744,0.7871122724200131,1.51246595043351,
ENSMUSG00000032387-B,3.788555701498604,4.042047050973651,4.2139496907733465,4.207939041009724,4.297556118474912,4.195401545594036,3.9490071216171994,4.872782571470365,4.418372121292375,
ENSMUSG00000032481-B,7.740059519818516,6.818684213876583,7.668392175584947,7.903792780620952,7.5873345931949965,7.548416312715159,7.698116329124719,7.385140112935464,7.548619709335461,
ENSMUSG00000032526-B,7.027567913853274,7.168214199959446,7.09061989683253,6.5644700380670455,6.6292268479745475,6.5726051174566145,7.093334699748341,7.34062429207245,7.256857463189618,
ENSMUSG00000032691-B,0.0,0.0,0.0,1.169035828833055,0.0,1.6622445327945392,1.6880493942036567,0.7871122724200131,2.2344845923790824,
ENSMUSG00000032727-B,5.70804976619561,5.705439242849325,6.965057443925907,6.506211336740633,5.890642043462946,6.398415307447519,5.904207051836072,5.523193468694959,6.266259605843645,
ENSMUSG00000032737-B,6.5237682794691745,7.271850880466816,6.827516034276683,6.691901528204237,7.231890898241141,6.621009384481246,6.823003849983097,6.798229155100746,6.988709050499259,
ENSMUSG00000032816-B,6.5237682794691745,6.579307461350303,6.111978019761757,5.86879119493531,6.263531049657747,6.322390144707487,6.080363988623917,6.082293017785891,6.195070686898611,
ENSMUSG00000032878-B,5.810459686014373,5.705439242849325,5.367354918098208,6.222422197238793,6.285272803289949,5.538128336647362,5.821587444576789,5.734558491069334,5.749794959804313,
ENSMUSG00000033106-B,3.788555701498604,3.474705774856715,4.436706433756324,4.4742045144308165,3.66284426649862,2.6809350842674866,4.6692695934820385,3.2790854878575644,3.3596425496849505,
ENSMUSG00000033356-B,2.276683176088846,3.222141711359981,3.040832944358254,2.246663788354165,3.5234422598439243,2.905977926916991,1.0779974755575148,2.6039096794870713,2.2344845923790824,
ENSMUSG00000033411-B,5.393004768942913,5.024207934840363,5.952699582582832,6.096454561142645,5.609665942017498,5.756078516103285,5.277148902281664,5.404636388820439,5.214628727030609,
ENSMUSG00000033420-B,4.664234435084265,4.666757293948598,3.9504050800222528,3.613239691404382,3.3691154005615043,4.195401545594036,4.604852882159124,4.682066304541401,3.896978526200117,
ENSMUSG00000033427-B,0.0,1.4778673043098092,1.6161776226610136,2.583628536214724,2.5023923796780365,2.4141818892986997,1.6880493942036567,2.6039096794870713,3.072430133264163,
ENSMUSG00000033554-B,4.989366622040713,4.4869975495571,4.292086437243156,4.952647074754181,3.9067682393667855,3.806377040646813,4.142948926241687,4.413951141920098,4.59467746443485,
ENSMUSG00000033581-B,1.833396511506524,1.991176696619784,0.0,0.0,0.0,1.0583461571255826,2.444777031038329,2.420536794691922,1.51246595043351,
ENSMUSG00000033684-B,6.780827321359352,6.8487915790248035,6.488989637009975,7.384271072370544,6.834867729097442,6.827621566214425,6.808775973761279,6.730836393283381,6.659075793980569,
ENSMUSG00000033740-B,5.9664771282753915,5.861254094020326,6.505483748036014,5.598344963007395,5.861991883024551,6.2828204445193485,6.056477765867273,5.611488754228909,6.041200155785749,
ENSMUSG00000033906-B,4.338291192245054,4.524786055719716,4.043705832402777,3.0860503698190223,3.7899553115008984,4.501493687863935,3.598250544201079,4.363988112705335,4.648962668335466,
ENSMUSG00000033938-B,8.561751469510625,8.060802087197889,8.289595734658663,8.659290322304015,8.22145646409813,8.357234974962365,8.530938610310491,8.427173821269719,8.526753852070568,
ENSMUSG00000034006-B,5.635500989474873,6.015204970398011,5.800611572605161,6.293040248283962,5.861991883024551,6.505431342736026,6.237333320383135,5.829659495334149,6.35057350255782,
ENSMUSG00000034118-B,6.133836289632743,6.467327925146577,5.746131127047013,5.598344963007395,6.541612282931576,6.066845046247496,6.007485116034182,6.323590746444722,6.195070686898611,
ENSMUSG00000034126-B,4.5893894874658905,4.8565249233932715,4.131337489040686,4.553056106033177,4.115353684625507,4.0139623753508875,4.04923452777236,4.682066304541401,4.354467219899678,
ENSMUSG00000034460-B,3.119564148593563,1.991176696619784,2.359306004945279,2.583628536214724,2.999885291327401,4.0139623753508875,3.598250544201079,3.8136381226818834,2.7134578716552697,
ENSMUSG00000034480-B,6.543728377951019,6.39775360581349,6.976934649571664,6.840763396852731,6.467475935094079,5.919813312092914,6.609784882421993,6.460644887609981,6.3829660986537995,
ENSMUSG00000034486-B,2.615299018017335,3.127070169664964,2.03506994845655,5.739896020683038,2.169823038628183,3.10060763033277,3.9490071216171994,3.480088992742815,3.223171867782088,
ENSMUSG00000034509-B,4.5893894874658905,5.024207934840363,4.799762132266952,4.207939041009724,3.7899553115008984,4.8106266633407735,4.142948926241687,4.836603082234361,4.893414495959333,
ENSMUSG00000034520-B,3.648106357625734,3.222141711359981,4.799762132266952,6.293040248283962,3.66284426649862,3.10060763033277,2.444777031038329,3.8136381226818834,3.9840225264720672,
ENSMUSG00000034575-B,4.9299394115645345,5.549189017658203,5.718099459176766,5.441379412747367,5.260399873909484,5.81274678973172,5.574899467553379,5.589916354423457,5.535985476431197,
ENSMUSG00000034706-B,3.119564148593563,2.668141884917594,3.040832944358254,3.4579763234462466,3.3691154005615043,3.690190334179437,3.724883916335085,3.1670024629229987,1.918179767477204,
ENSMUSG00000034762-B,1.1902200583207372,1.991176696619784,2.03506994845655,3.283965590594543,2.169823038628183,1.0583461571255826,2.115469856457744,0.7871122724200131,0.0,
ENSMUSG00000034892-B,11.258202158081716,11.432621559207004,11.04090398227474,10.97925349347146,11.076239216417909,11.01749531919284,11.189471846216064,11.146171636042023,11.125903290283516,
ENSMUSG00000035168-B,6.9548947400964085,7.144136653919673,7.206123827485969,8.330440613526507,6.849535767270115,7.147007118264307,7.0576814445432685,6.495869218096571,6.999195372953357,
ENSMUSG00000035234-B,3.492494629602887,3.3953310230336133,3.5018323019951523,3.4579763234462466,2.772477593105346,3.272074344080515,3.1338472676484734,3.0454726310430704,2.2344845923790824,
ENSMUSG00000035394-B,1.1902200583207372,0.0,1.6161776226610136,2.246663788354165,1.7368738279577771,1.6622445327945392,2.115469856457744,1.2935081824757793,1.51246595043351,
ENSMUSG00000035441-B,5.046442456662484,5.7218001540799746,4.902972819154677,5.7732154103337185,5.260399873909484,4.865231600653858,5.640637255852695,5.56801648297262,5.506885779702032,
ENSMUSG00000035569-B,9.58894934416098,8.519636981688727,9.657539201806864,10.24632792522478,9.530275418013767,9.29662909213802,9.480444078093331,9.27262988892557,9.254149991173888,
ENSMUSG00000035671-B,4.664234435084265,4.524786055719716,3.9504050800222528,4.207939041009724,4.209329355853425,3.563820514953389,4.230945375188764,4.021298175057105,4.354467219899678,
ENSMUSG00000035835-B,6.375735056793987,6.117675493436206,6.293897381195189,7.28381158125321,6.7899470189144795,6.667842207665629,6.398021618184817,6.530253981677763,6.505719103692124,
ENSMUSG00000035941-B,5.874905040375505,6.105257694442575,6.045856750327548,6.246347684044023,6.389322556557994,6.112704248662698,5.792961607229167,6.051057241967112,5.868937452889393,
ENSMUSG00000035948-B,3.119564148593563,0.6736669986596555,0.0,0.0,2.5023923796780365,1.6622445327945392,2.444777031038329,0.0,3.072430133264163,
ENSMUSG00000035963-B,0.0,1.4778673043098092,1.0234744307658463,0.0,1.115406628546921,0.0,1.0779974755575148,0.7871122724200131,0.9459719702367412,
ENSMUSG00000035969-B,7.926441075959546,8.241873458368085,7.554115819806977,7.658402906796864,7.813650677523545,7.927716288296582,8.070260518882419,7.922616822305651,7.923701494959319,
ENSMUSG00000035983-B,0.0,2.1924257090957218,1.0234744307658463,1.8062115994418957,2.169823038628183,1.0583461571255826,2.7127099383828064,1.964386763254362,1.918179767477204,
ENSMUSG00000036112-B,8.63335680316843,8.616881240182616,8.642644340251094,9.276851132113627,8.983337855086093,8.927960803924591,8.87275082193214,8.837353799539061,8.861613209333848,
ENSMUSG00000036246-B,2.615299018017335,2.1924257090957218,3.3639108810601055,2.856601009838485,2.772477593105346,3.425309622249097,2.9385911342453923,2.9127557664605015,3.3596425496849505,
ENSMUSG00000036356-B,5.436358103261234,5.244033808355326,5.63058041846793,5.7732154103337185,5.677003810536825,5.1986478811070045,5.3575426687572065,5.072653089365245,5.178176084065701,
ENSMUSG00000036712-B,8.22108007409039,8.157187430611835,8.023671060663952,8.499245395858814,8.122266005452163,8.453934531105638,8.326419947675001,8.17527477512492,8.328963347866022,
ENSMUSG00000036885-B,6.185569773410231,5.454465528382434,5.853109320406146,5.521995871763407,5.303652970849152,5.635592666049819,5.982350422965682,5.694690461874134,5.935969157856927,
ENSMUSG00000036908-B,5.302182452109122,5.473914308776037,5.045140133939058,4.831345310886777,5.386453090775993,4.568846835655832,5.574899467553379,5.248172965431768,5.214628727030609,
ENSMUSG00000036915-B,2.276683176088846,1.4778673043098092,3.5018323019951523,1.8062115994418957,0.0,2.0866575753180157,2.9385911342453923,2.766581548621033,1.51246595043351,
ENSMUSG00000037025-B,1.1902200583207372,2.1924257090957218,0.0,0.0,2.169823038628183,1.0583461571255826,1.0779974755575148,1.667597390739755,0.9459719702367412,
ENSMUSG00000037103-B,4.735387287731422,4.997579524166388,4.951935153795522,5.009676017117655,3.7899553115008984,4.865231600653858,4.230945375188764,4.9080769141305485,4.648962668335466,
ENSMUSG00000037148-B,5.1542363612648385,5.672150050240336,5.773628502457098,2.856601009838485,5.539030534139773,5.60383057504562,5.3575426687572065,5.354344023161706,5.250182972595534,
ENSMUSG00000037341-B,0.0,1.1310919323943265,0.0,2.246663788354165,0.0,1.0583461571255826,2.444777031038329,0.7871122724200131,2.2344845923790824,
ENSMUSG00000037353-B,6.375735056793987,6.623516464915307,6.787611622516202,6.198093232304976,5.677003810536825,6.2421347606754285,5.877189504218085,6.399956362017443,6.120185831027147,
ENSMUSG00000037366-B,3.648106357625734,4.2816084837512705,4.503919974098771,4.302260943910391,4.604736349545275,4.69479578841376,4.730932597630047,4.554228205452251,3.9840225264720672,
ENSMUSG00000037437-B,1.1902200583207372,0.0,0.0,0.0,1.115406628546921,1.6622445327945392,0.0,1.667597390739755,0.0,
ENSMUSG00000037514-B,6.185569773410231,6.437920224606832,5.976558852782841,6.096454561142645,5.9733292026847975,5.919813312092914,6.126981773100274,5.969874413911551,6.398893677587521,
ENSMUSG00000037578-B,2.276683176088846,2.797266730132998,1.0234744307658463,4.107016405932684,0.0,2.4141818892986997,1.0779974755575148,2.420536794691922,1.918179767477204,
ENSMUSG00000037709-B,5.4784465763979755,5.37393745846496,6.045856750327548,5.899292710517162,5.609665942017498,5.320901302002592,5.506022672812419,5.453234459393591,5.619920348556439,
ENSMUSG00000037824-B,6.620916776477006,6.9071845212598815,6.312764243091175,7.150695197194673,6.7899470189144795,7.399120979105014,6.750418373593446,7.327649052856697,6.901956010337463,
ENSMUSG00000038070-B,6.080178481016298,5.493104386413853,6.438344743603283,6.4455006792808005,6.219039183853482,6.066845046247496,6.416905329255626,6.12791412595281,5.47718702733986,
ENSMUSG00000038324-B,8.30533840409914,8.594844178238779,8.101683145540573,8.164567753458803,8.271332355813305,8.253585301211908,8.394691320527903,8.535526782451107,8.333114043382604,
ENSMUSG00000038344-B,4.14277129449116,4.367303566277369,4.688594862999115,4.952647074754181,4.533853134714116,3.806377040646813,4.313881687701172,4.50896792755303,4.701279104566726,
ENSMUSG00000038371-B,6.2107570812060535,6.533700804387789,6.55386394451426,6.583378280496261,6.906760591757113,6.434976475254456,6.472117230016735,6.4487096998394495,6.366860711904826,
ENSMUSG00000038453-B,8.983161595049886,9.31017013381766,9.19369710592052,8.79525349134015,9.12269713359839,9.012038907981118,9.220503134900955,9.09067543794303,9.133204509951083,
ENSMUSG00000038507-B,2.276683176088846,3.621445062925454,3.5018323019951523,3.613239691404382,2.169823038628183,4.0139623753508875,3.598250544201079,3.480088992742815,4.418372121292375,
ENSMUSG00000038564-B,5.254533142741591,5.672150050240336,5.403006794464059,5.399316442586086,5.169797546798636,4.865231600653858,5.849656323598829,5.192005991332843,4.59467746443485,
ENSMUSG00000038605-B,5.559109882196793,5.37393745846496,5.367354918098208,5.705788882617483,5.8327612178333474,5.867273037151031,5.101528735921043,5.354344023161706,5.506885779702032,
ENSMUSG00000038756-B,1.1902200583207372,0.0,0.0,2.856601009838485,1.115406628546921,1.6622445327945392,0.0,0.7871122724200131,0.0,
ENSMUSG00000038816-B,4.14277129449116,4.367303566277369,4.436706433756324,5.168368589552175,4.857854419519998,3.806377040646813,4.790067707245502,4.554228205452251,4.143781507307443,
ENSMUSG00000038843-B,3.119564148593563,3.8765475742980624,4.292086437243156,3.4579763234462466,2.5023923796780365,4.356550264158849,3.1338472676484734,4.258550909440941,2.7134578716552697,
ENSMUSG00000038900-B,8.97215644621791,8.944187825334273,8.704671050361526,8.645861515465214,8.821643175329054,8.65328715784332,9.07353698545695,8.972696469739411,8.956144383206924,
ENSMUSG00000039086-B,7.3215002524568416,7.511849781992588,7.07964612805298,7.272205044544138,7.053343303867179,7.471305179040704,6.823003849983097,7.087088934254211,6.901956010337463,
ENSMUSG00000039191-B,5.4784465763979755,5.549189017658203,5.132687301477484,5.0645360989299935,5.609665942017498,5.3970029277829195,5.506022672812419,5.041205601714661,5.592481085405485,
ENSMUSG00000039367-B,6.711934156255288,7.1860122680346015,6.472304768338808,6.691901528204237,6.743582553585751,7.008317150009289,6.658202008239063,6.835371439044323,7.070539983084559,
ENSMUSG00000039477-B,6.99893642227972,6.142194965878544,6.488989637009975,7.072552444374812,6.612124436075747,6.72801100364014,6.126981773100274,6.1128668153112224,6.3829660986537995,
ENSMUSG00000039512-B,3.788555701498604,4.700169720977104,4.799762132266952,4.952647074754181,3.9067682393667855,4.568846835655832,4.3923083092009865,4.554228205452251,4.354467219899678,
ENSMUSG00000039536-B,7.013323193892639,6.780144350784011,7.034896791927495,6.691901528204237,6.541612282931576,6.813805685701138,6.765230566874207,6.90690482623775,6.645788688445357,
ENSMUSG00000039828-B,6.330491693482125,5.434750974625889,6.312764243091175,6.808984999067663,5.918734307883194,6.2213534003240785,6.103861167647228,6.097660905563668,5.535985476431197,
ENSMUSG00000039835-B,5.4784465763979755,5.024207934840363,4.799762132266952,4.627820432096269,4.857854419519998,5.504119984897862,4.537424973455023,5.2754571722374255,4.980667413928631,
ENSMUSG00000039883-B,15.947286304973645,14.499025317948394,15.726464534169384,15.897956666275023,15.91579884398811,15.62243310122168,15.718668972353369,15.026230436643283,15.112337685751118,
ENSMUSG00000039956-B,1.1902200583207372,1.1310919323943265,1.0234744307658463,0.0,0.0,0.0,0.0,1.2935081824757793,0.9459719702367412,
ENSMUSG00000039990-B,4.5893894874658905,4.8565249233932715,4.292086437243156,4.4742045144308165,4.672299386859672,5.433599455640066,5.277148902281664,4.50896792755303,5.384236342248328,
ENSMUSG00000040043-B,2.8893523063296556,3.3953310230336133,2.623877003185583,1.8062115994418957,3.5234422598439243,2.4141818892986997,3.1338472676484734,2.9127557664605015,3.4843121650326756,
ENSMUSG00000040276-B,10.847883443837508,11.189617401978955,11.0309688489753,10.6124197309935,10.739790196763108,10.7885490315257,10.486155061640574,11.112998092100794,10.982651193729025,
ENSMUSG00000040649-B,6.67621326412794,6.27007379271648,6.090272579778374,6.293040248283962,6.285272803289949,6.157150514465265,6.416905329255626,6.283836585712419,6.460901724738217,
ENSMUSG00000040693-B,1.833396511506524,0.6736669986596555,2.359306004945279,1.169035828833055,2.5023923796780365,0.0,1.0779974755575148,0.0,1.51246595043351,
ENSMUSG00000040729-B,5.436358103261234,4.561609979243837,5.976558852782841,5.399316442586086,5.303652970849152,5.359453848276641,4.730932597630047,4.50896792755303,5.44686403528924,
ENSMUSG00000040797-B,7.149811137842448,7.483344636682168,6.7326285248169375,6.856393898147798,7.297550285547564,6.636789850819052,7.069664029784045,7.094767839664221,7.316771781856576,
ENSMUSG00000040907-B,9.706497621175698,9.95834124288912,10.237593021082969,10.213326630203015,9.918980652842006,10.025701839623318,9.81715176923537,9.843772648028164,9.969432216975694,
ENSMUSG00000040918-B,4.338291192245054,4.764759042526093,3.040832944358254,2.856601009838485,4.459306481451283,4.69479578841376,5.101528735921043,5.009057326027325,4.354467219899678,
ENSMUSG00000041020-B,9.215553240492708,8.255984980927847,9.35028124257186,10.06986294572899,9.419127060710082,9.166784958863106,9.36363852521514,8.94535109159037,9.22093625976481,
ENSMUSG00000041057-B,6.746791932542452,6.515046652711089,6.891664491163665,7.373448175193328,6.834867729097442,7.201077847894525,6.765230566874207,6.472482147052427,6.475996075673785,
ENSMUSG00000041133-B,9.043986436337033,8.17512120836421,9.406252814165072,9.288420500223737,8.949695879509688,8.668720344903958,8.959026399383523,8.601694525649613,8.607789944386402,
ENSMUSG00000041147-B,3.119564148593563,2.797266730132998,4.043705832402777,2.583628536214724,1.7368738279577771,3.272074344080515,1.6880493942036567,3.570979513350055,1.918179767477204,
ENSMUSG00000041308-B,4.510448210865148,3.81687506803676,5.689512323391463,4.390792791186304,4.533853134714116,4.501493687863935,4.790067707245502,3.6564816778911298,4.418372121292375,
ENSMUSG00000041468-B,5.597810993100671,5.961104495102926,5.53740731871018,6.583378280496261,6.051532999867744,5.84026749860625,5.982350422965682,5.2754571722374255,5.673281182073652,
ENSMUSG00000041598-B,7.641623314945571,7.793052823018362,7.340901823912721,7.761618834357603,7.935525618940449,8.36198969947562,7.8517395135833805,7.842786208430468,7.723233641161464,
ENSMUSG00000041608-B,4.034084119125271,4.4869975495571,4.902972819154677,4.893270698636854,4.014827354495078,4.43084146712594,4.730932597630047,4.554228205452251,5.102385559877196,
ENSMUSG00000041649-B,1.833396511506524,3.474705774856715,3.040832944358254,2.856601009838485,3.3691154005615043,3.272074344080515,2.7127099383828064,2.9127557664605015,3.223171867782088,
ENSMUSG00000041733-B,6.4830000154752625,6.313901326400914,6.631058044098214,7.188234624547346,6.369104299209709,6.605054397775961,6.559686274293785,6.387506179222743,6.577453127983989,
ENSMUSG00000041736-B,3.119564148593563,2.668141884917594,2.03506994845655,3.4579763234462466,3.7899553115008984,4.0139623753508875,3.724883916335085,4.312232511768845,4.287599889753829,
ENSMUSG00000041794-B,5.743000392659326,6.080096768485927,6.133361734399942,6.293040248283962,5.609665942017498,5.635592666049819,6.126981773100274,6.142806111774644,6.231104198628454,
ENSMUSG00000041852-B,6.543728377951019,6.190018076050905,6.600674234453459,6.65662643652856,6.306691762155213,6.556102613788681,6.542592532389643,6.1128668153112224,6.100841109998865,
ENSMUSG00000042190-B,3.648106357625734,3.474705774856715,3.743483083968696,2.246663788354165,2.772477593105346,3.563820514953389,2.444777031038329,2.766581548621033,2.7134578716552697,
ENSMUSG00000042757-B,6.133836289632743,5.688890660058602,6.045856750327548,6.198093232304976,6.1731314342944605,6.78577055433391,6.126981773100274,5.969874413911551,5.957638372631451,
ENSMUSG00000042759-B,1.833396511506524,2.3690073638492493,2.359306004945279,0.0,2.169823038628183,0.0,2.115469856457744,2.420536794691922,1.51246595043351,
ENSMUSG00000042793-B,3.9165368471925786,3.6895725816895366,4.688594862999115,5.521995871763407,4.014827354495078,3.425309622249097,2.9385911342453923,3.2790854878575644,3.804343661299686,
ENSMUSG00000043090-B,5.101345930069091,4.632552660612884,5.215224414232346,5.355990166753498,4.969499438696846,5.359453848276641,4.846874049509617,5.009057326027325,5.250182972595534,
ENSMUSG00000043243-B,1.1902200583207372,1.1310919323943265,2.03506994845655,0.0,1.115406628546921,1.0583461571255826,1.0779974755575148,1.2935081824757793,0.9459719702367412,
ENSMUSG00000043262-B,2.615299018017335,2.797266730132998,2.03506994845655,3.4579763234462466,2.999885291327401,2.6809350842674866,3.598250544201079,2.766581548621033,2.4937579377882537,
ENSMUSG00000043290-B,3.788555701498604,4.236773291380003,4.2139496907733465,3.283965590594543,3.9067682393667855,3.806377040646813,3.459422919314308,3.6564816778911298,4.066112281463039,
ENSMUSG00000043631-B,3.492494629602887,3.127070169664964,3.743483083968696,3.613239691404382,2.999885291327401,3.272074344080515,3.598250544201079,4.50896792755303,4.2174820653654965,
ENSMUSG00000043702-B,4.867958728441207,5.530735337990516,5.089577694728135,5.635055911566559,4.798615405638065,5.01764321255696,5.73394745483445,4.872782571470365,5.592481085405485,
ENSMUSG00000043811-B,6.99893642227972,7.310225560007307,7.216179718230357,6.6020419102990475,6.759203520999096,7.342509230498583,6.689600308387879,6.649752327373826,6.748809134183528,
ENSMUSG00000044022-B,4.243840918132713,3.549940257162228,3.040832944358254,3.0860503698190223,2.5023923796780365,2.905977926916991,3.1338472676484734,3.8136381226818834,3.4843121650326756,
ENSMUSG00000044026-B,3.119564148593563,4.142693051431893,2.359306004945279,1.8062115994418957,2.5023923796780365,1.6622445327945392,2.115469856457744,4.0843682041910965,2.2344845923790824,
ENSMUSG00000044172-B,1.1902200583207372,2.1924257090957218,0.0,0.0,0.0,1.0583461571255826,0.0,0.7871122724200131,1.51246595043351,
ENSMUSG00000044749-B,0.0,0.6736669986596555,0.0,0.0,0.0,1.0583461571255826,1.0779974755575148,1.2935081824757793,0.9459719702367412,
ENSMUSG00000045087-B,5.254533142741591,5.37393745846496,5.330799640666987,6.222422197238793,5.21580983024132,5.571353444372785,5.877189504218085,5.37970934395094,5.673281182073652,
ENSMUSG00000045102-B,0.0,0.6736669986596555,0.0,0.0,1.115406628546921,1.0583461571255826,1.0779974755575148,0.7871122724200131,0.0,
ENSMUSG00000045667-B,1.833396511506524,2.1924257090957218,2.8473659893891825,2.246663788354165,2.169823038628183,1.6622445327945392,2.444777031038329,2.420536794691922,0.9459719702367412,
ENSMUSG00000047003-B,4.510448210865148,4.367303566277369,3.6277113392884175,4.207939041009724,3.5234422598439243,3.563820514953389,4.537424973455023,3.955344375791936,4.143781507307443,
ENSMUSG00000047216-B,3.9165368471925786,3.933849637882034,2.8473659893891825,3.0860503698190223,3.3691154005615043,2.905977926916991,3.459422919314308,2.2104153203182793,2.7134578716552697,
ENSMUSG00000047238-B,7.5159072890654866,7.701150791100261,7.284674213023258,6.932102852019465,7.7209687136747105,7.691276862426539,7.666904836136042,7.922616822305651,7.735829313583755,
ENSMUSG00000047606-B,4.664234435084265,4.524786055719716,3.8506506919745367,5.899292710517162,4.736839414124704,3.913900100449989,3.9490071216171994,4.363988112705335,4.751764592434789,
ENSMUSG00000047676-B,0.0,0.6736669986596555,0.0,0.0,0.0,0.0,0.0,2.2104153203182793,0.0,
ENSMUSG00000047866-B,6.862560394561394,6.683217888723035,6.814336822126046,6.691901528204237,7.07846547705631,6.75717981641485,7.081547910570757,7.071607409391578,6.967504936187151,
ENSMUSG00000047867-B,1.833396511506524,2.1924257090957218,1.6161776226610136,1.8062115994418957,1.115406628546921,1.0583461571255826,2.444777031038329,0.0,1.51246595043351,
ENSMUSG00000048249-B,8.986811401313508,8.07679025999436,8.898222851318131,8.937981571137627,8.737398247656994,8.888959973802539,8.962243829400537,8.433243503718048,8.501159177021204,
ENSMUSG00000048347-B,4.14277129449116,3.8765475742980624,3.211396859945394,2.583628536214724,2.5023923796780365,2.6809350842674866,3.9490071216171994,2.766581548621033,3.223171867782088,
ENSMUSG00000048706-B,5.393004768942913,5.244033808355326,4.799762132266952,5.0645360989299935,5.21580983024132,5.1986478811070045,4.790067707245502,5.072653089365245,5.178176084065701,
ENSMUSG00000049387-B,2.276683176088846,1.991176696619784,1.6161776226610136,1.169035828833055,1.115406628546921,2.6809350842674866,1.6880493942036567,2.420536794691922,2.7134578716552697,
ENSMUSG00000049764-B,4.426936119790452,4.764759042526093,4.2139496907733465,4.302260943910391,3.9067682393667855,4.195401545594036,4.230945375188764,4.598111660620564,4.59467746443485,
ENSMUSG00000050052-B,4.735387287731422,4.700169720977104,4.2139496907733465,3.4579763234462466,4.297556118474912,4.356550264158849,4.790067707245502,4.312232511768845,4.479565985314829,
ENSMUSG00000050074-B,4.243840918132713,3.933849637882034,4.503919974098771,1.8062115994418957,4.297556118474912,4.633195312020606,5.00499140980573,3.955344375791936,3.3596425496849505,
ENSMUSG00000050549-B,2.8893523063296556,2.797266730132998,3.743483083968696,3.0860503698190223,3.7899553115008984,2.6809350842674866,3.9490071216171994,3.383085014617831,3.7053501275360574,
ENSMUSG00000050592-B,1.1902200583207372,2.3690073638492493,3.040832944358254,0.0,2.5023923796780365,2.4141818892986997,1.0779974755575148,1.2935081824757793,2.7134578716552697,
ENSMUSG00000050666-B,4.243840918132713,3.988962413356327,4.292086437243156,3.283965590594543,4.533853134714116,4.43084146712594,4.4666904826250535,4.9080769141305485,4.648962668335466,
ENSMUSG00000050677-B,2.615299018017335,1.4778673043098092,2.359306004945279,3.0860503698190223,3.196280418434252,2.0866575753180157,3.1338472676484734,2.9127557664605015,3.072430133264163,
ENSMUSG00000050930-B,2.8893523063296556,2.668141884917594,3.6277113392884175,1.8062115994418957,2.772477593105346,4.195401545594036,4.4666904826250535,3.8136381226818834,3.4843121650326756,
ENSMUSG00000051297-B,2.276683176088846,3.6895725816895366,2.8473659893891825,2.246663788354165,2.169823038628183,2.905977926916991,3.3057998279465894,2.420536794691922,1.51246595043351,
ENSMUSG00000051495-B,6.814078234588567,7.10100913137522,6.704330666854784,6.638660088735596,7.001747213774946,6.742669126676148,7.24897222346728,6.660140580699884,7.009606024580294,
ENSMUSG00000051855-B,5.254533142741591,5.454465528382434,4.951935153795522,4.207939041009724,4.857854419519998,5.571353444372785,4.95418704981544,5.248172965431768,4.751764592434789,
ENSMUSG00000052117-B,0.0,0.6736669986596555,1.0234744307658463,0.0,1.115406628546921,2.4141818892986997,1.6880493942036567,2.766581548621033,0.0,
ENSMUSG00000052516-B,6.780827321359352,6.515046652711089,6.7326285248169375,6.0152321201233825,6.612124436075747,6.78577055433391,7.03341350532729,6.507422103002114,6.460901724738217,
ENSMUSG00000052533-B,4.14277129449116,4.2816084837512705,4.852290243060011,3.998499203171392,4.459306481451283,4.865231600653858,3.598250544201079,4.144796114547888,4.538269502023748,
ENSMUSG00000052698-B,7.941565380862191,7.857405257662491,7.977122511264269,8.79119300052499,7.73683511233785,7.835001835100436,7.698116329124719,7.616114800446627,7.658550974541107,
ENSMUSG00000052837-B,8.057169837186335,8.547440776949793,7.195997352775043,4.698900418805928,7.560839243004151,7.683700610257861,7.340829656246608,7.5946119796645535,7.691254780243884,
ENSMUSG00000052951-B,3.3180461044995915,2.3690073638492493,1.0234744307658463,0.0,2.772477593105346,2.905977926916991,3.598250544201079,1.964386763254362,2.2344845923790824,
ENSMUSG00000053279-B,7.525976383286622,7.633580789897864,7.505744212311837,7.873387265558408,7.410674324220887,7.253195057593347,7.5857876327530205,7.314556057708602,7.754519001217338,
ENSMUSG00000053358-B,2.276683176088846,1.4778673043098092,0.0,2.246663788354165,0.0,1.6622445327945392,0.0,1.2935081824757793,0.9459719702367412,
ENSMUSG00000053768-B,6.419602610707046,6.6915485061458435,6.521791414011427,6.77649081891284,6.679350282181588,6.416811706126891,6.642242830613301,6.484223072103106,6.901956010337463,
ENSMUSG00000054519-B,2.615299018017335,2.3690073638492493,2.03506994845655,1.8062115994418957,2.5023923796780365,1.0583461571255826,2.9385911342453923,1.667597390739755,2.7134578716552697,
ENSMUSG00000054920-B,6.582838741250483,6.2133480027207835,6.235769634530476,6.709220819725195,7.090864397480649,6.360903451852134,6.626105135006232,6.484223072103106,6.7611844298752874,
ENSMUSG00000055239-B,7.378181561392511,6.983800748494531,7.206123827485969,7.072552444374812,7.254111049754015,7.079328070517396,7.03341350532729,7.391388852255744,7.109778231151236,
ENSMUSG00000055639-B,5.4784465763979755,4.732825808801575,5.878658778141378,4.302260943910391,5.386453090775993,4.633195312020606,5.23520714648778,5.4769330733696515,5.673281182073652,
ENSMUSG00000055818-B,1.833396511506524,0.6736669986596555,2.03506994845655,2.856601009838485,2.5023923796780365,2.4141818892986997,1.0779974755575148,1.667597390739755,2.2344845923790824,
ENSMUSG00000055945-B,8.043215822855984,8.510248686221022,7.879262005387521,8.76658709312876,8.110135168839575,8.119620541199938,8.385133849254855,8.355472842133626,8.573114719496624,
ENSMUSG00000056071-B,3.492494629602887,1.991176696619784,1.0234744307658463,0.0,1.7368738279577771,1.0583461571255826,0.0,0.7871122724200131,0.9459719702367412,
ENSMUSG00000056116-B,5.254533142741591,4.524786055719716,3.8506506919745367,4.207939041009724,4.459306481451283,4.43084146712594,4.537424973455023,4.554228205452251,4.538269502023748,
ENSMUSG00000056411-B,1.1902200583207372,1.1310919323943265,1.0234744307658463,0.0,1.115406628546921,0.0,0.0,0.0,1.51246595043351,
ENSMUSG00000056423-B,1.1902200583207372,1.4778673043098092,1.0234744307658463,0.0,1.115406628546921,1.6622445327945392,0.0,1.964386763254362,0.9459719702367412,
ENSMUSG00000056737-B,1.833396511506524,1.991176696619784,2.03506994845655,0.0,2.169823038628183,1.6622445327945392,1.6880493942036567,2.420536794691922,2.4937579377882537,
ENSMUSG00000056770-B,7.956532775616023,8.126793324952661,7.690200036002571,8.158276031962954,7.921710381332158,7.921287835775228,7.958704280617323,7.926924945026043,7.803205889510584,
ENSMUSG00000056900-B,6.620916776477006,6.7485535887276775,6.367928125787531,6.7599650899646555,6.149617869644763,6.698240256629037,6.149737685025233,6.507422103002114,6.460901724738217,
ENSMUSG00000057322-B,10.315038963999182,9.83121527004442,9.910709981680707,10.00472673044897,10.043807679125775,10.165529344479866,10.272101781248104,10.240645717630208,10.184553526354458,
ENSMUSG00000057440-B,4.803195246527076,4.408314901701355,5.293293985752456,4.698900418805928,5.260399873909484,4.8106266633407735,4.730932597630047,4.682066304541401,4.479565985314829,
ENSMUSG00000057455-B,7.903453109973698,8.345811617936622,8.000584513915106,8.659290322304015,8.035126728170601,7.660730169786618,8.003117924372724,7.86540808855762,8.161675082794362,
ENSMUSG00000057531-B,7.096755200533961,7.492909067609061,6.866346347293746,6.173346947007079,6.849535767270115,6.488137558904139,6.905544658605517,7.378864190695344,7.100068264598777,
ENSMUSG00000058400-B,2.615299018017335,2.797266730132998,1.6161776226610136,0.0,2.169823038628183,2.4141818892986997,2.444777031038329,2.2104153203182793,2.2344845923790824,
ENSMUSG00000058897-B,5.672231362153938,5.9472563324091166,5.045140133939058,7.163317183477301,5.741338340539466,5.72688720154846,5.956770056209975,5.86601135278382,6.120185831027147,
ENSMUSG00000059447-B,5.743000392659326,5.846408416756152,5.53740731871018,5.441379412747367,5.4647579207105395,5.784690872389004,5.5408720685444575,5.811134208143242,5.957638372631451,
ENSMUSG00000059669-B,4.9299394115645345,4.885860733820958,4.902972819154677,5.117386261296756,5.303652970849152,4.356550264158849,4.790067707245502,4.976176315776484,5.178176084065701,
ENSMUSG00000059674-B,2.8893523063296556,1.4778673043098092,1.6161776226610136,2.246663788354165,0.0,2.4141818892986997,3.3057998279465894,2.766581548621033,2.904080281226693,
ENSMUSG00000060424-B,7.650854815942658,7.023937596747259,7.801248324803176,6.65662643652856,7.19790550469348,7.6216141825071535,7.899515236803429,7.926924945026043,7.729545223387481,
ENSMUSG00000061039-B,1.1902200583207372,0.6736669986596555,1.0234744307658463,0.0,0.0,1.6622445327945392,0.0,0.7871122724200131,0.9459719702367412,
ENSMUSG00000061535-B,0.0,1.1310919323943265,1.0234744307658463,0.0,2.772477593105346,2.6809350842674866,0.0,1.2935081824757793,1.918179767477204,
ENSMUSG00000061983-B,10.263312276893108,9.96436977594804,9.832790735835886,10.19960546243937,10.222060151840928,10.311547076741103,10.361325042701123,10.356962770326744,10.15320397999167,
ENSMUSG00000062380-B,9.6198341888697,9.823655346376782,9.603018202036688,10.29445620664095,9.71583104977337,9.706738624817774,9.513718039784948,9.67475563092159,9.755697598542527,
ENSMUSG00000062470-B,2.615299018017335,1.7572319572759685,2.623877003185583,1.8062115994418957,0.0,1.6622445327945392,1.0779974755575148,2.2104153203182793,1.918179767477204,
ENSMUSG00000062661-B,8.758196666432585,9.239488656458027,8.313210747522657,8.694501127538887,8.737398247656994,8.4178566789385,8.679079526340391,8.501268961083442,8.826713177999999,
ENSMUSG00000062704-B,2.276683176088846,1.991176696619784,2.359306004945279,1.169035828833055,2.999885291327401,2.0866575753180157,1.0779974755575148,2.766581548621033,2.2344845923790824,
ENSMUSG00000063049-B,6.67621326412794,6.963305667478332,6.760381993026214,6.7599650899646555,6.727790595006691,6.920796495312605,7.105025970950694,6.975058289318222,6.809650625237836,
ENSMUSG00000063077-B,10.14743125000401,9.867513030772034,10.75735209992292,10.600867026605432,10.122912649367516,9.7760663707911,10.12482975993582,9.830036713743988,9.99716249460597,
ENSMUSG00000063409-B,0.0,0.0,0.0,2.856601009838485,0.0,0.0,1.6880493942036567,0.0,0.0,
ENSMUSG00000063681-B,2.276683176088846,2.1924257090957218,0.0,3.0860503698190223,1.115406628546921,1.0583461571255826,1.6880493942036567,2.6039096794870713,0.9459719702367412,
ENSMUSG00000063870-B,9.095605232023042,8.674752790522264,9.05491264132583,9.399280900315016,8.980008740877318,8.865712893558579,8.968657243037415,8.698104866886975,8.790947910918103,
ENSMUSG00000063931-B,5.672231362153938,5.56740963219364,5.17454602469081,5.117386261296756,5.260399873909484,5.359453848276641,5.5408720685444575,5.734558491069334,5.978986927136198,
ENSMUSG00000064128-B,3.119564148593563,3.3113336368626847,3.6277113392884175,3.613239691404382,3.196280418434252,2.4141818892986997,2.444777031038329,2.6039096794870713,1.918179767477204,
ENSMUSG00000064363-B,16.395412227451246,15.932272319507874,16.102426687545837,16.7350256513124,16.509718635500064,16.42041319373429,16.380246672702555,16.569329906515552,16.198661997387248,
ENSMUSG00000066197-B,2.615299018017335,3.8765475742980624,3.8506506919745367,1.8062115994418957,3.66284426649862,4.278224770676536,3.1338472676484734,2.420536794691922,3.599060216481229,
ENSMUSG00000066441-B,6.107256831188984,6.27007379271648,6.438344743603283,6.293040248283962,6.263531049657747,6.322390144707487,6.359496099986403,6.33660237210884,6.366860711904826,
ENSMUSG00000067279-B,7.3892554095624705,7.191896496424401,7.034896791927495,7.28381158125321,7.127434340909316,7.332854136071104,7.635003149492064,7.39761064311595,7.541462736048413,
ENSMUSG00000067768-B,1.1902200583207372,0.6736669986596555,1.0234744307658463,1.169035828833055,1.7368738279577771,0.0,0.0,0.0,1.51246595043351,
ENSMUSG00000068154-B,2.615299018017335,4.1904999242042855,3.211396859945394,3.613239691404382,4.115353684625507,4.278224770676536,3.3057998279465894,3.8136381226818834,2.2344845923790824,
ENSMUSG00000068220-B,5.519341907117949,5.549189017658203,6.0231253017439315,5.0645360989299935,5.539030534139773,5.571353444372785,6.032189399350017,5.86601135278382,5.673281182073652,
ENSMUSG00000068966-B,4.989366622040713,4.796000731619367,4.629624692570266,3.7534052432122857,4.857854419519998,3.690190334179437,3.1338472676484734,4.9080769141305485,3.896978526200117,
ENSMUSG00000070167-B,0.0,0.0,1.6161776226610136,1.8062115994418957,0.0,1.0583461571255826,0.0,0.7871122724200131,0.0,
ENSMUSG00000070407-B,1.833396511506524,2.3690073638492493,0.0,2.246663788354165,2.5023923796780365,3.272074344080515,2.444777031038329,2.420536794691922,2.7134578716552697,
ENSMUSG00000070527-B,1.833396511506524,3.3953310230336133,3.040832944358254,1.8062115994418957,1.7368738279577771,2.4141818892986997,1.6880493942036567,0.7871122724200131,2.2344845923790824,
ENSMUSG00000070532-B,4.5893894874658905,3.474705774856715,4.5681410113775405,5.598344963007395,4.914756635918608,4.278224770676536,4.730932597630047,3.8862304070733424,4.84772591259785,
ENSMUSG00000070687-B,3.3180461044995915,2.668141884917594,3.6277113392884175,1.169035828833055,2.5023923796780365,2.4141818892986997,2.115469856457744,2.766581548621033,3.072430133264163,
ENSMUSG00000070806-B,1.1902200583207372,0.0,0.0,1.8062115994418957,1.115406628546921,1.0583461571255826,0.0,1.2935081824757793,0.9459719702367412,
ENSMUSG00000070953-B,5.9664771282753915,6.2133480027207835,6.455424678045876,6.0428174832780135,5.861991883024551,6.200268313641642,5.904207051836072,5.918877350295896,6.3829660986537995,
ENSMUSG00000071648-B,4.426936119790452,4.367303566277369,4.043705832402777,4.766642199529245,4.209329355853425,5.281290179264409,3.9490071216171994,4.761402889222107,4.9377004768361745,
ENSMUSG00000071661-B,2.615299018017335,2.3690073638492493,1.6161776226610136,1.8062115994418957,1.7368738279577771,3.272074344080515,1.6880493942036567,0.7871122724200131,3.7053501275360574,
ENSMUSG00000072809-B,1.833396511506524,2.797266730132998,2.623877003185583,3.0860503698190223,2.999885291327401,3.425309622249097,1.0779974755575148,3.1670024629229987,0.9459719702367412,
ENSMUSG00000072919-B,1.1902200583207372,0.6736669986596555,1.0234744307658463,1.169035828833055,0.0,0.0,0.0,0.0,0.9459719702367412,
ENSMUSG00000072964-B,6.711934156255288,6.486605228114323,6.774061048800669,6.7599650899646555,6.327797371116673,6.434976475254456,6.416905329255626,6.495869218096571,6.577453127983989,
ENSMUSG00000073460-B,1.1902200583207372,1.7572319572759685,0.0,3.4579763234462466,0.0,3.10060763033277,0.0,0.7871122724200131,0.9459719702367412,
ENSMUSG00000073680-B,8.58119639654041,8.590396082239382,8.604872155947824,9.43094331298446,8.799150819432827,8.36198969947562,8.631369639479557,8.6230928195579,8.844268723807966,
ENSMUSG00000073795-B,1.833396511506524,1.1310919323943265,1.6161776226610136,2.246663788354165,2.169823038628183,3.272074344080515,0.0,1.2935081824757793,2.2344845923790824,
ENSMUSG00000074215-B,3.3180461044995915,3.127070169664964,2.623877003185583,3.4579763234462466,3.5234422598439243,2.0866575753180157,3.3057998279465894,2.420536794691922,1.918179767477204,
ENSMUSG00000074476-B,3.119564148593563,3.222141711359981,1.6161776226610136,2.583628536214724,4.014827354495078,1.6622445327945392,2.444777031038329,3.1670024629229987,3.3596425496849505,
ENSMUSG00000074580-B,3.9165368471925786,2.1924257090957218,2.623877003185583,3.0860503698190223,2.169823038628183,0.0,2.444777031038329,2.766581548621033,1.51246595043351,
ENSMUSG00000074646-B,0.0,0.6736669986596555,2.359306004945279,0.0,0.0,1.0583461571255826,0.0,0.7871122724200131,0.0,
ENSMUSG00000074793-B,0.0,2.3690073638492493,2.623877003185583,4.4742045144308165,3.9067682393667855,3.690190334179437,1.6880493942036567,1.2935081824757793,3.4843121650326756,
ENSMUSG00000074811-B,4.034084119125271,5.024207934840363,4.5681410113775405,3.7534052432122857,4.297556118474912,3.425309622249097,4.4666904826250535,4.144796114547888,4.479565985314829,
ENSMUSG00000074813-B,1.1902200583207372,1.7572319572759685,1.0234744307658463,0.0,2.169823038628183,0.0,0.0,1.667597390739755,1.51246595043351,
ENSMUSG00000075225-B,2.276683176088846,1.4778673043098092,0.0,3.613239691404382,1.7368738279577771,2.4141818892986997,2.444777031038329,1.964386763254362,1.51246595043351,
ENSMUSG00000078435-B,2.615299018017335,2.3690073638492493,3.8506506919745367,3.998499203171392,4.297556118474912,3.10060763033277,3.9490071216171994,2.9127557664605015,3.223171867782088,
ENSMUSG00000079043-B,4.034084119125271,3.8765475742980624,4.292086437243156,3.7534052432122857,2.999885291327401,4.195401545594036,4.04923452777236,4.144796114547888,3.3596425496849505,
ENSMUSG00000079083-B,4.735387287731422,4.524786055719716,5.689512323391463,5.009676017117655,4.798615405638065,5.1986478811070045,5.147478313044324,4.836603082234361,4.701279104566726,
ENSMUSG00000079157-B,8.281762515288442,8.38999137559049,8.55027249188689,8.77894250449494,8.455196497445032,8.426961075969576,8.517878517970418,8.560696650612346,8.46378924988167,
ENSMUSG00000081683-B,1.1902200583207372,3.81687506803676,2.03506994845655,5.635055911566559,1.7368738279577771,2.4141818892986997,2.9385911342453923,3.0454726310430704,3.223171867782088,
ENSMUSG00000083153-B,1.1902200583207372,0.0,0.0,2.856601009838485,0.0,0.0,0.0,1.667597390739755,0.0,
ENSMUSG00000083307-B,1.1902200583207372,0.6736669986596555,2.8473659893891825,2.583628536214724,2.169823038628183,0.0,0.0,1.2935081824757793,1.51246595043351,
ENSMUSG00000084375-B,1.1902200583207372,1.1310919323943265,1.6161776226610136,0.0,0.0,2.4141818892986997,0.0,1.667597390739755,0.9459719702367412,
ENSMUSG00000085007-B,5.254533142741591,5.174414924341115,5.215224414232346,1.169035828833055,4.798615405638065,5.281290179264409,4.4666904826250535,5.133563433718795,5.062942950002011,
ENSMUSG00000085111-B,0.0,2.1924257090957218,1.6161776226610136,0.0,1.115406628546921,2.0866575753180157,0.0,1.964386763254362,0.0,
ENSMUSG00000085382-B,0.0,0.0,1.0234744307658463,1.8062115994418957,1.115406628546921,1.0583461571255826,0.0,0.0,0.0,
ENSMUSG00000086034-B,1.833396511506524,1.1310919323943265,1.0234744307658463,0.0,1.7368738279577771,0.0,2.115469856457744,2.420536794691922,0.9459719702367412,
ENSMUSG00000086109-B,0.0,0.0,0.0,0.0,0.0,0.0,0.0,0.0,0.0,
ENSMUSG00000086213-B,0.0,2.1924257090957218,1.0234744307658463,0.0,1.115406628546921,1.0583461571255826,0.0,0.7871122724200131,0.0,
ENSMUSG00000086732-B,0.0,0.6736669986596555,1.0234744307658463,0.0,2.169823038628183,0.0,0.0,1.2935081824757793,1.51246595043351,
ENSMUSG00000087067-B,0.0,0.0,2.623877003185583,2.246663788354165,1.115406628546921,0.0,2.9385911342453923,0.0,1.918179767477204,
ENSMUSG00000087141-B,7.213499695741281,6.935517967741418,7.847267383653596,6.871856868324111,7.07846547705631,6.920796495312605,6.958059827240704,7.110004112115451,7.248091481866044,
ENSMUSG00000089940-B,0.0,1.1310919323943265,1.0234744307658463,0.0,0.0,0.0,0.0,1.2935081824757793,0.0,
ENSMUSG00000090862-B,9.64776809826322,9.771562666595544,9.564179874792194,9.681834335413123,9.641920760640597,9.548893340365316,9.843562594006457,9.655414159305945,9.760328654058942,
ENSMUSG00000091387-B,3.648106357625734,3.621445062925454,2.8473659893891825,3.283965590594543,3.3691154005615043,3.690190334179437,3.598250544201079,3.570979513350055,4.143781507307443,
ENSMUSG00000092094-B,1.1902200583207372,0.6736669986596555,2.359306004945279,4.302260943910391,1.7368738279577771,2.0866575753180157,2.444777031038329,2.2104153203182793,2.4937579377882537,
ENSMUSG00000092417-B,6.107256831188984,6.356436587846056,6.521791414011427,6.0152321201233825,6.448330905616812,6.0433569510993514,6.172140230000664,5.811134208143242,5.724738556984264,
ENSMUSG00000093720-B,1.833396511506524,1.4778673043098092,1.0234744307658463,0.0,2.169823038628183,0.0,0.0,0.0,0.9459719702367412,
ENSMUSG00000094344-B,1.1902200583207372,0.0,1.6161776226610136,1.169035828833055,1.7368738279577771,2.4141818892986997,0.0,2.2104153203182793,1.51246595043351,
ENSMUSG00000095845-B,1.1902200583207372,1.7572319572759685,2.359306004945279,0.0,1.7368738279577771,1.6622445327945392,3.598250544201079,2.420536794691922,0.9459719702367412,
ENSMUSG00000096606-B,2.276683176088846,1.991176696619784,1.0234744307658463,1.169035828833055,4.209329355853425,2.4141818892986997,2.9385911342453923,2.2104153203182793,3.4843121650326756,
ENSMUSG00000096917-B,2.276683176088846,1.991176696619784,2.359306004945279,2.583628536214724,1.115406628546921,1.6622445327945392,1.6880493942036567,2.420536794691922,1.51246595043351,
ENSMUSG00000096971-B,0.0,0.0,0.0,0.0,1.7368738279577771,0.0,1.0779974755575148,1.2935081824757793,0.0,
ENSMUSG00000097061-B,5.101345930069091,5.288647373990407,5.089577694728135,4.952647074754181,4.736839414124704,5.433599455640066,5.277148902281664,4.761402889222107,5.062942950002011,
ENSMUSG00000097403-B,0.0,0.6736669986596555,1.6161776226610136,0.0,0.0,0.0,2.115469856457744,1.667597390739755,1.918179767477204,
ENSMUSG00000097595-B,3.119564148593563,1.991176696619784,1.0234744307658463,1.8062115994418957,1.7368738279577771,1.0583461571255826,1.6880493942036567,1.2935081824757793,1.918179767477204,
ENSMUSG00000097666-B,0.0,1.7572319572759685,0.0,0.0,2.169823038628183,1.6622445327945392,1.6880493942036567,0.0,1.51246595043351,
ENSMUSG00000097781-B,1.1902200583207372,2.3690073638492493,0.0,2.246663788354165,1.115406628546921,1.0583461571255826,2.7127099383828064,2.6039096794870713,0.0,
ENSMUSG00000098132-B,0.0,2.915778015933987,3.040832944358254,2.246663788354165,1.7368738279577771,2.0866575753180157,1.6880493942036567,1.2935081824757793,3.072430133264163,
ENSMUSG00000098447-B,1.1902200583207372,0.6736669986596555,2.03506994845655,1.169035828833055,0.0,2.905977926916991,1.0779974755575148,0.7871122724200131,1.918179767477204,
ENSMUSG00000098789-B,1.833396511506524,2.1924257090957218,0.0,0.0,2.169823038628183,1.6622445327945392,2.7127099383828064,1.667597390739755,2.4937579377882537,
ENSMUSG00000099098-B,1.833396511506524,2.5263137538687137,1.6161776226610136,0.0,1.7368738279577771,1.6622445327945392,1.0779974755575148,1.667597390739755,3.072430133264163,
ENSMUSG00000100680-B,2.8893523063296556,1.7572319572759685,0.0,2.583628536214724,1.115406628546921,2.6809350842674866,1.0779974755575148,2.420536794691922,2.2344845923790824,
ENSMUSG00000101225-B,2.276683176088846,1.991176696619784,2.8473659893891825,1.8062115994418957,2.772477593105346,2.4141818892986997,1.6880493942036567,2.766581548621033,3.3596425496849505,
ENSMUSG00000102692-B,0.0,0.6736669986596555,0.0,1.8062115994418957,1.115406628546921,0.0,1.0779974755575148,0.7871122724200131,0.9459719702367412,
ENSMUSG00000103123-B,0.0,0.6736669986596555,1.0234744307658463,3.998499203171392,1.115406628546921,2.0866575753180157,1.6880493942036567,1.667597390739755,0.9459719702367412,
ENSMUSG00000103486-B,1.1902200583207372,1.991176696619784,2.623877003185583,1.169035828833055,2.169823038628183,2.0866575753180157,2.444777031038329,2.2104153203182793,0.9459719702367412,
ENSMUSG00000103755-B,1.833396511506524,0.6736669986596555,1.0234744307658463,0.0,0.0,2.0866575753180157,2.115469856457744,0.7871122724200131,0.9459719702367412,
ENSMUSG00000104399-B,1.833396511506524,0.6736669986596555,0.0,1.169035828833055,0.0,0.0,1.0779974755575148,0.7871122724200131,0.0,
ENSMUSG00000104411-B,0.0,1.7572319572759685,0.0,2.583628536214724,0.0,0.0,0.0,0.7871122724200131,0.0,
ENSMUSG00000105139-B,1.1902200583207372,0.6736669986596555,1.0234744307658463,2.583628536214724,1.7368738279577771,1.0583461571255826,0.0,0.0,1.51246595043351,
ENSMUSG00000105471-B,1.1902200583207372,2.1924257090957218,3.040832944358254,0.0,1.115406628546921,1.0583461571255826,1.0779974755575148,2.6039096794870713,0.9459719702367412,
ENSMUSG00000105867-B,5.9664771282753915,5.672150050240336,5.471771574054636,4.107016405932684,5.643727715448497,5.635592666049819,5.904207051836072,5.986480559142748,5.798638859530653,
