NAME,DSS_73_090224,DSS_76_090224,DSS_B896_090224,DSS_T0.7_090224,DSS_T0.8_090224,935_CTR_LPS_CSF_070224,936_CTR_LPS_CSF_070224_2,937_CTR_LPS_CSF_070224,941_CTR_LPS_CSF_070224,942_CTR_LPS_CSF_070224,943_CTR_LPS_CSF_070224,3297_VECPAC_190224,3679_VECPAC_190224,3681_VECPAC_190224
,DSS_T0,DSS_T0,DSS_T0,DSS_T0,DSS_T0,LPS_CTRL,LPS_CTRL,LPS_CTRL,LPS_CTRL,LPS_CTRL,LPS_CTRL,VECPAC_CTRL,VECPAC_CTRL,VECPAC_CTRL
"(2R)-Pyrrolidine-1,2-dicarboxylic acid, bis(tert-butyldimethylsilyl) ester",18.44364753101585,19.231684460146965,21.151060746470215,19.48640441122816,19.231684460146965,18.073627420028597,18.79629647256837,18.341334765599967,18.111048381165052,20.103703710689143,20.103703710689143,19.897989180796905,19.0191024793466,19.32912753583042
(4-Fluorophenyl)phenylmethanol,,,,,,,,18.690460877293813,,,,,,16.809273354576217
"(9H-fluoren-9-yl)methanol, O-methoxycarbonyl-",25.428438411905955,27.781612179109697,27.537929114448303,28.352281155821693,28.240250418618064,27.75557761287251,28.312678844696332,27.307966078624023,25.563679907455917,24.083845383168036,27.307966078624023,30.023863725677423,27.991458308351564,26.191536273070653
"3,4,5-Trimethoxyamphetamine",22.052372390456245,6.418765756154883,23.902039437352883,24.201209259268033,23.67325224625866,24.80064188736185,25.49017716860311,24.007267368086005,17.334103444196106,12.774461728050824,24.42126914300229,,16.271786361240473,13.102861747547983
Oxypeucedanin,,,,,,,,,,,,,,
"1-(1-Hydroxybutyl)-2,5-dimethoxybenzene ",,24.068325008959206,26.881317460824317,26.150631170402228,26.01822025160093,,24.54729473334675,23.960691759428823,,27.18395569435121,27.75557761287251,23.242024148591835,,23.73250224282098
"1-(2,4-Dimethoxyphenyl)-propan-2-one",16.751898739533114,18.26476035303561,18.645062264835627,18.966124779778433,18.016036798181368,18.341334765599967,,18.268355274327536,18.425027822609295,18.268355274327536,18.268355274327536,14.671424886602871,18.41322576348107,16.192093842670428
"1-(2,5-Dimethoxyphenyl)-1-[(trimethylsilyl)oxy]propan-2-amine",25.46576478857199,24.984574316554493,24.461469164765127,25.661376626707476,24.89564830732322,26.04922895914876,25.75342201407116,25.411003449099542,25.1388779990735,25.563679907455917,25.563679907455917,24.83242295383012,25.12069417538897,25.405475180660023
"1-(4-Methoxyphenyl)-4,6-dimethyl-2(1H)-pyrimidinone",17.032517792139746,21.57610029885488,20.241468570248152,21.151060746470215,22.052372390456245,19.103649521084773,22.308101004564065,20.277009041550073,17.915032702075422,21.92473531322902,22.119008710507533,,20.906165404992844,22.03155120473743
1-(Cyclohexylmethyl)-4-piperidinylamine,,14.721950143634658,16.0096350005351,,7.519992267316956,14.842955445267954,10.874838034619826,11.919160545104909,,14.097918227282564,12.45689987149377,,14.671424886602871,11.29450051609524
1-(tert-Butyldimethylsilyl)-4-methyl-1H-pyrazole,19.08459707800094,18.704118339747176,19.016398589112107,19.411099823967515,18.26476035303561,18.503715336533933,18.88304457806842,18.615783878328397,19.0528864936294,18.503715336533933,18.503715336533933,18.353113049672597,18.20013887370956,18.286433311445407
"1,2,4-Butanetriol, (S)",,,,,,,17.630843386281523,,,,,,,
"1,2-Benzenedicarboxylic acid, butyl octyl ester",,,,,,,,,,,,,25.811373082201495,
"1,2-Bis(trimethylsiloxy)cyclohexene",,,20.06409663854958,,17.141426024893484,,,,,,,,,17.013817183224848
"1,2-Cinnolinedicarboxylic acid, 1,2,3,5,6,7,8,8a-octahydro-4-trimethylsilyloxy-, diethyl ester",12.304265137946077,,,12.074472592639612,12.769349172245516,,,,10.874838034619826,,,,,
"1,2-Cyclohexanediol, (Z)",17.376631978072023,16.38814902265299,17.43876252190187,17.376631978072023,16.550509211372866,17.038431164494483,17.48524454212405,17.206100866766985,17.038431164494483,17.170837980632978,16.92839425422635,18.433557831442,18.662893946616123,
"1,3-Butanediamine",,,,,,,,,,,,25.77189921675274,,
"1,3-Oxazolidine, 2,5-diphenyl-4-methyl-, trans-",27.99603156129419,28.115326655776578,28.115326655776578,28.828859940472153,27.843879568150907,28.61924572497919,27.544289538328737,27.889209398989056,28.61924572497919,28.155197061614174,28.155197061614174,27.378909575895676,27.066313751719058,27.834474566875745
"1,3-Propanediol",,,,,,,,,,,,,,
10-Undecynoic acid,,,,,,16.460274064665835,,,,,,,,
"13-Docosenamide, (Z)",,,,,,15.808642332997364,,,,16.92839425422635,17.206100866766985,,,
1-Butanol,26.881317460824317,,,27.99603156129419,27.15311609798288,26.89344032575907,26.585139896368304,,,,,26.259584234441903,,26.773300188563905
"1-Heptanol, 2-propyl-",,,,,,20.904438043033803,21.096965637930506,20.103703710689143,20.565973760856775,20.904438043033803,20.277009041550073,,,
1-Hexacosanol,,,,,,,,,,,,,,
1-Octadecanol,12.769349172245516,,10.491064376645618,,3.5347127996733056,9.273374934180964,12.774461728050824,8.805640447572472,11.919160545104909,11.397624723125212,,,8.881126703359557,
"1-Octanol, 2-butyl-",26.080491346336327,25.7308981981818,26.01822025160093,26.240171828633777,25.847108480024986,25.563679907455917,25.563679907455917,25.1388779990735,26.357719124997185,25.90509255171001,25.1388779990735,24.001472999335004,23.31483369473179,24.86526940541148
"1-Pentene, 1,3-diphenyl-1-(trimethylsilyloxy)-",,,,,33.35215679615844,,,,36.31060280173016,37.15075447027812,,,36.918073258141455,
"2(1H)-Quinolinone, 3-[3-(4-methoxyphenyl)-1-oxo-2-propen-1-yl]-4-phenyl",,,,,,,,,,7.369003201466204,,,,
"2(5H)-Furanone, 4-(hydroxymethyl)",18.704118339747176,18.966124779778433,18.966124779778433,19.18919850525456,19.182261289575944,18.56662934495064,19.600863491137215,18.79629647256837,18.268355274327536,19.600863491137215,19.417792415713553,19.32912753583042,19.03244293442009,19.248437476089595
"2-(Ethylamino)ethanol, N-acetyl",31.95920462271811,31.95920462271811,31.71712688192781,31.95920462271811,31.524058860721276,34.406050448841874,33.779274551148376,31.33135720793115,32.14112204971635,31.33135720793115,31.33135720793115,30.96609667021176,31.588852210056046,31.588852210056046
2-(Methylamino)ethanol,26.240171828633777,26.435149607625146,26.150631170402228,27.048287217015407,25.803968799907153,26.67865444635054,26.817565026687067,26.04922895914876,26.67865444635054,26.357719124997185,17.974895304460635,26.08805669870927,25.477784361783865,26.259584234441903
"2,2'-Bipyridine",21.67096052369801,21.519624795553614,21.420164172062925,21.67096052369801,20.962955602028384,21.231721944302965,21.609009171007873,20.77738331838778,21.422900418178973,21.231721944302965,20.565973760856775,21.37622246162084,21.083309099605064,20.97547969704068
"2,3-Butanediol, O-(trimethylsilyl)-, monoacetate",15.74565200401426,18.093337241236465,17.853699848028608,18.05034168384075,17.853699848028608,17.377943026681418,18.690460877293813,17.525353890297403,,18.024492715238072,18.024492715238072,17.96116682496773,18.353113049672597,17.518360617765577
"2,3-Dihydroxybutanoic acid",30.623277298382185,,33.35215679615844,33.35215679615844,31.71712688192781,33.779274551148376,,30.911535340056687,30.16479236343512,31.078496350318176,,,26.259584234441903,31.335945176299273
"2',3'-Di-O-acetyladenosine",,,,6.266131158562355,6.2432529526650975e-06,,4.115880238247084,5.944190767867327e-06,,,1.877659453929185,,0.1019823934428785,1.5254238347312034e-05
"2,4,4'-Trihydroxybenzophenone",20.72038121187953,20.153621532234126,20.153621532234126,20.29980452335389,18.342710623574344,18.93325328169688,20.153915769205604,19.417792415713553,20.97028349263581,20.343488081279187,19.33411943751922,18.75091054080895,18.4850770891874,18.41322576348107
"2,4,6-Cycloheptatrien-1-one",22.27430702450264,,24.89564830732322,,24.068325008959206,,,,26.817565026687067,22.222214884287833,22.988315943133397,23.54870444647409,24.73479689879308,23.6616549966062
"2,4-Dihydroxyacetophenone",,,,,,,,,,,,,,26.118559951146683
"2,4-Dimethoxybenzaldoxime",,,,,,17.974895304460635,20.565973760856775,,,,,,,18.75091054080895
"2,4-Di-tert-butylphenol",23.53950244846534,23.163248814021426,23.087744266007967,23.641897217270277,22.932268496378803,,,,19.33411943751922,,,22.836015096270188,22.944878768783884,22.65231301575314
"2,4-Imidazolidinedione, 5,5-dimethyl",22.76852365331902,20.962955602028384,20.44253760695687,21.420164172062925,18.645062264835627,20.153915769205604,20.011009838482167,20.153915769205604,22.59923667201558,19.00695755575693,18.93325328169688,17.45421621377722,19.2066564889374,11.701649732015762
"2,5-Bis((tert-butyldimethylsilyl)oxy)-4,4-dimethyl-4H-imidazole",21.57610029885488,20.483443453466823,19.69978171705228,18.718155278555177,,20.277009041550073,19.226040449360855,20.343488081279187,21.096965637930506,18.425027822609295,17.074244005364285,17.401494163617084,20.15164530505824,
"2,5-Dimethoxybenzhydrazide",22.677151991974437,24.461469164765127,25.428438411905955,25.46576478857199,25.525182045378976,23.631249545396912,25.0423743140335,24.713394767414187,23.805592934258073,25.718170310601508,25.90509255171001,24.73479689879308,,25.033422795340005
"2,5-Dimethoxybenzonitrile",19.231684460146965,19.742703568860655,20.56906063232788,21.27501481267276,20.72038121187953,19.16887880558784,21.02798004528315,20.011009838482167,19.27265560395222,20.97028349263581,20.496736581748863,20.15164530505824,19.441590778670484,20.71367342942292
"2,5-Dimethoxyphenol",22.647425028733963,23.087744266007967,23.98967944007681,24.369618043756528,24.12380419009003,22.568747657506773,23.06077610832348,23.548805974585076,23.40883435637681,24.007267368086005,24.264727904647128,23.34174391061788,22.222040813936474,23.977410028035916
"2',5'-Dimethoxypropiophenone",24.62945998436775,25.148041214718685,25.7308981981818,26.369078203868884,26.493306583380473,24.713394767414187,26.04922895914876,25.0423743140335,24.194747533492613,25.856609826522927,26.10239192747727,25.12069417538897,25.181961415655053,26.05112251410409
"2,6-di-tert-Butyl-4-(dimethylaminomethyl)phenol",21.420164172062925,22.098647400383943,,,20.44253760695687,21.609009171007873,21.422900418178973,20.904438043033803,21.345977712345302,,,21.673211307886447,20.784396009977108,20.10185011613234
"2-Allyl-1,4-dimethoxybenzene",25.628227583587183,25.628227583587183,25.661376626707476,26.080491346336327,25.661376626707476,25.90509255171001,25.984459177485565,25.305996244751217,25.213717922684808,25.49017716860311,25.75342201407116,25.405475180660023,25.696283141894924,25.181961415655053
2-Amino-4-methylbenzophenone,16.957019522403222,18.539084966592487,18.05034168384075,18.093337241236465,19.37640277060335,16.21025605127924,18.982954739510628,18.88304457806842,,18.93325328169688,19.66781399430586,18.150121932246005,18.025217628795037,18.4850770891874
2-Aminoquinolin-8-ol,,,,,24.253083460603023,,,,,,24.54729473334675,,22.312776908720007,
2-Butanol,,,,,,,,,,,,,,
2-Buten-1-ol,,17.43876252190187,21.27501481267276,20.80638581724362,,,,,20.77738331838778,,20.904438043033803,20.97547969704068,,19.897989180796905
"2-Butene-1,4-diol",,,20.72038121187953,16.466519713331408,,16.781045346316812,18.024492715238072,,17.247834588221547,17.074244005364285,,,,
2-Butenedioic acid,23.087744266007967,25.803968799907153,24.719372529194576,25.428438411905955,25.29651796037917,26.9573466548823,25.305996244751217,24.42126914300229,25.90509255171001,26.67865444635054,25.718170310601508,25.33803340356212,24.710929088012687,
"2-Butenoic acid, 3-[(tert-butyldimethylsilyl)oxy]",24.984574316554493,26.369078203868884,26.369078203868884,26.541536707150975,26.99902557858128,26.357719124997185,26.67865444635054,26.21781344823559,24.936863797642815,26.626530842814773,26.817565026687067,25.89251207335902,25.89251207335902,25.696283141894924
2-Butoxyethanol,16.15985081538933,12.769349172245516,14.072321422707276,15.74565200401426,11.2229046314718,1.877659453929185,15.394517221572132,14.56815499835142,15.033955700156616,15.451196899858765,14.35374698124052,16.03944543517411,14.804659900589067,8.660191290277544
2-Cyanobenzaldehyde,,,,,,25.411003449099542,26.357719124997185,24.86903474594303,25.984459177485565,,26.161016124447556,,,26.680191924817876
"2-Cyclohexen-1-one, 3-methyl-6-(1-methylethyl)",19.48640441122816,19.88910341462992,19.984495317940898,19.08459707800094,19.56328653685096,19.33411943751922,,19.600863491137215,19.97554784000188,19.226040449360855,18.690460877293813,18.951030935562223,19.77908237213038,19.059206799579357
"2-Cyclohexen-1-one, 3-methyl-",19.182261289575944,20.72038121187953,21.60572902000185,22.174953146856996,21.420164172062925,20.103703710689143,21.658799443260985,20.496736581748863,19.66781399430586,21.77088648474135,21.422900418178973,19.65280614591544,19.897989180796905,19.77908237213038
2-Decanol,19.411099823967515,18.906679592658044,18.906679592658044,19.37640277060335,18.093337241236465,18.690460877293813,,18.56662934495064,18.982954739510628,18.615783878328397,18.213440774780334,18.41322576348107,,18.093450300951073
2-Ethyl-1-butanol,,20.06409663854958,20.962955602028384,,20.483443453466823,,21.77088648474135,21.02798004528315,,,21.345977712345302,,,
2-Ethylhexanoic acid,26.541536707150975,26.618176057480905,26.618176057480905,26.618176057480905,26.106203025933095,26.817565026687067,27.08317556062514,26.462978119096125,26.626530842814773,26.496372035106415,26.626530842814773,26.118559951146683,26.191536273070653,25.77189921675274
2-Ethylhexanol,,,,,,,,,19.47682765044674,,,,,
"2-Furancarbodithioic acid, methyl ester",,,,,,,,,,,,,,
2-Furoic acid,17.43876252190187,16.315779488235655,17.141426024893484,17.25734641178498,15.74565200401426,,17.734745475827314,17.334103444196106,16.781045346316812,,16.460274064665835,16.809273354576217,17.137956348076372,17.368297203599507
2-Hexanol,24.369618043756528,26.32009096286997,25.803968799907153,25.847108480024986,26.541536707150975,26.21781344823559,,25.75342201407116,,26.21781344823559,26.462978119096125,26.01079251454732,26.08805669870927,25.593365452910735
"2'-Hydroxy-2,4,4',5-tetramethoxychalcone",14.072321422707276,7.519992267316956,,12.769349172245516,4.075295904524149,8.805640447572472,13.313676643602143,10.552239157267731,10.552239157267731,12.169900671268373,9.86120623257316,10.89946094216796,9.247167466757874,10.89946094216796
"2-Hydroxy-2',4',6'-trimethoxychalcone",,,,,,,,8.65316424611776,11.397624723125212,,,,,
2-Hydroxy-3-methylbutyric acid,13.261661022690058,5.521747493514037,8.655162300329328,10.491064376645618,3.2128436770041544,8.119707000651585,11.397624723125212,9.273374934180964,4.115880238247084,10.874838034619826,8.805640447572472,10.233023452229114,,3.6255388754845392
"2-Hydroxymethyl-17alpha-methylandrosta-1,4-diene-11alpha,17beta-diol-3-one",,,,,,,,,,,,,,
2-Isopropyl-5-methyl-1-heptanol,,28.828859940472153,,,,,,,,,,,27.834474566875745,27.378909575895676
"2-Methyl-1,3-butanediol",23.641897217270277,23.02597125904264,22.932268496378803,23.163248814021426,22.370275784180816,23.06077610832348,22.988315943133397,22.791528904529823,22.568747657506773,22.568747657506773,22.59923667201558,23.001398695341393,22.771642313653143,22.557862029665497
2-Methyl-3-pentanol,,15.917578831048946,16.671054678164104,18.220814837915412,,15.726782210899836,17.377943026681418,15.451196899858765,,17.734745475827314,17.170837980632978,,,
"2-Methylcyclohexanol, (Z)",18.05034168384075,16.751898739533114,17.032517792139746,17.032517792139746,15.703949497777035,15.394517221572132,17.247834588221547,15.570074663654172,16.06679660173975,15.808642332997364,15.451196899858765,16.271786361240473,17.220542149616133,17.137956348076372
"2-Methylcyclohexylamine, tert.-butyldimethylsilyl ether",,22.052372390456245,22.052372390456245,,21.57610029885488,21.92473531322902,,22.222214884287833,,22.50632501596464,22.038529010651672,,,
2-Naphthol,18.016036798181368,16.0096350005351,16.38814902265299,16.751898739533114,15.450922646156044,16.327504991403803,16.649914384070115,16.781045346316812,17.630843386281523,16.649914384070115,16.327504991403803,16.118952269498973,16.118952269498973,16.271786361240473
2-Norbornanemethanol,,,,,25.96071124037954,24.54729473334675,23.45834400189753,,,,,,,
"2-Oxiraneethanol, 2-t-butyldimethysilyloxymethyl- acetate",,,,,,19.0528864936294,,,,,,,,
2-Pentadecanone,10.491064376645618,2.9173443663814544,5.256508394848948,7.519992267316956,1.1031225198849888,2.001747729919471,6.771385902019769,1.877659453929185,6.771385902019769,6.771385902019769,3.317300169662372,6.618077965181936,2.9711852647475525,2.9711852647475525
"2-Pivaloyl-1,3-indandione",,,,,,,,,,,,,,
2-Propyl-1-pentanol,,20.80638581724362,23.44858258377526,23.41123455996576,22.52795891466814,20.77738331838778,19.103649521084773,22.988315943133397,23.48945441118602,23.45834400189753,23.21198677836907,,23.34174391061788,23.242024148591835
2-Pyrrolidone-5-carboxylic acid,28.64758582005108,29.533268106763916,29.533268106763916,31.524058860721276,29.533268106763916,29.94498409336742,30.911535340056687,29.620186194268545,27.75557761287251,29.351236695770325,30.267655358360106,28.303120231249636,29.232369943768116,28.908802235380648
"2-Thiophenecarboxylic acid, 4-cyanophenyl ester",,,,,,,,,,,,,,
"3-(4,7-Dimethoxy-2H-1,3-benzodioxol-5-yl)-2-methylprop-2-enal",19.56328653685096,20.87204014785369,21.7747407165616,21.942561818268835,21.82135727142106,20.011009838482167,21.534422592464548,21.096965637930506,20.343488081279187,21.874520351960655,21.958607952194132,21.083309099605064,19.65280614591544,20.906165404992844
3-(4-Methoxyphenyl)coumarin,,,,,,21.534422592464548,,19.16887880558784,17.377943026681418,,,,14.499004868446482,
"3,3-Bis{4-[(trimethylsilyl)oxy]phenyl}-2-benzofuran-1(3H)-one",,,,,,,,32.58600038055914,,,,,,
"3,3-Dimethylacrylic acid",,,,,22.43794530566074,,,21.726338841593503,22.50632501596464,,,,,20.457355419691964
"3,4-Dihydroxybenzaldehyde",,,,,,,,,,,,23.06642888752889,24.389137691228346,22.965590065563305
"3,4-Methylenedioxyamphetamine",27.843879568150907,,27.15311609798288,,,,28.375230767247853,26.585139896368304,,18.88304457806842,13.009387675793668,27.157313963463174,27.87963770648367,13.006580303890942
"3,5-Dimethoxy-4-(tert.-butyldimethylsilyl)oxybenzaldehyde",,,,,,,,,,,,,28.908802235380648,
"3,5-Dimethylphenol",16.0096350005351,12.599743135471485,13.911658873245148,14.965104882885674,11.484505045135489,,16.06679660173975,14.35374698124052,14.72521692427022,15.394517221572132,14.287697326956591,14.539196144512877,15.128756944157338,14.804659900589067
3-Amino-5-methylisoxazole,23.02597125904264,22.52795891466814,23.02597125904264,23.36658925488365,22.76852365331902,22.308101004564065,21.874520351960655,22.50632501596464,23.45834400189753,23.21198677836907,22.40876869240357,21.30633542423544,,21.769151124853973
3-Aminobenzoic acid,24.719372529194576,24.253083460603023,22.879662480198903,24.719372529194576,21.151060746470215,23.990555118450427,24.007267368086005,24.361822889978058,24.304425396122536,21.345977712345302,21.77088648474135,20.71367342942292,22.965590065563305,
3-Buten-2-one,19.016398589112107,17.68301141014449,17.794196837614727,18.342710623574344,17.25734641178498,17.206100866766985,18.425027822609295,17.247834588221547,18.180612624825457,17.836352271610068,17.525353890297403,17.518360617765577,18.75091054080895,18.925273783882567
3-Heptanol,,22.43794530566074,23.163248814021426,22.370275784180816,23.087744266007967,23.960691759428823,23.140098959570384,23.06077610832348,22.308101004564065,22.716880608583256,22.716880608583256,23.31483369473179,23.54870444647409,21.232186363203713
"3-Hydroxy-7,3',4',5'-tetramethoxyflavone",11.913707267754653,2.435637312387884,,,,,,,9.86120623257316,,,,4.592314109764268,9.247167466757874
3-Hydroxymethyl-2-trimethylsilyloxypentane,,,,,12.88875485777424,,14.56815499835142,13.313676643602143,13.715439429791358,15.280130581193452,14.72521692427022,,,
3-Methyl-3-buten-1-ol,,,15.703949497777035,,16.15985081538933,13.009387675793668,,15.726782210899836,,16.781045346316812,16.649914384070115,14.146110925614629,,14.146110925614629
3-Nonene,,,,,,,20.77738331838778,,,,,,,
3-Phenyl oxindole,,,,,,,,,,,,,21.30633542423544,
"4,4'-Dichlorobenzophenone",,,,,,,,,,,,,,
"4,5-Dihydro-1H-pyrazole",,24.201209259268033,25.29651796037917,,25.428438411905955,,,,28.768938481905852,,,,,22.61627306191433
"4-[2-(4,7-Dimethoxy-2H-1,3-benzodioxol-5-yl)ethenyl]-2-methoxyphenol",21.942561818268835,21.942561818268835,21.0718735389056,22.098647400383943,20.56906063232788,21.726338841593503,20.343488081279187,21.422900418178973,21.534422592464548,21.422900418178973,19.74884392063385,20.566103265614817,21.9387950284444,21.673211307886447
4-Aminobutanoic acid,16.466519713331408,19.08459707800094,18.26476035303561,17.794196837614727,13.704319513587444,17.525353890297403,18.615783878328397,16.460274064665835,16.649914384070115,14.56815499835142,17.630843386281523,17.368297203599507,16.890172233547982,14.539196144512877
4-Hydroxybutanoic acid,,,,,,,,,,,,,,
4-Methoxyphenol,,26.66377895156647,,,28.593921910136697,,,28.61924572497919,28.087376729662925,28.312678844696332,27.948479817617805,26.52763770788856,26.300535851727332,27.87963770648367
"4-Methylquinoline-2,7-diol",,,,,,,,,,,,,,
4-Methylvaleric acid,19.200702427322017,19.48640441122816,19.935992839749524,19.182261289575944,18.539084966592487,19.226040449360855,,19.53202176215784,20.153915769205604,20.011009838482167,19.47682765044674,18.286433311445407,18.433557831442,18.150121932246005
4-Oxohexanoic acid,19.69978171705228,19.016398589112107,19.08459707800094,19.82110287932254,18.220814837915412,19.27265560395222,20.686841761527813,,18.79629647256837,19.16887880558784,,19.03244293442009,19.13666301077063,19.0191024793466
"4-Phenyl-2,3-dihydro-1H-1,5-benzodiazepin-2-one",,,,,,,,,,,,,17.518360617765577,
4-tert-Butyldimethylsiloxy-3-penten-2-one,26.32009096286997,24.719372529194576,,,,25.984459177485565,,25.213717922684808,26.161016124447556,,25.856609826522927,,,
5-Aminovaleric acid,,,,,,,,,,,,,,
5-Azacytosine,18.645062264835627,17.853699848028608,18.704118339747176,18.906679592658044,16.671054678164104,17.915032702075422,19.00695755575693,18.213440774780334,18.341334765599967,18.341334765599967,18.615783878328397,18.84371313947397,16.809273354576217,18.353113049672597
"5-Chlorovaleric acid, nonyl ester",24.201209259268033,23.67325224625866,24.027798622606777,24.253083460603023,23.53950244846534,24.264727904647128,23.67614664622589,23.140098959570384,23.76910969145912,23.886744157154116,23.548805974585076,23.36579388981717,23.930159100806648,23.930159100806648
"5-Ethyl-1,3-dioxane-5-methanol, tert-butyldimethylsilyl ether",22.52795891466814,23.36658925488365,,21.519624795553614,22.647425028733963,23.31461888883079,24.42126914300229,22.716880608583256,,,19.879503541083043,22.61627306191433,23.687067908006373,22.672558279696855
5-Ethyl-5-methylnonadecane,,,,,,,,,,,,,,
5-Hydroxy-7-methoxy-2-methyl-3-phenyl-4-chromenone,16.671054678164104,36.418162106288754,16.214215120518897,26.99902557858128,,22.988315943133397,24.304425396122536,32.14112204971635,34.406050448841874,33.779274551148376,34.406050448841874,,,26.300535851727332
5-Nitroso-8-quinolinol,,23.830857684735246,24.3022988510202,,,,,,,23.631249545396912,23.631249545396912,,,23.001398695341393
"5-Nonanol, tert-butyldimethylsilyl ether",19.984495317940898,19.69978171705228,19.742703568860655,20.06409663854958,18.966124779778433,19.53202176215784,19.97554784000188,19.33411943751922,19.53202176215784,19.97554784000188,19.16887880558784,19.248437476089595,19.32912753583042,19.13666301077063
5-Oxohexanoic Acid,19.742703568860655,19.411099823967515,19.411099823967515,17.853699848028608,18.718155278555177,19.00695755575693,19.47682765044674,19.00695755575693,19.417792415713553,19.53202176215784,18.982954739510628,19.2066564889374,17.401494163617084,18.20013887370956
"6,7,4'-Trihydroxyisoflavone",17.794196837614727,17.141426024893484,16.957019522403222,17.43876252190187,16.214215120518897,16.649914384070115,17.170837980632978,16.649914384070115,18.024492715238072,17.247834588221547,16.781045346316812,17.054512189434774,17.45421621377722,17.401494163617084
"6-Aminocaproic acid, N-(tert.-butyldimethylsilyl)",17.25734641178498,14.469065884165332,16.315779488235655,16.315779488235655,14.965104882885674,14.56815499835142,15.726782210899836,15.280130581193452,16.529534483733876,,,14.97924147966909,14.21110358485972,14.97924147966909
"6-Methoxy-1-methyl-1,2,3,4-tetrahydroisoquinolin-7-ol ",25.847108480024986,25.847108480024986,26.106203025933095,,26.435149607625146,25.856609826522927,,,25.49017716860311,26.161016124447556,26.21781344823559,,22.836015096270188,
6-Methyluracil,20.962955602028384,19.82110287932254,19.48640441122816,20.56906063232788,17.794196837614727,19.74884392063385,19.417792415713553,19.74884392063385,20.686841761527813,17.525353890297403,17.247834588221547,17.220542149616133,18.925273783882567,16.325747444818614
6-Nitroveratryl alcohol,,,18.220814837915412,,,,,13.715439429791358,,18.56662934495064,18.073627420028597,,,16.67205039674448
6-Oxoheptanoic acid,21.519624795553614,21.420164172062925,21.519624795553614,21.57610029885488,20.87204014785369,20.97028349263581,21.726338841593503,20.686841761527813,21.658799443260985,21.46773286586792,21.02798004528315,21.232186363203713,21.232186363203713,20.566103265614817
"7(S),17(S)-Dihydroxy-8(E),10(Z),13(Z),15(E),19(Z)-docosapentaenoic acid",,,11.913707267754653,,,,,,,,,,,
7-Hydroxy-4-(methoxymethyl)coumarin,11.2229046314718,3.2128436770041544,,,,,7.369003201466204,2.001747729919471,,7.827451995108607,,,3.6255388754845392,
8-Acetyl-7-hydroxycoumarin,,,,,,,,,,,,,,
8-Methylnonanoic acid,23.949207543356664,23.641897217270277,23.779730932719236,24.068325008959206,23.62304148617135,23.76910969145912,23.886744157154116,23.631249545396912,23.548805974585076,23.960691759428823,23.886744157154116,23.41656692689848,23.77449497586909,23.36579388981717
"9,12-Octadecadienoic acid (Z,Z)",,,,,23.949207543356664,20.565973760856775,,,,,,,,
9-Ethyl-N-(trimethylsilyl)-9H-carbazol-3-amine,,,,,,,,,,,,,,
"9H-Xanthen-9-one, 1-hydroxy-3,5,6-trimethoxy",,24.89564830732322,,,,,,,,,,,,
"9Z-Octadecenoic acid, (2S)-3-[(hydroxymercaptophosphinyl)oxy]-2-methoxypropyl ester ",15.917578831048946,,,,,20.343488081279187,18.93325328169688,,15.726782210899836,20.496736581748863,17.836352271610068,17.248024452122166,,17.555141805759803
Acetic acid,36.83699036952921,33.35215679615844,36.418162106288754,36.418162106288754,36.418162106288754,36.31060280173016,36.31060280173016,34.406050448841874,33.779274551148376,34.406050448841874,36.31060280173016,36.162109475767046,33.26651329355668,36.162109475767046
Aceturic acid,24.253083460603023,24.027798622606777,,25.035894616930417,24.369618043756528,22.92424423695108,24.264727904647128,21.874520351960655,23.715438989681573,23.548805974585076,24.713394767414187,22.944878768783884,23.41656692689848,23.49136383865361
Aconitic acid,24.12380419009003,24.831148969687327,23.67325224625866,24.12380419009003,24.461469164765127,24.466659612242733,25.90509255171001,24.304425396122536,24.083845383168036,25.213717922684808,24.466659612242733,23.90296081958898,24.06935517874814,24.168354099314715
Adenine,17.523799311708594,13.261661022690058,14.614431973247298,15.917578831048946,10.491064376645618,13.313676643602143,15.123075829522127,14.72521692427022,16.460274064665835,15.033955700156616,13.715439429791358,,13.51269608401671,
Adipic acid,,,,,,,,,,,,,,
Adipoyl-L-carnitine,18.26476035303561,,,19.231684460146965,17.68301141014449,22.791528904529823,23.21198677836907,,24.86903474594303,,,24.06935517874814,,
alpha-Hydroxyisobutyric acid,,14.614431973247298,15.917578831048946,16.15985081538933,,10.874838034619826,14.35374698124052,12.45689987149377,12.169900671268373,14.72521692427022,14.097918227282564,,,
Allylescaline,31.178747911967612,31.178747911967612,31.95920462271811,30.466636364697315,31.382274144525887,30.53800361008913,31.078496350318176,30.16479236343512,30.675436549209564,30.53800361008913,31.078496350318176,30.27727187960454,29.4086003487746,30.681866011269875
Aminoguanidine,,,,22.332969230045094,,,,,,,,,,
Aniline,18.906679592658044,18.016036798181368,18.539084966592487,19.016398589112107,17.43876252190187,18.381596860565427,19.16887880558784,18.425027822609295,19.226040449360855,18.79629647256837,18.88304457806842,17.80661793447376,18.84371313947397,18.25169974843867
Azelaic acid,19.37640277060335,18.645062264835627,19.287054951559327,20.153621532234126,18.704118339747176,14.287697326956591,18.073627420028597,17.630843386281523,18.56662934495064,18.073627420028597,18.111048381165052,18.093450300951073,18.05454177485193,17.96116682496773
"Aziridine, 1-(2-buten-2-yl)",,,,,,,,,,,,,,
"Benz[a]anthracene-1,7,12(2H)-trione, 3,4-dihydro-8-hydroxy-3-methyl-, (3S)",,,,,,,,,,,,,,25.477784361783865
"Benz[c]acridine, 5,10-dimethyl",,,,,,,,,,,,,,
"Benzaldehyde, 2,5-dimethoxy",36.418162106288754,36.83699036952921,36.83699036952921,36.83699036952921,36.83699036952921,37.15075447027812,37.15075447027812,36.31060280173016,37.15075447027812,36.31060280173016,37.15075447027812,36.918073258141455,36.162109475767046,36.918073258141455
"Benzene, 1,4-dimethoxy",21.60572902000185,21.60572902000185,21.942561818268835,22.52795891466814,21.7747407165616,21.77088648474135,22.222214884287833,21.534422592464548,21.874520351960655,22.119008710507533,21.92473531322902,21.87413422317921,21.48058278405837,21.87413422317921
"Benzene, 1-acetoxy-2,6-dimethoxy-4-(2-propenyl)",,,,,,,,,,,,,,
"Benzene, 1-ethyl-3,5-dimethyl",,,,,22.332969230045094,21.874520351960655,,,,22.988315943133397,,20.10185011613234,,
Benzeneacetic acid,,16.655232732972983,,,,21.422900418178973,,17.170837980632978,19.103649521084773,,,18.25169974843867,,20.15164530505824
Benzenepropanoic acid,23.44858258377526,24.12380419009003,23.695172311298517,22.879662480198903,23.98967944007681,23.715438989681573,24.083845383168036,23.715438989681573,23.990555118450427,23.870339558971377,23.990555118450427,23.77449497586909,24.313046134599382,23.41656692689848
"Benzenesulfonamide, N-butyl",15.703949497777035,12.304265137946077,13.704319513587444,14.614431973247298,8.516641141174134,12.169900671268373,14.842955445267954,14.287697326956591,14.35374698124052,14.842955445267954,13.313676643602143,13.8092263866789,13.89073071507533,13.51269608401671
"Benzoic acid, 2-hydroxy-3-[(2-hydroxy-4-methoxy-6-propylbenzoyl)oxy]-4-methoxy-6-propyl-, methyl ester ",28.115326655776578,27.99603156129419,28.828859940472153,29.533268106763916,28.64758582005108,29.351236695770325,28.47781711011516,28.882897857810672,29.351236695770325,29.049266824386905,29.247103959090335,27.87963770648367,27.68514794557801,27.991458308351564
"Benzoic acid, methyl ester",20.80638581724362,23.44858258377526,23.53950244846534,23.949207543356664,23.36658925488365,15.033955700156616,20.418941796734135,19.226040449360855,24.007267368086005,23.805592934258073,23.40883435637681,22.65231301575314,20.71367342942292,22.944878768783884
Benzoic Acid,28.828859940472153,28.90089102181998,28.593921910136697,29.838606488728665,28.90089102181998,30.267655358360106,29.049266824386905,29.351236695770325,29.049266824386905,28.882897857810672,29.049266824386905,28.431176060889925,28.759556219068088,28.759556219068088
Benzophenone,16.655232732972983,13.911658873245148,14.965104882885674,14.072321422707276,12.304265137946077,14.35374698124052,15.808642332997364,15.033955700156616,14.56815499835142,16.529534483733876,15.570074663654172,14.804659900589067,14.146110925614629,
Benzyl alcohol,25.7308981981818,25.525182045378976,25.077705023621245,25.29651796037917,24.62945998436775,25.75342201407116,25.213717922684808,24.80064188736185,25.0423743140335,24.936863797642815,24.86903474594303,24.56230034372368,24.83242295383012,24.710929088012687
Biphenyl,22.332969230045094,22.174953146856996,22.370275784180816,22.052372390456245,21.60572902000185,22.222214884287833,22.038529010651672,21.609009171007873,21.77088648474135,21.726338841593503,21.658799443260985,21.769151124853973,21.673211307886447,21.30633542423544
Butachlor ESA,,1.677013897260506,4.075295904524149,6.418765756154883,0.1453136047316209,,5.086739470922963,0.1325441468225418,,4.115880238247084,2.001747729919471,4.592314109764268,,0.1019823934428785
Butanedioic acid,29.281364062872857,27.843879568150907,30.623277298382185,30.780501476295047,29.838606488728665,28.312678844696332,30.267655358360106,28.375230767247853,27.889209398989056,29.94498409336742,30.53800361008913,29.4086003487746,29.612067975475767,29.232369943768116
Butylmethylamine,22.43794530566074,23.949207543356664,23.830857684735246,24.3022988510202,23.830857684735246,24.42126914300229,22.791528904529823,23.886744157154116,23.870339558971377,23.76910969145912,24.007267368086005,23.687067908006373,23.49136383865361,23.54870444647409
Butyric Acid,26.99902557858128,27.15311609798288,27.048287217015407,27.843879568150907,26.618176057480905,27.544289538328737,27.18395569435121,26.89344032575907,27.18395569435121,27.1313080167898,26.9573466548823,26.191536273070653,27.483002061356142,26.569609571755606
Chlorobenzilate ,23.830857684735246,,26.99902557858128,24.831148969687327,,,,24.194747533492613,19.600863491137215,,,,,
Cholesterol,27.15311609798288,21.0718735389056,21.67096052369801,22.677151991974437,19.08459707800094,24.304425396122536,23.76910969145912,24.083845383168036,25.75342201407116,20.418941796734135,23.06077610832348,22.03155120473743,22.672558279696855,15.650375653932246
cis-2-Decenoic acid,,,,,,,15.451196899858765,,,,14.56815499835142,,16.67205039674448,
Citramalic acid,15.106677520149724,13.704319513587444,12.769349172245516,14.721950143634658,12.074472592639612,14.097918227282564,15.033955700156616,12.774461728050824,14.097918227282564,,15.123075829522127,14.21110358485972,14.539196144512877,14.21110358485972
Crotonic acid,22.879662480198903,22.879662480198903,22.647425028733963,23.087744266007967,19.88910341462992,22.716880608583256,22.716880608583256,22.59923667201558,22.716880608583256,22.791528904529823,22.308101004564065,22.312776908720007,22.557862029665497,21.9387950284444
Curcumin,17.853699848028608,17.25734641178498,17.376631978072023,17.141426024893484,16.315779488235655,16.529534483733876,16.781045346316812,16.92839425422635,17.836352271610068,17.377943026681418,17.038431164494483,16.67205039674448,16.192093842670428,16.594222658927805
Cyclobutylamine,25.29651796037917,25.428438411905955,25.035894616930417,25.803968799907153,25.148041214718685,25.49017716860311,25.1388779990735,24.936863797642815,25.305996244751217,25.411003449099542,25.411003449099542,24.710929088012687,24.56230034372368,24.73479689879308
Cyclocurcumin,,,,,,,,,,,,,12.0714919356224,
Cycloheptanol,23.36658925488365,22.332969230045094,22.677151991974437,22.932268496378803,22.27430702450264,22.50632501596464,22.50632501596464,22.40876869240357,23.140098959570384,22.59923667201558,22.568747657506773,22.222040813936474,23.36579388981717,23.948967138890385
"Cyclohexanone, 3,3,5-trimethyl",20.56906063232788,21.67096052369801,22.43794530566074,23.830857684735246,22.879662480198903,22.119008710507533,,20.860674731144258,22.038529010651672,23.31461888883079,22.791528904529823,22.557862029665497,21.87413422317921,22.771642313653143
Cyclooctylamine,22.370275784180816,24.369618043756528,24.369618043756528,25.148041214718685,24.984574316554493,23.48945441118602,24.466659612242733,24.264727904647128,22.119008710507533,24.713394767414187,24.936863797642815,23.977410028035916,23.841538318298777,24.313046134599382
"Cyclopentaneacetic acid, 3-oxo-2-pentyl-, methyl ester",20.29980452335389,19.56328653685096,19.88910341462992,19.287054951559327,18.44364753101585,19.47682765044674,19.53202176215784,19.27265560395222,19.879503541083043,19.417792415713553,19.27265560395222,19.18142426558167,15.93238766001479,19.2066564889374
"Cytosine, N-(tert-butyldimethylsilyl)-",15.450922646156044,11.913707267754653,12.599743135471485,14.469065884165332,6.418765756154883,11.919160545104909,14.72521692427022,13.009387675793668,14.287697326956591,14.35374698124052,12.169900671268373,13.702153166295764,13.102861747547983,13.702153166295764
Desmethylverapamil,,,,25.96071124037954,,,,,,,,,,
Diacetyl monoxime,18.539084966592487,17.523799311708594,17.761230605265688,18.016036798181368,16.751898739533114,17.48524454212405,17.525353890297403,17.038431164494483,18.213440774780334,17.334103444196106,17.377943026681418,16.890172233547982,17.054512189434774,17.054512189434774
Dibutyldodecylamine,20.483443453466823,,,,,,,,22.40876869240357,,,,,
Diclofenac,16.214215120518897,16.15985081538933,,17.523799311708594,15.917578831048946,,,,,,17.334103444196106,,,16.03944543517411
Diethylamine,18.718155278555177,18.44364753101585,19.200702427322017,19.742703568860655,18.906679592658044,18.268355274327536,19.0528864936294,18.381596860565427,18.381596860565427,19.33411943751922,19.103649521084773,18.662893946616123,18.286433311445407,18.72590147586187
DL-Glyceraldehyde,24.89564830732322,26.106203025933095,26.32009096286997,26.32009096286997,26.150631170402228,26.585139896368304,26.626530842814773,26.357719124997185,25.856609826522927,26.9573466548823,26.89344032575907,25.593365452910735,25.593365452910735,25.811373082201495
DL-p-Hydroxyphenyllactic acid,,16.466519713331408,17.25734641178498,18.645062264835627,16.655232732972983,17.334103444196106,18.503715336533933,17.734745475827314,,17.915032702075422,17.734745475827314,17.137956348076372,17.63086404421254,17.45421621377722
"Dodecanoic acid, 1-methylethyl ester",14.721950143634658,10.491064376645618,12.074472592639612,13.261661022690058,5.521747493514037,10.552239157267731,13.715439429791358,11.397624723125212,13.009387675793668,13.313676643602143,10.874838034619826,13.006580303890942,11.701649732015762,12.0714919356224
Dodecanoic acid,25.148041214718685,23.62304148617135,23.641897217270277,23.695172311298517,23.41123455996576,23.886744157154116,23.990555118450427,23.31461888883079,23.67614664622589,23.715438989681573,23.48945441118602,23.080045942523043,23.63885021566139,23.31483369473179
"D-Streptamine, O-6-amino-6-deoxy-alpha-D-glucopyranosyl-(1-4)-O-(3-deoxy-4-C-methyl-3-(methylamino)-beta-L-arabinopyranosyl-(1-6))-2-deoxy-",,4.075295904524149,4.928568826486625,8.516641141174134,1.677013897260506,3.317300169662372,10.552239157267731,4.115880238247084,7.369003201466204,8.119707000651585,8.119707000651585,8.660191290277544,6.618077965181936,7.593886277186237
Durapan,19.82110287932254,17.794196837614727,16.655232732972983,17.68301141014449,11.913707267754653,17.734745475827314,17.334103444196106,18.024492715238072,18.93325328169688,15.570074663654172,15.033955700156616,,16.03944543517411,
"Erythrono-1,4-lactone",22.932268496378803,22.677151991974437,24.253083460603023,23.98967944007681,23.902039437352883,23.45834400189753,23.870339558971377,22.119008710507533,22.92424423695108,23.990555118450427,24.194747533492613,23.131502976099725,23.81481827918549,23.687067908006373
Ethanolamine,28.90089102181998,29.838606488728665,29.16077370178412,29.281364062872857,29.281364062872857,28.087376729662925,27.948479817617805,27.18395569435121,27.307966078624023,27.544289538328737,27.544289538328737,28.759556219068088,28.431176060889925,27.68514794557801
Formamide,31.382274144525887,31.524058860721276,31.524058860721276,31.71712688192781,30.992597790320623,32.58600038055914,31.33135720793115,30.675436549209564,31.078496350318176,30.675436549209564,30.911535340056687,30.681866011269875,31.335945176299273,30.96609667021176
Frangulin,13.911658873245148,4.928568826486625,6.418765756154883,,2.435637312387884,7.827451995108607,11.919160545104909,8.119707000651585,,11.919160545104909,,11.29450051609524,4.394165157151983,7.96412063909095
Glabridin,17.761230605265688,16.957019522403222,,,16.466519713331408,,,,,19.74884392063385,,15.93238766001479,15.650375653932246,
Glyceric acid,21.151060746470215,19.37640277060335,,,,,,,,25.75342201407116,,23.73250224282098,,
Glycerol,17.937391256526166,15.74565200401426,16.15985081538933,16.0096350005351,13.261661022690058,16.06679660173975,17.074244005364285,16.529534483733876,17.48524454212405,17.038431164494483,16.66692510217184,16.192093842670428,15.808227716042651,15.93238766001479
Glycine,,26.881317460824317,27.99603156129419,27.15311609798288,26.32009096286997,26.496372035106415,26.89344032575907,25.856609826522927,26.30098020036196,26.04922895914876,26.04922895914876,27.21388617922145,26.773300188563905,26.85295152884662
"Glycine, tert.-butyldimethylsilyl ester",29.16077370178412,28.64758582005108,29.281364062872857,29.16077370178412,28.352281155821693,28.768938481905852,28.882897857810672,28.087376729662925,27.948479817617805,28.087376729662925,28.61924572497919,28.67107149373031,28.303120231249636,28.431176060889925
Glycolic acid,27.691913179030355,28.240250418618064,27.781612179109697,28.90089102181998,27.99603156129419,28.47781711011516,28.768938481905852,28.155197061614174,27.1313080167898,27.948479817617805,28.47781711011516,27.68514794557801,28.169044150866835,28.126918502392517
Guanosine,,18.05034168384075,18.342710623574344,12.599743135471485,17.523799311708594,18.425027822609295,16.460274064665835,17.915032702075422,,18.381596860565427,,,,8.881126703359557
Heptanedioic acid,14.965104882885674,,,,,,,,13.313676643602143,,,,,
Heptanoic acid,24.831148969687327,24.538046056052085,24.831148969687327,24.89564830732322,24.201209259268033,25.1388779990735,24.936863797642815,24.466659612242733,24.466659612242733,24.86903474594303,24.80064188736185,24.389137691228346,24.86526940541148,24.56230034372368
Heptylamine,,11.2229046314718,12.88875485777424,13.911658873245148,6.266131158562355,,12.45689987149377,14.097918227282564,15.280130581193452,13.715439429791358,11.397624723125212,,11.29450051609524,
Hexacosanoic acid,14.614431973247298,8.655162300329328,11.484505045135489,,4.928568826486625,11.397624723125212,12.169900671268373,12.169900671268373,12.774461728050824,12.45689987149377,,12.56887192409179,10.89946094216796,
Hexanoic acid,26.435149607625146,26.541536707150975,26.541536707150975,26.881317460824317,26.240171828633777,26.626530842814773,26.9573466548823,26.161016124447556,26.462978119096125,26.462978119096125,26.496372035106415,26.05112251410409,26.569609571755606,26.08805669870927
Hydracrylic acid,23.27810693146641,23.902039437352883,23.949207543356664,24.027798622606777,23.779730932719236,23.40883435637681,24.713394767414187,23.870339558971377,23.21198677836907,24.304425396122536,24.361822889978058,23.437013974942232,23.977410028035916,23.63885021566139
Hydroxylamine,,,,,26.369078203868884,,,,,,,,,
"Hymexazole, tert-butyldimethylsilyl ether",26.618176057480905,25.661376626707476,24.984574316554493,26.01822025160093,24.719372529194576,26.10239192747727,25.411003449099542,25.718170310601508,26.21781344823559,24.466659612242733,24.083845383168036,24.168354099314715,25.033422795340005,23.841538318298777
Hypoxanthine,27.781612179109697,27.332844915213297,26.7947297982846,27.537929114448303,25.7308981981818,27.08317556062514,28.155197061614174,27.1313080167898,25.411003449099542,24.54729473334675,26.30098020036196,23.63885021566139,26.85295152884662,23.81481827918549
Iminodiacetic acid,10.009949798966806,5.747228222651794,5.747228222651794,11.2229046314718,3.4317458170412096,4.115880238247084,7.827451995108607,5.086739470922963,5.086739470922963,9.86120623257316,8.65316424611776,9.64970125945218,8.660191290277544,4.592314109764268
Indoprofen,,,,,,,,,,,,,,
Isobutanol,,17.032517792139746,17.56697873017783,17.56697873017783,19.18919850525456,17.247834588221547,18.111048381165052,18.503715336533933,15.451196899858765,19.66781399430586,19.53202176215784,19.059206799579357,18.150121932246005,18.662893946616123
Isonicotinic Acid,26.106203025933095,26.150631170402228,26.080491346336327,26.493306583380473,25.628227583587183,26.462978119096125,26.21781344823559,25.563679907455917,26.10239192747727,26.10239192747727,25.984459177485565,25.696283141894924,25.77189921675274,26.01079251454732
Isopropyl palmitate,14.469065884165332,8.131702680090381,11.2229046314718,12.88875485777424,5.256508394848948,9.86120623257316,13.009387675793668,10.874838034619826,12.45689987149377,13.009387675793668,10.552239157267731,11.701649732015762,9.64970125945218,9.64970125945218
Isopropylamine,25.661376626707476,25.96071124037954,25.525182045378976,24.984574316554493,27.048287217015407,25.213717922684808,23.960691759428823,25.984459177485565,26.496372035106415,25.305996244751217,25.49017716860311,23.81481827918549,23.437013974942232,23.080045942523043
Isosorbide,,,,,,,,,,,,21.68608947470163,20.566103265614817,20.784396009977108
Ketamine,31.524058860721276,31.71712688192781,30.780501476295047,31.178747911967612,30.092406863084005,31.33135720793115,34.406050448841874,31.078496350318176,31.33135720793115,30.16479236343512,29.94498409336742,29.49145347153453,30.681866011269875,30.17354460493097
"Kojic acid, bis(tert-butyldimethylsilyl) ether",21.27501481267276,19.935992839749524,20.17196357183308,20.483443453466823,17.032517792139746,19.66781399430586,19.33411943751922,19.97554784000188,21.92473531322902,18.982954739510628,18.79629647256837,18.20013887370956,18.951030935562223,17.248024452122166
L-(+)-Threose,,29.281364062872857,,,,21.02798004528315,,27.544289538328737,,28.768938481905852,,,,
Lactic acid,30.092406863084005,30.623277298382185,30.466636364697315,,30.623277298382185,29.620186194268545,29.247103959090335,29.94498409336742,29.94498409336742,30.267655358360106,28.312678844696332,28.169044150866835,30.27727187960454,29.4086003487746
L-Alanine,12.88875485777424,3.4317458170412096,8.131702680090381,8.131702680090381,1.515007432573165,6.771385902019769,9.273374934180964,6.771385902019769,8.119707000651585,8.65316424611776,4.115880238247084,7.593886277186237,7.593886277186237,6.618077965181936
L-Asparagine,21.7747407165616,21.27501481267276,,,,,,,,,,,20.457355419691964,
L-gamma-Glutamyl-L-glutamic acid,,,,,,,,,,,16.06679660173975,,18.25169974843867,
Leucylglycine,20.06409663854958,22.370275784180816,22.098647400383943,18.26476035303561,21.67096052369801,25.0423743140335,20.860674731144258,21.345977712345302,18.615783878328397,19.0528864936294,23.870339558971377,,23.001398695341393,
Levulinic acid,24.3022988510202,24.3022988510202,24.068325008959206,24.461469164765127,23.695172311298517,24.194747533492613,24.194747533492613,23.67614664622589,23.960691759428823,24.361822889978058,23.960691759428823,23.6616549966062,23.90296081958898,23.90296081958898
L-Glutamic acid,20.17196357183308,,20.483443453466823,,19.82110287932254,,18.56662934495064,,,16.66692510217184,18.381596860565427,,,
L-Glutamine,11.484505045135489,3.738835108229411,7.519992267316956,8.655162300329328,0.1880957548426753,5.086739470922963,8.119707000651585,3.317300169662372,7.827451995108607,8.805640447572472,5.086739470922963,8.881126703359557,1.7301886525305437,4.394165157151983
"L-Histidine, N,1-bis(tert-butyldimethylsilyl)-",24.538046056052085,24.62945998436775,24.62945998436775,25.7308981981818,24.538046056052085,24.86903474594303,24.86903474594303,24.54729473334675,24.80064188736185,25.0423743140335,25.305996244751217,23.49136383865361,24.001472999335004,23.34174391061788
Lignoceric acid,18.093337241236465,16.671054678164104,16.550509211372866,16.957019522403222,16.0096350005351,15.280130581193452,17.038431164494483,15.123075829522127,14.842955445267954,16.327504991403803,14.842955445267954,15.808227716042651,17.013817183224848,16.118952269498973
L-Leucine,19.935992839749524,19.200702427322017,19.37640277060335,20.17196357183308,19.200702427322017,19.600863491137215,20.103703710689143,19.0528864936294,20.418941796734135,19.103649521084773,19.00695755575693,19.77908237213038,18.72590147586187,19.03244293442009
"l-Leucine, n-butoxycarbonyl-N-methyl-, hexadecyl ester",30.780501476295047,31.382274144525887,30.992597790320623,,31.95920462271811,,,,,,,31.335945176299273,,33.26651329355668
L-Lysine,23.779730932719236,23.98967944007681,24.201209259268033,23.67325224625866,23.44858258377526,24.007267368086005,24.361822889978058,23.48945441118602,24.264727904647128,24.194747533492613,23.715438989681573,23.930159100806648,,23.06642888752889
L-Norleucine,,,28.065081599865017,,,30.675436549209564,32.14112204971635,28.47781711011516,22.791528904529823,,28.375230767247853,,,29.612067975475767
"l-Norvaline, n-propargyloxycarbonyl-, isohexyl ester",27.332844915213297,28.352281155821693,28.64758582005108,,28.828859940472153,29.247103959090335,27.889209398989056,,28.47781711011516,28.61924572497919,29.351236695770325,27.483002061356142,,
L-Ornithine,,15.450922646156044,,,24.3022988510202,,19.27265560395222,,,,,14.499004868446482,,17.220542149616133
L-Pyroglutamic acid,23.695172311298517,,,,20.17196357183308,,26.30098020036196,,,22.92424423695108,22.92424423695108,23.841538318298777,,21.083309099605064
L-Serine,,,,,19.411099823967515,,29.620186194268545,,,,,25.033422795340005,25.405475180660023,24.83242295383012
L-Threonine,23.67325224625866,23.41123455996576,,19.464176147937337,,21.46773286586792,22.59923667201558,22.038529010651672,21.609009171007873,,,,,
L-Tryptophan,17.141426024893484,11.484505045135489,12.304265137946077,15.450922646156044,8.655162300329328,12.774461728050824,15.280130581193452,14.842955445267954,15.570074663654172,14.287697326956591,11.919160545104909,13.89073071507533,13.8092263866789,13.89073071507533
L-Tyrosine,26.66377895156647,25.077705023621245,,27.332844915213297,25.46576478857199,24.936863797642815,27.1313080167898,26.30098020036196,26.04922895914876,26.30098020036196,,25.477784361783865,25.93542616790786,25.33803340356212
Luciferin,,,5.521747493514037,11.913707267754653,,,,,,,6.771385902019769,12.0714919356224,,
Lupinine,,20.44253760695687,,,19.984495317940898,20.496736581748863,21.46773286586792,20.418941796734135,,20.77738331838778,21.609009171007873,,22.03155120473743,
L-Valine,24.027798622606777,22.27430702450264,22.76852365331902,23.27810693146641,21.942561818268835,21.345977712345302,23.631249545396912,22.92424423695108,21.958607952194132,22.038529010651672,23.140098959570384,21.9387950284444,23.080045942523043,21.48058278405837
L-Val-L-Leu,30.992597790320623,,,,,,30.675436549209564,26.626530842814773,30.267655358360106,,,,,
Malic acid,23.41123455996576,21.82135727142106,22.27430702450264,21.60572902000185,20.06409663854958,22.038529010651672,23.48945441118602,21.958607952194132,22.222214884287833,20.860674731144258,20.77738331838778,20.457355419691964,22.44008888849032,20.36359690017306
Maltol,,,,,,,,,,,,,,
Methanesulfonic acid,25.077705023621245,23.695172311298517,22.52795891466814,23.779730932719236,19.742703568860655,23.21198677836907,23.40883435637681,23.76910969145912,24.42126914300229,20.277009041550073,20.153915769205604,20.906165404992844,21.37622246162084,
Methyl lactate,17.56697873017783,17.56697873017783,18.016036798181368,17.761230605265688,17.56697873017783,18.024492715238072,18.213440774780334,17.974895304460635,18.690460877293813,18.111048381165052,18.341334765599967,17.555141805759803,17.248024452122166,
Methylsuccinic acid,,,,,,,,,,,,,,
Methylthiouracil,25.035894616930417,23.27810693146641,22.174953146856996,22.76852365331902,20.29980452335389,23.548805974585076,22.119008710507533,23.45834400189753,24.54729473334675,21.02798004528315,20.418941796734135,20.275886633279356,21.68608947470163,
Mevalonolactone,16.38814902265299,19.464176147937337,19.56328653685096,19.56328653685096,19.48640441122816,18.88304457806842,16.92839425422635,17.836352271610068,17.734745475827314,20.153915769205604,20.343488081279187,16.594222658927805,13.702153166295764,16.890172233547982
Monocaproin,27.537929114448303,26.99902557858128,26.66377895156647,27.691913179030355,,27.948479817617805,26.462978119096125,,28.375230767247853,,,26.6560757115046,27.21388617922145,25.89251207335902
m-Toluic acid,18.342710623574344,17.376631978072023,17.523799311708594,17.937391256526166,16.38814902265299,17.630843386281523,16.66692510217184,17.074244005364285,17.170837980632978,17.630843386281523,17.48524454212405,17.013817183224848,17.368297203599507,17.63086404421254
Myristic acid,20.87204014785369,20.29980452335389,20.80638581724362,20.72038121187953,20.153621532234126,19.879503541083043,20.904438043033803,19.879503541083043,20.011009838482167,20.686841761527813,20.011009838482167,19.441590778670484,20.275886633279356,19.65280614591544
"N,N-Dimethyl-2-aminoethanol",31.71712688192781,30.092406863084005,28.90089102181998,30.623277298382185,,31.078496350318176,30.16479236343512,30.53800361008913,30.911535340056687,29.620186194268545,30.675436549209564,29.612067975475767,30.17354460493097,28.303120231249636
"N-[(3,4,5-Trimethoxyphenyl)methylidene]hydroxylamine",,,,,,24.083845383168036,,,,24.264727904647128,23.76910969145912,,,
N-Acetylaminoethanol,29.838606488728665,30.992597790320623,31.178747911967612,31.382274144525887,31.178747911967612,30.911535340056687,32.58600038055914,30.267655358360106,29.620186194268545,30.911535340056687,32.14112204971635,30.17354460493097,30.023863725677423,30.023863725677423
N-Acetylaspartic acid,16.550509211372866,20.17196357183308,19.82110287932254,19.88910341462992,16.957019522403222,19.417792415713553,20.496736581748863,18.180612624825457,17.974895304460635,,18.56662934495064,18.925273783882567,19.059206799579357,14.499004868446482
N-Acetyl-L-alanine,19.464176147937337,19.182261289575944,19.182261289575944,19.69978171705228,19.287054951559327,18.982954739510628,19.879503541083043,19.103649521084773,19.16887880558784,19.47682765044674,19.226040449360855,19.13666301077063,19.248437476089595,19.18142426558167
"Naringenin 4',7-dimethylether",20.241468570248152,16.550509211372866,17.68301141014449,19.984495317940898,18.05034168384075,17.170837980632978,17.974895304460635,17.48524454212405,17.206100866766985,17.974895304460635,,,,
N-Caffeoyl-O-methyltyramine,12.074472592639612,3.5347127996733056,8.516641141174134,11.484505045135489,3.738835108229411,0.1325441468225418,8.65316424611776,9.86120623257316,8.65316424611776,10.552239157267731,9.273374934180964,9.247167466757874,,
N-Ethylamphetamine,,27.048287217015407,27.332844915213297,,27.332844915213297,27.1313080167898,25.856609826522927,26.817565026687067,27.544289538328737,27.08317556062514,27.08317556062514,26.569609571755606,26.05112251410409,26.52763770788856
N-Ethyldiethanolamine,23.163248814021426,22.932268496378803,23.27810693146641,22.647425028733963,22.174953146856996,22.40876869240357,22.568747657506773,22.308101004564065,23.31461888883079,23.06077610832348,22.50632501596464,22.161978752423863,22.61627306191433,22.222040813936474
Niacin,17.68301141014449,15.703949497777035,16.751898739533114,16.214215120518897,13.911658873245148,15.451196899858765,16.21025605127924,15.808642332997364,17.074244005364285,,16.21025605127924,16.325747444818614,16.594222658927805,15.808227716042651
Niacinamide,28.065081599865017,26.7947297982846,26.435149607625146,26.7947297982846,26.881317460824317,27.18395569435121,27.307966078624023,26.9573466548823,26.585139896368304,26.817565026687067,27.1313080167898,26.680191924817876,,25.12069417538897
N-Isobutyrylglycine,26.369078203868884,26.240171828633777,26.240171828633777,23.62304148617135,26.080491346336327,26.161016124447556,26.161016124447556,26.10239192747727,24.361822889978058,25.984459177485565,26.357719124997185,23.948967138890385,26.680191924817876,24.389137691228346
N-Methyl-1-[(trimethylsilyl)oxy]-1-{4-[(trimethylsilyl)oxy]phenyl}propan-2-amine,,12.074472592639612,13.261661022690058,15.106677520149724,8.131702680090381,12.45689987149377,14.287697326956591,,,15.123075829522127,12.774461728050824,13.51269608401671,12.56887192409179,13.8092263866789
N-Methylacetamide,26.150631170402228,26.493306583380473,26.493306583380473,26.66377895156647,26.66377895156647,26.30098020036196,26.496372035106415,25.90509255171001,26.89344032575907,26.585139896368304,26.585139896368304,25.811373082201495,26.01079251454732,25.93542616790786
Nonanoic acid,28.240250418618064,28.065081599865017,28.240250418618064,28.593921910136697,27.537929114448303,29.049266824386905,,29.049266824386905,28.155197061614174,28.375230767247853,28.882897857810672,27.991458308351564,28.126918502392517,28.169044150866835
Norephedrine,,,29.838606488728665,28.115326655776578,28.065081599865017,28.882897857810672,29.351236695770325,28.768938481905852,,,,25.93542616790786,26.118559951146683,26.6560757115046
Norketamine,12.599743135471485,5.256508394848948,6.266131158562355,10.009949798966806,2.9173443663814544,7.369003201466204,8.805640447572472,7.827451995108607,9.273374934180964,9.273374934180964,7.369003201466204,7.96412063909095,7.96412063909095,1.7301886525305437
"Norleucine, N-trimethylsilyl-",,,,,,,,,,,32.58600038055914,31.588852210056046,,
Octacosanol,24.068325008959206,,25.148041214718685,,25.077705023621245,23.805592934258073,23.548805974585076,,23.06077610832348,,25.0423743140335,25.181961415655053,,
"Octadecanoic acid, octyl ester",,,,,,,,,,,,,,
Octadecanoic acid,,8.516641141174134,,,5.747228222651794,,,,,,,13.102861747547983,,12.56887192409179
Octanoic acid,25.525182045378976,25.29651796037917,25.628227583587183,26.106203025933095,,24.361822889978058,,23.990555118450427,,24.80064188736185,24.304425396122536,,,
Octocrylene,,,,,,,,,,,,,10.233023452229114,
Oleamide,26.01822025160093,26.080491346336327,24.538046056052085,25.628227583587183,24.027798622606777,25.305996244751217,23.31461888883079,27.75557761287251,23.886744157154116,24.42126914300229,23.67614664622589,24.313046134599382,23.948967138890385,23.77449497586909
Oleic Acid,27.048287217015407,,,,,,,,,,,22.44008888849032,23.06642888752889,22.44008888849032
Olomoucine,,,,,,,,,,,,,,
Oxalic acid,28.593921910136697,29.16077370178412,30.092406863084005,30.092406863084005,29.16077370178412,30.16479236343512,29.94498409336742,29.247103959090335,28.312678844696332,29.247103959090335,29.620186194268545,29.232369943768116,29.49145347153453,29.49145347153453
"Oxalic acid, di(cyclohexylmethyl) ester",,,,,,,14.097918227282564,,,,,,,
"Oxymorphone, bis(trimethylsilyl) ether",28.352281155821693,28.593921910136697,,28.64758582005108,27.781612179109697,27.889209398989056,28.087376729662925,27.948479817617805,29.247103959090335,27.889209398989056,28.087376729662925,26.773300188563905,27.157313963463174,27.157313963463174
Palmitic Acid,,,,23.44858258377526,23.02597125904264,27.307966078624023,,26.496372035106415,,26.89344032575907,26.67865444635054,26.300535851727332,26.6560757115046,23.437013974942232
Pentadecanoic acid,,,25.847108480024986,,,,,,,,,,,
Pentanedioic acid,22.174953146856996,21.151060746470215,,22.27430702450264,21.0718735389056,21.658799443260985,22.40876869240357,21.231721944302965,20.904438043033803,22.40876869240357,21.46773286586792,21.48058278405837,21.769151124853973,21.37622246162084
Pentanoic acid,23.62304148617135,23.779730932719236,23.62304148617135,23.902039437352883,23.163248814021426,23.870339558971377,23.805592934258073,23.21198677836907,23.631249545396912,23.67614664622589,23.45834400189753,22.965590065563305,23.73250224282098,22.836015096270188
"Phenol, 2,4-bis(1-methyl-1-phenylethyl)-",22.098647400383943,22.647425028733963,22.332969230045094,23.02597125904264,22.677151991974437,22.59923667201558,22.92424423695108,21.77088648474135,20.103703710689143,21.958607952194132,21.874520351960655,22.672558279696855,23.131502976099725,22.161978752423863
Phenol,26.493306583380473,27.537929114448303,28.352281155821693,27.781612179109697,28.115326655776578,,25.718170310601508,26.67865444635054,26.9573466548823,27.307966078624023,27.18395569435121,26.85295152884662,26.52763770788856,27.483002061356142
Phenoxyethanol,24.461469164765127,23.53950244846534,23.41123455996576,24.62945998436775,23.27810693146641,23.67614664622589,23.715438989681573,23.40883435637681,24.713394767414187,23.40883435637681,23.31461888883079,22.771642313653143,23.242024148591835,23.131502976099725
Phosphoserine,,,,,,,,,,,,,,
Phthalazin-1-one,,,,,,,,33.779274551148376,,32.14112204971635,33.779274551148376,33.26651329355668,,
Phthalimide,,,,,,,,,,,,,,
Phytanic acid,19.18919850525456,20.56906063232788,21.82135727142106,21.0718735389056,20.80638581724362,20.686841761527813,21.231721944302965,20.565973760856775,21.231721944302965,21.096965637930506,20.686841761527813,20.36359690017306,20.36359690017306,20.18118553938643
Picolinic acid,26.7947297982846,27.691913179030355,27.691913179030355,28.240250418618064,27.691913179030355,28.375230767247853,27.75557761287251,27.08317556062514,27.08317556062514,27.75557761287251,28.768938481905852,27.066313751719058,27.378909575895676,27.066313751719058
Pinosylvin,20.153621532234126,18.718155278555177,15.74565200401426,18.539084966592487,14.072321422707276,18.180612624825457,17.915032702075422,19.47682765044674,20.496736581748863,16.21025605127924,16.529534483733876,,16.325747444818614,
Pipecolic acid,21.0718735389056,20.241468570248152,20.87204014785369,20.87204014785369,20.241468570248152,18.615783878328397,20.97028349263581,18.93325328169688,18.073627420028597,20.565973760856775,19.97554784000188,18.72590147586187,20.10185011613234,19.441590778670484
"Piperazine, 1-(4-acetylphenylsulfonyl)-4-methyl-",,,,25.077705023621245,,,,,,,,,,
Praziquantel,,,,,,,,,,,7.827451995108607,,,
Pro-Ala-Lys,,,,,,,,,,,,,,
Prometryne,,,,,,,,37.15075447027812,32.58600038055914,,,,,
"Propanoic acid, 3-[(tert-butyldimethylsilyl)oxy]-2-methyl-",23.98967944007681,22.76852365331902,23.36658925488365,,22.098647400383943,23.140098959570384,24.80064188736185,23.805592934258073,22.988315943133397,23.48945441118602,23.805592934258073,20.18118553938643,24.168354099314715,15.128756944157338
"Propanoic acid, dimethyl(isopropyl)silyl ester",19.287054951559327,17.761230605265688,19.18919850525456,19.200702427322017,17.376631978072023,17.074244005364285,17.836352271610068,17.377943026681418,18.503715336533933,17.48524454212405,21.726338841593503,,22.161978752423863,
Propanoic acid,,17.937391256526166,18.44364753101585,22.43794530566074,,21.958607952194132,,20.97028349263581,21.46773286586792,21.534422592464548,20.97028349263581,,20.18118553938643,
"Propionic acid, 3-iodo-, octadecyl ester",,,20.29980452335389,,,,,,,,,,,
Propylene glycol,,18.220814837915412,18.093337241236465,18.44364753101585,17.761230605265688,17.836352271610068,18.381596860565427,18.073627420028597,18.88304457806842,18.180612624825457,18.180612624825457,17.63086404421254,17.80661793447376,18.05454177485193
Prostaglandin,,14.965104882885674,15.450922646156044,16.671054678164104,14.469065884165332,15.570074663654172,,15.394517221572132,,,,,,10.233023452229114
"Pyrazole[4,5-b]imidazole, 1-formyl-3-ethyl-6-beta-d-ribofuranosyl-",,,,,,,,,,,,,,
"Quinoxaline, 2,3-diphenyl- ",29.533268106763916,30.780501476295047,27.843879568150907,,,,,,,32.58600038055914,,,,
Salsoline,20.44253760695687,10.009949798966806,15.106677520149724,13.704319513587444,10.009949798966806,,21.345977712345302,22.568747657506773,15.123075829522127,23.140098959570384,,15.128756944157338,23.6616549966062,24.001472999335004
Sarcosine,,19.984495317940898,,16.550509211372866,14.721950143634658,,21.958607952194132,,,,21.231721944302965,,18.093450300951073,22.312776908720007
Simetryn,,,,,,,,,,,,18.05454177485193,,
Spiroxamine,,,,21.7747407165616,21.519624795553614,20.860674731144258,18.341334765599967,,21.02798004528315,21.658799443260985,21.534422592464548,19.0191024793466,,18.84371313947397
Stearic acid,33.35215679615844,26.01822025160093,25.96071124037954,26.435149607625146,24.831148969687327,28.155197061614174,28.61924572497919,,28.882897857810672,,27.889209398989056,28.126918502392517,28.67107149373031,28.67107149373031
Suberic acid,19.88910341462992,19.287054951559327,19.231684460146965,19.935992839749524,19.016398589112107,18.79629647256837,19.66781399430586,18.982954739510628,16.66692510217184,19.27265560395222,19.0528864936294,,19.18142426558167,18.951030935562223
Succinamide,,,,,,,,21.46773286586792,,,22.222214884287833,,,
Sulindac,,,,20.962955602028384,19.935992839749524,18.111048381165052,19.74884392063385,,15.808642332997364,,,,,
Supraene,25.803968799907153,25.46576478857199,,23.53950244846534,23.641897217270277,20.418941796734135,,21.92473531322902,20.860674731144258,22.308101004564065,21.096965637930506,,22.65231301575314,21.68608947470163
Synephrine,,19.18919850525456,19.464176147937337,20.241468570248152,19.464176147937337,19.97554784000188,20.277009041550073,19.66781399430586,20.277009041550073,19.879503541083043,19.600863491137215,18.4850770891874,15.22713610208696,18.433557831442
Taurine,,,,,,,,16.21025605127924,,,,,,
tert-butyl(dimethyl)silyl-2-([tert-butyl(dimethyl)silyl]oxy)hex-2-enoate,,,,,,16.66692510217184,18.180612624825457,,16.327504991403803,,17.915032702075422,,,
tert-Butylamine,,,,,30.466636364697315,,,,,,,,,
"Tetrahydro[2,2']bifuranyl-5-one",,,,,26.7947297982846,,,,,,,,,
Tetrahydro-solasodine triacetate,18.966124779778433,18.342710623574344,18.718155278555177,18.704118339747176,17.937391256526166,18.213440774780334,18.268355274327536,18.111048381165052,19.00695755575693,18.690460877293813,18.425027822609295,18.025217628795037,17.96116682496773,18.025217628795037
Theobromine,,,,,,,,,,,,,,
Thymol,18.220814837915412,16.214215120518897,17.937391256526166,,15.106677520149724,16.92839425422635,17.206100866766985,16.66692510217184,17.525353890297403,17.206100866766985,,15.22713610208696,17.555141805759803,14.671424886602871
Triethyl citrate,16.315779488235655,12.88875485777424,14.469065884165332,15.703949497777035,12.599743135471485,14.72521692427022,,,16.21025605127924,16.06679660173975,15.280130581193452,14.885713691800296,14.885713691800296,14.885713691800296
Trimethylolpropane,,14.072321422707276,14.721950143634658,16.38814902265299,,13.715439429791358,15.570074663654172,,15.394517221572132,15.726782210899836,15.726782210899836,,13.006580303890942,
Tromethamine,,,,20.44253760695687,19.69978171705228,,16.529534483733876,16.327504991403803,19.74884392063385,18.213440774780334,15.394517221572132,,,17.80661793447376
Tyr-Val,,,,28.065081599865017,,,,,,,,28.908802235380648,,30.27727187960454
Uracil,25.96071124037954,25.035894616930417,25.46576478857199,25.525182045378976,25.035894616930417,25.718170310601508,26.10239192747727,25.49017716860311,25.718170310601508,25.1388779990735,25.213717922684808,24.86526940541148,25.33803340356212,24.06935517874814
Urea,30.466636364697315,30.466636364697315,31.382274144525887,30.992597790320623,30.780501476295047,32.14112204971635,30.53800361008913,28.312678844696332,30.53800361008913,28.47781711011516,30.16479236343512,27.834474566875745,30.96609667021176,27.21388617922145
Vanillylmandelic acid,13.704319513587444,6.266131158562355,10.009949798966806,12.304265137946077,1.5039385010119957,8.65316424611776,9.86120623257316,7.369003201466204,8.805640447572472,5.086739470922963,,,,
"Weberine, 5-desmethoxy-",23.902039437352883,,24.12380419009003,24.538046056052085,,,,,,,,,,
Xylazine,21.82135727142106,21.7747407165616,21.57610029885488,21.82135727142106,21.27501481267276,21.096965637930506,21.92473531322902,21.658799443260985,21.726338841593503,21.609009171007873,20.860674731144258,20.784396009977108,20.97547969704068,20.275886633279356
Yangonin,,15.106677520149724,16.466519713331408,16.655232732972983,14.614431973247298,15.123075829522127,16.327504991403803,16.06679660173975,16.92839425422635,16.460274064665835,15.808642332997364,15.650375653932246,14.97924147966909,15.22713610208696
