ID,Mean Log2 Fold Change Direction (DSS)
ENSMUSG00000027374-P,-1
ENSMUSG00000042626-P,1
ENSMUSG00000055681-P,1
ENSMUSG00000028412-P,-1
ENSMUSG00000054484-P,1
ENSMUSG00000024425-P,1
ENSMUSG00000032216-P,-1
ENSMUSG00000025979-P,1
ENSMUSG00000051343-P,1
ENSMUSG00000035443-P,1
ENSMUSG00000028991-P,1
ENSMUSG00000036948-P,1
ENSMUSG00000033900-P,-1
ENSMUSG00000041936-P,1
ENSMUSG00000034584-P,-1
ENSMUSG00000068921-P,1
ENSMUSG00000049670-P,1
ENSMUSG00000044224-P,-1
ENSMUSG00000030216-P,-1
ENSMUSG00000071072-P,-1
ENSMUSG00000021243-P,1
ENSMUSG00000016495-P,-1
ENSMUSG00000026803-P,-1
ENSMUSG00000036188-P,-1
ENSMUSG00000068284-P,-1
ENSMUSG00000033237-P,-1
ENSMUSG00000063894-P,-1
ENSMUSG00000027536-P,1
ENSMUSG00000069727-P,-1
ENSMUSG00000042118-P,-1
ENSMUSG00000094002-P,1
ENSMUSG00000039253-P,-1
ENSMUSG00000031916-P,1
ENSMUSG00000025477-P,1
ENSMUSG00000036371-P,-1
ENSMUSG00000094595-P,1
ENSMUSG00000041126-P,1
ENSMUSG00000034064-P,1
ENSMUSG00000004591-P,-1
ENSMUSG00000035295-P,1
ENSMUSG00000085558-P,-1
ENSMUSG00000057421-P,1
ENSMUSG00000022781-P,-1
ENSMUSG00000030060-P,1
ENSMUSG00000015112-P,-1
ENSMUSG00000042426-P,1
ENSMUSG00000027642-P,1
ENSMUSG00000105382-P,-1
ENSMUSG00000024081-P,-1
ENSMUSG00000079442-P,1
ENSMUSG00000003184-P,-1
ENSMUSG00000005469-P,1
ENSMUSG00000030094-P,-1
ENSMUSG00000024941-P,1
ENSMUSG00000049295-P,1
ENSMUSG00000049097-P,-1
ENSMUSG00000070348-P,-1
ENSMUSG00000046711-P,1
ENSMUSG00000034647-P,-1
ENSMUSG00000002319-P,1
ENSMUSG00000020108-P,1
ENSMUSG00000026273-P,1
ENSMUSG00000022246-P,-1
ENSMUSG00000020308-P,1
ENSMUSG00000050910-P,1
ENSMUSG00000061533-P,-1
ENSMUSG00000102840-P,-1
ENSMUSG00000058756-P,1
ENSMUSG00000004698-P,1
ENSMUSG00000033948-P,1
ENSMUSG00000028655-P,1
ENSMUSG00000106032-P,-1
ENSMUSG00000086610-P,-1
ENSMUSG00000026309-P,1
ENSMUSG00000021903-P,1
ENSMUSG00000037262-P,-1
ENSMUSG00000026603-P,1
ENSMUSG00000005514-P,-1
ENSMUSG00000033808-P,1
ENSMUSG00000015461-P,1
ENSMUSG00000045128-P,-1
ENSMUSG00000047146-P,-1
ENSMUSG00000070705-P,-1
ENSMUSG00000040795-P,1
ENSMUSG00000031511-P,1
ENSMUSG00000024805-P,-1
ENSMUSG00000029198-P,1
ENSMUSG00000032482-P,1
ENSMUSG00000021288-P,1
ENSMUSG00000024151-P,1
ENSMUSG00000023243-P,-1
ENSMUSG00000030591-P,1
ENSMUSG00000052751-P,1
ENSMUSG00000020389-P,1
ENSMUSG00000028959-P,1
ENSMUSG00000025474-P,-1
ENSMUSG00000064370-P,-1
ENSMUSG00000005580-P,1
ENSMUSG00000030663-P,-1
ENSMUSG00000035941-P,-1
ENSMUSG00000036501-P,-1
ENSMUSG00000033411-P,-1
ENSMUSG00000035934-P,-1
ENSMUSG00000003344-P,1
ENSMUSG00000037608-P,-1
ENSMUSG00000026333-P,-1
ENSMUSG00000003527-P,-1
ENSMUSG00000058420-P,1
ENSMUSG00000019907-P,-1
ENSMUSG00000025410-P,1
ENSMUSG00000061718-P,1
ENSMUSG00000008690-P,1
ENSMUSG00000092417-P,1
ENSMUSG00000004895-P,1
ENSMUSG00000025934-P,1
ENSMUSG00000028273-P,-1
ENSMUSG00000026520-P,1
ENSMUSG00000024193-P,1
ENSMUSG00000083899-P,1
ENSMUSG00000030879-P,1
ENSMUSG00000021585-P,-1
ENSMUSG00000026623-P,-1
ENSMUSG00000056215-P,-1
ENSMUSG00000001964-P,1
ENSMUSG00000057367-P,-1
ENSMUSG00000036613-P,1
ENSMUSG00000045100-P,1
ENSMUSG00000031010-P,-1
ENSMUSG00000015839-P,-1
ENSMUSG00000038859-P,-1
ENSMUSG00000044296-P,1
ENSMUSG00000032633-P,1
ENSMUSG00000032724-P,-1
ENSMUSG00000024235-P,-1
ENSMUSG00000023236-P,1
ENSMUSG00000026483-P,-1
ENSMUSG00000057738-P,1
ENSMUSG00000032301-P,-1
ENSMUSG00000010607-P,-1
ENSMUSG00000030862-P,-1
ENSMUSG00000035505-P,1
ENSMUSG00000022283-P,-1
ENSMUSG00000050989-P,1
ENSMUSG00000014195-P,1
ENSMUSG00000036718-P,1
ENSMUSG00000028885-P,-1
ENSMUSG00000021693-P,-1
ENSMUSG00000062044-P,1
ENSMUSG00000028441-P,1
ENSMUSG00000005124-P,-1
ENSMUSG00000043991-P,-1
ENSMUSG00000086825-P,-1
ENSMUSG00000019080-P,1
ENSMUSG00000018199-P,-1
ENSMUSG00000041134-P,-1
ENSMUSG00000059495-P,-1
ENSMUSG00000049624-P,-1
ENSMUSG00000102142-P,-1
ENSMUSG00000024170-P,1
ENSMUSG00000030058-P,1
ENSMUSG00000062421-P,-1
ENSMUSG00000050822-P,1
ENSMUSG00000014075-P,-1
ENSMUSG00000023092-P,1
ENSMUSG00000003099-P,1
ENSMUSG00000028772-P,1
ENSMUSG00000035133-P,-1
ENSMUSG00000041012-P,-1
ENSMUSG00000039275-P,1
ENSMUSG00000025060-P,-1
ENSMUSG00000013858-P,1
ENSMUSG00000057722-P,-1
ENSMUSG00000020777-P,1
ENSMUSG00000024150-P,-1
ENSMUSG00000043467-P,-1
ENSMUSG00000024921-P,-1
ENSMUSG00000030016-P,-1
ENSMUSG00000056531-P,-1
ENSMUSG00000020102-P,1
ENSMUSG00000050493-P,1
ENSMUSG00000043059-P,-1
ENSMUSG00000048200-P,1
ENSMUSG00000024181-P,1
ENSMUSG00000005510-P,-1
ENSMUSG00000032615-P,1
ENSMUSG00000035873-P,-1
ENSMUSG00000020496-P,1
ENSMUSG00000024687-P,-1
ENSMUSG00000030008-P,1
ENSMUSG00000021377-P,-1
ENSMUSG00000032641-P,1
ENSMUSG00000022711-P,-1
ENSMUSG00000038644-P,1
ENSMUSG00000018322-P,1
ENSMUSG00000056054-P,1
ENSMUSG00000062937-P,-1
ENSMUSG00000004040-P,1
ENSMUSG00000018372-P,-1
ENSMUSG00000039804-P,1
ENSMUSG00000024740-P,1
ENSMUSG00000038836-P,-1
ENSMUSG00000006777-P,-1
ENSMUSG00000017405-P,-1
ENSMUSG00000064345-P,-1
ENSMUSG00000040158-P,1
ENSMUSG00000039883-P,1
ENSMUSG00000024253-P,-1
ENSMUSG00000019897-P,-1
ENSMUSG00000031451-P,1
ENSMUSG00000031751-P,1
ENSMUSG00000029623-P,-1
ENSMUSG00000030691-P,-1
ENSMUSG00000036819-P,1
ENSMUSG00000024290-P,-1
ENSMUSG00000017548-P,-1
ENSMUSG00000032555-P,-1
ENSMUSG00000029178-P,-1
ENSMUSG00000035640-P,1
ENSMUSG00000024168-P,-1
ENSMUSG00000001687-P,-1
ENSMUSG00000041438-P,1
ENSMUSG00000029790-P,-1
ENSMUSG00000030703-P,1
ENSMUSG00000008140-P,1
ENSMUSG00000035011-P,-1
ENSMUSG00000001855-P,-1
ENSMUSG00000028826-P,-1
ENSMUSG00000007892-P,1
ENSMUSG00000036499-P,-1
ENSMUSG00000000305-P,-1
ENSMUSG00000026341-P,-1
ENSMUSG00000042010-P,1
ENSMUSG00000021431-P,-1
ENSMUSG00000042729-P,1
ENSMUSG00000047264-P,1
ENSMUSG00000036478-P,-1
ENSMUSG00000032238-P,-1
ENSMUSG00000039323-P,1
ENSMUSG00000030979-P,-1
ENSMUSG00000020608-P,-1
ENSMUSG00000055150-P,1
ENSMUSG00000022941-P,-1
ENSMUSG00000021244-P,-1
ENSMUSG00000022463-P,1
ENSMUSG00000023030-P,1
ENSMUSG00000026784-P,1
ENSMUSG00000031027-P,1
ENSMUSG00000036641-P,-1
ENSMUSG00000027690-P,-1
ENSMUSG00000072772-P,1
ENSMUSG00000033487-P,-1
ENSMUSG00000029550-P,1
ENSMUSG00000096971-P,-1
ENSMUSG00000037664-P,-1
ENSMUSG00000106718-P,-1
ENSMUSG00000002455-P,-1
ENSMUSG00000106365-P,-1
ENSMUSG00000087368-P,-1
ENSMUSG00000024335-P,1
ENSMUSG00000030782-P,-1
ENSMUSG00000051074-P,1
ENSMUSG00000055447-P,-1
ENSMUSG00000021025-P,1
ENSMUSG00000049739-P,1
ENSMUSG00000070858-P,1
ENSMUSG00000024491-P,-1
ENSMUSG00000030079-P,1
ENSMUSG00000055044-P,1
ENSMUSG00000091549-P,-1
ENSMUSG00000032372-P,-1
ENSMUSG00000032009-P,-1
ENSMUSG00000023967-P,1
ENSMUSG00000028041-P,1
ENSMUSG00000031864-P,-1
ENSMUSG00000005131-P,-1
ENSMUSG00000060512-P,1
ENSMUSG00000030560-P,1
ENSMUSG00000053012-P,-1
ENSMUSG00000043639-P,-1
ENSMUSG00000029291-P,1
ENSMUSG00000058492-P,-1
ENSMUSG00000020080-P,1
ENSMUSG00000040701-P,1
ENSMUSG00000041408-P,-1
ENSMUSG00000026687-P,-1
ENSMUSG00000102687-P,1
ENSMUSG00000026029-P,-1
ENSMUSG00000027706-P,-1
ENSMUSG00000071180-P,-1
ENSMUSG00000021254-P,1
ENSMUSG00000064294-P,-1
ENSMUSG00000022312-P,1
ENSMUSG00000019699-P,-1
ENSMUSG00000020477-P,1
ENSMUSG00000023341-P,-1
ENSMUSG00000103657-P,-1
ENSMUSG00000026896-P,-1
ENSMUSG00000020248-P,-1
ENSMUSG00000021482-P,-1
ENSMUSG00000023249-P,-1
ENSMUSG00000087640-P,1
ENSMUSG00000072704-P,-1
ENSMUSG00000020135-P,1
ENSMUSG00000031657-P,-1
ENSMUSG00000046947-P,1
ENSMUSG00000034930-P,-1
ENSMUSG00000022561-P,1
ENSMUSG00000097626-P,-1
ENSMUSG00000031583-P,-1
ENSMUSG00000044317-P,-1
ENSMUSG00000001441-P,-1
ENSMUSG00000037742-P,-1
ENSMUSG00000001054-P,1
ENSMUSG00000021886-P,-1
ENSMUSG00000031157-P,1
ENSMUSG00000037326-P,1
ENSMUSG00000046351-P,-1
ENSMUSG00000030605-P,1
ENSMUSG00000030108-P,1
ENSMUSG00000042349-P,-1
ENSMUSG00000037012-P,1
ENSMUSG00000040640-P,1
ENSMUSG00000039943-P,-1
ENSMUSG00000056598-P,1
ENSMUSG00000037736-P,-1
ENSMUSG00000095677-P,1
ENSMUSG00000004098-P,1
ENSMUSG00000100075-P,-1
ENSMUSG00000031918-P,-1
ENSMUSG00000035152-P,-1
ENSMUSG00000104339-P,1
ENSMUSG00000038717-P,-1
ENSMUSG00000019464-P,-1
ENSMUSG00000038990-P,1
ENSMUSG00000025437-P,1
ENSMUSG00000051224-P,-1
ENSMUSG00000078485-P,-1
ENSMUSG00000021392-P,-1
ENSMUSG00000021686-P,-1
ENSMUSG00000044134-P,1
ENSMUSG00000024975-P,-1
ENSMUSG00000002844-P,1
ENSMUSG00000029270-P,-1
ENSMUSG00000029684-P,-1
ENSMUSG00000017697-P,1
ENSMUSG00000022812-P,-1
ENSMUSG00000053749-P,1
ENSMUSG00000025323-P,-1
ENSMUSG00000034863-P,1
ENSMUSG00000068762-P,1
ENSMUSG00000068335-P,-1
ENSMUSG00000021215-P,-1
ENSMUSG00000085197-P,-1
ENSMUSG00000091007-P,-1
ENSMUSG00000028133-P,1
ENSMUSG00000031112-P,-1
ENSMUSG00000028700-P,-1
ENSMUSG00000032018-P,-1
ENSMUSG00000030304-P,-1
ENSMUSG00000054364-P,1
ENSMUSG00000029878-P,-1
ENSMUSG00000057181-P,-1
ENSMUSG00000050321-P,-1
ENSMUSG00000021957-P,1
ENSMUSG00000030265-P,-1
ENSMUSG00000052566-P,-1
ENSMUSG00000030256-P,-1
ENSMUSG00000022361-P,-1
ENSMUSG00000028383-P,1
ENSMUSG00000017221-P,1
ENSMUSG00000021481-P,1
ENSMUSG00000020752-P,1
ENSMUSG00000041642-P,1
ENSMUSG00000031147-P,-1
ENSMUSG00000038084-P,-1
ENSMUSG00000066113-P,1
ENSMUSG00000051043-P,1
ENSMUSG00000042797-P,-1
ENSMUSG00000028030-P,1
ENSMUSG00000028484-P,-1
ENSMUSG00000045817-P,-1
ENSMUSG00000031808-P,1
ENSMUSG00000021676-P,-1
ENSMUSG00000027523-P,-1
ENSMUSG00000037716-P,1
ENSMUSG00000070319-P,1
ENSMUSG00000024472-P,-1
ENSMUSG00000007476-P,1
ENSMUSG00000041308-P,-1
ENSMUSG00000033436-P,1
ENSMUSG00000034579-P,1
ENSMUSG00000038545-P,1
ENSMUSG00000042831-P,1
ENSMUSG00000030217-P,-1
ENSMUSG00000065799-P,-1
ENSMUSG00000022085-P,-1
ENSMUSG00000029840-P,-1
ENSMUSG00000105970-P,1
ENSMUSG00000021904-P,-1
ENSMUSG00000105607-P,-1
ENSMUSG00000033502-P,-1
ENSMUSG00000090877-P,1
ENSMUSG00000044813-P,1
ENSMUSG00000030268-P,1
ENSMUSG00000031967-P,-1
ENSMUSG00000028977-P,1
ENSMUSG00000090110-P,-1
ENSMUSG00000048106-P,-1
ENSMUSG00000026563-P,1
ENSMUSG00000046157-P,1
ENSMUSG00000047067-P,1
ENSMUSG00000067928-P,-1
ENSMUSG00000047181-P,1
ENSMUSG00000038880-P,1
ENSMUSG00000034786-P,-1
ENSMUSG00000053746-P,1
ENSMUSG00000032740-P,-1
ENSMUSG00000028701-P,1
ENSMUSG00000003360-P,1
ENSMUSG00000032172-P,1
ENSMUSG00000041720-P,1
ENSMUSG00000047371-P,1
ENSMUSG00000040761-P,1
ENSMUSG00000085207-P,1
ENSMUSG00000024190-P,1
ENSMUSG00000061838-P,-1
ENSMUSG00000033453-P,1
ENSMUSG00000032251-P,-1
ENSMUSG00000048118-P,-1
ENSMUSG00000020444-P,1
ENSMUSG00000048175-P,1
ENSMUSG00000049744-P,1
ENSMUSG00000047989-P,1
ENSMUSG00000071253-P,-1
ENSMUSG00000045302-P,1
ENSMUSG00000041841-P,1
ENSMUSG00000070544-P,-1
ENSMUSG00000036435-P,1
ENSMUSG00000039157-P,1
ENSMUSG00000052534-P,-1
ENSMUSG00000015932-P,-1
ENSMUSG00000040612-P,-1
ENSMUSG00000067795-P,-1
ENSMUSG00000021010-P,1
ENSMUSG00000004285-P,1
ENSMUSG00000044927-P,1
ENSMUSG00000027782-P,-1
ENSMUSG00000038064-P,1
ENSMUSG00000005575-P,-1
ENSMUSG00000029034-P,1
ENSMUSG00000034768-P,-1
ENSMUSG00000017802-P,-1
ENSMUSG00000032050-P,-1
ENSMUSG00000050856-P,1
ENSMUSG00000028051-P,1
ENSMUSG00000056952-P,1
ENSMUSG00000047547-P,1
ENSMUSG00000027598-P,-1
ENSMUSG00000060227-P,-1
ENSMUSG00000024576-P,-1
ENSMUSG00000030697-P,1
ENSMUSG00000024191-P,1
ENSMUSG00000030286-P,1
ENSMUSG00000031970-P,1
ENSMUSG00000091475-P,1
ENSMUSG00000026509-P,-1
ENSMUSG00000035762-P,-1
ENSMUSG00000099689-P,-1
ENSMUSG00000034377-P,-1
ENSMUSG00000039715-P,1
ENSMUSG00000098113-P,1
ENSMUSG00000007379-P,-1
ENSMUSG00000087083-P,-1
ENSMUSG00000023064-P,1
ENSMUSG00000030554-P,-1
ENSMUSG00000037221-P,1
ENSMUSG00000006005-P,-1
ENSMUSG00000038608-P,-1
ENSMUSG00000104682-P,-1
ENSMUSG00000022023-P,-1
ENSMUSG00000041135-P,-1
ENSMUSG00000091183-P,-1
ENSMUSG00000026820-P,1
ENSMUSG00000030352-P,1
ENSMUSG00000034295-P,1
ENSMUSG00000037646-P,-1
ENSMUSG00000040167-P,-1
ENSMUSG00000077767-P,-1
ENSMUSG00000055239-P,-1
ENSMUSG00000031489-P,-1
ENSMUSG00000035093-P,-1
ENSMUSG00000032306-P,1
ENSMUSG00000043535-P,-1
ENSMUSG00000025869-P,-1
ENSMUSG00000007613-P,-1
ENSMUSG00000049571-P,1
ENSMUSG00000018983-P,-1
ENSMUSG00000024870-P,1
ENSMUSG00000043487-P,1
ENSMUSG00000017831-P,-1
ENSMUSG00000024947-P,1
ENSMUSG00000025478-P,-1
ENSMUSG00000028032-P,1
ENSMUSG00000029772-P,-1
ENSMUSG00000075704-P,1
ENSMUSG00000028599-P,1
ENSMUSG00000059820-P,-1
ENSMUSG00000085776-P,-1
ENSMUSG00000022426-P,1
ENSMUSG00000011831-P,-1
ENSMUSG00000064246-P,-1
ENSMUSG00000004085-P,1
ENSMUSG00000042686-P,-1
ENSMUSG00000028626-P,1
ENSMUSG00000068196-P,-1
ENSMUSG00000030088-P,1
ENSMUSG00000058351-P,1
ENSMUSG00000007739-P,1
ENSMUSG00000031590-P,-1
ENSMUSG00000025505-P,-1
ENSMUSG00000039194-P,-1
ENSMUSG00000028863-P,1
ENSMUSG00000002660-P,1
ENSMUSG00000048612-P,-1
ENSMUSG00000005609-P,1
ENSMUSG00000054720-P,-1
ENSMUSG00000031246-P,-1
ENSMUSG00000014603-P,-1
ENSMUSG00000031838-P,-1
ENSMUSG00000031922-P,-1
ENSMUSG00000045094-P,1
ENSMUSG00000047141-P,-1
ENSMUSG00000032288-P,1
ENSMUSG00000054717-P,-1
ENSMUSG00000029438-P,-1
ENSMUSG00000026895-P,1
ENSMUSG00000038555-P,1
ENSMUSG00000035293-P,1
ENSMUSG00000022141-P,-1
ENSMUSG00000024002-P,-1
ENSMUSG00000048874-P,-1
ENSMUSG00000006476-P,1
ENSMUSG00000066357-P,1
ENSMUSG00000038646-P,-1
ENSMUSG00000105729-P,-1
ENSMUSG00000041570-P,-1
ENSMUSG00000045930-P,-1
ENSMUSG00000002324-P,1
ENSMUSG00000030493-P,-1
ENSMUSG00000022199-P,1
ENSMUSG00000052584-P,1
ENSMUSG00000027108-P,-1
ENSMUSG00000023960-P,1
ENSMUSG00000044365-P,-1
ENSMUSG00000056735-P,-1
ENSMUSG00000012422-P,-1
ENSMUSG00000062040-P,1
ENSMUSG00000028890-P,1
ENSMUSG00000042129-P,1
ENSMUSG00000069631-P,-1
ENSMUSG00000040242-P,-1
ENSMUSG00000039959-P,-1
ENSMUSG00000020227-P,-1
ENSMUSG00000020297-P,1
ENSMUSG00000061689-P,1
ENSMUSG00000040586-P,-1
ENSMUSG00000051435-P,-1
ENSMUSG00000070527-P,1
ENSMUSG00000022427-P,1
ENSMUSG00000020553-P,-1
ENSMUSG00000031198-P,-1
ENSMUSG00000061524-P,-1
ENSMUSG00000030403-P,-1
ENSMUSG00000023931-P,-1
ENSMUSG00000005045-P,1
ENSMUSG00000089875-P,1
ENSMUSG00000038390-P,1
ENSMUSG00000002748-P,-1
ENSMUSG00000001089-P,-1
ENSMUSG00000034349-P,-1
ENSMUSG00000027860-P,-1
ENSMUSG00000085890-P,1
ENSMUSG00000001014-P,1
ENSMUSG00000052056-P,-1
ENSMUSG00000020235-P,1
ENSMUSG00000071637-P,1
ENSMUSG00000097462-P,-1
ENSMUSG00000043263-P,-1
ENSMUSG00000019173-P,1
ENSMUSG00000009076-P,1
ENSMUSG00000054792-P,1
ENSMUSG00000020491-P,-1
ENSMUSG00000018570-P,1
ENSMUSG00000066800-P,-1
ENSMUSG00000028053-P,-1
ENSMUSG00000032261-P,-1
ENSMUSG00000029551-P,1
ENSMUSG00000027210-P,1
ENSMUSG00000017286-P,-1
ENSMUSG00000027957-P,-1
ENSMUSG00000086851-P,-1
ENSMUSG00000056999-P,-1
ENSMUSG00000102101-P,-1
ENSMUSG00000051297-P,1
ENSMUSG00000103731-P,-1
ENSMUSG00000078486-P,1
ENSMUSG00000003190-P,-1
ENSMUSG00000051285-P,-1
ENSMUSG00000098098-P,-1
ENSMUSG00000051510-P,-1
ENSMUSG00000037110-P,-1
ENSMUSG00000006281-P,1
ENSMUSG00000022674-P,-1
ENSMUSG00000027770-P,-1
ENSMUSG00000036815-P,-1
ENSMUSG00000030677-P,1
ENSMUSG00000097318-P,-1
ENSMUSG00000025789-P,1
ENSMUSG00000025894-P,-1
ENSMUSG00000030801-P,1
ENSMUSG00000032763-P,1
ENSMUSG00000038324-P,1
ENSMUSG00000030201-P,-1
ENSMUSG00000033068-P,1
ENSMUSG00000016018-P,1
ENSMUSG00000074994-P,-1
ENSMUSG00000032560-P,-1
ENSMUSG00000022439-P,1
ENSMUSG00000045767-P,-1
ENSMUSG00000043241-P,-1
ENSMUSG00000015748-P,-1
ENSMUSG00000048330-P,-1
ENSMUSG00000020380-P,-1
ENSMUSG00000039145-P,-1
ENSMUSG00000041491-P,-1
ENSMUSG00000032459-P,1
ENSMUSG00000015363-P,1
ENSMUSG00000027680-P,-1
ENSMUSG00000035539-P,1
ENSMUSG00000045284-P,-1
ENSMUSG00000033054-P,-1
ENSMUSG00000064338-P,1
ENSMUSG00000024873-P,1
ENSMUSG00000097537-P,-1
ENSMUSG00000043614-P,1
ENSMUSG00000027710-P,1
ENSMUSG00000007570-P,1
ENSMUSG00000052951-P,1
ENSMUSG00000033021-P,-1
ENSMUSG00000067148-P,1
ENSMUSG00000013663-P,-1
ENSMUSG00000006800-P,1
ENSMUSG00000022843-P,-1
ENSMUSG00000039899-P,1
ENSMUSG00000042557-P,-1
ENSMUSG00000038884-P,1
ENSMUSG00000035692-P,1
ENSMUSG00000063801-P,1
ENSMUSG00000059456-P,1
ENSMUSG00000031637-P,-1
ENSMUSG00000036202-P,-1
ENSMUSG00000043411-P,1
ENSMUSG00000017670-P,1
ENSMUSG00000014846-P,1
ENSMUSG00000030611-P,1
ENSMUSG00000034563-P,1
ENSMUSG00000010057-P,1
ENSMUSG00000020886-P,1
ENSMUSG00000018171-P,1
ENSMUSG00000008348-P,1
ENSMUSG00000042659-P,-1
ENSMUSG00000019647-P,-1
ENSMUSG00000021709-P,-1
ENSMUSG00000086769-P,-1
ENSMUSG00000031617-P,-1
ENSMUSG00000071650-P,1
ENSMUSG00000024098-P,1
ENSMUSG00000046806-P,-1
ENSMUSG00000040661-P,-1
ENSMUSG00000040675-P,-1
ENSMUSG00000016487-P,-1
ENSMUSG00000028967-P,1
ENSMUSG00000036197-P,-1
ENSMUSG00000105302-P,1
ENSMUSG00000028057-P,1
ENSMUSG00000031513-P,-1
ENSMUSG00000042198-P,1
ENSMUSG00000022751-P,-1
ENSMUSG00000033585-P,1
ENSMUSG00000038058-P,1
ENSMUSG00000042745-P,1
ENSMUSG00000026096-P,-1
ENSMUSG00000072662-P,-1
ENSMUSG00000023764-P,1
ENSMUSG00000040483-P,-1
ENSMUSG00000033047-P,-1
ENSMUSG00000032602-P,-1
ENSMUSG00000064340-P,1
ENSMUSG00000019971-P,-1
ENSMUSG00000031256-P,1
ENSMUSG00000023826-P,1
ENSMUSG00000070643-P,-1
ENSMUSG00000022568-P,1
ENSMUSG00000024548-P,-1
ENSMUSG00000050199-P,-1
ENSMUSG00000057440-P,-1
ENSMUSG00000022010-P,1
ENSMUSG00000024083-P,-1
ENSMUSG00000072763-P,-1
ENSMUSG00000030616-P,-1
ENSMUSG00000003949-P,-1
ENSMUSG00000085184-P,-1
ENSMUSG00000066595-P,-1
ENSMUSG00000046714-P,1
ENSMUSG00000004263-P,-1
ENSMUSG00000021929-P,-1
ENSMUSG00000074480-P,1
ENSMUSG00000000127-P,-1
ENSMUSG00000075256-P,-1
ENSMUSG00000028811-P,1
ENSMUSG00000025016-P,-1
ENSMUSG00000034957-P,1
ENSMUSG00000025862-P,-1
ENSMUSG00000024800-P,-1
ENSMUSG00000025104-P,-1
ENSMUSG00000078201-P,-1
ENSMUSG00000042506-P,1
ENSMUSG00000101059-P,1
ENSMUSG00000022629-P,-1
ENSMUSG00000049287-P,1
ENSMUSG00000033792-P,1
ENSMUSG00000018707-P,1
ENSMUSG00000018293-P,-1
ENSMUSG00000026547-P,1
ENSMUSG00000026527-P,-1
ENSMUSG00000085945-P,-1
ENSMUSG00000071369-P,-1
ENSMUSG00000015970-P,1
ENSMUSG00000017314-P,-1
ENSMUSG00000051579-P,-1
ENSMUSG00000093606-P,-1
ENSMUSG00000049090-P,-1
ENSMUSG00000032307-P,-1
ENSMUSG00000062866-P,-1
ENSMUSG00000041685-P,-1
ENSMUSG00000046807-P,1
ENSMUSG00000027305-P,1
ENSMUSG00000031715-P,-1
ENSMUSG00000005699-P,1
ENSMUSG00000042594-P,-1
ENSMUSG00000071652-P,1
ENSMUSG00000019933-P,1
ENSMUSG00000102664-P,1
ENSMUSG00000020219-P,1
ENSMUSG00000052837-P,1
ENSMUSG00000022774-P,-1
ENSMUSG00000031079-P,1
ENSMUSG00000021149-P,-1
ENSMUSG00000039000-P,-1
ENSMUSG00000048776-P,-1
ENSMUSG00000035173-P,-1
ENSMUSG00000038780-P,1
ENSMUSG00000026113-P,1
ENSMUSG00000090247-P,1
ENSMUSG00000009013-P,1
ENSMUSG00000027349-P,-1
ENSMUSG00000026315-P,-1
ENSMUSG00000027646-P,-1
ENSMUSG00000038827-P,1
ENSMUSG00000025231-P,1
ENSMUSG00000020546-P,-1
ENSMUSG00000020330-P,-1
ENSMUSG00000019088-P,-1
ENSMUSG00000020074-P,-1
ENSMUSG00000037408-P,-1
ENSMUSG00000023046-P,1
ENSMUSG00000031776-P,1
ENSMUSG00000020899-P,1
ENSMUSG00000055022-P,-1
ENSMUSG00000024976-P,-1
ENSMUSG00000003199-P,1
ENSMUSG00000039450-P,1
ENSMUSG00000066057-P,-1
ENSMUSG00000041649-P,1
ENSMUSG00000042699-P,-1
ENSMUSG00000032348-P,-1
ENSMUSG00000022177-P,-1
ENSMUSG00000045098-P,-1
ENSMUSG00000024772-P,1
ENSMUSG00000021000-P,-1
ENSMUSG00000056938-P,1
ENSMUSG00000060279-P,1
ENSMUSG00000030557-P,-1
ENSMUSG00000023118-P,1
ENSMUSG00000021583-P,1
ENSMUSG00000021990-P,1
ENSMUSG00000029265-P,-1
ENSMUSG00000036087-P,-1
ENSMUSG00000031479-P,-1
ENSMUSG00000039813-P,1
ENSMUSG00000044617-P,1
ENSMUSG00000032796-P,-1
ENSMUSG00000038135-P,1
ENSMUSG00000000326-C,-1
ENSMUSG00000000827-C,-1
ENSMUSG00000000881-C,1
ENSMUSG00000000976-C,-1
ENSMUSG00000001128-C,-1
ENSMUSG00000001521-C,-1
ENSMUSG00000001666-C,1
ENSMUSG00000001773-C,-1
ENSMUSG00000002228-C,-1
ENSMUSG00000002608-C,1
ENSMUSG00000002633-C,-1
ENSMUSG00000002733-C,-1
ENSMUSG00000002778-C,1
ENSMUSG00000002820-C,1
ENSMUSG00000002910-C,1
ENSMUSG00000002963-C,1
ENSMUSG00000003228-C,-1
ENSMUSG00000003282-C,-1
ENSMUSG00000003382-C,-1
ENSMUSG00000003418-C,1
ENSMUSG00000003421-C,1
ENSMUSG00000003452-C,-1
ENSMUSG00000003527-C,1
ENSMUSG00000003549-C,1
ENSMUSG00000003752-C,-1
ENSMUSG00000003970-C,1
ENSMUSG00000004070-C,1
ENSMUSG00000004085-C,-1
ENSMUSG00000004151-C,-1
ENSMUSG00000004268-C,-1
ENSMUSG00000004356-C,-1
ENSMUSG00000004360-C,1
ENSMUSG00000004508-C,1
ENSMUSG00000004895-C,1
ENSMUSG00000004945-C,1
ENSMUSG00000004952-C,-1
ENSMUSG00000005089-C,-1
ENSMUSG00000005699-C,1
ENSMUSG00000005871-C,-1
ENSMUSG00000006095-C,1
ENSMUSG00000006241-C,-1
ENSMUSG00000006307-C,-1
ENSMUSG00000006333-C,1
ENSMUSG00000006642-C,-1
ENSMUSG00000006998-C,1
ENSMUSG00000007038-C,1
ENSMUSG00000007080-C,1
ENSMUSG00000007610-C,1
ENSMUSG00000009145-C,-1
ENSMUSG00000009863-C,1
ENSMUSG00000011960-C,-1
ENSMUSG00000014158-C,1
ENSMUSG00000014763-C,-1
ENSMUSG00000014776-C,1
ENSMUSG00000015149-C,1
ENSMUSG00000015568-C,-1
ENSMUSG00000015837-C,1
ENSMUSG00000015981-C,1
ENSMUSG00000016477-C,1
ENSMUSG00000016510-C,1
ENSMUSG00000016833-C,-1
ENSMUSG00000016933-C,-1
ENSMUSG00000016984-C,-1
ENSMUSG00000017491-C,1
ENSMUSG00000017550-C,-1
ENSMUSG00000017716-C,1
ENSMUSG00000018076-C,-1
ENSMUSG00000018238-C,1
ENSMUSG00000018481-C,-1
ENSMUSG00000018697-C,-1
ENSMUSG00000018965-C,1
ENSMUSG00000019039-C,1
ENSMUSG00000019505-C,1
ENSMUSG00000019579-C,1
ENSMUSG00000019718-C,-1
ENSMUSG00000019775-C,-1
ENSMUSG00000019809-C,-1
ENSMUSG00000019848-C,-1
ENSMUSG00000019861-C,1
ENSMUSG00000019970-C,1
ENSMUSG00000020114-C,-1
ENSMUSG00000020175-C,-1
ENSMUSG00000020218-C,-1
ENSMUSG00000020220-C,-1
ENSMUSG00000020321-C,1
ENSMUSG00000020453-C,-1
ENSMUSG00000020491-C,-1
ENSMUSG00000020589-C,-1
ENSMUSG00000020592-C,-1
ENSMUSG00000020648-C,-1
ENSMUSG00000020661-C,-1
ENSMUSG00000020687-C,-1
ENSMUSG00000020713-C,-1
ENSMUSG00000020734-C,1
ENSMUSG00000020770-C,-1
ENSMUSG00000020799-C,1
ENSMUSG00000020805-C,-1
ENSMUSG00000020814-C,1
ENSMUSG00000021000-C,-1
ENSMUSG00000021007-C,-1
ENSMUSG00000021010-C,-1
ENSMUSG00000021013-C,-1
ENSMUSG00000021091-C,1
ENSMUSG00000021131-C,-1
ENSMUSG00000021188-C,-1
ENSMUSG00000021273-C,1
ENSMUSG00000021294-C,-1
ENSMUSG00000021476-C,1
ENSMUSG00000021495-C,-1
ENSMUSG00000021508-C,1
ENSMUSG00000021519-C,-1
ENSMUSG00000021550-C,-1
ENSMUSG00000021585-C,-1
ENSMUSG00000021661-C,1
ENSMUSG00000021709-C,-1
ENSMUSG00000021913-C,1
ENSMUSG00000021943-C,-1
ENSMUSG00000021969-C,-1
ENSMUSG00000021986-C,1
ENSMUSG00000022199-C,1
ENSMUSG00000022211-C,-1
ENSMUSG00000022216-C,1
ENSMUSG00000022223-C,1
ENSMUSG00000022235-C,-1
ENSMUSG00000022354-C,1
ENSMUSG00000022371-C,1
ENSMUSG00000022407-C,1
ENSMUSG00000022494-C,-1
ENSMUSG00000022516-C,1
ENSMUSG00000022523-C,-1
ENSMUSG00000022604-C,-1
ENSMUSG00000022750-C,1
ENSMUSG00000022768-C,-1
ENSMUSG00000022801-C,-1
ENSMUSG00000022833-C,-1
ENSMUSG00000022842-C,-1
ENSMUSG00000022893-C,1
ENSMUSG00000022914-C,-1
ENSMUSG00000022974-C,-1
ENSMUSG00000022983-C,-1
ENSMUSG00000023025-C,-1
ENSMUSG00000023064-C,1
ENSMUSG00000023089-C,1
ENSMUSG00000023094-C,1
ENSMUSG00000023755-C,-1
ENSMUSG00000024019-C,1
ENSMUSG00000024038-C,1
ENSMUSG00000024059-C,-1
ENSMUSG00000024083-C,-1
ENSMUSG00000024209-C,1
ENSMUSG00000024220-C,1
ENSMUSG00000024234-C,-1
ENSMUSG00000024236-C,-1
ENSMUSG00000024294-C,-1
ENSMUSG00000024349-C,-1
ENSMUSG00000024352-C,-1
ENSMUSG00000024378-C,-1
ENSMUSG00000024383-C,-1
ENSMUSG00000024384-C,-1
ENSMUSG00000024387-C,1
ENSMUSG00000024423-C,-1
ENSMUSG00000024472-C,-1
ENSMUSG00000024664-C,1
ENSMUSG00000024665-C,-1
ENSMUSG00000024666-C,-1
ENSMUSG00000024713-C,-1
ENSMUSG00000024764-C,-1
ENSMUSG00000024892-C,1
ENSMUSG00000024909-C,-1
ENSMUSG00000024914-C,1
ENSMUSG00000025027-C,1
ENSMUSG00000025103-C,-1
ENSMUSG00000025154-C,1
ENSMUSG00000025278-C,-1
ENSMUSG00000025317-C,-1
ENSMUSG00000025323-C,-1
ENSMUSG00000025352-C,1
ENSMUSG00000025362-C,1
ENSMUSG00000025371-C,1
ENSMUSG00000025429-C,-1
ENSMUSG00000025494-C,-1
ENSMUSG00000025504-C,-1
ENSMUSG00000025579-C,1
ENSMUSG00000025730-C,1
ENSMUSG00000025777-C,-1
ENSMUSG00000025815-C,-1
ENSMUSG00000025872-C,1
ENSMUSG00000025892-C,-1
ENSMUSG00000025909-C,-1
ENSMUSG00000026017-C,-1
ENSMUSG00000026088-C,1
ENSMUSG00000026103-C,-1
ENSMUSG00000026197-C,1
ENSMUSG00000026234-C,-1
ENSMUSG00000026295-C,1
ENSMUSG00000026361-C,-1
ENSMUSG00000026365-C,-1
ENSMUSG00000026384-C,-1
ENSMUSG00000026389-C,-1
ENSMUSG00000026421-C,1
ENSMUSG00000026466-C,-1
ENSMUSG00000026469-C,-1
ENSMUSG00000026490-C,-1
ENSMUSG00000026495-C,-1
ENSMUSG00000026510-C,-1
ENSMUSG00000026576-C,1
ENSMUSG00000026589-C,1
ENSMUSG00000026600-C,-1
ENSMUSG00000026628-C,1
ENSMUSG00000026678-C,-1
ENSMUSG00000026723-C,-1
ENSMUSG00000026765-C,1
ENSMUSG00000026771-C,-1
ENSMUSG00000026785-C,-1
ENSMUSG00000026925-C,-1
ENSMUSG00000027010-C,1
ENSMUSG00000027109-C,-1
ENSMUSG00000027253-C,-1
ENSMUSG00000027291-C,1
ENSMUSG00000027331-C,-1
ENSMUSG00000027361-C,-1
ENSMUSG00000027408-C,-1
ENSMUSG00000027569-C,-1
ENSMUSG00000027612-C,1
ENSMUSG00000027642-C,1
ENSMUSG00000027737-C,-1
ENSMUSG00000027861-C,1
ENSMUSG00000027887-C,-1
ENSMUSG00000028015-C,-1
ENSMUSG00000028068-C,-1
ENSMUSG00000028080-C,-1
ENSMUSG00000028125-C,-1
ENSMUSG00000028180-C,-1
ENSMUSG00000028261-C,-1
ENSMUSG00000028334-C,1
ENSMUSG00000028443-C,-1
ENSMUSG00000028479-C,1
ENSMUSG00000028494-C,1
ENSMUSG00000028517-C,-1
ENSMUSG00000028580-C,-1
ENSMUSG00000028639-C,-1
ENSMUSG00000028649-C,-1
ENSMUSG00000028681-C,-1
ENSMUSG00000028747-C,-1
ENSMUSG00000028795-C,1
ENSMUSG00000028811-C,1
ENSMUSG00000028838-C,1
ENSMUSG00000028967-C,1
ENSMUSG00000028995-C,-1
ENSMUSG00000029020-C,1
ENSMUSG00000029131-C,1
ENSMUSG00000029276-C,-1
ENSMUSG00000029279-C,-1
ENSMUSG00000029345-C,1
ENSMUSG00000029348-C,1
ENSMUSG00000029461-C,-1
ENSMUSG00000029513-C,-1
ENSMUSG00000029714-C,-1
ENSMUSG00000029882-C,-1
ENSMUSG00000029916-C,-1
ENSMUSG00000030002-C,-1
ENSMUSG00000030016-C,-1
ENSMUSG00000030035-C,1
ENSMUSG00000030323-C,1
ENSMUSG00000030433-C,-1
ENSMUSG00000030465-C,-1
ENSMUSG00000030522-C,-1
ENSMUSG00000030530-C,1
ENSMUSG00000030714-C,1
ENSMUSG00000030718-C,1
ENSMUSG00000030733-C,1
ENSMUSG00000030741-C,1
ENSMUSG00000030847-C,1
ENSMUSG00000030942-C,-1
ENSMUSG00000031077-C,1
ENSMUSG00000031095-C,-1
ENSMUSG00000031103-C,-1
ENSMUSG00000031138-C,-1
ENSMUSG00000031145-C,-1
ENSMUSG00000031174-C,-1
ENSMUSG00000031209-C,-1
ENSMUSG00000031327-C,-1
ENSMUSG00000031328-C,-1
ENSMUSG00000031337-C,-1
ENSMUSG00000031393-C,-1
ENSMUSG00000031429-C,1
ENSMUSG00000031490-C,-1
ENSMUSG00000031563-C,-1
ENSMUSG00000031574-C,-1
ENSMUSG00000031604-C,-1
ENSMUSG00000031618-C,-1
ENSMUSG00000031644-C,-1
ENSMUSG00000031665-C,-1
ENSMUSG00000031706-C,-1
ENSMUSG00000031872-C,-1
ENSMUSG00000031913-C,1
ENSMUSG00000031954-C,-1
ENSMUSG00000031995-C,-1
ENSMUSG00000032062-C,-1
ENSMUSG00000032078-C,1
ENSMUSG00000032089-C,1
ENSMUSG00000032097-C,-1
ENSMUSG00000032193-C,1
ENSMUSG00000032198-C,-1
ENSMUSG00000032202-C,-1
ENSMUSG00000032253-C,-1
ENSMUSG00000032336-C,1
ENSMUSG00000032342-C,1
ENSMUSG00000032384-C,-1
ENSMUSG00000032413-C,-1
ENSMUSG00000032418-C,-1
ENSMUSG00000032436-C,1
ENSMUSG00000032443-C,-1
ENSMUSG00000032489-C,-1
ENSMUSG00000032501-C,1
ENSMUSG00000032530-C,-1
ENSMUSG00000032553-C,1
ENSMUSG00000032558-C,-1
ENSMUSG00000032563-C,-1
ENSMUSG00000032599-C,1
ENSMUSG00000032606-C,1
ENSMUSG00000032727-C,-1
ENSMUSG00000032834-C,1
ENSMUSG00000033111-C,-1
ENSMUSG00000033453-C,-1
ENSMUSG00000033544-C,1
ENSMUSG00000033585-C,1
ENSMUSG00000033618-C,1
ENSMUSG00000033671-C,-1
ENSMUSG00000033706-C,1
ENSMUSG00000033773-C,-1
ENSMUSG00000033917-C,1
ENSMUSG00000033991-C,-1
ENSMUSG00000034042-C,-1
ENSMUSG00000034055-C,-1
ENSMUSG00000034324-C,-1
ENSMUSG00000034432-C,1
ENSMUSG00000034462-C,-1
ENSMUSG00000034467-C,-1
ENSMUSG00000034601-C,-1
ENSMUSG00000034731-C,-1
ENSMUSG00000034789-C,1
ENSMUSG00000034880-C,1
ENSMUSG00000034906-C,-1
ENSMUSG00000035133-C,-1
ENSMUSG00000035164-C,1
ENSMUSG00000035211-C,-1
ENSMUSG00000035247-C,-1
ENSMUSG00000035284-C,-1
ENSMUSG00000035576-C,-1
ENSMUSG00000035585-C,1
ENSMUSG00000035637-C,1
ENSMUSG00000035653-C,-1
ENSMUSG00000035829-C,-1
ENSMUSG00000036002-C,-1
ENSMUSG00000036097-C,-1
ENSMUSG00000036120-C,1
ENSMUSG00000036186-C,1
ENSMUSG00000036330-C,1
ENSMUSG00000036391-C,-1
ENSMUSG00000036442-C,1
ENSMUSG00000036461-C,1
ENSMUSG00000036503-C,-1
ENSMUSG00000036504-C,1
ENSMUSG00000036550-C,-1
ENSMUSG00000036552-C,-1
ENSMUSG00000036632-C,1
ENSMUSG00000036655-C,-1
ENSMUSG00000036699-C,-1
ENSMUSG00000036850-C,1
ENSMUSG00000036885-C,-1
ENSMUSG00000036934-C,-1
ENSMUSG00000036985-C,-1
ENSMUSG00000037013-C,-1
ENSMUSG00000037104-C,-1
ENSMUSG00000037119-C,-1
ENSMUSG00000037349-C,1
ENSMUSG00000037416-C,-1
ENSMUSG00000037487-C,-1
ENSMUSG00000037542-C,1
ENSMUSG00000037568-C,-1
ENSMUSG00000037685-C,-1
ENSMUSG00000037697-C,-1
ENSMUSG00000037731-C,-1
ENSMUSG00000037784-C,-1
ENSMUSG00000037857-C,-1
ENSMUSG00000037904-C,1
ENSMUSG00000038056-C,-1
ENSMUSG00000038135-C,1
ENSMUSG00000038146-C,-1
ENSMUSG00000038151-C,-1
ENSMUSG00000038188-C,-1
ENSMUSG00000038214-C,-1
ENSMUSG00000038295-C,-1
ENSMUSG00000038319-C,1
ENSMUSG00000038332-C,1
ENSMUSG00000038365-C,1
ENSMUSG00000038437-C,-1
ENSMUSG00000038451-C,1
ENSMUSG00000038608-C,-1
ENSMUSG00000038690-C,1
ENSMUSG00000038773-C,-1
ENSMUSG00000038774-C,-1
ENSMUSG00000038777-C,1
ENSMUSG00000038888-C,-1
ENSMUSG00000039096-C,1
ENSMUSG00000039130-C,1
ENSMUSG00000039308-C,-1
ENSMUSG00000039313-C,1
ENSMUSG00000039377-C,-1
ENSMUSG00000039452-C,-1
ENSMUSG00000039477-C,-1
ENSMUSG00000039545-C,-1
ENSMUSG00000039585-C,-1
ENSMUSG00000039656-C,1
ENSMUSG00000039704-C,-1
ENSMUSG00000039713-C,1
ENSMUSG00000039835-C,-1
ENSMUSG00000039851-C,-1
ENSMUSG00000040177-C,-1
ENSMUSG00000040209-C,-1
ENSMUSG00000040351-C,-1
ENSMUSG00000040389-C,-1
ENSMUSG00000040473-C,-1
ENSMUSG00000040488-C,-1
ENSMUSG00000040489-C,1
ENSMUSG00000040520-C,-1
ENSMUSG00000040532-C,1
ENSMUSG00000040652-C,1
ENSMUSG00000040661-C,-1
ENSMUSG00000040760-C,-1
ENSMUSG00000040940-C,-1
ENSMUSG00000040957-C,1
ENSMUSG00000041058-C,-1
ENSMUSG00000041153-C,-1
ENSMUSG00000041229-C,1
ENSMUSG00000041361-C,1
ENSMUSG00000041548-C,1
ENSMUSG00000041594-C,-1
ENSMUSG00000041605-C,1
ENSMUSG00000041633-C,-1
ENSMUSG00000041649-C,-1
ENSMUSG00000041669-C,1
ENSMUSG00000041685-C,-1
ENSMUSG00000041805-C,-1
ENSMUSG00000041841-C,1
ENSMUSG00000042099-C,-1
ENSMUSG00000042249-C,-1
ENSMUSG00000042302-C,-1
ENSMUSG00000042396-C,-1
ENSMUSG00000042408-C,-1
ENSMUSG00000042462-C,1
ENSMUSG00000042496-C,-1
ENSMUSG00000042508-C,-1
ENSMUSG00000042595-C,-1
ENSMUSG00000042670-C,-1
ENSMUSG00000042747-C,1
ENSMUSG00000043085-C,1
ENSMUSG00000043257-C,-1
ENSMUSG00000043298-C,-1
ENSMUSG00000043313-C,-1
ENSMUSG00000043372-C,-1
ENSMUSG00000043467-C,-1
ENSMUSG00000043510-C,-1
ENSMUSG00000043635-C,-1
ENSMUSG00000043857-C,-1
ENSMUSG00000043903-C,-1
ENSMUSG00000043948-C,-1
ENSMUSG00000044150-C,-1
ENSMUSG00000044201-C,1
ENSMUSG00000044216-C,1
ENSMUSG00000044328-C,-1
ENSMUSG00000044337-C,-1
ENSMUSG00000044550-C,1
ENSMUSG00000044791-C,-1
ENSMUSG00000044816-C,-1
ENSMUSG00000044927-C,1
ENSMUSG00000045005-C,1
ENSMUSG00000045007-C,1
ENSMUSG00000045036-C,1
ENSMUSG00000045210-C,-1
ENSMUSG00000045790-C,1
ENSMUSG00000045980-C,1
ENSMUSG00000046058-C,1
ENSMUSG00000046139-C,-1
ENSMUSG00000046157-C,1
ENSMUSG00000046230-C,-1
ENSMUSG00000046719-C,1
ENSMUSG00000046916-C,1
ENSMUSG00000046991-C,-1
ENSMUSG00000047022-C,-1
ENSMUSG00000047139-C,-1
ENSMUSG00000047146-C,-1
ENSMUSG00000047260-C,1
ENSMUSG00000047412-C,-1
ENSMUSG00000047419-C,-1
ENSMUSG00000047454-C,-1
ENSMUSG00000047591-C,1
ENSMUSG00000047694-C,-1
ENSMUSG00000047789-C,-1
ENSMUSG00000047909-C,-1
ENSMUSG00000048154-C,-1
ENSMUSG00000048280-C,-1
ENSMUSG00000048537-C,-1
ENSMUSG00000048655-C,-1
ENSMUSG00000048921-C,-1
ENSMUSG00000049122-C,-1
ENSMUSG00000049124-C,-1
ENSMUSG00000049230-C,-1
ENSMUSG00000049553-C,-1
ENSMUSG00000049600-C,1
ENSMUSG00000049929-C,-1
ENSMUSG00000050164-C,1
ENSMUSG00000050174-C,1
ENSMUSG00000050213-C,1
ENSMUSG00000050315-C,-1
ENSMUSG00000050334-C,-1
ENSMUSG00000050423-C,1
ENSMUSG00000050503-C,-1
ENSMUSG00000050538-C,-1
ENSMUSG00000050619-C,-1
ENSMUSG00000051029-C,-1
ENSMUSG00000051124-C,-1
ENSMUSG00000051278-C,-1
ENSMUSG00000051285-C,-1
ENSMUSG00000051346-C,-1
ENSMUSG00000051730-C,1
ENSMUSG00000051790-C,1
ENSMUSG00000052302-C,1
ENSMUSG00000052353-C,-1
ENSMUSG00000052917-C,-1
ENSMUSG00000052957-C,1
ENSMUSG00000053062-C,-1
ENSMUSG00000053178-C,-1
ENSMUSG00000053477-C,-1
ENSMUSG00000053545-C,-1
ENSMUSG00000053693-C,-1
ENSMUSG00000053861-C,-1
ENSMUSG00000053870-C,-1
ENSMUSG00000053877-C,-1
ENSMUSG00000054226-C,-1
ENSMUSG00000054237-C,-1
ENSMUSG00000054405-C,-1
ENSMUSG00000054435-C,1
ENSMUSG00000054452-C,1
ENSMUSG00000054648-C,-1
ENSMUSG00000054693-C,-1
ENSMUSG00000054717-C,-1
ENSMUSG00000054723-C,-1
ENSMUSG00000055024-C,-1
ENSMUSG00000055093-C,1
ENSMUSG00000055302-C,1
ENSMUSG00000055435-C,-1
ENSMUSG00000055538-C,-1
ENSMUSG00000055560-C,1
ENSMUSG00000055707-C,1
ENSMUSG00000056211-C,-1
ENSMUSG00000056476-C,-1
ENSMUSG00000056536-C,-1
ENSMUSG00000056602-C,-1
ENSMUSG00000056895-C,1
ENSMUSG00000057440-C,-1
ENSMUSG00000057778-C,1
ENSMUSG00000058183-C,-1
ENSMUSG00000058258-C,-1
ENSMUSG00000058392-C,1
ENSMUSG00000058603-C,1
ENSMUSG00000058672-C,1
ENSMUSG00000058799-C,-1
ENSMUSG00000058806-C,-1
ENSMUSG00000058897-C,-1
ENSMUSG00000059325-C,-1
ENSMUSG00000059456-C,1
ENSMUSG00000059482-C,-1
ENSMUSG00000059669-C,-1
ENSMUSG00000059742-C,-1
ENSMUSG00000059791-C,-1
ENSMUSG00000059975-C,-1
ENSMUSG00000060257-C,1
ENSMUSG00000060279-C,1
ENSMUSG00000060445-C,1
ENSMUSG00000060487-C,-1
ENSMUSG00000060548-C,-1
ENSMUSG00000060743-C,-1
ENSMUSG00000060904-C,1
ENSMUSG00000061244-C,-1
ENSMUSG00000062352-C,1
ENSMUSG00000062743-C,-1
ENSMUSG00000063052-C,1
ENSMUSG00000063109-C,-1
ENSMUSG00000063142-C,-1
ENSMUSG00000063439-C,1
ENSMUSG00000063661-C,-1
ENSMUSG00000063663-C,-1
ENSMUSG00000063696-C,-1
ENSMUSG00000063931-C,1
ENSMUSG00000064032-C,-1
ENSMUSG00000064138-C,-1
ENSMUSG00000064442-C,-1
ENSMUSG00000066042-C,1
ENSMUSG00000066057-C,-1
ENSMUSG00000066441-C,-1
ENSMUSG00000067028-C,-1
ENSMUSG00000067297-C,-1
ENSMUSG00000067719-C,-1
ENSMUSG00000067869-C,-1
ENSMUSG00000067924-C,1
ENSMUSG00000068114-C,1
ENSMUSG00000068196-C,1
ENSMUSG00000068263-C,-1
ENSMUSG00000068457-C,-1
ENSMUSG00000068522-C,-1
ENSMUSG00000068699-C,-1
ENSMUSG00000068742-C,1
ENSMUSG00000068921-C,1
ENSMUSG00000069020-C,1
ENSMUSG00000069072-C,-1
ENSMUSG00000069089-C,-1
ENSMUSG00000069206-C,1
ENSMUSG00000069670-C,-1
ENSMUSG00000069763-C,1
ENSMUSG00000069769-C,-1
ENSMUSG00000070407-C,1
ENSMUSG00000070871-C,-1
ENSMUSG00000071531-C,-1
ENSMUSG00000071636-C,-1
ENSMUSG00000071637-C,1
ENSMUSG00000071648-C,1
ENSMUSG00000071711-C,1
ENSMUSG00000072115-C,-1
ENSMUSG00000072844-C,1
ENSMUSG00000072893-C,-1
ENSMUSG00000073374-C,-1
ENSMUSG00000073664-C,-1
ENSMUSG00000073702-C,1
ENSMUSG00000073705-C,1
ENSMUSG00000073755-C,1
ENSMUSG00000074136-C,1
ENSMUSG00000074220-C,-1
ENSMUSG00000074252-C,-1
ENSMUSG00000074274-C,1
ENSMUSG00000074384-C,-1
ENSMUSG00000074656-C,1
ENSMUSG00000074916-C,-1
ENSMUSG00000075254-C,-1
ENSMUSG00000078091-C,1
ENSMUSG00000078439-C,1
ENSMUSG00000078451-C,-1
ENSMUSG00000078532-C,-1
ENSMUSG00000078653-C,1
ENSMUSG00000078700-C,-1
ENSMUSG00000078716-C,-1
ENSMUSG00000078942-C,-1
ENSMUSG00000079036-C,-1
ENSMUSG00000079215-C,-1
ENSMUSG00000079434-C,1
ENSMUSG00000082491-C,1
ENSMUSG00000082515-C,1
ENSMUSG00000082626-C,1
ENSMUSG00000083061-C,1
ENSMUSG00000083396-C,1
ENSMUSG00000083563-C,-1
ENSMUSG00000085028-C,-1
ENSMUSG00000085037-C,1
ENSMUSG00000085078-C,1
ENSMUSG00000085111-C,-1
ENSMUSG00000085255-C,-1
ENSMUSG00000085315-C,-1
ENSMUSG00000085712-C,1
ENSMUSG00000085891-C,1
ENSMUSG00000086015-C,1
ENSMUSG00000086170-C,-1
ENSMUSG00000086213-C,-1
ENSMUSG00000086291-C,-1
ENSMUSG00000086370-C,-1
ENSMUSG00000086822-C,-1
ENSMUSG00000087252-C,-1
ENSMUSG00000087331-C,1
ENSMUSG00000087347-C,1
ENSMUSG00000087352-C,1
ENSMUSG00000087444-C,1
ENSMUSG00000087516-C,-1
ENSMUSG00000087556-C,-1
ENSMUSG00000087660-C,1
ENSMUSG00000087679-C,1
ENSMUSG00000087698-C,-1
ENSMUSG00000088208-C,-1
ENSMUSG00000089665-C,1
ENSMUSG00000089715-C,1
ENSMUSG00000089941-C,1
ENSMUSG00000090138-C,-1
ENSMUSG00000090290-C,-1
ENSMUSG00000090523-C,1
ENSMUSG00000091523-C,1
ENSMUSG00000092074-C,-1
ENSMUSG00000092241-C,1
ENSMUSG00000092325-C,1
ENSMUSG00000093577-C,1
ENSMUSG00000093930-C,-1
ENSMUSG00000094152-C,-1
ENSMUSG00000094595-C,-1
ENSMUSG00000094724-C,-1
ENSMUSG00000094840-C,-1
ENSMUSG00000095253-C,-1
ENSMUSG00000097156-C,-1
ENSMUSG00000097316-C,-1
ENSMUSG00000097439-C,-1
ENSMUSG00000097497-C,-1
ENSMUSG00000097535-C,-1
ENSMUSG00000097602-C,-1
ENSMUSG00000097793-C,1
ENSMUSG00000097881-C,1
ENSMUSG00000097911-C,-1
ENSMUSG00000098098-C,-1
ENSMUSG00000098158-C,-1
ENSMUSG00000098187-C,1
ENSMUSG00000098383-C,-1
ENSMUSG00000098739-C,-1
ENSMUSG00000099655-C,-1
ENSMUSG00000100707-C,-1
ENSMUSG00000100764-C,1
ENSMUSG00000101599-C,-1
ENSMUSG00000101778-C,1
ENSMUSG00000102018-C,-1
ENSMUSG00000102555-C,-1
ENSMUSG00000102570-C,-1
ENSMUSG00000102573-C,-1
ENSMUSG00000102600-C,-1
ENSMUSG00000102698-C,-1
ENSMUSG00000102760-C,-1
ENSMUSG00000102783-C,-1
ENSMUSG00000102854-C,-1
ENSMUSG00000102976-C,-1
ENSMUSG00000103038-C,-1
ENSMUSG00000103146-C,-1
ENSMUSG00000103313-C,-1
ENSMUSG00000103423-C,1
ENSMUSG00000103539-C,-1
ENSMUSG00000103552-C,-1
ENSMUSG00000103693-C,-1
ENSMUSG00000103776-C,1
ENSMUSG00000103800-C,-1
ENSMUSG00000103809-C,-1
ENSMUSG00000103869-C,-1
ENSMUSG00000103882-C,-1
ENSMUSG00000103891-C,-1
ENSMUSG00000103970-C,-1
ENSMUSG00000103991-C,1
ENSMUSG00000104154-C,-1
ENSMUSG00000104204-C,-1
ENSMUSG00000104277-C,-1
ENSMUSG00000104343-C,-1
ENSMUSG00000104344-C,-1
ENSMUSG00000104388-C,-1
ENSMUSG00000104420-C,-1
ENSMUSG00000104693-C,-1
ENSMUSG00000104704-C,-1
ENSMUSG00000104764-C,-1
ENSMUSG00000104951-C,-1
ENSMUSG00000104973-C,-1
ENSMUSG00000104994-C,-1
ENSMUSG00000105050-C,-1
ENSMUSG00000105119-C,-1
ENSMUSG00000105224-C,-1
ENSMUSG00000105322-C,-1
ENSMUSG00000105520-C,1
ENSMUSG00000105578-C,-1
ENSMUSG00000105586-C,-1
ENSMUSG00000105624-C,-1
ENSMUSG00000105843-C,1
ENSMUSG00000105846-C,1
ENSMUSG00000105896-C,1
ENSMUSG00000106115-C,-1
ENSMUSG00000106121-C,-1
ENSMUSG00000106153-C,-1
ENSMUSG00000106557-C,-1
ENSMUSG00000106579-C,-1
ENSMUSG00000106648-C,-1
ENSMUSG00000106720-C,-1
ENSMUSG00000106734-C,-1
ENSMUSG00000106767-C,-1
ENSMUSG00000106847-C,1
ENSMUSG00000106867-C,-1
ENSMUSG00000106993-C,-1
ENSMUSG00000107021-C,-1
ENSMUSG00000107207-C,1
ENSMUSG00000107278-C,-1
ENSMUSG00000000290-S,-1
ENSMUSG00000000308-S,1
ENSMUSG00000000530-S,-1
ENSMUSG00000000732-S,1
ENSMUSG00000000782-S,-1
ENSMUSG00000000792-S,1
ENSMUSG00000000823-S,-1
ENSMUSG00000000826-S,1
ENSMUSG00000001016-S,-1
ENSMUSG00000001089-S,1
ENSMUSG00000001098-S,1
ENSMUSG00000001270-S,-1
ENSMUSG00000001300-S,-1
ENSMUSG00000001552-S,-1
ENSMUSG00000001642-S,-1
ENSMUSG00000001763-S,1
ENSMUSG00000001946-S,-1
ENSMUSG00000001964-S,1
ENSMUSG00000002012-S,1
ENSMUSG00000002031-S,1
ENSMUSG00000002032-S,1
ENSMUSG00000002109-S,-1
ENSMUSG00000002210-S,-1
ENSMUSG00000002266-S,1
ENSMUSG00000002393-S,1
ENSMUSG00000002459-S,-1
ENSMUSG00000002500-S,-1
ENSMUSG00000002732-S,-1
ENSMUSG00000002797-S,1
ENSMUSG00000002968-S,-1
ENSMUSG00000002996-S,-1
ENSMUSG00000003198-S,-1
ENSMUSG00000003402-S,1
ENSMUSG00000003436-S,1
ENSMUSG00000003500-S,-1
ENSMUSG00000003657-S,1
ENSMUSG00000003808-S,1
ENSMUSG00000004071-S,1
ENSMUSG00000004266-S,-1
ENSMUSG00000004508-S,-1
ENSMUSG00000004530-S,1
ENSMUSG00000004929-S,1
ENSMUSG00000004947-S,-1
ENSMUSG00000005087-S,-1
ENSMUSG00000005267-S,-1
ENSMUSG00000005268-S,1
ENSMUSG00000005360-S,1
ENSMUSG00000005506-S,-1
ENSMUSG00000006235-S,-1
ENSMUSG00000006471-S,1
ENSMUSG00000006575-S,1
ENSMUSG00000006587-S,-1
ENSMUSG00000006673-S,1
ENSMUSG00000006850-S,-1
ENSMUSG00000006941-S,1
ENSMUSG00000007888-S,1
ENSMUSG00000008489-S,1
ENSMUSG00000009894-S,1
ENSMUSG00000010025-S,1
ENSMUSG00000011306-S,1
ENSMUSG00000011752-S,1
ENSMUSG00000012848-S,1
ENSMUSG00000013698-S,1
ENSMUSG00000013736-S,-1
ENSMUSG00000014767-S,-1
ENSMUSG00000015133-S,-1
ENSMUSG00000015342-S,1
ENSMUSG00000015377-S,-1
ENSMUSG00000015405-S,-1
ENSMUSG00000015668-S,-1
ENSMUSG00000015843-S,-1
ENSMUSG00000015937-S,1
ENSMUSG00000016087-S,-1
ENSMUSG00000016386-S,-1
ENSMUSG00000016541-S,1
ENSMUSG00000016833-S,-1
ENSMUSG00000016933-S,-1
ENSMUSG00000017491-S,-1
ENSMUSG00000018411-S,1
ENSMUSG00000018412-S,-1
ENSMUSG00000018574-S,1
ENSMUSG00000018809-S,-1
ENSMUSG00000018858-S,1
ENSMUSG00000018920-S,1
ENSMUSG00000018995-S,-1
ENSMUSG00000019146-S,-1
ENSMUSG00000019158-S,1
ENSMUSG00000019188-S,1
ENSMUSG00000019820-S,-1
ENSMUSG00000019843-S,1
ENSMUSG00000019872-S,1
ENSMUSG00000019951-S,-1
ENSMUSG00000019984-S,1
ENSMUSG00000020014-S,-1
ENSMUSG00000020015-S,-1
ENSMUSG00000020111-S,-1
ENSMUSG00000020142-S,1
ENSMUSG00000020163-S,1
ENSMUSG00000020178-S,-1
ENSMUSG00000020189-S,-1
ENSMUSG00000020193-S,1
ENSMUSG00000020218-S,1
ENSMUSG00000020220-S,1
ENSMUSG00000020238-S,-1
ENSMUSG00000020261-S,1
ENSMUSG00000020381-S,1
ENSMUSG00000020589-S,-1
ENSMUSG00000020605-S,1
ENSMUSG00000020610-S,1
ENSMUSG00000020623-S,1
ENSMUSG00000020635-S,1
ENSMUSG00000020642-S,-1
ENSMUSG00000020672-S,-1
ENSMUSG00000020695-S,-1
ENSMUSG00000020708-S,1
ENSMUSG00000020718-S,-1
ENSMUSG00000020720-S,1
ENSMUSG00000020723-S,-1
ENSMUSG00000020806-S,1
ENSMUSG00000020811-S,1
ENSMUSG00000020823-S,-1
ENSMUSG00000020941-S,-1
ENSMUSG00000020953-S,-1
ENSMUSG00000021115-S,-1
ENSMUSG00000021124-S,-1
ENSMUSG00000021130-S,1
ENSMUSG00000021265-S,1
ENSMUSG00000021266-S,1
ENSMUSG00000021285-S,1
ENSMUSG00000021376-S,-1
ENSMUSG00000021379-S,-1
ENSMUSG00000021451-S,1
ENSMUSG00000021461-S,-1
ENSMUSG00000021481-S,-1
ENSMUSG00000021500-S,-1
ENSMUSG00000021536-S,1
ENSMUSG00000021606-S,1
ENSMUSG00000021662-S,1
ENSMUSG00000021704-S,-1
ENSMUSG00000021721-S,1
ENSMUSG00000021806-S,-1
ENSMUSG00000021991-S,-1
ENSMUSG00000022003-S,1
ENSMUSG00000022075-S,-1
ENSMUSG00000022103-S,1
ENSMUSG00000022131-S,-1
ENSMUSG00000022178-S,-1
ENSMUSG00000022185-S,1
ENSMUSG00000022194-S,-1
ENSMUSG00000022195-S,-1
ENSMUSG00000022257-S,1
ENSMUSG00000022299-S,-1
ENSMUSG00000022307-S,1
ENSMUSG00000022339-S,-1
ENSMUSG00000022365-S,1
ENSMUSG00000022436-S,-1
ENSMUSG00000022439-S,1
ENSMUSG00000022474-S,1
ENSMUSG00000022577-S,1
ENSMUSG00000022587-S,1
ENSMUSG00000022619-S,1
ENSMUSG00000022751-S,-1
ENSMUSG00000022752-S,-1
ENSMUSG00000022774-S,1
ENSMUSG00000022840-S,-1
ENSMUSG00000022844-S,-1
ENSMUSG00000022864-S,1
ENSMUSG00000022865-S,-1
ENSMUSG00000022956-S,1
ENSMUSG00000022995-S,1
ENSMUSG00000023055-S,-1
ENSMUSG00000023206-S,-1
ENSMUSG00000023249-S,-1
ENSMUSG00000023411-S,-1
ENSMUSG00000023800-S,-1
ENSMUSG00000023919-S,1
ENSMUSG00000023921-S,-1
ENSMUSG00000023972-S,-1
ENSMUSG00000024030-S,-1
ENSMUSG00000024052-S,1
ENSMUSG00000024077-S,-1
ENSMUSG00000024122-S,-1
ENSMUSG00000024151-S,1
ENSMUSG00000024220-S,-1
ENSMUSG00000024277-S,-1
ENSMUSG00000024346-S,1
ENSMUSG00000024349-S,-1
ENSMUSG00000024424-S,1
ENSMUSG00000024426-S,1
ENSMUSG00000024436-S,-1
ENSMUSG00000024457-S,1
ENSMUSG00000024556-S,-1
ENSMUSG00000024563-S,1
ENSMUSG00000024583-S,1
ENSMUSG00000024598-S,1
ENSMUSG00000024614-S,-1
ENSMUSG00000024647-S,1
ENSMUSG00000024683-S,-1
ENSMUSG00000024764-S,-1
ENSMUSG00000024766-S,-1
ENSMUSG00000024776-S,1
ENSMUSG00000024855-S,-1
ENSMUSG00000024867-S,1
ENSMUSG00000024871-S,-1
ENSMUSG00000024875-S,-1
ENSMUSG00000024924-S,-1
ENSMUSG00000024948-S,-1
ENSMUSG00000024966-S,1
ENSMUSG00000025066-S,1
ENSMUSG00000025147-S,1
ENSMUSG00000025198-S,-1
ENSMUSG00000025231-S,-1
ENSMUSG00000025266-S,1
ENSMUSG00000025401-S,-1
ENSMUSG00000025410-S,1
ENSMUSG00000025425-S,1
ENSMUSG00000025468-S,1
ENSMUSG00000025475-S,1
ENSMUSG00000025481-S,-1
ENSMUSG00000025485-S,1
ENSMUSG00000025613-S,1
ENSMUSG00000025665-S,1
ENSMUSG00000025738-S,-1
ENSMUSG00000025873-S,1
ENSMUSG00000025894-S,1
ENSMUSG00000025934-S,-1
ENSMUSG00000025937-S,-1
ENSMUSG00000025938-S,-1
ENSMUSG00000025997-S,1
ENSMUSG00000026029-S,-1
ENSMUSG00000026087-S,1
ENSMUSG00000026135-S,-1
ENSMUSG00000026259-S,-1
ENSMUSG00000026277-S,1
ENSMUSG00000026317-S,-1
ENSMUSG00000026355-S,1
ENSMUSG00000026360-S,-1
ENSMUSG00000026433-S,1
ENSMUSG00000026483-S,-1
ENSMUSG00000026634-S,-1
ENSMUSG00000026659-S,-1
ENSMUSG00000026712-S,-1
ENSMUSG00000026781-S,-1
ENSMUSG00000026782-S,-1
ENSMUSG00000026787-S,-1
ENSMUSG00000026806-S,-1
ENSMUSG00000026918-S,1
ENSMUSG00000026970-S,-1
ENSMUSG00000026988-S,-1
ENSMUSG00000027009-S,1
ENSMUSG00000027160-S,-1
ENSMUSG00000027185-S,-1
ENSMUSG00000027187-S,1
ENSMUSG00000027298-S,-1
ENSMUSG00000027301-S,1
ENSMUSG00000027357-S,1
ENSMUSG00000027395-S,-1
ENSMUSG00000027405-S,1
ENSMUSG00000027408-S,1
ENSMUSG00000027499-S,1
ENSMUSG00000027534-S,1
ENSMUSG00000027655-S,-1
ENSMUSG00000027710-S,1
ENSMUSG00000027716-S,-1
ENSMUSG00000027827-S,-1
ENSMUSG00000027854-S,-1
ENSMUSG00000027861-S,-1
ENSMUSG00000027882-S,-1
ENSMUSG00000027896-S,-1
ENSMUSG00000027905-S,-1
ENSMUSG00000027952-S,1
ENSMUSG00000028007-S,-1
ENSMUSG00000028033-S,-1
ENSMUSG00000028082-S,1
ENSMUSG00000028099-S,-1
ENSMUSG00000028295-S,-1
ENSMUSG00000028345-S,1
ENSMUSG00000028423-S,-1
ENSMUSG00000028445-S,1
ENSMUSG00000028469-S,1
ENSMUSG00000028532-S,1
ENSMUSG00000028545-S,1
ENSMUSG00000028622-S,1
ENSMUSG00000028637-S,-1
ENSMUSG00000028747-S,-1
ENSMUSG00000028792-S,1
ENSMUSG00000028847-S,1
ENSMUSG00000028869-S,-1
ENSMUSG00000028932-S,1
ENSMUSG00000028937-S,1
ENSMUSG00000028988-S,1
ENSMUSG00000028992-S,1
ENSMUSG00000029009-S,-1
ENSMUSG00000029060-S,-1
ENSMUSG00000029147-S,-1
ENSMUSG00000029165-S,-1
ENSMUSG00000029211-S,-1
ENSMUSG00000029217-S,-1
ENSMUSG00000029307-S,-1
ENSMUSG00000029352-S,1
ENSMUSG00000029376-S,1
ENSMUSG00000029557-S,-1
ENSMUSG00000029716-S,1
ENSMUSG00000029755-S,-1
ENSMUSG00000029763-S,1
ENSMUSG00000029775-S,1
ENSMUSG00000029823-S,-1
ENSMUSG00000029922-S,-1
ENSMUSG00000029999-S,-1
ENSMUSG00000030058-S,1
ENSMUSG00000030265-S,1
ENSMUSG00000030282-S,1
ENSMUSG00000030323-S,1
ENSMUSG00000030346-S,1
ENSMUSG00000030350-S,-1
ENSMUSG00000030357-S,1
ENSMUSG00000030469-S,1
ENSMUSG00000030606-S,1
ENSMUSG00000030641-S,-1
ENSMUSG00000030691-S,-1
ENSMUSG00000030731-S,-1
ENSMUSG00000030770-S,1
ENSMUSG00000030786-S,-1
ENSMUSG00000030805-S,-1
ENSMUSG00000030846-S,1
ENSMUSG00000030982-S,1
ENSMUSG00000030990-S,-1
ENSMUSG00000031090-S,1
ENSMUSG00000031134-S,-1
ENSMUSG00000031158-S,-1
ENSMUSG00000031242-S,1
ENSMUSG00000031309-S,-1
ENSMUSG00000031371-S,1
ENSMUSG00000031429-S,1
ENSMUSG00000031432-S,1
ENSMUSG00000031485-S,1
ENSMUSG00000031503-S,1
ENSMUSG00000031529-S,1
ENSMUSG00000031532-S,1
ENSMUSG00000031636-S,-1
ENSMUSG00000031753-S,1
ENSMUSG00000031772-S,1
ENSMUSG00000031776-S,1
ENSMUSG00000031812-S,1
ENSMUSG00000031962-S,-1
ENSMUSG00000031970-S,1
ENSMUSG00000032120-S,-1
ENSMUSG00000032258-S,-1
ENSMUSG00000032300-S,1
ENSMUSG00000032334-S,1
ENSMUSG00000032336-S,-1
ENSMUSG00000032350-S,-1
ENSMUSG00000032409-S,-1
ENSMUSG00000032415-S,-1
ENSMUSG00000032435-S,1
ENSMUSG00000032456-S,-1
ENSMUSG00000032485-S,-1
ENSMUSG00000032513-S,1
ENSMUSG00000032534-S,-1
ENSMUSG00000032567-S,-1
ENSMUSG00000032572-S,-1
ENSMUSG00000032586-S,-1
ENSMUSG00000032594-S,1
ENSMUSG00000032598-S,1
ENSMUSG00000032599-S,1
ENSMUSG00000032604-S,-1
ENSMUSG00000032698-S,-1
ENSMUSG00000032757-S,1
ENSMUSG00000032777-S,-1
ENSMUSG00000032786-S,-1
ENSMUSG00000032946-S,-1
ENSMUSG00000032968-S,-1
ENSMUSG00000033054-S,1
ENSMUSG00000033063-S,-1
ENSMUSG00000033152-S,1
ENSMUSG00000033253-S,-1
ENSMUSG00000033365-S,-1
ENSMUSG00000033373-S,-1
ENSMUSG00000033417-S,1
ENSMUSG00000033629-S,1
ENSMUSG00000033658-S,1
ENSMUSG00000033717-S,1
ENSMUSG00000033721-S,1
ENSMUSG00000033735-S,1
ENSMUSG00000033910-S,-1
ENSMUSG00000033916-S,-1
ENSMUSG00000033960-S,-1
ENSMUSG00000034055-S,1
ENSMUSG00000034064-S,1
ENSMUSG00000034154-S,-1
ENSMUSG00000034156-S,-1
ENSMUSG00000034402-S,-1
ENSMUSG00000034532-S,1
ENSMUSG00000034848-S,1
ENSMUSG00000034892-S,1
ENSMUSG00000034919-S,-1
ENSMUSG00000034981-S,1
ENSMUSG00000035007-S,-1
ENSMUSG00000035021-S,-1
ENSMUSG00000035151-S,1
ENSMUSG00000035208-S,-1
ENSMUSG00000035274-S,-1
ENSMUSG00000035277-S,-1
ENSMUSG00000035278-S,1
ENSMUSG00000035397-S,-1
ENSMUSG00000035495-S,1
ENSMUSG00000035595-S,-1
ENSMUSG00000035601-S,-1
ENSMUSG00000035686-S,1
ENSMUSG00000035776-S,1
ENSMUSG00000035863-S,-1
ENSMUSG00000035914-S,-1
ENSMUSG00000035967-S,-1
ENSMUSG00000036053-S,1
ENSMUSG00000036114-S,1
ENSMUSG00000036169-S,1
ENSMUSG00000036199-S,1
ENSMUSG00000036225-S,-1
ENSMUSG00000036381-S,1
ENSMUSG00000036501-S,1
ENSMUSG00000036632-S,1
ENSMUSG00000036698-S,1
ENSMUSG00000036949-S,-1
ENSMUSG00000036966-S,1
ENSMUSG00000037139-S,-1
ENSMUSG00000037148-S,-1
ENSMUSG00000037185-S,-1
ENSMUSG00000037266-S,-1
ENSMUSG00000037474-S,-1
ENSMUSG00000037553-S,-1
ENSMUSG00000037570-S,-1
ENSMUSG00000037601-S,1
ENSMUSG00000037697-S,-1
ENSMUSG00000037791-S,-1
ENSMUSG00000037815-S,-1
ENSMUSG00000037936-S,-1
ENSMUSG00000038034-S,-1
ENSMUSG00000038042-S,1
ENSMUSG00000038046-S,-1
ENSMUSG00000038065-S,1
ENSMUSG00000038115-S,-1
ENSMUSG00000038168-S,-1
ENSMUSG00000038365-S,1
ENSMUSG00000038374-S,1
ENSMUSG00000038503-S,1
ENSMUSG00000038524-S,1
ENSMUSG00000038563-S,-1
ENSMUSG00000038564-S,1
ENSMUSG00000038602-S,-1
ENSMUSG00000038665-S,-1
ENSMUSG00000038677-S,-1
ENSMUSG00000038773-S,-1
ENSMUSG00000038780-S,-1
ENSMUSG00000038884-S,-1
ENSMUSG00000038894-S,1
ENSMUSG00000038970-S,-1
ENSMUSG00000038984-S,-1
ENSMUSG00000039202-S,-1
ENSMUSG00000039375-S,-1
ENSMUSG00000039611-S,1
ENSMUSG00000039629-S,-1
ENSMUSG00000039637-S,-1
ENSMUSG00000039715-S,-1
ENSMUSG00000039716-S,-1
ENSMUSG00000039771-S,1
ENSMUSG00000039804-S,1
ENSMUSG00000039954-S,-1
ENSMUSG00000039960-S,1
ENSMUSG00000039982-S,1
ENSMUSG00000040055-S,1
ENSMUSG00000040112-S,1
ENSMUSG00000040219-S,-1
ENSMUSG00000040236-S,1
ENSMUSG00000040272-S,-1
ENSMUSG00000040289-S,-1
ENSMUSG00000040363-S,-1
ENSMUSG00000040380-S,-1
ENSMUSG00000040447-S,1
ENSMUSG00000040659-S,1
ENSMUSG00000040759-S,1
ENSMUSG00000040850-S,-1
ENSMUSG00000040875-S,-1
ENSMUSG00000040913-S,-1
ENSMUSG00000041236-S,1
ENSMUSG00000041261-S,-1
ENSMUSG00000041272-S,1
ENSMUSG00000041298-S,1
ENSMUSG00000041354-S,-1
ENSMUSG00000041380-S,-1
ENSMUSG00000041439-S,1
ENSMUSG00000041488-S,-1
ENSMUSG00000041515-S,-1
ENSMUSG00000041528-S,-1
ENSMUSG00000041608-S,-1
ENSMUSG00000041710-S,1
ENSMUSG00000041712-S,-1
ENSMUSG00000041911-S,1
ENSMUSG00000041992-S,1
ENSMUSG00000042063-S,1
ENSMUSG00000042202-S,-1
ENSMUSG00000042203-S,1
ENSMUSG00000042216-S,1
ENSMUSG00000042258-S,-1
ENSMUSG00000042312-S,-1
ENSMUSG00000042350-S,-1
ENSMUSG00000042359-S,1
ENSMUSG00000042417-S,-1
ENSMUSG00000042510-S,-1
ENSMUSG00000042644-S,-1
ENSMUSG00000042854-S,1
ENSMUSG00000042942-S,1
ENSMUSG00000043207-S,1
ENSMUSG00000043311-S,-1
ENSMUSG00000043388-S,1
ENSMUSG00000043909-S,1
ENSMUSG00000043924-S,-1
ENSMUSG00000044149-S,1
ENSMUSG00000044348-S,-1
ENSMUSG00000044499-S,-1
ENSMUSG00000044501-S,1
ENSMUSG00000044700-S,-1
ENSMUSG00000044709-S,1
ENSMUSG00000045027-S,-1
ENSMUSG00000045062-S,-1
ENSMUSG00000045107-S,1
ENSMUSG00000045136-S,1
ENSMUSG00000045237-S,1
ENSMUSG00000045275-S,-1
ENSMUSG00000045573-S,-1
ENSMUSG00000045672-S,-1
ENSMUSG00000045690-S,-1
ENSMUSG00000045731-S,1
ENSMUSG00000045763-S,1
ENSMUSG00000045838-S,1
ENSMUSG00000045948-S,1
ENSMUSG00000046109-S,-1
ENSMUSG00000046178-S,1
ENSMUSG00000046191-S,-1
ENSMUSG00000046280-S,-1
ENSMUSG00000046410-S,-1
ENSMUSG00000046480-S,-1
ENSMUSG00000046561-S,1
ENSMUSG00000046613-S,-1
ENSMUSG00000046785-S,1
ENSMUSG00000047085-S,-1
ENSMUSG00000047181-S,1
ENSMUSG00000047307-S,-1
ENSMUSG00000047368-S,1
ENSMUSG00000047539-S,1
ENSMUSG00000047591-S,-1
ENSMUSG00000047604-S,1
ENSMUSG00000047649-S,-1
ENSMUSG00000047935-S,-1
ENSMUSG00000048038-S,-1
ENSMUSG00000048126-S,1
ENSMUSG00000048186-S,-1
ENSMUSG00000048218-S,1
ENSMUSG00000048240-S,-1
ENSMUSG00000048546-S,1
ENSMUSG00000048782-S,-1
ENSMUSG00000049047-S,1
ENSMUSG00000049124-S,1
ENSMUSG00000049411-S,1
ENSMUSG00000049643-S,1
ENSMUSG00000050002-S,1
ENSMUSG00000050240-S,-1
ENSMUSG00000050272-S,1
ENSMUSG00000050315-S,-1
ENSMUSG00000050473-S,-1
ENSMUSG00000050549-S,-1
ENSMUSG00000050552-S,1
ENSMUSG00000050555-S,1
ENSMUSG00000050587-S,-1
ENSMUSG00000050711-S,1
ENSMUSG00000050973-S,-1
ENSMUSG00000051391-S,1
ENSMUSG00000051451-S,-1
ENSMUSG00000051615-S,1
ENSMUSG00000051674-S,1
ENSMUSG00000051811-S,-1
ENSMUSG00000052085-S,-1
ENSMUSG00000052336-S,-1
ENSMUSG00000052516-S,-1
ENSMUSG00000052593-S,-1
ENSMUSG00000052712-S,-1
ENSMUSG00000052848-S,1
ENSMUSG00000053063-S,-1
ENSMUSG00000053192-S,1
ENSMUSG00000053519-S,1
ENSMUSG00000053916-S,1
ENSMUSG00000053980-S,-1
ENSMUSG00000054162-S,-1
ENSMUSG00000054484-S,1
ENSMUSG00000054690-S,-1
ENSMUSG00000055003-S,-1
ENSMUSG00000055200-S,-1
ENSMUSG00000055202-S,1
ENSMUSG00000055214-S,-1
ENSMUSG00000055692-S,-1
ENSMUSG00000055760-S,-1
ENSMUSG00000056004-S,-1
ENSMUSG00000056069-S,-1
ENSMUSG00000056076-S,-1
ENSMUSG00000056091-S,-1
ENSMUSG00000056145-S,1
ENSMUSG00000056687-S,-1
ENSMUSG00000057098-S,-1
ENSMUSG00000057132-S,1
ENSMUSG00000057457-S,-1
ENSMUSG00000057969-S,-1
ENSMUSG00000058153-S,1
ENSMUSG00000058260-S,-1
ENSMUSG00000058498-S,-1
ENSMUSG00000058669-S,-1
ENSMUSG00000059534-S,1
ENSMUSG00000059751-S,1
ENSMUSG00000059923-S,1
ENSMUSG00000060862-S,1
ENSMUSG00000060969-S,1
ENSMUSG00000060988-S,-1
ENSMUSG00000061207-S,1
ENSMUSG00000061666-S,1
ENSMUSG00000062175-S,1
ENSMUSG00000062198-S,-1
ENSMUSG00000062296-S,-1
ENSMUSG00000062580-S,1
ENSMUSG00000062761-S,1
ENSMUSG00000062778-S,-1
ENSMUSG00000062867-S,1
ENSMUSG00000062908-S,-1
ENSMUSG00000062961-S,1
ENSMUSG00000063019-S,1
ENSMUSG00000063450-S,1
ENSMUSG00000063511-S,-1
ENSMUSG00000063576-S,1
ENSMUSG00000063600-S,1
ENSMUSG00000063873-S,1
ENSMUSG00000063875-S,-1
ENSMUSG00000064325-S,-1
ENSMUSG00000064341-S,-1
ENSMUSG00000064370-S,-1
ENSMUSG00000065979-S,-1
ENSMUSG00000066090-S,-1
ENSMUSG00000066129-S,1
ENSMUSG00000066233-S,-1
ENSMUSG00000066705-S,1
ENSMUSG00000066842-S,-1
ENSMUSG00000066880-S,-1
ENSMUSG00000067071-S,1
ENSMUSG00000067795-S,1
ENSMUSG00000067873-S,-1
ENSMUSG00000068015-S,1
ENSMUSG00000068079-S,1
ENSMUSG00000068267-S,-1
ENSMUSG00000068696-S,-1
ENSMUSG00000069237-S,1
ENSMUSG00000069581-S,-1
ENSMUSG00000070462-S,-1
ENSMUSG00000070639-S,-1
ENSMUSG00000070687-S,-1
ENSMUSG00000071042-S,-1
ENSMUSG00000071253-S,-1
ENSMUSG00000071266-S,-1
ENSMUSG00000071456-S,-1
ENSMUSG00000071632-S,-1
ENSMUSG00000071661-S,-1
ENSMUSG00000071757-S,1
ENSMUSG00000072487-S,-1
ENSMUSG00000073424-S,-1
ENSMUSG00000073427-S,-1
ENSMUSG00000073805-S,1
ENSMUSG00000073968-S,-1
ENSMUSG00000074238-S,-1
ENSMUSG00000074406-S,1
ENSMUSG00000074461-S,-1
ENSMUSG00000074591-S,-1
ENSMUSG00000074682-S,1
ENSMUSG00000074886-S,1
ENSMUSG00000075514-S,-1
ENSMUSG00000076435-S,-1
ENSMUSG00000078307-S,-1
ENSMUSG00000078572-S,-1
ENSMUSG00000078627-S,-1
ENSMUSG00000078676-S,1
ENSMUSG00000078695-S,1
ENSMUSG00000078908-S,-1
ENSMUSG00000079037-S,1
ENSMUSG00000079056-S,-1
ENSMUSG00000079434-S,-1
ENSMUSG00000079469-S,-1
ENSMUSG00000080316-S,-1
ENSMUSG00000082396-S,-1
ENSMUSG00000084291-S,-1
ENSMUSG00000085041-S,-1
ENSMUSG00000085287-S,-1
ENSMUSG00000085396-S,-1
ENSMUSG00000086022-S,1
ENSMUSG00000086290-S,1
ENSMUSG00000086324-S,1
ENSMUSG00000087260-S,1
ENSMUSG00000087461-S,-1
ENSMUSG00000087651-S,1
ENSMUSG00000087674-S,-1
ENSMUSG00000089840-S,1
ENSMUSG00000089997-S,-1
ENSMUSG00000090015-S,1
ENSMUSG00000090050-S,-1
ENSMUSG00000090523-S,1
ENSMUSG00000090935-S,1
ENSMUSG00000091742-S,1
ENSMUSG00000091780-S,1
ENSMUSG00000091971-S,1
ENSMUSG00000092090-S,-1
ENSMUSG00000093677-S,1
ENSMUSG00000093858-S,-1
ENSMUSG00000094595-S,-1
ENSMUSG00000094732-S,-1
ENSMUSG00000096883-S,-1
ENSMUSG00000096974-S,-1
ENSMUSG00000097023-S,-1
ENSMUSG00000097061-S,-1
ENSMUSG00000097063-S,-1
ENSMUSG00000097333-S,1
ENSMUSG00000097385-S,-1
ENSMUSG00000097466-S,-1
ENSMUSG00000097604-S,-1
ENSMUSG00000097652-S,-1
ENSMUSG00000097806-S,-1
ENSMUSG00000098113-S,-1
ENSMUSG00000098449-S,-1
ENSMUSG00000098729-S,-1
ENSMUSG00000099471-S,1
ENSMUSG00000099625-S,1
ENSMUSG00000100680-S,-1
ENSMUSG00000100764-S,-1
ENSMUSG00000102543-S,-1
ENSMUSG00000102556-S,-1
ENSMUSG00000103038-S,-1
ENSMUSG00000103427-S,1
ENSMUSG00000103567-S,-1
ENSMUSG00000103731-S,-1
ENSMUSG00000103793-S,-1
ENSMUSG00000103916-S,1
ENSMUSG00000103983-S,-1
ENSMUSG00000104204-S,1
ENSMUSG00000104508-S,-1
ENSMUSG00000104586-S,1
ENSMUSG00000104735-S,1
ENSMUSG00000105137-S,-1
ENSMUSG00000105434-S,1
ENSMUSG00000105584-S,1
ENSMUSG00000105601-S,-1
ENSMUSG00000106019-S,-1
ENSMUSG00000106032-S,-1
ENSMUSG00000106047-S,1
ENSMUSG00000106093-S,-1
ENSMUSG00000106767-S,-1
ENSMUSG00000107278-S,1
ENSMUSG00000000093-B,-1
ENSMUSG00000000384-B,1
ENSMUSG00000000555-B,1
ENSMUSG00000000562-B,1
ENSMUSG00000000627-B,1
ENSMUSG00000001021-B,1
ENSMUSG00000001029-B,-1
ENSMUSG00000001418-B,-1
ENSMUSG00000001555-B,-1
ENSMUSG00000001767-B,1
ENSMUSG00000001864-B,-1
ENSMUSG00000001918-B,1
ENSMUSG00000001946-B,-1
ENSMUSG00000002068-B,-1
ENSMUSG00000002500-B,1
ENSMUSG00000002550-B,-1
ENSMUSG00000002718-B,-1
ENSMUSG00000002732-B,1
ENSMUSG00000002984-B,-1
ENSMUSG00000004031-B,-1
ENSMUSG00000005124-B,1
ENSMUSG00000005251-B,1
ENSMUSG00000005360-B,1
ENSMUSG00000005469-B,-1
ENSMUSG00000006019-B,-1
ENSMUSG00000006179-B,1
ENSMUSG00000006412-B,1
ENSMUSG00000006456-B,1
ENSMUSG00000006920-B,1
ENSMUSG00000007670-B,-1
ENSMUSG00000007721-B,1
ENSMUSG00000007837-B,-1
ENSMUSG00000008668-B,1
ENSMUSG00000008855-B,-1
ENSMUSG00000008958-B,-1
ENSMUSG00000010025-B,-1
ENSMUSG00000010044-B,1
ENSMUSG00000015189-B,-1
ENSMUSG00000015224-B,1
ENSMUSG00000015980-B,-1
ENSMUSG00000017264-B,1
ENSMUSG00000017405-B,1
ENSMUSG00000017801-B,-1
ENSMUSG00000017837-B,-1
ENSMUSG00000017858-B,1
ENSMUSG00000018846-B,1
ENSMUSG00000018920-B,1
ENSMUSG00000019102-B,1
ENSMUSG00000019791-B,1
ENSMUSG00000019864-B,1
ENSMUSG00000019888-B,-1
ENSMUSG00000019891-B,-1
ENSMUSG00000019933-B,1
ENSMUSG00000020130-B,1
ENSMUSG00000020135-B,-1
ENSMUSG00000020193-B,1
ENSMUSG00000020225-B,-1
ENSMUSG00000020374-B,-1
ENSMUSG00000020411-B,-1
ENSMUSG00000020456-B,-1
ENSMUSG00000020553-B,1
ENSMUSG00000020605-B,-1
ENSMUSG00000020642-B,1
ENSMUSG00000020644-B,1
ENSMUSG00000020758-B,-1
ENSMUSG00000020905-B,-1
ENSMUSG00000020917-B,1
ENSMUSG00000020963-B,1
ENSMUSG00000021044-B,-1
ENSMUSG00000021125-B,1
ENSMUSG00000021483-B,1
ENSMUSG00000021607-B,-1
ENSMUSG00000021661-B,1
ENSMUSG00000021786-B,-1
ENSMUSG00000021843-B,1
ENSMUSG00000021903-B,1
ENSMUSG00000021948-B,-1
ENSMUSG00000022132-B,-1
ENSMUSG00000022148-B,1
ENSMUSG00000022468-B,-1
ENSMUSG00000022505-B,1
ENSMUSG00000022674-B,-1
ENSMUSG00000022718-B,1
ENSMUSG00000022765-B,-1
ENSMUSG00000022789-B,-1
ENSMUSG00000022790-B,-1
ENSMUSG00000022855-B,1
ENSMUSG00000022863-B,1
ENSMUSG00000022876-B,-1
ENSMUSG00000023186-B,1
ENSMUSG00000023707-B,1
ENSMUSG00000023960-B,-1
ENSMUSG00000024140-B,-1
ENSMUSG00000024164-B,1
ENSMUSG00000024172-B,-1
ENSMUSG00000024220-B,-1
ENSMUSG00000024325-B,1
ENSMUSG00000024500-B,-1
ENSMUSG00000024570-B,-1
ENSMUSG00000024576-B,1
ENSMUSG00000024620-B,-1
ENSMUSG00000025134-B,-1
ENSMUSG00000025340-B,1
ENSMUSG00000025354-B,-1
ENSMUSG00000025355-B,1
ENSMUSG00000025372-B,1
ENSMUSG00000025466-B,1
ENSMUSG00000025510-B,-1
ENSMUSG00000025732-B,1
ENSMUSG00000025825-B,-1
ENSMUSG00000025927-B,1
ENSMUSG00000025937-B,1
ENSMUSG00000026035-B,-1
ENSMUSG00000026087-B,1
ENSMUSG00000026096-B,1
ENSMUSG00000026097-B,1
ENSMUSG00000026197-B,1
ENSMUSG00000026260-B,-1
ENSMUSG00000026315-B,1
ENSMUSG00000026418-B,-1
ENSMUSG00000026473-B,1
ENSMUSG00000026504-B,1
ENSMUSG00000026514-B,-1
ENSMUSG00000026553-B,-1
ENSMUSG00000026628-B,1
ENSMUSG00000026630-B,1
ENSMUSG00000026788-B,1
ENSMUSG00000026893-B,1
ENSMUSG00000027193-B,-1
ENSMUSG00000027208-B,1
ENSMUSG00000027318-B,1
ENSMUSG00000027331-B,1
ENSMUSG00000027339-B,-1
ENSMUSG00000027356-B,-1
ENSMUSG00000027377-B,1
ENSMUSG00000027663-B,-1
ENSMUSG00000027673-B,1
ENSMUSG00000027714-B,1
ENSMUSG00000027782-B,1
ENSMUSG00000027849-B,1
ENSMUSG00000028044-B,-1
ENSMUSG00000028082-B,-1
ENSMUSG00000028149-B,-1
ENSMUSG00000028167-B,1
ENSMUSG00000028214-B,1
ENSMUSG00000028251-B,-1
ENSMUSG00000028545-B,-1
ENSMUSG00000028552-B,-1
ENSMUSG00000028637-B,-1
ENSMUSG00000028688-B,-1
ENSMUSG00000028706-B,-1
ENSMUSG00000028763-B,1
ENSMUSG00000028776-B,-1
ENSMUSG00000028807-B,-1
ENSMUSG00000028871-B,-1
ENSMUSG00000028948-B,-1
ENSMUSG00000029176-B,-1
ENSMUSG00000029245-B,-1
ENSMUSG00000029433-B,1
ENSMUSG00000029551-B,-1
ENSMUSG00000029569-B,-1
ENSMUSG00000029660-B,-1
ENSMUSG00000029699-B,1
ENSMUSG00000029913-B,-1
ENSMUSG00000029915-B,1
ENSMUSG00000030047-B,-1
ENSMUSG00000030074-B,1
ENSMUSG00000030108-B,1
ENSMUSG00000030111-B,1
ENSMUSG00000030189-B,1
ENSMUSG00000030224-B,-1
ENSMUSG00000030271-B,-1
ENSMUSG00000030401-B,-1
ENSMUSG00000030889-B,1
ENSMUSG00000030942-B,-1
ENSMUSG00000031059-B,1
ENSMUSG00000031099-B,1
ENSMUSG00000031264-B,1
ENSMUSG00000031355-B,-1
ENSMUSG00000031409-B,-1
ENSMUSG00000031659-B,-1
ENSMUSG00000031734-B,1
ENSMUSG00000031775-B,-1
ENSMUSG00000031788-B,-1
ENSMUSG00000031844-B,-1
ENSMUSG00000031872-B,1
ENSMUSG00000031951-B,-1
ENSMUSG00000032018-B,-1
ENSMUSG00000032235-B,1
ENSMUSG00000032243-B,-1
ENSMUSG00000032251-B,-1
ENSMUSG00000032295-B,1
ENSMUSG00000032300-B,1
ENSMUSG00000032307-B,1
ENSMUSG00000032308-B,-1
ENSMUSG00000032334-B,-1
ENSMUSG00000032346-B,-1
ENSMUSG00000032387-B,-1
ENSMUSG00000032481-B,1
ENSMUSG00000032526-B,1
ENSMUSG00000032691-B,1
ENSMUSG00000032727-B,1
ENSMUSG00000032737-B,-1
ENSMUSG00000032816-B,-1
ENSMUSG00000032878-B,-1
ENSMUSG00000033106-B,1
ENSMUSG00000033356-B,-1
ENSMUSG00000033411-B,1
ENSMUSG00000033420-B,1
ENSMUSG00000033427-B,1
ENSMUSG00000033554-B,1
ENSMUSG00000033581-B,1
ENSMUSG00000033684-B,1
ENSMUSG00000033740-B,1
ENSMUSG00000033906-B,-1
ENSMUSG00000033938-B,1
ENSMUSG00000034006-B,1
ENSMUSG00000034118-B,-1
ENSMUSG00000034126-B,-1
ENSMUSG00000034460-B,-1
ENSMUSG00000034480-B,1
ENSMUSG00000034486-B,-1
ENSMUSG00000034509-B,-1
ENSMUSG00000034520-B,-1
ENSMUSG00000034575-B,1
ENSMUSG00000034706-B,-1
ENSMUSG00000034762-B,-1
ENSMUSG00000034892-B,1
ENSMUSG00000035168-B,-1
ENSMUSG00000035234-B,1
ENSMUSG00000035394-B,1
ENSMUSG00000035441-B,-1
ENSMUSG00000035569-B,1
ENSMUSG00000035671-B,1
ENSMUSG00000035835-B,-1
ENSMUSG00000035941-B,1
ENSMUSG00000035948-B,1
ENSMUSG00000035963-B,-1
ENSMUSG00000035969-B,-1
ENSMUSG00000035983-B,1
ENSMUSG00000036112-B,1
ENSMUSG00000036246-B,1
ENSMUSG00000036356-B,-1
ENSMUSG00000036712-B,-1
ENSMUSG00000036885-B,-1
ENSMUSG00000036908-B,-1
ENSMUSG00000036915-B,1
ENSMUSG00000037025-B,-1
ENSMUSG00000037103-B,-1
ENSMUSG00000037148-B,1
ENSMUSG00000037341-B,1
ENSMUSG00000037353-B,1
ENSMUSG00000037366-B,-1
ENSMUSG00000037437-B,1
ENSMUSG00000037514-B,1
ENSMUSG00000037578-B,1
ENSMUSG00000037709-B,1
ENSMUSG00000037824-B,-1
ENSMUSG00000038070-B,1
ENSMUSG00000038324-B,-1
ENSMUSG00000038344-B,1
ENSMUSG00000038371-B,1
ENSMUSG00000038453-B,-1
ENSMUSG00000038507-B,1
ENSMUSG00000038564-B,1
ENSMUSG00000038605-B,-1
ENSMUSG00000038756-B,1
ENSMUSG00000038816-B,1
ENSMUSG00000038843-B,-1
ENSMUSG00000038900-B,1
ENSMUSG00000039086-B,-1
ENSMUSG00000039191-B,1
ENSMUSG00000039367-B,-1
ENSMUSG00000039477-B,-1
ENSMUSG00000039512-B,1
ENSMUSG00000039536-B,-1
ENSMUSG00000039828-B,1
ENSMUSG00000039835-B,-1
ENSMUSG00000039883-B,-1
ENSMUSG00000039956-B,1
ENSMUSG00000039990-B,1
ENSMUSG00000040043-B,1
ENSMUSG00000040276-B,-1
ENSMUSG00000040649-B,-1
ENSMUSG00000040693-B,1
ENSMUSG00000040729-B,1
ENSMUSG00000040797-B,-1
ENSMUSG00000040907-B,-1
ENSMUSG00000040918-B,1
ENSMUSG00000041020-B,1
ENSMUSG00000041057-B,-1
ENSMUSG00000041133-B,1
ENSMUSG00000041147-B,1
ENSMUSG00000041308-B,1
ENSMUSG00000041468-B,-1
ENSMUSG00000041598-B,-1
ENSMUSG00000041608-B,-1
ENSMUSG00000041649-B,-1
ENSMUSG00000041733-B,1
ENSMUSG00000041736-B,1
ENSMUSG00000041794-B,-1
ENSMUSG00000041852-B,-1
ENSMUSG00000042190-B,1
ENSMUSG00000042757-B,-1
ENSMUSG00000042759-B,-1
ENSMUSG00000042793-B,-1
ENSMUSG00000043090-B,1
ENSMUSG00000043243-B,1
ENSMUSG00000043262-B,-1
ENSMUSG00000043290-B,1
ENSMUSG00000043631-B,1
ENSMUSG00000043702-B,-1
ENSMUSG00000043811-B,-1
ENSMUSG00000044022-B,-1
ENSMUSG00000044026-B,-1
ENSMUSG00000044172-B,-1
ENSMUSG00000044749-B,1
ENSMUSG00000045087-B,-1
ENSMUSG00000045102-B,1
ENSMUSG00000045667-B,-1
ENSMUSG00000047003-B,1
ENSMUSG00000047216-B,1
ENSMUSG00000047238-B,1
ENSMUSG00000047606-B,-1
ENSMUSG00000047676-B,1
ENSMUSG00000047866-B,1
ENSMUSG00000047867-B,1
ENSMUSG00000048249-B,1
ENSMUSG00000048347-B,1
ENSMUSG00000048706-B,1
ENSMUSG00000049387-B,-1
ENSMUSG00000049764-B,1
ENSMUSG00000050052-B,-1
ENSMUSG00000050074-B,1
ENSMUSG00000050549-B,-1
ENSMUSG00000050592-B,1
ENSMUSG00000050666-B,1
ENSMUSG00000050677-B,-1
ENSMUSG00000050930-B,1
ENSMUSG00000051297-B,1
ENSMUSG00000051495-B,1
ENSMUSG00000051855-B,1
ENSMUSG00000052117-B,1
ENSMUSG00000052516-B,-1
ENSMUSG00000052533-B,-1
ENSMUSG00000052698-B,-1
ENSMUSG00000052837-B,1
ENSMUSG00000052951-B,1
ENSMUSG00000053279-B,1
ENSMUSG00000053358-B,1
ENSMUSG00000053768-B,1
ENSMUSG00000054519-B,1
ENSMUSG00000054920-B,-1
ENSMUSG00000055239-B,-1
ENSMUSG00000055639-B,1
ENSMUSG00000055818-B,-1
ENSMUSG00000055945-B,-1
ENSMUSG00000056071-B,1
ENSMUSG00000056116-B,-1
ENSMUSG00000056411-B,-1
ENSMUSG00000056423-B,-1
ENSMUSG00000056737-B,1
ENSMUSG00000056770-B,-1
ENSMUSG00000056900-B,-1
ENSMUSG00000057322-B,1
ENSMUSG00000057440-B,1
ENSMUSG00000057455-B,-1
ENSMUSG00000057531-B,1
ENSMUSG00000058400-B,1
ENSMUSG00000058897-B,-1
ENSMUSG00000059447-B,-1
ENSMUSG00000059669-B,-1
ENSMUSG00000059674-B,1
ENSMUSG00000060424-B,1
ENSMUSG00000061039-B,-1
ENSMUSG00000061535-B,-1
ENSMUSG00000061983-B,1
ENSMUSG00000062380-B,-1
ENSMUSG00000062470-B,1
ENSMUSG00000062661-B,-1
ENSMUSG00000062704-B,-1
ENSMUSG00000063049-B,1
ENSMUSG00000063077-B,1
ENSMUSG00000063409-B,1
ENSMUSG00000063681-B,1
ENSMUSG00000063870-B,-1
ENSMUSG00000063931-B,-1
ENSMUSG00000064128-B,1
ENSMUSG00000064363-B,-1
ENSMUSG00000066197-B,-1
ENSMUSG00000066441-B,-1
ENSMUSG00000067279-B,1
ENSMUSG00000067768-B,-1
ENSMUSG00000068154-B,-1
ENSMUSG00000068220-B,1
ENSMUSG00000068966-B,-1
ENSMUSG00000070167-B,1
ENSMUSG00000070407-B,1
ENSMUSG00000070527-B,1
ENSMUSG00000070532-B,1
ENSMUSG00000070687-B,1
ENSMUSG00000070806-B,-1
ENSMUSG00000070953-B,1
ENSMUSG00000071648-B,1
ENSMUSG00000071661-B,1
ENSMUSG00000072809-B,1
ENSMUSG00000072919-B,1
ENSMUSG00000072964-B,-1
ENSMUSG00000073460-B,1
ENSMUSG00000073680-B,-1
ENSMUSG00000073795-B,-1
ENSMUSG00000074215-B,1
ENSMUSG00000074476-B,1
ENSMUSG00000074580-B,-1
ENSMUSG00000074646-B,1
ENSMUSG00000074793-B,-1
ENSMUSG00000074811-B,-1
ENSMUSG00000074813-B,1
ENSMUSG00000075225-B,-1
ENSMUSG00000078435-B,1
ENSMUSG00000079043-B,1
ENSMUSG00000079083-B,1
ENSMUSG00000079157-B,-1
ENSMUSG00000081683-B,-1
ENSMUSG00000083153-B,1
ENSMUSG00000083307-B,-1
ENSMUSG00000084375-B,1
ENSMUSG00000085007-B,1
ENSMUSG00000085111-B,1
ENSMUSG00000085382-B,1
ENSMUSG00000086034-B,1
ENSMUSG00000086109-B,1
ENSMUSG00000086213-B,-1
ENSMUSG00000086732-B,-1
ENSMUSG00000087067-B,-1
ENSMUSG00000087141-B,-1
ENSMUSG00000089940-B,1
ENSMUSG00000090862-B,1
ENSMUSG00000091387-B,-1
ENSMUSG00000092094-B,1
ENSMUSG00000092417-B,1
ENSMUSG00000093720-B,1
ENSMUSG00000094344-B,1
ENSMUSG00000095845-B,1
ENSMUSG00000096606-B,1
ENSMUSG00000096917-B,1
ENSMUSG00000096971-B,1
ENSMUSG00000097061-B,-1
ENSMUSG00000097403-B,-1
ENSMUSG00000097595-B,-1
ENSMUSG00000097666-B,1
ENSMUSG00000097781-B,1
ENSMUSG00000098132-B,1
ENSMUSG00000098447-B,-1
ENSMUSG00000098789-B,1
ENSMUSG00000099098-B,-1
ENSMUSG00000100680-B,1
ENSMUSG00000101225-B,1
ENSMUSG00000102692-B,1
ENSMUSG00000103123-B,1
ENSMUSG00000103486-B,-1
ENSMUSG00000103755-B,-1
ENSMUSG00000104399-B,1
ENSMUSG00000104411-B,1
ENSMUSG00000105139-B,1
ENSMUSG00000105471-B,1
ENSMUSG00000105867-B,1