,DSS_7177T0.5_090224,DSS_7274T0.8.2_090224,DSS_76_090224,DSS_B896_090224,DSS_T0.5B897_090224,DSS_T0.7_090224,DSS_T0.8_090224
Label,DSS_T0,DSS_T0,DSS_T0,DSS_T0,DSS_T0,DSS_T0,DSS_T0
"(2,5-Dimethoxyphenyl)acetone", 0.222308185, 0.669320106,-0.321779721, 0.106031161, 2.966970327, 0.559853439, 1.443284509
"(2R)-Pyrrolidine-1,2-dicarboxylic acid, bis(tert-butyldimethylsilyl) ester",-0.91180395,-0.34092517,-0.02594045, 2.20332311,-0.56314720,-0.15379218, 0.03345132
(4-Fluorophenyl)phenylmethanol, 5.07799574,-0.30682389,-0.30911187,-0.30697688,-0.31352875,-0.30387966,-0.31155268
"(9H-fluoren-9-yl)methanol, O-methoxycarbonyl-",-8.965554e-01,-2.703682e-01, 2.560371e-01,-6.419874e-02,-4.500416e-01, 8.848349e-03, 5.367190e-01
"3,4,5-Trimethoxyamphetamine",-0.713757737, 0.549628429,-0.713698125, 0.338455892, 1.171770980, 0.290776177, 0.093577800
Oxypeucedanin,-0.24692399,-0.24674143,-0.24677905,-0.24674395,-0.24685169,-0.24669302,-0.24681919
"1-(1-Hydroxybutyl)-2,5-dimethoxybenzene ",-0.522455555, 1.131840443,-0.246380946, 3.115378265,-0.785723213, 0.725142861, 1.133768100
"1-(2,4-Dimethoxyphenyl)-propan-2-one", 0.101065667, 0.142023473, 0.287352671, 0.240931875,-0.179355341, 0.500356905, 0.261863778
"1-(2,5-Dimethoxyphenyl)-1-[(trimethylsilyl)oxy]propan-2-amine",-0.087644641,-0.216145256,-0.058467627,-0.284654908, 0.200863911, 0.029091313,-0.177323788
"1-(4-Methoxyphenyl)-4,6-dimethyl-2(1H)-pyrimidinone",-0.6937661211,-0.5135502386, 0.2517845701,-0.4594437500,-0.7035621258,-0.2120002600, 0.8187748009
1-(Cyclohexylmethyl)-4-piperidinylamine,-0.76304319, 0.90941782, 2.44373345, 2.69035818,-0.72947687,-0.76028506, 0.01176427
1-(tert-Butyldimethylsilyl)-4-methyl-1H-pyrazole, 0.682452586, 1.068331846, 0.613578798, 1.123640673, 0.960562938, 1.022537804, 0.352109613
"1,2,4-Butanetriol, (S)",-0.194175477,-0.191705639,-0.192214649,-0.191739674,-0.193197285,-0.191050627,-0.192757663
"1,2-Benzenedicarboxylic acid, butyl octyl ester",-0.24588186,-0.24485996,-0.24507056,-0.24487404,-0.24547713,-0.24458895,-0.24529524
"1,2-Bis(trimethylsiloxy)cyclohexene",-0.32686246,-0.29735579,-0.30343684, 4.10778222,-0.31517619,-0.28953049, 0.64194061
"1,2-Cinnolinedicarboxylic acid, 1,2,3,5,6,7,8,8a-octahydro-4-trimethylsilyloxy-, diethyl ester",-0.2373891149,-0.2369761910,-0.2370612907,-0.2369818812,-0.2372255742,-0.2022291425, 0.4012376398
"1,2-Cyclohexanediol, (Z)",-0.65544870,-0.58304007,-0.06757272, 0.28811347,-0.10482322, 0.24337689, 0.36180518
"1,3-Butanediamine",-0.205279089,-0.202516139,-0.203085557,-0.202554213,-0.204184808,-0.201783392,-0.203693013
"1,3-Oxazolidine, 2,5-diphenyl-4-methyl-, trans-", 1.116602104, 0.831692357, 0.200414692, 0.552784569, 0.131473687, 0.095753508,-0.297888984
"1,3-Propanediol",-0.33283699,-0.31343401,-0.31743278,-0.31370139,-0.32515234,-0.30828825,-0.32169868
10-Undecynoic acid,-0.338112901,-0.333274213,-0.334271422,-0.333340893, 2.697146189,-0.331990972,-0.335335246
"13-Docosenamide, (Z)",-0.390342046,-0.368376333,-0.372903261,-0.368679031,-0.381642413,-0.362550931,-0.377732598
1-Butanol, 0.9187946,-0.9453288,-0.9487311,-0.9455563,-0.9552991, 1.6183929, 0.8539759
"1-Heptanol, 2-propyl-", 7.02247568,-0.28763628,-0.29432259,-0.28808336,-0.30723039,-0.27903211,-0.30145556
1-Hexacosanol,-0.22275029,-0.19794138,-0.20305426,-0.19828325,-0.21292459,-0.19136195,-0.20850870
1-Octadecanol,-0.75944977,-0.71156876,-0.72143659, 1.32366644, 1.21970604,-0.69887051, 0.28976563
"1-Octanol, 2-butyl-", 0.37646110, 1.44821020, 0.45002372, 0.91410719, 0.63897334, 0.75929171, 0.82328038
"1-Pentene, 1,3-diphenyl-1-(trimethylsilyloxy)-", 2.111137835, 0.911099170,-0.266685700,-0.265583622,-0.268965695,-0.263984836, 0.177503883
"2(1H)-Quinolinone, 3-[3-(4-methoxyphenyl)-1-oxo-2-propen-1-yl]-4-phenyl",-0.20183528,-0.20149073,-0.20156174,-0.20149548,-0.20169882,-0.20139936,-0.20163749
"2(5H)-Furanone, 4-(hydroxymethyl)",-1.5789828414,-0.8081536384, 0.1876213622, 0.0737065086, 0.0041602183,-0.2013636330, 0.5898564135
"2-(Ethylamino)ethanol, N-acetyl", 0.647216210, 0.394880075, 0.473010758, 0.308792718, 0.669515461, 0.271399583,-0.175289681
2-(Methylamino)ethanol, 0.317804267, 0.268081579, 0.348452515,-0.005481197, 0.363516497, 0.510822509,-0.456121815
"2,2'-Bipyridine",-0.167212707,-0.335252942, 0.492671211, 0.030575413, 0.863371255, 0.241654764,-0.007733428
"2,3-Butanediol, O-(trimethylsilyl)-, monoacetate",-1.15932373,-1.39896516, 0.75382941, 0.01818441,-0.60416862,-0.02853188, 0.63954963
"2,3-Dihydroxybutanoic acid",-0.70711632, 0.69999898,-1.60987203, 1.02470971, 0.91512706, 1.12691049, 0.90861248
"2',3'-Di-O-acetyladenosine", 1.36394924,-0.59437907,-0.59454284,-0.59439002,-0.13884698,-0.58207806,-0.19563361
"2,4,4'-Trihydroxybenzophenone", 1.097467060, 0.659767331, 0.837901869, 0.348945858,-0.401158097, 0.130712352,-0.739871356
"2,4,6-Cycloheptatrien-1-one",-0.315989797,-0.326949762,-0.701716162, 0.473718871, 0.771616163,-0.700822904,-0.129944001
"2,4-Dihydroxyacetophenone",-0.3950710,-0.3950633,-0.3950649,-0.3950634,-0.3950680,-0.3950613,-0.3950666
"2,4-Dimethoxybenzaldoxime", 4.0962525,-0.3014417,-0.3023325,-0.3015013,-0.3040521,-0.3002954,-0.3032828
"2,4-Di-tert-butylphenol", 0.293842598,-0.682475530, 0.535111107, 0.550080644,-0.536036012, 0.824500719, 0.285233050
"2,4-Imidazolidinedione, 5,5-dimethyl", 3.399576526, 1.205511542, 0.304062926,-0.055406153, 0.393438173, 0.328823181,-0.529630461
"2,5-Bis((tert-butyldimethylsilyl)oxy)-4,4-dimethyl-4H-imidazole", 0.56123127,-0.82328132, 0.39799279,-0.32807239,-0.05277672,-0.70334490,-1.04013929
"2,5-Dimethoxybenzhydrazide", 0.27163560, 0.60545745,-0.28815241, 1.08459242, 0.72110295, 0.56078793, 1.71993667
"2,5-Dimethoxybenzonitrile",-0.14770323,-0.19687604,-0.40505066, 0.61442696, 0.64247204, 1.37353518, 1.64607538
"2,5-Dimethoxyphenol", 0.81178365, 1.17411161,-0.55302461, 0.99546982, 0.96577052, 0.82383852, 1.18974596
"2',5'-Dimethoxypropiophenone",-0.16374266, 0.03332705,-0.12517029, 0.59999035, 0.57090745, 1.30278755, 1.64011617
"2,6-di-tert-Butyl-4-(dimethylaminomethyl)phenol",-0.872839647,-0.852962527, 2.079562280,-0.853236443,-0.864967212,-0.847691029, 0.453215279
"2-Allyl-1,4-dimethoxybenzene",-0.216328626,-0.051013542, 0.415440765, 0.318888265, 0.668036177, 0.185517179, 0.481681765
2-Amino-4-methylbenzophenone,-1.58102849,-1.55739321, 0.05246099,-0.62359127,-0.58436610,-0.80376517, 1.34690881
2-Aminoquinolin-8-ol,-0.532664773,-0.504747270,-0.510500806,-0.505131986,-0.521607904,-0.497343427, 1.860279192
2-Butanol,-0.009029585,-0.277703783,-0.278326824,-0.277745443, 5.600116152,-0.276902032,-0.278991486
2-Buten-1-ol,-0.881906749,-0.876221839,-0.697415684, 1.369744561, 0.669489762, 0.681918918,-0.878643319
"2-Butene-1,4-diol", 3.31208632,-0.43876103,-0.43946525, 1.89709154,-0.43948804,-0.31446545,-0.43947784
2-Butenedioic acid,-0.941806791, 1.102578591, 0.687051723,-0.401774214, 1.259344032,-0.175054581, 0.025190879
"2-Butenoic acid, 3-[(tert-butyldimethylsilyl)oxy]",-1.33766354,-0.54051284, 0.52301836, 0.55976509,-0.63273086, 0.22197804, 1.47496088
2-Butoxyethanol, 0.62037093, 0.45274559, 0.46613638, 0.20981646, 0.35658039, 0.62871446,-0.10398572
2-Cyanobenzaldehyde, 2.48726342,-0.33196169,-0.33609984,-0.33223839,-0.34408847,-0.32663658,-0.34051443
"2-Cyclohexen-1-one, 3-methyl-6-(1-methylethyl)", 1.207636854, 2.503409097, 0.769133954, 0.505770925, 0.817973798,-0.571463387, 0.590029548
"2-Cyclohexen-1-one, 3-methyl-", 0.307832090, 1.048954793, 0.250706730, 1.474300506, 1.493047920, 2.525564356, 2.270496802
2-Decanol, 0.84893996,-0.96583252, 0.87108542, 0.73496400, 0.82213991, 0.85309832, 0.22921336
2-Ethyl-1-butanol,-1.04019132,-0.30379551,-0.02422829, 0.27452775, 0.22419904,-1.01267330, 0.59837126
2-Ethylhexanoic acid,-0.11804829,-0.12614145, 0.46374192, 0.63023721, 0.21078425,-0.32215112,-0.52701182
2-Ethylhexanol,-0.2406396101,-0.2131431689,-0.2188099281,-0.2135220829,-0.2297495044,-0.2058509937,-0.2248552399
"2-Furancarbodithioic acid, methyl ester",-0.26933490,-0.24047691,-0.24642427,-0.24087459,-0.25790555,-0.23282365,-0.25276893
2-Furoic acid,-0.08828931,-1.15512689,-0.02023341, 0.32874674, 0.14125476, 0.30261108,-0.10064454
2-Hexanol,-1.49183160,-0.91133980, 0.66239697,-0.10710984,-0.55907257,-0.52083728, 0.68449579
"2'-Hydroxy-2,4,4',5-tetramethoxychalcone", 3.912688990, 1.357698440, 0.838656583,-1.182899075, 0.900031660, 1.270896609, 1.391358798
"2-Hydroxy-2',4',6'-trimethoxychalcone",-0.2946628,-0.2924635,-0.2929168,-0.2924939,-0.2937918,-0.2918803,-0.2934003
2-Hydroxy-3-methylbutyric acid,-1.19673744,-0.63762621, 0.34810566, 0.55122688,-0.84072232, 0.32927122, 0.37896762
"2-Hydroxymethyl-17alpha-methylandrosta-1,4-diene-11alpha,17beta-diol-3-one",-0.23263006,-0.23208927,-0.23220072,-0.23209672,-0.23241588,-0.23194585,-0.23231962
2-Isopropyl-5-methyl-1-heptanol,-0.19616052,-0.31774404, 1.34513057,-0.31809304,-0.33303934,-0.31102756,-0.32853147
"2-Methyl-1,3-butanediol",-0.645216934,-0.544030857,-0.055405885,-0.069811058,-0.474433700,-0.067710406,-0.421866516
2-Methyl-3-pentanol,-0.56105207,-0.53925303, 0.11585921, 0.12899516,-0.55241845, 1.25887537,-0.54853830
"2-Methylcyclohexanol, (Z)",-0.31351878,-0.43217290, 0.92003980, 0.66143004, 0.99702050, 0.49828899, 0.06966263
"2-Methylcyclohexylamine, tert.-butyldimethylsilyl ether", 0.290234825, 0.282988202, 0.098390085, 0.068407810, 0.033738518,-0.622426866, 0.014529169
2-Naphthol, 2.397012575, 0.620441471,-0.029767206,-0.242842886, 1.493348536, 0.067464264,-0.444976588
2-Norbornanemethanol,-0.24789137,-0.24738745,-0.24749131,-0.24739440,-0.24769179,-0.24725381, 7.05227473
"2-Oxiraneethanol, 2-t-butyldimethysilyloxymethyl- acetate",-0.30659031,-0.28675885,-0.29084593,-0.28703213,-0.29873596,-0.28149946,-0.29520603
2-Pentadecanone, 0.13932807,-0.23840998, 0.19563570, 0.04406159, 0.30038737,-0.66650292,-0.23929321
"2-Pivaloyl-1,3-indandione",-0.32731983,-0.12086771,-0.31094697,-0.30698094,-0.31915195,-0.30122741,-0.31548112
2-Propyl-1-pentanol,-1.5311310029, 0.4584020268,-1.1667277181, 0.7415729569,-0.9819419375, 0.2954294250,-0.1838360009
2-Pyrrolidone-5-carboxylic acid,-0.689549168,-0.959664069, 0.130708151, 0.461563122, 0.302940800, 4.092023256, 0.388392908
"2-Thiophenecarboxylic acid, 4-cyanophenyl ester",-0.1947345813,-0.1925505900,-0.1930006902,-0.1925806864,-0.1938696004,-0.1919713860,-0.1934808581
"3-(4,7-Dimethoxy-2H-1,3-benzodioxol-5-yl)-2-methylprop-2-enal",-0.5895356237,-0.0177444186,-0.2477175471, 0.6568630519, 0.2940201122, 0.7232146197, 1.9700230585
3-(4-Methoxyphenyl)coumarin,-0.33052739,-0.33040785,-0.33043249,-0.33040950, 2.98487897,-0.33037615,-0.33045877
"3,3-Bis{4-[(trimethylsilyl)oxy]phenyl}-2-benzofuran-1(3H)-one",-0.24567992,-0.23775897,-0.23939141,-0.23786813,-0.24254279,-0.23565830,-0.24113289
"3,3-Dimethylacrylic acid",-0.66278514, 2.34798257,-0.65340536,-0.65113328,-0.22947758,-0.64783717, 1.78876896
"3,4-Dihydroxybenzaldehyde",-0.49827677,-0.48452156,-0.48735638,-0.48471112,-0.49282895,-0.48087363,-0.49038057
"3,4-Methylenedioxyamphetamine",-0.650157376, 0.898753453,-0.650154106, 0.695903542, 0.205113663,-0.650152165,-0.650155012
"3,5-Dimethoxy-4-(tert.-butyldimethylsilyl)oxybenzaldehyde",-0.23020908,-0.20659020,-0.21145783,-0.20691568,-0.22085470,-0.20032637,-0.21665063
"3,5-Dimethylphenol",-0.19129507, 2.21836323,-0.21654423,-0.26058679, 2.59871589,-0.33833226,-0.33987077
3-Amino-5-methylisoxazole, 1.33164693, 0.65037487,-0.01833007, 0.55215884, 0.52329225, 0.67127058, 0.18943947
3-Aminobenzoic acid, 1.0015629926, 0.2739408252, 0.2611749288,-0.6590942814, 0.9832083214, 0.0448077213,-1.0054120870
3-Buten-2-one, 0.165646489, 0.242256974, 0.186519509,-0.106648662,-0.031743349, 0.509418223, 0.003735158
3-Heptanol,-0.883108022,-0.326006388,-0.272573949, 0.686011734,-1.488600090,-0.526324893, 0.397741341
"3-Hydroxy-7,3',4',5'-tetramethoxyflavone",-0.22278383,-0.27492302,-0.27942300,-0.32078370,-0.28306345,-0.32047642,-0.32123768
3-Hydroxymethyl-2-trimethylsilyloxypentane,-0.851633333,-0.851546988,-0.851564783,-0.851548177, 0.454937305,-0.851524088, 1.607800023
3-Methyl-3-buten-1-ol,-1.05234349, 0.50362972,-1.03987163, 0.62387439,-1.04612169,-1.03246785, 2.84981597
3-Nonene,-0.26394866,-0.25600699,-0.25764370,-0.25611643,-0.26080332,-0.25390083,-0.25938974
3-Phenyl oxindole,-0.27044875,-0.26839214,-0.26881599,-0.26842049,-0.26963422,-0.26784672,-0.26926815
"4,4'-Dichlorobenzophenone",-0.21772979,-0.17773005,-0.18597362,-0.17828126,-0.20188768,-0.16712194,-0.19476788
"4,5-Dihydro-1H-pyrazole",-0.2661791119,-0.3841555705,-0.3285946266,-0.2555543896,-0.1639511856,-0.3838982234,-0.2376398648
"4-[2-(4,7-Dimethoxy-2H-1,3-benzodioxol-5-yl)ethenyl]-2-methoxyphenol", 0.165608640, 0.089551475, 0.881657103,-0.477372790, 0.826631014, 0.657287643,-0.229563097
4-Aminobutanoic acid, 1.540068972, 0.317549592, 1.721372145, 0.496464922,-0.909944645,-0.117690809,-0.730852098
4-Hydroxybutanoic acid,-0.5427290,-0.4479290,-0.4674664,-0.4492354,-0.5051830,-0.4227877,-0.4883089
4-Methoxyphenol, 1.73378775, 1.33336070,-0.25440321,-0.93130143,-0.95814480,-0.91861192, 1.40783115
"4-Methylquinoline-2,7-diol",-0.24538091,-0.24478772,-0.24490997,-0.24479590,-0.24514598,-0.24463041,-0.24504039
4-Methylvaleric acid, 1.324462350, 0.713833467, 0.366441730, 0.664952862, 0.396929348,-0.477491240,-0.260763868
4-Oxohexanoic acid,-1.65786026, 0.82801036,-0.26946055,-0.26157358, 1.30889186, 0.19864241,-0.63990181
"4-Phenyl-2,3-dihydro-1H-1,5-benzodiazepin-2-one",-0.361907023,-0.346809228,-0.349920742,-0.347017282,-0.355927464,-0.342805227,-0.353240113
4-tert-Butyldimethylsiloxy-3-penten-2-one, 3.17595546,-0.68280713, 0.04119927,-0.68314992,-0.69783020,-0.67621019,-0.69340256
5-Aminovaleric acid,-0.30896224,-0.30094557,-0.30259773,-0.30105604,-0.30578720,-0.29881951,-0.30436026
5-Azacytosine, 0.08526803, 0.54291182,-0.20172693, 0.68623821, 0.82427974, 0.61080096,-0.69365414
"5-Chlorovaleric acid, nonyl ester", 0.3163507890, 0.6328260664, 0.1440742172, 1.0023118716, 0.5689760411, 0.4529704125,-0.3386375817
"5-Ethyl-1,3-dioxane-5-methanol, tert-butyldimethylsilyl ether",-1.070227216,-1.138396115, 0.890282348,-1.186646472,-0.651832399,-0.761526510, 0.005406610
5-Ethyl-5-methylnonadecane,-0.19802864,-0.19734972,-0.19748964,-0.19735908,-0.19775975,-0.19716967,-0.19763891
5-Hydroxy-7-methoxy-2-methyl-3-phenyl-4-chromenone,-0.34568164, 5.72368839, 3.25416513,-0.34567950, 1.36528214,-0.34271721,-0.34568161
5-Nitroso-8-quinolinol,-0.52443359,-0.51393225, 1.51935873, 2.67328194, 1.15619522,-0.51114725,-0.51840528
"5-Nonanol, tert-butyldimethylsilyl ether", 0.56264548, 0.69734141, 0.57975970, 0.26614422, 0.38989971, 0.47112639,-0.35613992
5-Oxohexanoic Acid, 0.717844413, 0.618191315, 0.538414390, 0.427268537, 0.961849382,-1.338224772, 0.007116916
"6,7,4'-Trihydroxyisoflavone", 0.144286830, 0.440029349, 0.486601129,-0.212120961, 0.169550933, 0.275020329, 0.002120589
"6-Aminocaproic acid, N-(tert.-butyldimethylsilyl)", 0.76627230, 0.87176723, 0.14956585, 0.79364647, 0.41593097, 0.96161688, 0.53826441
"6-Methoxy-1-methyl-1,2,3,4-tetrahydroisoquinolin-7-ol ",-0.91060815,-0.89567097, 0.80656426, 1.15505313, 1.00070981,-0.89170957, 1.18323650
6-Methyluracil, 2.013994853, 1.046151733, 0.418484349, 0.002221065,-1.110353156, 0.587951410,-0.617581734
6-Nitroveratryl alcohol,-0.4090330,-0.3845788,-0.3896186, 3.5739708,-0.3993478,-0.3780934,-0.3949950
6-Oxoheptanoic acid, 0.339829810, 0.107086943, 0.360702381, 0.216714863, 0.397801804, 0.127222796,-0.175085190
"7(S),17(S)-Dihydroxy-8(E),10(Z),13(Z),15(E),19(Z)-docosapentaenoic acid",-0.29803127,-0.29014776,-0.29177248, 1.28523415,-0.29490897,-0.28805702,-0.29350573
7-Hydroxy-4-(methoxymethyl)coumarin,-0.73154359,-0.71405693, 2.00424185,-0.71429791, 2.00727008,-0.70941940,-0.72150535
8-Acetyl-7-hydroxycoumarin, 6.60702350,-0.19141585,-0.19176963,-0.19143951,-0.19245257,-0.19096061,-0.19214703
8-Methylnonanoic acid,-0.189853312, 0.761949536, 0.174674053, 0.528866458, 0.097493479,-0.042839157,-0.218495897
"9,12-Octadecadienoic acid (Z,Z)",-0.27562051,-0.27511152,-0.27521642,-0.27511853,-0.22320946,-0.27497653, 4.70712954
9-Ethyl-N-(trimethylsilyl)-9H-carbazol-3-amine,-0.22582632,-0.22163729,-0.22250061,-0.22169502,-0.22416723,-0.22052634,-0.22342160
"9H-Xanthen-9-one, 1-hydroxy-3,5,6-trimethoxy",-0.3737207, 0.4644178, 1.0639522,-0.3495299, 0.4004887,-0.3426867,-0.3596399
"9Z-Octadecenoic acid, (2S)-3-[(hydroxymercaptophosphinyl)oxy]-2-methoxypropyl ester ",-0.5866197336, 3.1659275660,-0.5863305793,-0.5862605369,-0.5864754841,-0.5861589263,-0.5864106551
Acetic acid,-0.933885096,-0.633476988, 0.840017105, 0.673223048, 0.004690628, 0.617639726, 0.576696029
Aceturic acid, 9.841062e-04, 5.210537e-01, 1.042540e+00,-1.526820e+00,-1.996934e-01, 1.904730e+00, 1.335410e+00
Aconitic acid,-1.2449917050,-0.9504297477, 1.2552865613,-0.7633517438,-0.5054261447,-0.8224485782, 0.1686522867
Adenine, 0.66650911,-0.01700798,-0.06239855,-0.13337413, 0.75195983, 0.17291460,-0.53845779
Adipic acid,-0.19063673,-0.17495710,-0.17818853,-0.17517318, 8.66444152,-0.17079880,-0.18163582
Adipoyl-L-carnitine,-0.53550015,-0.55778191,-0.64110307,-0.64106598,-0.44866427,-0.60094205,-0.61880930
alpha-Hydroxyisobutyric acid,-0.552567114, 1.336944566, 2.275453379, 2.467454866, 1.881167803, 2.706139501,-0.544584976
Allylescaline, 0.021696998, 1.629123491, 0.503130368, 1.802190042, 0.566614277,-0.553381744, 0.893549373
Aminoguanidine, 7.192605177,-0.226517905,-0.228548695,-0.226653696,-0.232469098, 1.304414139,-0.230715146
Aniline,-0.366007334,-0.534394379,-0.203788842,-0.034576648, 0.296084415, 0.443057767,-0.486169797
Azelaic acid,-1.45525761, 1.80547256, 0.93999916, 1.55773692, 0.95699644, 2.73924817, 1.28404689
"Aziridine, 1-(2-buten-2-yl)",-0.1868203,-0.1821689,-0.1831275,-0.1822330,-0.1849781,-0.1809353,-0.1841501
"Benz[a]anthracene-1,7,12(2H)-trione, 3,4-dihydro-8-hydroxy-3-methyl-, (3S)",-2.129037e-01,-2.076458e-01,-2.087294e-01,-2.077182e-01,-2.108213e-01,-2.062513e-01,-2.098854e-01
"Benz[c]acridine, 5,10-dimethyl",-0.27189301,-0.26757982,-0.26846873,-0.26763926,-0.27018475,-0.26643595,-0.26941702
"Benzaldehyde, 2,5-dimethoxy", 0.30837986, 0.65493083, 0.24965375, 0.58511073, 1.02582331, 0.55194665, 0.47427617
"Benzene, 1,4-dimethoxy", 0.01301027, 0.23855531,-0.17326014, 0.03230870, 0.59042904, 0.95204568, 0.64769117
"Benzene, 1-acetoxy-2,6-dimethoxy-4-(2-propenyl)",-0.32472824,-0.32204121,-0.32259498,-0.32207824, 0.77696770,-0.32132860,-0.32318574
"Benzene, 1-ethyl-3,5-dimethyl",-0.59001178, 2.40011015,-0.58495427,-0.58372918,-0.58748875,-0.58195194, 1.38554052
Benzeneacetic acid,-0.331541570,-0.315160734,-0.118571089,-0.315386469,-0.325053856,-0.310816465,-0.322138128
Benzenepropanoic acid, 0.42334093, 0.99118568, 0.40825809,-0.18881522,-0.40639607,-1.09633084,-0.04097160
"Benzenesulfonamide, N-butyl", 0.919523975, 0.365508231, 0.378497145, 0.555343200, 0.363941782, 0.021533478,-0.245516034
"Benzoic acid, 2-hydroxy-3-[(2-hydroxy-4-methoxy-6-propylbenzoyl)oxy]-4-methoxy-6-propyl-, methyl ester ", 0.60751443, 0.92288354,-0.90330875, 0.52297804, 0.09299765, 0.05939712,-0.48022074
"Benzoic acid, methyl ester", 1.04293390, 1.44164480, 0.64151955, 0.60105500, 0.87743221, 0.68152045, 0.25848524
Benzoic Acid, 0.26289782, 0.91028207, 0.26065768,-0.24013806, 0.44810495, 0.51455093, 0.05940393
Benzophenone,-0.46193997,-1.43035828, 0.68749189, 0.60199285,-0.71715708,-1.17265157,-0.43549534
Benzyl alcohol, 0.671549849,-0.367389678, 0.528884733, 0.262555563, 0.449876852,-0.354913110,-0.697370748
Biphenyl,-0.340506814,-0.007850877, 0.649288929, 0.729834273, 1.042266449,-0.164002231, 0.032196940
Butachlor ESA,-0.931149933, 0.033452090, 0.830541143, 0.242629777,-0.915035215, 1.288784905, 2.153885718
Butanedioic acid,-1.42468228, 0.21266795,-1.26908786, 1.73787535,-0.44399498, 1.42407108, 1.01115855
Butylmethylamine,-0.396369325, 0.025837251, 0.168416412, 0.102887259, 1.143089331, 0.019279947,-0.306925713
Butyric Acid,-0.101663835,-0.445280422, 1.211918044, 0.909059297, 0.853587913, 0.712256504,-0.749391081
Chlorobenzilate,-0.00217832, 0.16942445,-0.28742032, 6.62484411,-0.28878332, 0.57089873,-0.28817353
Cholesterol, 1.73261910,-0.26287620,-0.46764536,-0.45449153,-0.04060746,-0.39080181,-0.51537439
cis-2-Decenoic acid,-0.38009961,-0.35966407,-0.36387565,-0.35994569,-0.37200601,-0.35424448,-0.36836856
Citramalic acid,-1.46123052,-0.55013708, 2.32516303,-0.31473157,-0.34596344,-0.02084141, 0.69264103
Crotonic acid, 0.608928705, 0.407371776, 0.613515929, 0.303852101, 0.757381959, 0.555998509,-2.168213078
Curcumin,-0.750478831, 1.220139987, 0.726738350, 0.392154496, 0.673610599, 0.003674085, 0.217562898
Cyclobutylamine, 0.64420173, 1.18329761, 0.61462182, 0.06550097, 0.38153254, 0.33932553, 0.03082986
Cyclocurcumin,-0.24858036,-0.06355707,-0.24857923,-0.24857895,-0.24857979,-0.24857855,-0.24857954
Cycloheptanol, 0.23048437,-0.31837640,-0.52782949,-0.17034297,-0.34533153,-0.11451724,-0.43952073
"Cyclohexanone, 3,3,5-trimethyl", 1.10587108, 1.11928110,-0.67613793,-0.24498306,-0.35829650, 1.64235549, 0.35817771
Cyclooctylamine,-1.30904999,-0.17203573, 0.27982220, 0.57017143, 0.69552179, 0.77529594, 1.77882715
"Cyclopentaneacetic acid, 3-oxo-2-pentyl-, methyl ester", 0.387672428, 0.192688036, 0.315659684, 0.450671789, 0.518699399,-0.509669394,-0.542476756
"Cytosine, N-(tert-butyldimethylsilyl)-", 0.01147604, 0.30295317, 0.62406603, 0.06344947, 0.48842734, 0.21485213,-0.37640176
Desmethylverapamil,-0.30995062,-0.30952467,-0.30961245,-0.30953054,-0.30978192, 4.02592806,-0.30970610
Diacetyl monoxime, 0.790433098, 0.436620298, 0.150354405, 0.234709309, 0.955000548, 0.378662517, 0.237792317
Dibutyldodecylamine, 0.79676113,-0.29967108,-0.30080843,-0.29974713,-0.30300406,-0.29820751,-0.30202175
Diclofenac,-0.61378412,-0.59782610, 0.83552264,-0.59804601,-0.60746386, 1.59718419, 0.82266440
Diethylamine,-0.734686061, 0.093051670, 0.136747098, 1.020743259, 0.341823011, 1.600475279, 0.902042956
DL-Glyceraldehyde,-0.951034132,-1.900730314, 0.076180164, 0.341458553,-1.901609465,-0.076356235, 0.005862519
DL-p-Hydroxyphenyllactic acid,-1.460324460,-0.558027112,-0.372666071,-0.297484262,-0.733896235, 1.720947932, 0.288074911
"Dodecanoic acid, 1-methylethyl ester", 0.77899396, 0.32203631, 0.67010564, 0.69177092,-0.11172198, 0.16309233,-0.62007411
Dodecanoic acid, 0.370341026, 0.603489291, 0.311774406, 0.279272574,-0.038083990,-0.147843290,-0.214896592
"D-Streptamine, O-6-amino-6-deoxy-alpha-D-glucopyranosyl-(1-4)-O-(3-deoxy-4-C-methyl-3-(methylamino)-beta-L-arabinopyranosyl-(1-6))-2-deoxy-", 0.022850709,-0.977116545, 0.882421314,-0.899380266, 0.132742041, 0.492675975, 0.232251586
Durapan, 1.14102181,-0.10018658, 0.31952269,-0.53473622, 0.00553817,-0.08359752,-0.86539903
"Erythrono-1,4-lactone",-1.005711380, 0.709551196,-0.500647307, 2.469131588,-1.158125282, 0.613425771, 1.079404234
Ethanolamine,-0.256432740, 1.307791652, 2.571603156, 1.185657288, 0.109462907, 0.207101834, 1.548781175
Formamide, 0.73540686, 0.90380316, 0.85514324, 0.73990995, 0.74867435, 0.83373594, 0.01488600
Frangulin, 1.370328397, 0.251432820, 0.334888108,-0.207979827, 0.645983356,-0.778782861,-0.054554677
Glabridin,-0.484496307, 0.187456270, 0.733480247,-0.483878408,-0.484248165,-0.483703614, 0.683458769
Glyceric acid,-0.43210107,-0.42644952,-0.38134861,-0.42652740,-0.42986274,-0.42495070,-0.42885679
Glycerol,-0.7513144734,-1.0454694025,-0.2815746403,-0.6515492139,-0.7929458954,-0.9571647710,-1.2159180329
Glycine, 0.163181682,-0.204372864, 0.107674623, 1.795679361,-0.039887582,-0.342695694,-0.660356818
"Glycine, tert.-butyldimethylsilyl ester",-0.173764318, 0.671718772, 0.362495826, 1.198062500, 0.481885150,-0.258015525,-0.334316999
Glycolic acid,-1.15442630,-2.24631362, 1.12736209, 0.48704426,-0.39759046, 0.22632600, 0.10452552
Guanosine, 0.7704028, 0.2778058, 0.7126190, 0.8001473, 1.1260627,-0.9126226, 0.4176603
Heptanedioic acid, 3.42703323, 2.85879986,-0.28026946,-0.27186678,-0.29765306,-0.25967699,-0.28987580
Heptanoic acid,-0.5819505243,-0.0282047977, 0.0082773212, 0.7338000086,-0.2680525469,-0.3702145676,-0.8342265663
Heptylamine, 1.43610376, 0.46154934, 0.18348103, 0.28421187, 0.49194249, 0.20100954,-0.02028714
Hexacosanoic acid,-0.62942485, 0.03110226, 0.04637459, 0.22998263,-0.03206360,-1.32519266,-0.31494300
Hexanoic acid,-0.20048219, 0.17989580, 0.40145997, 0.59914308, 0.06048175,-0.13374053,-0.57726533
Hydracrylic acid,-1.51670857,-1.03533578, 0.57039107, 0.66812697,-0.55938439,-0.13278585,-0.03226638
Hydroxylamine,-0.27318282,-0.24104225,-0.24766612,-0.24148517,-0.26045338,-0.23251844, 1.30821648
"Hymexazole, tert-butyldimethylsilyl ether", 0.95009051, 0.02140739, 0.35903758,-0.37896016, 0.59072911, 0.06728461,-0.66814465
Hypoxanthine, 0.91519110, 0.04212682, 0.63433691,-0.08079901,-0.39843642,-0.11824495,-0.52930374
Iminodiacetic acid,-0.734891571,-1.200534963, 0.291670687,-0.714966656,-0.443209227, 1.009371096, 0.356442200
Indoprofen,-0.225721406,-0.217416052,-0.219127708,-0.217530504,-0.222432028,-0.215213436,-0.220953706
Isobutanol,-1.20452175,-1.05995092,-0.71002615,-0.57416646,-0.87484063,-0.72189860, 1.19841812
Isonicotinic Acid, 0.387667599, 0.167288218, 0.264458953, 0.177957425, 0.360729978, 0.258874704,-0.423792478
Isopropyl palmitate, 0.19328942, 0.41247720, 0.18812759, 0.54190831, 0.15304426, 0.64295006, 0.74973663
Isopropylamine, 1.07860509, 4.61837222, 0.79888840, 0.34368208, 0.71128905,-0.55653187, 2.24317421
Isosorbide,-0.72588844,-0.72150896,-0.72241153,-0.72156931,-0.72415392,-0.72034750,-0.72337439
Ketamine,-0.585476030, 0.008530886, 1.038458832,-0.297620362,-1.053361813,-0.132458618,-0.749829950
"Kojic acid, bis(tert-butyldimethylsilyl) ether", 1.660095176, 0.737414142, 0.016585585, 0.005601703, 0.172209248,-0.091899177,-1.015646543
L-(+)-Threose, 0.6445953340,-0.1354210671, 5.0268282860,-0.4155859111, 0.8844276778,-0.4151789499,-0.4161871498
Lactic acid,-1.209014775,-1.214962710, 2.106833628, 1.064514249, 1.971115095,-1.214569410, 1.620174100
L-Alanine,-0.89082563,-1.88037469,-0.14073908, 0.14731702,-0.58573371,-0.39827585,-0.58202449
L-Asparagine, 1.89341185,-0.41358280, 1.89517918,-0.41417385,-0.43948610,-0.40220814,-0.43185181
L-gamma-Glutamyl-L-glutamic acid,-0.45887858,-0.44974569,-0.45162789,-0.44987154,-0.45526145,-0.44732360,-0.45363583
Leucylglycine,-0.386938796,-0.616665697, 0.602597752, 0.342094693, 0.373871019,-0.569128990, 0.309160257
Levulinic acid,-0.228720612, 0.389913851, 0.658326369, 0.396832766, 0.243435251,-0.019882016,-0.622937028
L-Glutamic acid,-0.40730886,-0.40676392,-0.40687623, 1.07989241,-0.40709303,-0.40661940, 0.88155192
L-Glutamine, 0.08611642,-0.96387757, 1.21335759, 1.11977006,-0.95440376, 1.64702232,-0.95718906
"L-Histidine, N,1-bis(tert-butyldimethylsilyl)-",-0.06990565,-0.24338483, 0.27959210, 0.17016998, 0.21966262, 1.05738114,-0.21858786
Lignoceric acid, 0.260499966, 0.265988234, 0.474138671, 0.055982304, 0.559190032, 0.237364034, 0.312038689
L-Leucine, 0.635098197,-0.298157792,-0.054677590,-0.105293639, 1.270665034, 0.525588608, 0.030682409
"l-Leucine, n-butoxycarbonyl-N-methyl-, hexadecyl ester",-0.35881245,-0.67691476, 0.45374751, 0.16188060, 0.44291193,-0.66875338, 1.67562303
L-Lysine,-0.56390200,-0.24442257, 0.56202369, 0.82657291,-0.45546151,-0.39639999,-0.38754233
L-Norleucine,-0.47482439, 3.83252738,-0.47352983, 0.13350591,-0.47417858,-0.47276133,-0.47388834
"l-Norvaline, n-propargyloxycarbonyl-, isohexyl ester",-1.561311461, 0.451946631, 0.422188685, 0.871563327, 0.278281183,-1.546388210, 1.117245522
L-Ornithine,-0.27111872,-0.08242763,-0.24636197,-0.27067963,-0.27094239,-0.27055542, 6.57487592
L-Pyroglutamic acid,-0.42719277, 0.89932184,-0.42666231,-0.42653382,-0.42692814,-0.42634741,-0.33659644
L-Serine,-0.291819033,-0.291730565,-0.291748798,-0.291731784,-0.291783995,-0.291707103,-0.283851123
L-Threonine, 1.44787597,-0.44206112, 3.40114383,-0.44206896,-0.44240444,-0.25890946,-0.44230325
L-Tryptophan, 0.71312077,-0.60026886,-0.56238717,-0.83692558,-0.11615157,-0.14974757,-0.57807211
L-Tyrosine,-0.112836497,-0.490984682,-0.633605255,-1.420002382,-0.241823986, 1.461380505,-0.253044000
Luciferin, 1.15345024,-0.31025211,-0.31165454,-0.24940350,-0.31436192, 1.05798979,-0.31315066
Lupinine,-0.82774469,-0.78074711, 0.25316295,-0.78139476,-0.80913106,-0.76828315, 0.17480848
L-Valine,-1.01518704,-0.90854164,-0.38807447, 0.14117085,-0.51811930, 0.44794172,-0.47851863
L-Val-L-Leu,-0.45445102,-0.44004226,-0.44301177,-0.44024082,-0.44874436,-0.43622099,-0.44617965
Malic acid,-0.165639466,-0.527238454,-0.378669495,-0.221604726,-0.471455893,-0.639329570,-0.880144117
Maltol,-0.763625947,-0.233257881,-0.342561776,-0.240566605,-0.553570970,-0.092601976,-0.459167424
Methanesulfonic acid, 1.84232402, 0.28132056, 0.31072800,-0.53239073, 0.38631165, 0.03650181,-1.00215850
Methyl lactate,-0.006428161, 0.566271151,-0.333077898, 0.039859557,-0.080511579,-0.607669772,-0.031459444
Methylsuccinic acid,-0.37260083,-0.33291021,-0.34109008,-0.33345717,-0.35688116,-0.32238409,-0.34981638
Methylthiouracil, 1.6352976017, 0.2034083876, 0.2259146655,-0.5210278244, 0.1335456191,-0.3233858881,-0.7714044738
Mevalonolactone,-1.17786740, 0.05857043, 0.78299136, 0.81771527, 0.02588057, 0.31940969, 1.24371446
Monocaproin, 0.905532357,-0.744831913, 0.299358992, 0.085461205,-0.697690073, 0.139951658,-0.748183606
m-Toluic acid,-0.96884872, 0.05449790, 0.15364981, 0.24943442, 0.44780212, 0.54418379,-0.42190250
Myristic acid, 0.326791156, 0.545015727, 0.253790238, 0.476449114, 0.177817049, 0.224913733, 0.552620351
"N,N-Dimethyl-2-aminoethanol", 1.05655387,-0.31883114, 0.62244435,-0.70225874,-0.07103798, 0.18012583,-1.38905486
"N-[(3,4,5-Trimethoxyphenyl)methylidene]hydroxylamine",-0.239360506,-0.237482838,-0.237869808,-0.237508713,-0.238616846,-0.236984873,-0.238282628
N-Acetylaminoethanol,-1.16516844, 0.14529939, 0.75023681, 0.94629160,-0.48535610, 0.62926724, 1.06251031
N-Acetylaspartic acid,-0.64285379,-0.72167133, 1.25905948, 0.26859995,-0.21761902, 0.23853692,-0.89886497
N-Acetyl-L-alanine,-0.818946577, 0.255185923, 0.060280105,-0.019702578, 0.335709202, 0.232544164, 0.374905034
"Naringenin 4',7-dimethylether",-0.488650967, 1.551682219,-0.032836894, 0.212185438, 0.720046520, 2.547213625, 0.925199208
N-Caffeoyl-O-methyltyramine, 1.13686436,-0.81643435,-0.29813742, 0.19283851,-0.81646583, 1.21611765, 2.14890647
N-Ethylamphetamine, 0.42100527, 1.18817106, 0.49635115, 0.96281126, 0.26608383,-1.90615147, 0.12639317
N-Ethyldiethanolamine, 0.21802949,-0.08345931, 0.35261693, 1.26605998, 1.33833915,-0.55196065,-0.35888722
Niacin, 0.251868935,-0.326736754, 0.351470556, 0.530270604, 0.388772008,-0.145806223,-0.638094411
Niacinamide,-0.55018116,-0.72866954, 0.45883700,-0.32009322,-0.60559394,-0.44130125,-0.06960081
N-Isobutyrylglycine,-0.694075591,-0.852421728, 0.705931437, 0.873117498,-0.089775457,-1.133755827, 0.549497258
N-Methyl-1-[(trimethylsilyl)oxy]-1-{4-[(trimethylsilyl)oxy]phenyl}propan-2-amine,-1.70496814,-0.01687704, 0.80879730, 0.89851547, 1.24427419, 1.32883939, 0.12177229
N-Methylacetamide, 0.636822359, 1.271641826, 0.185930729, 0.013760120, 0.376614835,-0.408900767,-0.161428954
Nonanoic acid,-0.27754955, 0.24838625, 0.01692031, 0.43572213,-0.24075541,-0.14984418,-0.49778135
Norephedrine,-0.541164428,-0.537702396,-0.538415888, 1.235099428,-0.539793272,-0.211347194,-0.040627152
Norketamine,-0.858366654,-0.078297672, 1.629596238,-0.179716597,-0.732494283, 0.774575798, 0.987005439
"Norleucine, N-trimethylsilyl-",-0.2589346,-0.2491895,-0.2511979,-0.2493238,-0.2550750,-0.2466050,-0.2533404
Octacosanol, 1.866434156,-0.756172447,-0.759571040, 1.775930968, 1.013092955,-0.751799026, 1.377320926
"Octadecanoic acid, octyl ester",-0.36929798,-0.25674061,-0.27993763,-0.25829171,-0.32471906,-0.22688991,-0.30468427
Octadecanoic acid, 0.53925452,-0.66755581, 0.54946735,-0.66770994,-0.67431087,-0.66458953, 0.68230117
Octanoic acid, 2.39847979, 3.81647806, 1.94779965, 2.74720995,-0.59169731, 2.64987389,-0.59050270
Octocrylene,-0.28986469,-0.28294507,-0.28437114,-0.28304042,-0.28712414,-0.28110995,-0.28589247
Oleamide, 0.271920450,-0.132837468, 1.198437740,-0.128056102, 0.220984554, 0.198850864,-0.429109718
Oleic Acid, 1.931962560, 1.667043015,-0.374471354,-0.373377733,-0.376733855,-0.371791214,-0.375721633
Olomoucine,-0.263925843,-0.250540928,-0.253299434,-0.250725379,-0.258624679,-0.246991191,-0.256242214
Oxalic acid,-1.002597408,-0.562888782, 0.028777197, 1.349003075,-0.159569384,-0.318303395,-0.376496604
"Oxalic acid, di(cyclohexylmethyl) ester",-0.2598526061,-0.2451943701,-0.2482152954,-0.2453963676,-0.2540471370,-0.2413069425,-0.2514380254
"Oxymorphone, bis(trimethylsilyl) ether", 1.0507249999, 0.5126101340, 0.7875445973,-1.3607750492,-0.3053909649, 0.0316287487,-0.1977036675
Palmitic Acid,-0.298367664,-0.379505898,-0.379580937,-0.379510915,-0.322850367,-0.345758739,-0.348705866
Pentadecanoic acid,-0.23529247,-0.20933304,-0.21468304, 4.61707705,-0.22501110,-0.20244849,-0.22039042
Pentanedioic acid,-0.101459600, 0.776977478,-0.393150924,-1.701619588, 0.832789734, 0.592388607,-0.381336982
Pentanoic acid, 0.23801532, 0.29064128, 0.76676497, 0.48124882, 0.02217846, 0.23684720,-0.64324464
"Phenol, 2,4-bis(1-methyl-1-phenylethyl)-",-0.50297646,-0.13902839, 0.45924837,-0.16298184, 0.77720977, 0.55487727, 0.45490911
Phenol, 3.104020745, 2.588160892, 1.214223394, 2.542001286, 2.710769595, 0.144973337, 1.816189904
Phenoxyethanol, 1.113661517,-0.017306302, 0.002006558,-0.217278023, 0.405756866, 0.245663179,-0.389543936
Phosphoserine,-0.22284777,-0.22197530,-0.22215511,-0.22198732,-0.22250222,-0.22174391,-0.22234693
Phthalazin-1-one,-0.36589086,-0.36513203,-0.36528842,-0.36514249,-0.36559032,-0.36493079,-0.36545525
Phthalimide,-0.263638247,-0.262274841,-0.262555826,-0.262293629,-0.263098263,-0.261913260,-0.262855582
Phytanic acid, 0.980426971, 1.597182110,-0.331880071, 1.452704044, 0.440002736,-0.124014660, 0.400284644
Picolinic acid,-0.717593410,-0.312578607, 0.495523863, 0.590143839,-0.370425570,-0.354632193, 0.103347936
Pinosylvin, 1.31492184,-0.30933480, 0.20184165,-0.75037112, 0.25037882,-0.11878050,-0.74935656
Pipecolic acid,-0.493534802,-0.349298041, 0.485018403, 0.752341822,-0.165968030, 0.878169953, 0.879796930
"Piperazine, 1-(4-acetylphenylsulfonyl)-4-methyl-",-0.5918131,-0.5662397,-0.5715102,-0.5665922, 1.5218587, 0.9360160,-0.5771327
Praziquantel,-0.21968954,-0.21607990,-0.21682382,-0.21612964,-0.21825993,-0.21512261,-0.21761742
Pro-Ala-Lys, 7.9247955,-0.2429694,-0.2429709,-0.2429695,-0.2429737,-0.2429675,-0.2429724
Prometryne, 0.14310894,-0.28767845,-0.28789563,-0.28769297,-0.19372226,-0.28739897,-0.28812733
"Propanoic acid, 3-[(tert-butyldimethylsilyl)oxy]-2-methyl-",-0.97877643,-0.87068395,-0.20466167, 0.25000117,-0.41197547,-1.21082789,-0.52503826
"Propanoic acid, dimethyl(isopropyl)silyl ester",-0.44145192,-0.08017262,-0.38143543,-0.15274759, 0.01965360,-0.23493733,-0.39552994
Propanoic acid,-0.48571056,-0.48414793,-0.42049716,-0.40952854,-0.31208314, 0.60407106,-0.48481353
"Propionic acid, 3-iodo-, octadecyl ester",-0.276642235, 5.375639229,-0.259819880, 4.809418183, 4.587522092,-0.249833486,-0.264478508
Propylene glycol, 1.01071688,-0.80116099, 0.43085543,-0.12310205, 0.50794496, 0.10670139, 0.06903505
Prostaglandin,-0.605531420,-0.442926476, 1.807248301, 1.348923447,-0.604763944, 2.695699324, 1.746940438
"Pyrazole[4,5-b]imidazole, 1-formyl-3-ethyl-6-beta-d-ribofuranosyl-",-0.189647243,-0.184846464,-0.185835859,-0.184912621,-0.187745870,-0.183573276,-0.186891349
"Quinoxaline, 2,3-diphenyl- ",-0.001069277, 0.322675698, 0.672026668,-0.146193425,-0.297161674,-0.297109331,-0.297150954
Salsoline, 1.18640912, 2.57712859,-0.54089009,-0.53407079,-0.54144930,-0.53966188,-0.53868978
Sarcosine, 1.404649935,-0.413446452,-0.004225206,-0.413472602, 1.722965596,-0.386032332,-0.393190167
Simetryn,-0.23243397,-0.14113886,-0.15995393,-0.14239695,-0.19627608,-0.11692700,-0.18002589
Spiroxamine,-0.24825847,-1.05769477,-1.06137532,-1.05794087,-0.19751332, 0.98894467, 1.71280176
Stearic acid,-0.347681987,-0.341692519,-0.312753907,-0.316829733,-0.350701827,-0.308628013,-0.352223314
Suberic acid,-0.92969602, 0.45749469, 0.48989098, 0.32608975, 0.63133996, 0.87745355, 0.35146527
Succinamide,-0.48131842,-0.45190941,-0.45797033,-0.45231468,-0.46967083,-0.44411001,-0.46443614
Sulindac,-0.4056317700,-0.3911921012,-0.3941679818,-0.3913910867,-0.3999128656, 4.8274800664, 3.6714746251
Supraene,-0.01276833,-0.50118340, 1.84008394,-0.52777094, 0.13950316, 0.00673204, 0.13277961
Synephrine, 1.181481094, 0.691501822,-0.087984688, 0.023394276, 1.441356676, 0.364713194, 0.330927743
Taurine,-0.385085388,-0.381913567,-0.382567250,-0.381957277,-0.383829173,-0.381072387,-0.383264600
tert-butyl(dimethyl)silyl-2-([tert-butyl(dimethyl)silyl]oxy)hex-2-enoate,-0.20678042, 8.83301034,-0.19826442,-0.19620157,-0.20253207,-0.19320899,-0.20062276
tert-Butylamine,-0.3077564,-0.2943132,-0.2970838,-0.2944985,-0.3024322,-0.2907481, 1.2788301
"Tetrahydro[2,2']bifuranyl-5-one",-0.31643630,-0.28377630,-0.29050722,-0.28422637,-0.30350114,-0.27511472,-0.05904331
Tetrahydro-solasodine triacetate, 0.90653719, 1.21121744, 0.38896085, 0.68135191, 0.59789629, 0.32928968,-0.04994316
Theobromine,-0.21244318,-0.18534935,-0.19093313,-0.18572271,-0.20171253,-0.17816395,-0.19688993
Thymol,-0.202409603,-0.120345262,-0.040660274, 1.663448185,-0.124103532,-1.045727087,-0.380095204
Triethyl citrate, 0.211370950, 0.482386752, 0.314102076, 0.144947555, 0.194765350, 0.100317958, 0.190716688
Trimethylolpropane, 0.79477923, 1.00579434, 1.36515712, 0.65105759, 0.27699564, 2.79711249,-1.00821383
Tromethamine, 2.195923193,-0.723993792,-0.724883715,-0.724053297, 2.046708972, 2.172819182, 2.862879157
Tyr-Val, 0.07979136,-0.35702811,-0.35726117,-0.35704370, 0.07291158,-0.05678447,-0.35750980
Uracil, 0.070712023,-0.297745456,-0.349325634, 0.256478712,-0.538257940,-0.251483733,-0.426112405
Urea,-0.962639236,-1.273555590, 0.751532154, 1.839853560, 0.495286073, 0.355422758, 0.843730804
Vanillylmandelic acid,-0.19918596,-0.54143632, 0.53040648, 1.01482396, 1.51338766, 2.88942503,-0.32786851
"Weberine, 5-desmethoxy-",-0.408479062,-0.387219728,-0.391601077, 3.060799642,-0.400059194, 2.563471694,-0.396275112
Xylazine,-1.073868124,-0.006174870, 0.726473513, 0.009258618,-1.227299739, 0.270413219, 0.402557507
Yangonin, 1.988704811, 0.870409026,-0.133197178, 0.511936648, 1.797200555, 0.506782798,-0.246133825
