,935_CTR_LPS_CSF_070224,936_CTR_LPS_CSF_070224_2,937_CTR_LPS_CSF_070224,938942_CTR_LPS_CSF_070224,939940.2_CTR_LPS_CSF_070224,940934_CTR_LPS_CSF_070224,941_CTR_LPS_CSF_070224,942_CTR_LPS_CSF_070224,943_CTR_LPS_CSF_070224
Label,LPS_CTRL,LPS_CTRL,LPS_CTRL,LPS_CTRL,LPS_CTRL,LPS_CTRL,LPS_CTRL,LPS_CTRL,LPS_CTRL
"(2,5-Dimethoxyphenyl)acetone",-0.063486176, 0.229468399, 0.483351047,-0.104628269, 0.581216384, 0.189756135, 1.585360514, 0.440023539, 0.742603295
"(2R)-Pyrrolidine-1,2-dicarboxylic acid, bis(tert-butyldimethylsilyl) ester",-0.71447066,-0.53063023,-0.43251031, 0.38849677,-1.29270190,-0.28685997,-0.69360230, 0.34150514, 1.40081053
(4-Fluorophenyl)phenylmethanol,-0.30697688,-0.30190106, 4.65796898,-0.31327158,-0.31195287,-0.30745617,-0.30645003,-0.30270391,-0.30730125
"(9H-fluoren-9-yl)methanol, O-methoxycarbonyl-",-1.371961e-01, 5.674481e-01, 5.904929e-05, 3.502546e-01,-5.826875e-02, 8.546811e-01,-4.731350e-01,-8.326686e-01,-3.633233e-02
"3,4,5-Trimethoxyamphetamine", 0.855111850, 2.363145608, 0.719049899,-0.713727894, 1.527239281, 0.548040231,-0.701540764,-0.713628757, 0.697746862
Oxypeucedanin,-0.24674395,-0.24666048,-0.24678057,-0.24684746,-0.24682577,-0.24675183,-0.24673528,-0.24667368,-0.24674928
"1-(1-Hydroxybutyl)-2,5-dimethoxybenzene ",-0.785527729,-0.089639637,-0.149386811, 0.123539328, 1.553962510,-0.785542029,-0.785512009, 3.160151652, 5.290594853
"1-(2,4-Dimethoxyphenyl)-propan-2-one", 0.257346939,-1.394788600, 0.403702057, 0.869529711, 0.506880124, 2.479584025, 0.387370980,-0.007336226, 0.274477585
"1-(2,5-Dimethoxyphenyl)-1-[(trimethylsilyl)oxy]propan-2-amine", 0.347811137, 0.585360266, 0.731499394, 0.097231982, 0.401501225, 0.770713125, 0.769446471, 0.143284889, 0.173770196
"1-(4-Methoxyphenyl)-4,6-dimethyl-2(1H)-pyrimidinone",-0.6878086773, 1.0505402438,-0.0489059469, 0.7431273872, 0.4981084832,-0.1385192978,-0.8069773876, 0.4126417636, 0.8976856003
1-(Cyclohexylmethyl)-4-piperidinylamine, 1.79341423,-0.71933176,-0.37689525, 0.44454882, 3.08641651,-0.59618500,-0.76078979,-0.08299283, 0.06780259
1-(tert-Butyldimethylsilyl)-4-methyl-1H-pyrazole, 0.067570984, 0.116886245, 0.884666854,-0.597434145, 0.115325880, 0.001784961, 2.711804203,-0.334308924,-0.020175535
"1,2,4-Butanetriol, (S)",-0.191739674, 3.798976883,-0.192235195, 1.114171112, 0.422163197,-0.191846302,-0.191622464,-0.190789055,-0.191811837
"1,2-Benzenedicarboxylic acid, butyl octyl ester",-0.24487404,-0.24440682,-0.24507907,-0.24545346,-0.24533208, 0.80086790,-0.24482555,-0.24448072,-0.24490390
"1,2-Bis(trimethylsiloxy)cyclohexene",-0.29776241,-0.28427172,-0.30368230,-0.31449269,-0.31098776,-0.29903626,-0.29636211,-0.28640555,-0.29862452
"1,2-Cinnolinedicarboxylic acid, 1,2,3,5,6,7,8,8a-octahydro-4-trimethylsilyloxy-, diethyl ester",-0.2369818812,-0.2367930891,-0.2370647257,-0.2372160091,-0.2254643268,-0.2369997079,-0.2069842509,-0.2368229505,-0.2369939459
"1,2-Cyclohexanediol, (Z)", 0.38252445, 0.71920207, 0.95240367, 0.05603690, 0.22403937, 0.53650392, 0.47326655, 0.12635973, 0.24436474
"1,3-Butanediamine",-0.202554213,-0.201290970,-0.203108541,-0.204120806,-0.203792611,-0.202673495,-0.202423092,-0.201490778,-0.202634940
"1,3-Oxazolidine, 2,5-diphenyl-4-methyl-, trans-",-0.055182503,-0.359104037, 0.198143634,-0.598313202, 0.247470567,-0.482491947, 4.149887743, 0.794859838, 0.404088283
"1,3-Propanediol",-0.31370139,-0.30483019,-0.31759419,-0.32470288, 0.63660275,-0.31453905,-0.31278059,-0.30623335,-0.31426830
10-Undecynoic acid, 6.076002556,-0.331128606,-0.334311673,-0.336084428,-0.335509668,-0.333549788,-0.333111264,-0.331478524,-0.333482267
"13-Docosenamide, (Z)", 0.612384819,-0.358636131,-0.373085987, 0.712340963,-0.378524406,-0.369627332,-0.367636608, 0.821372519, 1.639771939
1-Butanol, 0.8537486, 0.4916465,-0.9488684, 0.6119317, 0.2045946, 0.6654863,-0.9447728,-0.9392022,-0.9460386
"1-Heptanol, 2-propyl-", 0.28828010, 0.18913128, 0.10374827, 0.18463787, 0.02299857, 0.39391198, 0.29409410, 0.06490440, 0.08750547
1-Hexacosanol,-0.19828325,-0.18694042,-0.20326064, 8.00922608,-0.20940300, 2.89205799,-0.19710590,-0.18873452,-0.19900811
1-Octadecanol, 0.59001195, 3.13744108, 0.18659500,-0.09102470,-0.39073016,-0.71429569, 3.24391926, 0.83680348,-0.71362755
"1-Octanol, 2-butyl-",-0.39112261, 0.08401336, 0.25066531,-0.40840328,-0.02720745, 0.74440588, 4.25319936, 0.42919617,-0.41768942
"1-Pentene, 1,3-diphenyl-1-(trimethylsilyloxy)-",-0.265583622,-0.262963487,-0.266733372,-0.268832945,-0.268152224,-0.265831028, 2.043786899, 4.313428033,-0.265751060
"2(1H)-Quinolinone, 3-[3-(4-methoxyphenyl)-1-oxo-2-propen-1-yl]-4-phenyl",-0.20149548,-0.20133795,-0.20156461,-0.20169084,-0.20164991,-0.20151036,-0.20147913,-0.00276171,-0.20150555
"2(5H)-Furanone, 4-(hydroxymethyl)",-0.3225871403, 0.6944853123, 0.1758566395, 0.0087848153,-0.2638173187, 0.0918650693,-0.7481065658, 0.4780127599, 1.4559628772
"2-(Ethylamino)ethanol, N-acetyl", 0.078696939, 0.838780802, 0.391292622,-0.450227157,-0.013104618, 0.297464914, 2.712925363, 0.026120201, 0.001041476
2-(Methylamino)ethanol, 0.637120903, 1.065539915, 0.729210728,-2.354440765,-0.069036896, 0.474911823, 2.792200289, 0.361353256,-2.370096375
"2,2'-Bipyridine",-0.104938358, 0.333928574, 0.407402875,-0.573337243,-0.604796283, 0.197836596, 1.104157844,-0.315353832,-0.417045241
"2,3-Butanediol, O-(trimethylsilyl)-, monoacetate",-0.22406855, 1.08511763, 0.29208713, 0.58384344,-1.09904130, 0.14199332,-1.39857129, 0.28838197, 0.59715007
"2,3-Dihydroxybutanoic acid", 0.36530783,-1.60753506, 0.51721628, 0.32079628, 0.68773517, 0.81805638, 0.02678670, 0.40607939,-1.60928522
"2',3'-Di-O-acetyladenosine",-0.59439002, 0.31310034,-0.08555611,-0.59484059, 0.12800116, 0.17407225,-0.59435231,-0.59408417, 0.70266858
"2,4,4'-Trihydroxybenzophenone",-0.630928617, 0.071508860,-0.103030200,-0.309928215, 0.325861719,-0.557095983, 3.654151083, 0.037566820,-0.268872027
"2,4,6-Cycloheptatrien-1-one",-0.701351671,-0.700485113,-0.701731928,-0.440494499, 0.937155732,-0.253335457, 5.766089519,-0.569786618,-0.383995169
"2,4-Dihydroxyacetophenone",-0.3950634,-0.3950599,-0.3950650,-0.3950678,-0.3950669,-0.3950638,-0.3950631,-0.3950605,-0.3950637
"2,4-Dimethoxybenzaldoxime", 1.0436010, 5.6852055,-0.3023684,-0.3039520,-0.3034386,-0.3016879,-0.3012961,-0.2998376,-0.3016275
"2,4-Di-tert-butylphenol",-0.912562808,-0.906049541,-0.915420915,-0.454621662,-0.918947971,-0.913177823,-0.781603273,-0.907079747,-0.912979033
"2,4-Imidazolidinedione, 5,5-dimethyl",-0.068834581,-0.387309135, 0.067291380,-0.295305442, 0.215892294,-0.377466274, 3.396258738,-0.548136118,-0.512172044
"2,5-Bis((tert-butyldimethylsilyl)oxy)-4,4-dimethyl-4H-imidazole", 0.34756221,-0.52893860, 1.22884165, 0.05367379, 0.70091846, 1.11998210, 1.91540689,-0.73520382,-0.91335205
"2,5-Dimethoxybenzhydrazide",-1.01710773, 0.53492130, 0.79204648, 0.53349054, 0.62577479,-1.00131813,-0.30687181, 1.34212942, 2.20850438
"2,5-Dimethoxybenzonitrile",-0.81763411, 1.17303149, 0.71398010, 0.21234392, 0.43965380,-0.30396194,-0.23538450, 0.70674648, 1.16488543
"2,5-Dimethoxyphenol",-0.85735695,-0.51750545, 0.85045605,-0.24225387, 0.85029271,-0.32612801, 0.87582673, 0.68507356, 1.51090109
"2',5'-Dimethoxypropiophenone",-0.74005530, 1.30574372, 0.34527063, 0.48036898, 0.32501698,-0.04731207,-0.42988337, 0.57409052, 1.21923204
"2,6-di-tert-Butyl-4-(dimethylaminomethyl)phenol", 1.088172776, 0.810077199, 1.340240844,-0.224908771,-0.263850947,-0.645589147, 1.623959588,-0.845585915,-0.853817204
"2-Allyl-1,4-dimethoxybenzene", 0.093093962, 1.163523400, 0.800652975, 0.151016913,-0.082657004, 1.428747813, 1.422841403,-0.380587842, 0.257805718
2-Amino-4-methylbenzophenone,-1.19906202, 0.02391660, 0.61195385, 1.01486136, 0.71292842,-0.21322552,-1.55659726, 0.15102507, 1.94729126
2-Aminoquinolin-8-ol,-0.505131986,-0.492367880,-0.510733043,-0.520961209, 0.908282112,-0.506337237,-0.503807110,-0.494386785, 2.382068248
2-Butanol,-0.277745443,-0.276363238,-0.278351972,-0.279459564,-0.279100462,-0.277875958,-0.277601974,-0.276581862,-0.277833772
2-Buten-1-ol,-0.876300180,-0.873700994,-0.877440737, 1.124105528,-0.878848245,-0.876545608, 1.629835375,-0.874112108, 1.644947423
"2-Butene-1,4-diol",-0.22592187,-0.04208087,-0.43946572,-0.43948671,-0.31139720,-0.43945671,-0.15725872,-0.26109540,-0.43945591
2-Butenedioic acid, 2.662047421,-0.062641860,-0.285470082,-0.533204537,-0.233138017,-0.685422630, 2.257974434, 1.906490110, 0.308846895
"2-Butenoic acid, 3-[(tert-butyldimethylsilyl)oxy]",-0.09910081, 0.90509450, 1.43726594, 1.34276128, 0.47807154, 0.44412998,-0.54059959, 1.02366468, 1.93073431
2-Butoxyethanol,-1.44191903, 0.85981948, 0.58663140,-0.12364101, 0.15601274, 0.33706087, 1.65998700, 0.10345768, 0.03242193
2-Cyanobenzaldehyde, 0.17546124, 0.94933669, 0.30445129, 0.12751349,-0.34123824,-0.33310525, 1.35986412,-0.32451006, 0.79046058
"2-Cyclohexen-1-one, 3-methyl-6-(1-methylethyl)", 0.106338342,-1.632924847, 0.705549450,-0.595176596, 0.670408451,-0.040441281, 2.352352989,-0.376190341,-0.561762125
"2-Cyclohexen-1-one, 3-methyl-",-0.207246294, 1.628852099, 1.138111201, 1.083650559, 2.025573468, 0.844476235,-0.271047415, 2.621077974, 2.428609949
2-Decanol, 0.50495348,-0.92308289, 0.80470800, 0.06972143, 0.12763963, 0.56063241, 1.47948311, 0.22546786, 0.11394673
2-Ethyl-1-butanol,-1.01874118, 1.43456730, 1.67252157, 1.05628022, 0.68883570, 0.98321308,-1.01770900,-1.01036985, 1.61505636
2-Ethylhexanoic acid, 0.41889340, 1.40408142, 1.35324544,-0.16448685, 0.34842839, 1.22577162, 1.95010311, 0.16742941, 0.49764336
2-Ethylhexanol,-0.2135220829,-0.2009504898,-0.2190386626,-0.2291125630,-0.2258464165,-0.2147091560, 5.2479453599,-0.2029389447,-0.2143254612
"2-Furancarbodithioic acid, methyl ester",-0.24087459,-0.22768049,-0.24666433,-0.25723707,-0.25380919,-0.24212044,-0.23950508,-0.22976740,-0.24171775
2-Furoic acid,-1.15534458, 1.61311645, 1.58649500,-0.06727544,-0.66669156, 1.44175933, 0.36464130,-1.14926443,-0.04625909
2-Hexanol, 0.06648506,-1.80168678, 0.66976176, 0.43881263,-0.36206178, 0.36412427,-1.82179094, 0.46460730, 1.20485528
"2'-Hydroxy-2,4,4',5-tetramethoxychalcone",-0.372819746, 1.547092671, 1.289413074,-1.189025438,-0.447802434,-0.622277725, 0.163266079,-0.014999779, 1.020723538
"2-Hydroxy-2',4',6'-trimethoxychalcone",-0.2924939,-0.2914883, 0.2937932, 3.6845654,-0.2934796, 0.2520239, 1.3206618,-0.2916474,-0.2925581
2-Hydroxy-3-methylbutyric acid, 0.36033447, 2.15003406, 1.43111676, 0.95025409, 0.37523323, 0.67532788,-1.53715809, 0.54893115, 1.23889023
"2-Hydroxymethyl-17alpha-methylandrosta-1,4-diene-11alpha,17beta-diol-3-one",-0.23209672,-0.23184947,-0.23220522,-0.23240335,-0.23233911,-0.23212007,-0.23207106,-0.23188858,-0.23211252
2-Isopropyl-5-methyl-1-heptanol,-0.31809304,-0.30651394,-0.32317410,-0.33245269,-0.32944439,-0.09675319,-0.31689116,-0.30834542,-0.31883299
"2-Methyl-1,3-butanediol", 0.309633404,-0.026469187, 0.439863680,-0.347470354, 0.786284550, 0.048573738,-0.010059553,-0.675574839,-0.146063174
2-Methyl-3-pentanol, 0.01651300, 0.69604276,-0.02572649,-0.55191348, 0.25791833, 0.44448344,-0.53851891, 0.79922989, 0.66919555
"2-Methylcyclohexanol, (Z)",-0.27721239, 1.07502363,-0.17234327,-0.50117558,-0.72937464,-0.06359401, 0.03041305,-1.06804140,-0.72438233
"2-Methylcyclohexylamine, tert.-butyldimethylsilyl ether", 0.056433801,-0.615269988, 0.518806593,-0.052632062, 0.743310580,-0.086100120,-0.631724296, 0.227019629, 0.263574656
2-Naphthol, 0.362173180, 0.368948031, 0.976586876,-0.020358742, 0.483682813, 0.713579258, 2.586906199,-0.449359825, 0.020570126
2-Norbornanemethanol, 2.30574003, 1.06583463,-0.24749550,-0.24768012,-0.24762026,-0.24741615,-0.24737048,-0.24720044,-0.24740912
"2-Oxiraneethanol, 2-t-butyldimethysilyloxymethyl- acetate", 3.74453481,-0.27796503,-0.29101090, 3.73239665,-0.29592091,-0.28788830,-0.28609100,-0.27939918,-0.28761156
2-Pentadecanone,-0.19337971, 0.58948704, 1.29479808,-0.26204068, 0.79256783,-1.62245139, 2.02092049,-0.64842444, 0.80029672
"2-Pivaloyl-1,3-indandione",-0.30698094,-0.29755190,-0.31111853,-0.31867423,-0.31622453,-0.30787128,-0.30600223,-0.29904329,-0.30758350
2-Propyl-1-pentanol,-1.1526838146,-1.4436804107, 0.8872796411,-1.2245574089, 0.3144875383,-1.0165851599, 2.3246819263, 0.5342452302, 0.6005732262
2-Pyrrolidone-5-carboxylic acid,-0.202164688, 1.934827712, 0.095622586,-1.501403659, 1.545670635,-1.395196096,-0.813111813, 0.235259464, 1.017126307
"2-Thiophenecarboxylic acid, 4-cyanophenyl ester",-0.1925806864,-0.1915821481,-0.1930188581,-0.1938190094,-0.1935595854,-0.1926749734,-0.1924770411,-0.1917400874,-0.1926444973
"3-(4,7-Dimethoxy-2H-1,3-benzodioxol-5-yl)-2-methylprop-2-enal",-0.8350795387, 0.4067272998, 0.9297779922, 0.5226411092, 1.2259795014,-0.0355511265,-0.3666431458, 1.2290298767, 1.9449962286
3-(4-Methoxyphenyl)coumarin, 5.52424373,-0.33035485, 1.16713285,-0.33047728, 1.05746380,-0.33041466, 0.07955670,-0.33036349,-0.33041299
"3,3-Bis{4-[(trimethylsilyl)oxy]phenyl}-2-benzofuran-1(3H)-one",-0.23786813,-0.23424660, 6.74103122,-0.24235930,-0.24141842,-0.23821009,-0.23749222,-0.23481942,-0.23809956
"3,3-Dimethylacrylic acid",-0.65113328,-0.64573152, 1.09734564,-0.65783220, 0.69575375,-0.65164334, 2.17457406,-0.64658592,-0.65147848
"3,4-Dihydroxybenzaldehyde",-0.48471112,-0.47842213,-0.48747081,-0.49251032,-0.49087641,-0.48530496,-0.48405834,-0.47941686,-0.48511301
"3,4-Methylenedioxyamphetamine",-0.650153314, 2.243062842, 0.533545432, 0.264759297,-0.055498390,-0.650117323,-0.650153119,-0.646420942,-0.650019664
"3,5-Dimethoxy-4-(tert.-butyldimethylsilyl)oxybenzaldehyde",-0.20691568,-0.19611694,-0.21165431,-0.22030759,-0.21750203,-0.20793535,-0.20579480,-0.19782498,-0.20760577
"3,5-Dimethylphenol",-1.34523565, 2.59000125,-0.12075714,-0.53493049,-0.41540940, 0.13709004, 0.76458518,-0.37019179,-0.31660188
3-Amino-5-methylisoxazole,-0.09656662,-0.46044908, 0.40901386, 0.48376160, 0.82765268,-0.03302182, 2.66744038, 0.39953087, 0.09964832
3-Aminobenzoic acid,-0.0708994944,-0.0006931801, 0.8376732751,-0.0010709486, 0.5111049880, 0.7444552311, 1.4031365729,-1.0161120063,-0.9045177505
3-Buten-2-one,-0.520339753, 0.825777496,-0.039970685,-0.644514554, 0.272512735, 0.237216503, 1.009689686,-0.188105884,-0.094316609
3-Heptanol, 1.876962195, 0.598925782, 1.275768224,-0.594477587, 2.947078084, 2.357873628, 0.092297430,-0.182753674, 0.224511623
"3-Hydroxy-7,3',4',5'-tetramethoxyflavone",-0.32078370,-0.32028011,-0.32100469,-0.32140822,-0.32127739,-0.32083126, 3.14095732,-0.32035977,-0.32081589
3-Hydroxymethyl-2-trimethylsilyloxypentane,-0.851548177, 0.412627539, 0.658577735, 0.340042894,-0.851586879,-0.851551905, 0.158172648, 0.544396306, 1.234811367
3-Methyl-3-buten-1-ol,-0.31354397,-1.02966807, 1.53519964, 1.94249877, 1.25092317,-0.23819108,-1.03610502, 1.83738626, 2.57376505
3-Nonene,-0.25611643, 7.72864556,-0.25770976,-0.26061936,-0.25967601,-0.25645929,-0.25573955,-0.25305975,-0.25634847
3-Phenyl oxindole,-0.26842049,-0.26748019,-0.26883310,-0.26958658,-0.26934229,-0.26850927,-0.26832289,-0.26762892,-0.26848057
"4,4'-Dichlorobenzophenone",-0.17828126,-0.15999306,-0.18630636,-0.20096111,-0.19620977,-0.18000813,-0.17638300,-0.16288572,-0.17944996
"4,5-Dihydro-1H-pyrazole",-0.3841689427,-0.3837252804,-0.3843636275,-0.3847191441,-0.3846038790,-0.3842108355, 2.2375410177,-0.3837954547,-0.3841972946
"4-[2-(4,7-Dimethoxy-2H-1,3-benzodioxol-5-yl)ethenyl]-2-methoxyphenol", 0.696941478,-0.935879165, 0.946497467, 0.068992679,-0.750011410,-0.030171041, 1.137640752, 0.180159820,-0.937833988
4-Aminobutanoic acid,-0.094964783, 0.658061951,-0.345205691, 1.076077766, 0.159843514, 0.483310476,-0.398084183,-0.852642459, 0.025184265
4-Hydroxybutanoic acid,-0.4492354,-0.4058921,-0.4682550,-0.5029870,-0.4917262,-0.4533281,-0.4447365,-0.4127477,-0.4520052
4-Methoxyphenol,-0.93130143,-0.91050552, 2.01116178, 0.01384279, 1.96914691, 0.74697436, 3.19626492, 1.69474020, 0.64429595
"4-Methylquinoline-2,7-diol",-0.24479590,-0.24452469,-0.24491491,-0.03525424,-0.24506177,-0.24482151,-0.24476775,-0.24456758,-0.24481323
4-Methylvaleric acid, 0.053718173,-1.740034861, 0.685279497, 0.258596632, 0.406837963,-1.782569548, 3.321769174, 0.416915201, 0.786768490
4-Oxohexanoic acid,-0.07248487, 1.82832015,-1.57199885,-0.63453836, 0.82368350, 1.37141087,-0.21313191,-0.34956502,-1.55326439
"4-Phenyl-2,3-dihydro-1H-1,5-benzodiazepin-2-one",-0.347017282,-0.340114449,-0.350046336,-0.355577731,-0.353784350,-0.347669083,-0.346300789,-0.341206274,-0.347458403
4-tert-Butyldimethylsiloxy-3-penten-2-one, 0.50048893,-0.67177690, 0.76586699, 0.28612254,-0.69429924,-0.68422381, 2.30403582,-0.67357578, 0.66469181
5-Aminovaleric acid,-0.30105604,-0.29739075,-0.30266442,-0.30560149,-0.30464924,-0.30140213,-0.30067559,-0.29797049,-0.30129027
5-Azacytosine,-0.28518279, 0.94017377, 0.52781435, 0.55449483, 0.15575967, 0.19637415, 0.41093862, 0.10853163, 0.74248248
"5-Chlorovaleric acid, nonyl ester", 1.2239848938,-0.1076967685, 0.1654201369,-0.5366097177,-0.3230755802, 1.1042836695, 1.7759082582, 0.0435566806,-0.1025509289
"5-Ethyl-1,3-dioxane-5-methanol, tert-butyldimethylsilyl ether", 0.681970860, 2.923473922, 0.483681542, 0.412609833,-1.189042898, 1.999687775,-1.186392740,-1.184588617,-0.985582680
5-Ethyl-5-methylnonadecane,-0.19735908,-0.19704867,-0.19749529,-0.19774403,-0.19766338,-0.19738839,-0.19732686,-0.19709777,-0.19737892
5-Hydroxy-7-methoxy-2-methyl-3-phenyl-4-chromenone,-0.34541678,-0.34501852, 0.21583869,-0.34549621,-0.32719885, 3.86489514, 2.22344540, 0.98289156, 0.30685653
5-Nitroso-8-quinolinol,-0.51407696,-0.50927567,-0.51618383, 0.04186977, 2.96960090,-0.42229794,-0.51357860, 1.10729390, 1.27948671
"5-Nonanol, tert-butyldimethylsilyl ether", 0.49049809, 0.36268147, 0.39000744,-0.36618763, 0.14356953, 0.44880606, 2.27510911, 0.08837646,-0.08569512
5-Oxohexanoic Acid, 0.055887128, 0.273375297, 0.416725455,-0.011932508,-0.090897480,-0.034895151, 2.170755202, 0.244007257, 0.117362906
"6,7,4'-Trihydroxyisoflavone", 0.086356753, 0.277113190, 0.165682785,-0.214755387,-0.245719148,-0.407843394, 2.476123909, 0.150996673,-0.117917163
"6-Aminocaproic acid, N-(tert.-butyldimethylsilyl)",-0.28831877, 0.19133152, 0.26463168, 0.35180545, 1.84420969, 0.52353706, 2.15668074,-1.54126053,-1.55723233
"6-Methoxy-1-methyl-1,2,3,4-tetrahydroisoquinolin-7-ol ", 0.34913042,-0.88904741,-0.89887364,-0.90434619,-0.90257189,-0.89652168, 1.39920967, 0.95181701, 1.23348726
6-Methyluracil, 0.462470470,-0.142711263, 0.762706195, 0.302680702, 0.858940942, 1.048495350, 2.809087122,-0.845040693,-0.833700014
6-Nitroveratryl alcohol,-0.3849158,-0.3737351,-0.1498691,-0.3987813,-0.3958765,-0.3859715,-0.3837553, 4.2789937, 3.7712645
6-Oxoheptanoic acid,-0.142448108, 0.611164382, 0.454379125,-1.865859732, 0.020032499,-0.330846892, 2.285692865, 0.456299386, 0.516439304
"7(S),17(S)-Dihydroxy-8(E),10(Z),13(Z),15(E),19(Z)-docosapentaenoic acid",-0.29025640,-0.28665199,-0.29183806,-0.29472635,-0.29378991,-0.29059674,-0.28988227,-0.28722210,-0.29048674
7-Hydroxy-4-(methoxymethyl)coumarin,-0.71429791, 2.74268729, 1.36108126,-0.72421284, 1.33516661,-0.71505284,-0.71346805, 1.80564352,-0.71480883
8-Acetyl-7-hydroxycoumarin,-0.19143951,-0.19065467,-0.19178391,-0.19241281,-0.19220891,-0.19151362,-0.19135805,-0.19077881,-0.19148966
8-Methylnonanoic acid,-0.002996355, 0.730030941, 0.887209545,-0.435283211, 0.006025215, 0.095337211, 1.686796142, 0.250402223, 0.644751813
"9,12-Octadecadienoic acid (Z,Z)", 0.26985386,-0.27488582,-0.27522065, 5.24868167,-0.27534667,-0.27514051,-0.27509438,-0.27492263,-0.27513340
9-Ethyl-N-(trimethylsilyl)-9H-carbazol-3-amine,-0.22169502,-0.21977976,-0.22253546,-0.22407020,-0.22357261,-0.22187587,-0.22149622,-0.22008270,-0.22181741
"9H-Xanthen-9-one, 1-hydroxy-3,5,6-trimethoxy",-0.3495299,-0.3383151,-0.3544511,-0.3634378,-0.3605241,-0.3505889,-0.3483658,-0.3400890,-0.3502466
"9Z-Octadecenoic acid, (2S)-3-[(hydroxymercaptophosphinyl)oxy]-2-methoxypropyl ester ", 2.6779689826, 0.3598224119,-0.5863336091,-0.4234733088,-0.5838150000, 1.5161366659,-0.4176852717, 1.7142305775,-0.0003698871
Acetic acid,-0.078072511, 1.424529800, 2.058028977, 0.299031646, 0.346417229, 0.939642815,-0.006351076, 0.674918050, 0.096933860
Aceturic acid,-4.248716e-01, 1.268216e+00,-8.609443e-01,-1.548173e+00, 2.937147e-01,-1.528446e+00, 1.357101e+00,-1.638035e-01, 1.985746e+00
Aconitic acid, 0.0597260260, 4.8512184007, 0.4334968472, 0.3490753463, 0.9405918256, 0.1737638867, 0.8172190942, 1.1201895354, 0.2365170810
Adenine,-0.18850835,-0.37684709, 0.07018437, 0.24461516, 0.40624646, 0.37573775, 1.92835501,-0.59896250,-0.49163291
Adipic acid,-0.17517318,-0.16800432,-0.17831896,-0.18406353,-0.18220103,-0.17585010,-0.17442907,-0.16913822,-0.17563130
Adipoyl-L-carnitine,-0.07728277, 0.20248948,-0.64110468,-0.64117536, 0.03557996,-0.64107430, 3.49670446,-0.64099172,-0.64107161
alpha-Hydroxyisobutyric acid,-0.159580003, 0.177861914, 0.047430175, 0.067665184,-0.015156480,-0.039196693,-0.411027420, 0.190636152, 0.536586928
Allylescaline,-0.948933337, 0.238721894,-0.218665553,-0.249015109, 0.689007175, 0.572702163, 1.257694344, 0.431999028, 0.743888693
Aminoguanidine,-0.226653696,-0.222148429,-0.228630666,-0.232240838,-0.231070353,-0.227079106,-0.226186063,-0.222861029,-0.226941602
Aniline, 0.197855402, 0.902630164, 0.703796546, 0.065974742,-1.687153752, 1.678398312, 3.057826440, 0.564909411, 1.042923023
Azelaic acid,-1.28034805,-0.11967471,-0.09737163, 0.02983576, 0.35262315, 0.11438792, 1.05840453,-0.14849553, 0.23287962
"Aziridine, 1-(2-buten-2-yl)",-0.1822330,-0.1801063,-0.1831662,-0.1848703,-0.1843178,-0.1824338,-0.1820122,-0.1804427,-0.1823689
"Benz[a]anthracene-1,7,12(2H)-trione, 3,4-dihydro-8-hydroxy-3-methyl-, (3S)",-2.077182e-01,-2.053142e-01,-2.087731e-01,-2.106995e-01,-2.100749e-01,-2.079452e-01,-2.074687e-01,-2.056945e-01,-2.078718e-01
"Benz[c]acridine, 5,10-dimethyl",-0.26763926,-0.26566724,-0.26850461,-0.27008484,-0.26957250,-0.26782547,-0.26743457,-0.26597915,-0.26776528
"Benzaldehyde, 2,5-dimethoxy", 0.41133253, 0.74705196, 1.10873553, 0.20385303, 0.49747435, 0.72194899, 2.56088878, 0.75513783, 0.81344295
"Benzene, 1,4-dimethoxy", 0.08282067, 1.03530727, 0.58081569, 0.13379802, 0.27762684, 0.85306160, 0.95659271, 0.30964018, 0.58158961
"Benzene, 1-acetoxy-2,6-dimethoxy-4-(2-propenyl)",-0.32207824,-0.32084971,-0.32261733, 3.49295825,-0.32328260, 2.52985231,-0.32195072,-0.32104403,-0.32215675
"Benzene, 1-ethyl-3,5-dimethyl", 0.69877315,-0.58081659,-0.58500726, 1.11302396,-0.58658448,-0.58400420,-0.58342686, 1.75155843,-0.58391530
Benzeneacetic acid, 4.580877897,-0.307897020, 0.030312497,-0.324674402,-0.322728615,-0.316093661, 1.174804898,-0.309081630,-0.315865077
Benzenepropanoic acid,-0.35486905, 0.33236939, 0.30174017,-0.13103292,-0.09616158, 0.23221823, 1.24542738,-0.29779365, 0.05617643
"Benzenesulfonamide, N-butyl", 0.285950762, 0.505284799, 1.111997456,-0.101729696, 0.351981543, 0.429419830, 1.428456999,-0.010815353, 0.271455017
"Benzoic acid, 2-hydroxy-3-[(2-hydroxy-4-methoxy-6-propylbenzoyl)oxy]-4-methoxy-6-propyl-, methyl ester ", 0.06770284, 0.08006055, 0.64581427,-0.03054945, 0.37254246, 0.11612462, 3.99700635, 0.88343228, 0.97579807
"Benzoic acid, methyl ester",-1.82405622,-1.61906049,-1.69479050, 0.08248546, 0.97999166,-1.77450179, 3.59270188, 0.67333083, 0.54835416
Benzoic Acid, 0.86985060, 0.75839521, 0.92357941,-0.30738169, 0.19226204, 0.01515447, 2.99355592, 0.53457217, 0.33606704
Benzophenone, 0.27590603, 1.34788781, 0.91649108, 0.15983975,-0.73560312,-0.95647696,-0.24187945, 1.00706035, 0.75449489
Benzyl alcohol, 0.327121685, 0.157397794, 0.250177182,-0.581607643,-0.415110761, 0.577097944, 1.864891532,-0.490554614,-0.532069087
Biphenyl, 0.794795889, 0.362258284, 0.556998339,-0.536285793, 0.061687378, 1.188692109, 0.607703873,-0.155667745, 0.035109487
Butachlor ESA,-0.891022562,-0.373717763, 1.070657173,-0.169709305,-0.056209953,-0.892779143,-0.889091636, 0.863052653, 0.420470778
Butanedioic acid,-1.35889810, 1.85874057,-1.00064531, 1.14169742, 1.04158451,-1.01732515,-0.75164019, 1.13664317, 1.57542679
Butylmethylamine, 0.669225598,-1.113376084, 0.542386002,-0.963249483,-0.105251483,-1.134023380, 1.268384774,-0.438440294, 0.116801717
Butyric Acid, 0.351065917, 0.468701347, 1.178088067,-0.017661360,-0.655847253, 0.199954542, 2.878758659, 0.253857490, 0.244823740
Chlorobenzilate,-0.28676149,-0.28519516, 0.71938130,-0.28870396,-0.28829702,-0.24473910,-0.23736400,-0.28544291,-0.28686159
Cholesterol, 0.02634798,-0.13333242, 0.10505122, 0.03083742, 0.17100895, 0.43552403, 2.38906133,-0.50459869,-0.25584408
cis-2-Decenoic acid,-0.35994569, 0.51573433,-0.36404565, 0.51231055,-0.36910521, 1.20481099,-0.35897588,-0.35208023, 0.35426667
Citramalic acid, 1.52225981, 0.40029300,-0.39963821,-0.13796782, 0.21425991, 0.23853533,-0.02461970,-1.61069984, 1.81757246
Crotonic acid, 0.291969312, 0.566273476, 0.860043128, 0.221944916, 0.347283549, 0.773139237, 1.602674632, 0.163747898, 0.126096353
Curcumin, 0.074742074,-0.156192604, 0.613968557,-0.117217275, 0.003262090, 0.484656039, 2.287465330, 0.419661735, 0.495637735
Cyclobutylamine, 0.01651505, 0.17803074, 0.77592742,-0.34627593, 0.47641878, 0.28543630, 3.01853655, 0.31017668, 0.25544385
Cyclocurcumin,-0.24857895,-0.24857830,-0.24857924,-0.24857976,-0.24857959, 1.43860983,-0.24857888,-0.24857840,-0.24857899
Cycloheptanol,-0.32719554,-0.14177256,-0.11011119,-0.13654753, 0.30102610, 0.17700169, 1.03492568,-0.42124461,-0.06192401
"Cyclohexanone, 3,3,5-trimethyl",-0.35026337,-1.48014472,-0.79252587, 0.38879658, 0.20451711, 1.22166807,-0.20884878, 0.90028495, 0.79699574
Cyclooctylamine,-0.80774103, 0.58552507, 0.73169661, 0.10284278, 0.70195398,-0.44863929,-1.36431520, 0.63996018, 1.32529129
"Cyclopentaneacetic acid, 3-oxo-2-pentyl-, methyl ester", 0.202209419,-0.138120381, 0.233648801,-0.455724452, 0.116938146, 0.494995647, 2.497977850,-0.388679065, 0.122240647
"Cytosine, N-(tert-butyldimethylsilyl)-", 0.17001297, 0.56050429, 0.57627058,-0.45198486, 0.11854519, 0.64929627, 1.53244936,-0.16865611,-0.21235044
Desmethylverapamil,-0.30953054,-0.30933579,-0.30961600,-0.30977205,-0.30972146,-0.30954893,-0.30951033,-0.30936660,-0.30954298
Diacetyl monoxime, 0.049536125, 0.209041363, 0.198812012,-0.725206315,-0.020906096, 0.039096080, 2.002619488,-0.408591111, 0.281701452
Dibutyldodecylamine,-0.29974713,-0.29722395,-0.30085434,-0.30287622,-0.30222069,-0.29998538, 8.04242797,-0.29762304,-0.29990837
Diclofenac,-0.59804601,-0.59074988,-0.60124765, 0.49285014,-0.60519864,-0.59873495,-0.59728870,-0.59190391, 2.26279327
Diethylamine,-0.311347150, 0.318178543, 0.345249561, 0.504227169, 0.308220945, 0.206712674,-0.114970762, 0.876044900, 1.292827175
DL-Glyceraldehyde, 0.576773970, 0.637128317, 1.283929056, 0.441216576, 1.185411507, 0.678334889, 0.965373663, 1.305164528, 1.667457124
DL-p-Hydroxyphenyllactic acid, 0.166005821, 1.431265037, 1.409902507,-1.455121865, 0.545703244, 0.849740232,-1.447496340, 0.636570091, 0.572683363
"Dodecanoic acid, 1-methylethyl ester", 1.08908817, 0.14113108,-0.22376225,-0.63484820,-0.74834476, 1.73214507, 1.85978191,-0.26496421,-0.08015212
Dodecanoic acid, 0.349626606, 0.767500671, 0.382946354,-0.220413270, 0.237075474, 0.168844423, 1.445710069, 0.002666039, 0.024103379
"D-Streptamine, O-6-amino-6-deoxy-alpha-D-glucopyranosyl-(1-4)-O-(3-deoxy-4-C-methyl-3-(methylamino)-beta-L-arabinopyranosyl-(1-6))-2-deoxy-",-0.512498251, 2.393759384, 0.829042618,-0.979786691,-0.458206326,-0.274450249,-0.422239253,-0.360760544, 1.382499920
Durapan, 0.19721629,-0.22692015, 0.81728794, 0.25531969,-0.98889984, 0.96113655, 2.37362039,-0.87141962,-0.81595549
"Erythrono-1,4-lactone", 0.294946798, 1.377612558,-0.699769509, 0.666946084,-0.427853062, 1.456088963, 0.307302151, 1.114455098, 2.069073841
Ethanolamine,-0.818911691,-0.493453426,-0.761328379,-0.011196910,-0.526769566, 0.346351118,-0.477018832,-0.657494837,-0.702397168
Formamide, 0.34735971, 0.14896086, 0.43081166,-0.06521215,-0.12771888, 0.41412230, 1.80478284, 0.22790498, 0.19583753
Frangulin, 0.218522066, 2.928071139, 0.509148417,-0.043299515, 0.085018301,-0.262716444,-0.778852655, 2.289235655,-0.778875769
Glabridin,-0.483878408,-0.483591951,-0.484004108,-0.484233652,-0.484159230,-0.483905456,-0.483848674, 4.875628207,-0.483896713
Glyceric acid,-0.42652740,-0.42394347,-0.42766126, 2.98708392,-0.19330853,-0.42677139,-0.42625920, 3.71628308,-0.42669252
Glycerol,-0.1762854761, 0.4086632378, 0.6762596094, 0.1344134976, 0.4358783420, 0.3310746448, 2.0693188585, 0.0742642527, 0.2809251541
Glycine,-0.670491066,-0.242095439,-0.543155728,-0.588339913,-0.680754836, 0.402426797,-0.037648316,-0.741312348,-0.697970557
"Glycine, tert.-butyldimethylsilyl ester",-0.515678291, 0.592114628,-0.341431397,-0.223358861, 0.185746478, 0.444861930, 0.892559365,-0.254522576,-0.162165819
Glycolic acid,-0.02658897, 2.55102133, 0.77466471, 0.70974040, 0.42082726, 0.52470450,-0.11415866, 0.41083723, 1.10517823
Guanosine, 1.2573705,-0.3318669, 0.8433339, 0.5883766,-0.9252785, 1.5107803,-0.9250135, 0.8674110,-0.9250545
Heptanedioic acid,-0.27186678,-0.25188981,-0.28063293,-0.29664093,-0.29145084,-0.27375311, 5.66638788,-0.25504958,-0.27314339
Heptanoic acid, 0.1511104109, 1.0452194490, 0.7685284996,-0.6008170196,-0.1696708055, 0.7257245535, 1.2861721258, 0.0276444240, 0.0267931980
Heptylamine,-1.17999478,-0.99438140, 0.92063344, 0.10681503, 0.65638368, 0.80945505, 3.68439532,-0.43301730,-0.43930139
Hexacosanoic acid, 2.38698556,-0.77094403, 1.78377051,-1.35948984,-0.45870406,-1.33825326, 1.07711295,-0.74561937,-1.33768753
Hexanoic acid, 0.15943976, 0.89936541, 0.60862388,-0.26658932, 0.13253155, 0.63528534, 1.97507420, 0.14292084, 0.26493685
Hydracrylic acid,-0.45383890, 2.94668138, 1.20718452, 0.53894557, 1.10458349, 1.17801948,-0.11779532, 0.79089645, 1.63429085
Hydroxylamine,-0.24148517,-0.22679024,-0.24793349,-0.25970886,-0.25589107,-0.24287273,-0.23995988,-0.22911455,-0.24242423
"Hymexazole, tert-butyldimethylsilyl ether", 0.25762099,-0.06984791, 1.12629687, 0.07059916, 0.45698195, 1.27604182, 2.91700434,-1.02565153,-1.01017544
Hypoxanthine,-0.11820490, 0.90539796, 0.39527755, 0.76441508, 0.44407149, 1.95682781,-0.41486487,-0.81556330,-0.40002601
Iminodiacetic acid,-0.922246940,-0.626334293,-0.278420869,-1.203211111,-0.327579697, 0.261481697,-1.158239021,-0.438481131, 0.477830526
Indoprofen,-0.217530504,-0.213733229,-0.219196797,-0.222239639,-0.221253093,-0.217889061,-0.217136358,-0.214333846,-0.217773166
Isobutanol,-0.67084193,-0.26552639, 0.71408212, 0.86965833, 0.01346937,-0.75460306,-1.05839068, 1.19402518, 2.14223159
Isonicotinic Acid, 0.063089602, 0.560469504, 0.426807009,-0.355613477,-0.071926098, 0.196038934, 2.237892077,-0.012505566, 0.076090181
Isopropyl palmitate,-0.28125725, 0.34976398, 0.47912440, 0.11855219, 0.75541253, 0.55308177, 1.27229770, 0.43663794, 1.09518154
Isopropylamine,-0.40791441,-0.78670079, 1.58293082,-0.04990220, 2.44704680, 0.31304412, 3.66223238,-0.03840992, 0.09010895
Isosorbide,-0.72156931,-0.71956697,-0.72244796,-0.72405248,-0.72353226,-0.72175838,-0.72136147,-0.71988368,-0.72169727
Ketamine,-0.212706475, 2.183029799, 0.886992725,-0.401426995, 0.677052338, 0.932703858, 2.313441462,-0.584215794,-0.777717670
"Kojic acid, bis(tert-butyldimethylsilyl) ether",-0.137139271,-0.556431712, 0.554315307, 0.136738468, 0.971979917, 0.489350647, 4.517096965,-0.670872224,-0.653500610
L-(+)-Threose,-0.4025221729,-0.4149189718, 1.4139050862, 3.3360339387,-0.4162397330, 2.8654064117,-0.4155166848, 3.5813170827,-0.4156285314
Lactic acid,-0.244632267,-0.002501601, 0.641160408, 0.775560649,-1.215647853, 0.163830329, 1.748788571, 1.222570000,-0.656069861
L-Alanine,-0.45287931, 1.99032383, 0.79747590, 0.61135349, 0.40032731, 1.24440978, 0.18415012,-0.38862605,-0.22921997
L-Asparagine,-0.41417385,-0.39456412,-0.42277885, 0.75410860, 0.63499880, 1.17115025,-0.41213842,-0.39766580,-0.41542699
L-gamma-Glutamyl-L-glutamic acid,-0.44987154,-0.44569591,-0.45170386, 3.09964797,-0.45396505,-0.45026583,-0.44943812,-0.44635637, 0.10602349
Leucylglycine, 5.491827119,-0.276605636, 0.251565941,-0.619336593, 0.547111001,-0.616927610,-0.498994610,-0.506719267, 3.059674194
Levulinic acid, 0.490272217, 0.485156650, 0.182961767,-0.486230058,-0.175625146, 0.436618555, 1.617303538, 0.144935716,-0.061060131
L-Glutamic acid,-0.40677143,-0.05721187,-0.40688076,-0.40708041,-0.06829222, 0.16422714,-0.40674557,-0.33562333,-0.02412637
L-Glutamine, 0.51203640, 1.09418652, 0.60533326,-0.65815479,-0.17845895,-0.35703235, 0.72045979, 0.97252297, 0.86635073
"L-Histidine, N,1-bis(tert-butyldimethylsilyl)-",-0.05407637, 0.78404009, 0.79593365,-2.06089448,-0.51133110,-1.32040623, 1.79891677, 0.34602870, 1.01589592
Lignoceric acid,-0.109878795, 0.432339353,-0.286389700,-0.374847110,-0.455630118, 0.405547343,-0.387700548,-0.384047053,-0.504218702
L-Leucine, 0.610918562, 0.561786266, 0.076732955,-1.125285246,-0.373443883,-0.378268544, 3.153297521,-0.342307223,-0.178869763
"l-Leucine, n-butoxycarbonyl-N-methyl-, hexadecyl ester",-0.67733884,-0.66326875,-0.68351298, 0.90774986,-0.69113220, 1.79211613,-0.67587841,-0.66549422,-0.67823798
L-Lysine, 0.23655066, 1.01661932, 0.18262894,-0.97559262,-1.27517728,-1.06972506, 2.54759773, 0.26733538, 0.07820774
L-Norleucine, 1.35189488, 4.05674689, 0.24159752, 0.78974633,-0.47394712, 0.74339682,-0.45822618,-0.47258864, 0.19724455
"l-Norvaline, n-propargyloxycarbonyl-, isohexyl ester", 0.770009126,-0.270191573,-1.552045316, 0.283204567, 0.481844984, 0.544900239, 2.068438075, 1.152938082, 2.343869825
L-Ornithine,-0.27067963,-0.07585633,-0.27076896,-0.27093207,-0.27087919,-0.21515189,-0.27065850,-0.27050827,-0.27069264
L-Pyroglutamic acid,-0.42653382, 4.19708248,-0.42666787,-0.42691266,-0.42683330,-0.42656266,-0.42650211,-0.04793942, 0.10464627
L-Serine,-0.291731784, 8.293451784,-0.291749534,-0.291781946,-0.291771437,-0.265044833,-0.291727586,-0.291697734,-0.291734369
L-Threonine, 0.41641223, 1.77295116, 1.48128769,-0.43828772, 1.09178133,-0.43147976, 0.91595431,-0.44185017,-0.44208557
L-Tryptophan,-0.26297874, 0.40715787, 0.89789284,-0.57881739, 0.30049699,-0.18006368, 1.63914292,-0.64739835,-0.84108860
L-Tyrosine,-0.892198308, 2.044749827, 1.435114616, 0.542750501, 1.184790130, 0.972516986, 1.368918613, 0.632169936,-1.421716480
Luciferin,-0.31034588,-0.30723461,-0.31171115,-0.31420428,-0.31339596,-0.31063966,-0.31002294,-0.30772672,-0.11406721
Lupinine, 0.37565447, 1.03492242, 0.97449587,-0.80804238, 0.10145602, 0.24726503,-0.77916440, 0.06545282, 1.97538356
L-Valine,-0.96610865, 1.30009619, 0.70925220, 0.43939191, 1.00630857, 2.21056417,-0.43505733,-0.66488279, 0.70894421
L-Val-L-Leu,-0.44024082, 2.09623668,-0.22898365,-0.44841059, 1.69855623, 0.27027912, 3.53158676,-0.43469501,-0.44066181
Malic acid,-0.202063344, 1.498347654, 0.150797059, 1.094697895, 1.019530830, 1.358188089, 0.377105702,-0.882030817,-0.666782475
Maltol,-0.240566605, 0.001921922,-0.346973746,-0.541285258,-0.478285840,-0.263463593,-0.215397022,-0.036432606,-0.256062653
Methanesulfonic acid,-0.06959111,-0.06117031, 0.79724757, 0.10956559, 0.50277887, 0.85293807, 2.69977862,-1.03045200,-0.97450971
Methyl lactate, 0.175217163, 0.341295550, 0.729084005,-0.165116417, 0.581169505, 1.029279994, 2.439941068, 0.148234505, 0.970902097
Methylsuccinic acid,-0.33345717,-0.31531030,-0.34142025,-0.35596174,-0.35124712,-0.33517068,-0.33157358,-0.31818060,-0.33461683
Methylthiouracil, 0.2373210609,-0.4843252822, 0.6530227341, 0.0652552744, 0.6987195911, 0.6775306773, 3.2870094228,-0.7886006939,-0.7658246213
Mevalonolactone, 0.16186067,-1.21769294,-0.54698016,-0.10831159,-0.14027631,-0.38425973,-0.77800695, 1.14476297, 3.89920636
Monocaproin, 0.472009089,-0.145502609,-0.746519051, 5.287103080,-0.231696931,-0.745280058, 4.156300995,-0.741911727,-0.745170255
m-Toluic acid, 1.03666973,-0.78201243, 0.51424342,-1.23723585,-1.00808346, 0.80196942, 0.13734806, 0.15711607, 0.67208573
Myristic acid,-0.340849172, 0.469207817, 0.359734871,-0.083379450, 0.507559012, 0.804546509, 0.591953784,-0.364777029, 0.099596790
"N,N-Dimethyl-2-aminoethanol", 0.36429962, 0.40483398, 1.32151206, 0.65593958, 1.15121636, 1.87533025, 3.11511918,-0.24447183, 0.48218552
"N-[(3,4,5-Trimethoxyphenyl)methylidene]hydroxylamine", 0.154578475,-0.236650229,-0.237885428,-0.238573351,-0.238350313,-0.237589776,-0.237419605, 0.183851633, 0.139861255
N-Acetylaminoethanol,-0.85479719, 1.17054116, 0.26613580, 0.38464377, 0.84583250,-0.49055985,-0.21239689, 1.30546362, 2.54819477
N-Acetylaspartic acid, 0.16829669, 0.89562420,-0.54238699, 1.31254635, 0.64420314, 1.23645650,-0.75481996,-1.29690671,-0.53232034
N-Acetyl-L-alanine,-0.192776417, 0.713898600, 0.409862762,-0.082039998, 0.365261181, 0.802437128, 1.311610626, 0.064871251, 0.544005222
"Naringenin 4',7-dimethylether", 0.099957216, 0.473326343, 0.435175992, 0.046851171, 0.243898305, 0.415558120, 0.165952168, 0.448155849,-0.473788928
N-Caffeoyl-O-methyltyramine,-0.81596833,-0.24792778, 2.78180434, 0.54897662,-0.81645843,-0.25966207, 0.15095106,-0.05440306, 3.73010841
N-Ethylamphetamine, 0.12227584,-0.87069008, 0.65919413,-0.21436870, 0.52291240, 0.25177722, 2.56982554, 0.18395411, 0.35322865
N-Ethyldiethanolamine,-0.23009799, 0.15003177,-0.04541242,-0.23155996,-0.67534034, 0.63261834, 2.96062883, 0.28480157, 0.13763940
Niacin,-0.020755162, 0.149182152, 0.313216931,-0.293130771, 0.217109234, 0.938181321, 2.502417354,-1.686668893,-0.029345872
Niacinamide, 0.27003626, 0.92916148, 1.14744474, 1.17688665,-1.03695050, 1.03833332, 0.66426699,-0.06580631, 0.59620769
N-Isobutyrylglycine, 0.120731663, 0.858894439, 1.546076659,-0.195830840, 0.099194711, 3.051694115,-0.382591348, 0.280997284, 0.956707432
N-Methyl-1-[(trimethylsilyl)oxy]-1-{4-[(trimethylsilyl)oxy]phenyl}propan-2-amine, 0.89866383,-0.01582579,-1.59742473,-1.64757908,-0.27040628, 0.73307136,-1.56346305, 0.62750296, 0.49413193
N-Methylacetamide,-0.805789864,-0.123170669,-0.223323276,-0.701368462, 0.182365332,-1.172500530, 2.757354831, 0.084194864, 0.146914894
Nonanoic acid, 0.40721756,-2.00395800, 2.10674997,-2.01069658,-2.00991506, 0.55637400, 2.35059171, 0.73799311, 0.88824592
Norephedrine, 0.066603092, 0.791517019, 0.476246247, 0.809314401, 0.810997919, 0.341907940,-0.537585807,-0.536417598,-0.537851256
Norketamine, 0.177750493, 0.274773928, 1.391912289, 0.419477354, 0.505517600, 0.593080529, 1.529458070, 0.099401399, 0.273326877
"Norleucine, N-trimethylsilyl-",-0.2493238,-0.2448682,-0.2512789,-0.2548492, 2.0666114,-0.2497445,-0.2488613,-0.2455730, 1.9173549
Octacosanol, 0.064229852,-0.041427626,-0.759708221, 0.025543174,-0.763791115, 0.031405304,-0.059255126,-0.750052548, 1.180738842
"Octadecanoic acid, octyl ester",-0.25829171,-0.20682958,-0.28087396,-0.32211172,-0.30874167,-0.26315102,-0.25295009,-0.21496937,-0.26158035
Octadecanoic acid,-0.66770994,-0.66259612,-0.66995396,-0.16539281,-0.01601506,-0.66819282,-0.66717914,-0.66340497,-0.66803674
Octanoic acid, 0.66086313,-0.58466794, 0.79935527,-0.59154184, 0.70359032, 0.13031906,-0.58741796, 0.95320008, 0.72588555
Octocrylene,-0.28304042,-0.27987671,-0.28442870,-0.28696385,-0.28614191,-0.28333915,-0.28271204,-0.28037712,-0.28324260
Oleamide, 0.030783491,-0.599393961, 7.203451408, 0.104697482,-0.722518993,-0.437197623,-0.164004862,-0.385376912,-0.475246594
Oleic Acid,-0.373377733,-0.370777702,-0.374518660,-0.376602124,-0.375926626,-0.373623241,-0.373107857,-0.371188950,-0.373543886
Olomoucine,-0.250725379,-0.244605688,-0.253410779,-0.258314625,-0.256724706,-0.251303231,-0.250090173,-0.245573643,-0.251116453
Oxalic acid,-0.248049457, 2.178448200,-0.305380703,-0.013640638,-0.271481343, 0.532126196,-0.076656669, 0.130171058, 1.055852555
"Oxalic acid, di(cyclohexylmethyl) ester",-0.2453963676, 5.0790886817,-0.2483372328,-0.2537075863, 5.0801365597,-0.2460291912,-0.2447007343,-0.2397545416,-0.2458246451
"Oxymorphone, bis(trimethylsilyl) ether",-0.4781530454,-0.0027461453, 0.1502055397,-0.1360807022, 0.0362451788,-0.3625841089, 4.7038777759, 0.1213397769, 0.0333406350
Palmitic Acid, 0.123405320,-0.379344442, 0.139572637, 0.058190446, 1.260268824, 0.704087178,-0.379493636, 0.034701858, 0.029177220
Pentadecanoic acid,-0.20969077,-0.19782192,-0.21489898,-0.22440977,-0.22132619,-0.21081149,-0.20845882,-0.19969922,-0.21044925
Pentanedioic acid, 0.021899739, 1.996051958, 0.289585074, 0.596481467,-0.199831337, 0.231307267,-0.308364941, 0.602870163, 0.267024327
Pentanoic acid, 0.57014890, 0.73379694, 0.64889638,-0.02015265, 0.03540811, 0.76214485, 2.17429302, 0.11378839, 0.09357912
"Phenol, 2,4-bis(1-methyl-1-phenylethyl)-", 0.40338367, 0.73810329,-0.04305224,-0.61726273,-0.57447974, 0.64726187,-1.10720536,-0.42866657,-0.35373092
Phenol,-1.278234198,-0.675530358, 0.393785762, 0.056893072, 0.437374670, 0.756946545, 0.903792140, 0.426356090, 0.534634764
Phenoxyethanol,-0.052879417, 0.016194182, 0.138919191,-0.223276675,-0.063535784, 0.066917223, 2.560757627,-0.290369914,-0.190144676
Phosphoserine,-0.22198732,-0.22158842,-0.22216236,-0.22248201, 2.46082221,-0.22202499,-0.22194592,-0.22165151,-0.22201281
Phthalazin-1-one,-0.36514249,-0.36479555, 0.78660099, 0.55798582,-0.36548261, 0.26238428,-0.36510648,-0.07193854, 0.11622737
Phthalimide,-0.262293629,-0.261670269,-0.262567168,-0.263066681,-0.262904729,-0.262352490,-0.262228927,-0.261768866,-0.262333465
Phytanic acid,-0.167608162, 0.329875044, 0.935867163,-0.385087810, 0.294331399, 0.999227996, 1.798622362,-0.240576144, 0.612279778
Picolinic acid, 0.288294077, 0.449990131,-0.352762128,-0.118939839,-0.565138539,-0.215916545, 0.365202873, 0.903070885, 2.341543407
Pinosylvin,-0.19549531,-0.32846309, 0.90696140,-0.27720538, 0.70777157, 0.07482094, 3.71369627,-0.77585533,-0.65927258
Pipecolic acid,-0.454193421, 0.744323664,-0.255634122, 0.801165610,-0.048598747, 0.574168801,-0.603963616, 0.212058864, 0.471554443
"Piperazine, 1-(4-acetylphenylsulfonyl)-4-methyl-",-0.5665922,-0.5548998,-0.5717229, 0.6015558, 1.7767298,-0.5676962,-0.5653785,-0.5567492,-0.5673393
Praziquantel,-0.21612964,-0.21447929,-0.21685384,-0.21817631,-0.21774754,-0.21628548,-0.21595834,-0.21474032, 1.90173792
Pro-Ala-Lys,-0.2429695,-0.2429662,-0.2429709,-0.2429735,-0.2429727,-0.2429698,-0.2429691,-0.2429667,-0.2429697
Prometryne,-0.28769297,-0.28721115, 6.77445290,-0.28829049,-0.28816531,-0.28773847, 0.06507912,-0.28728736,-0.28772376
"Propanoic acid, 3-[(tert-butyldimethylsilyl)oxy]-2-methyl-", 0.09461929, 3.70170038, 1.48324949, 0.71985121, 1.77301259, 1.11088648, 0.39322296, 0.20063035, 0.95718482
"Propanoic acid, dimethyl(isopropyl)silyl ester",-0.44487580,-0.38633304,-0.39134133,-0.42580451,-0.40427251,-0.30467093,-0.22908007,-0.43709376, 2.16558248
Propanoic acid, 0.46037802,-0.48345502, 0.27860599, 2.15801984,-0.48486986,-0.13892690, 0.38850457, 0.18900223, 0.17978499
"Propionic acid, 3-iodo-, octadecyl ester",-0.255744968,-0.246057067,-0.259996147,-0.267759280,-0.265242327,-0.256659749,-0.254739393,-0.247589407,-0.256364067
Propylene glycol,-0.22353170, 0.16942857, 0.45795198,-0.30119229,-0.24656555, 0.28984172, 2.24864068,-0.05447647, 0.34035683
Prostaglandin, 2.265838830,-0.602734344, 2.141140743,-0.604719056, 1.165239511,-0.144772015,-0.603528361,-0.602874480,-0.603676940
"Pyrazole[4,5-b]imidazole, 1-formyl-3-ethyl-6-beta-d-ribofuranosyl-",-0.184912621,-0.182717666,-0.185875796,-0.187634662,-0.187064405,-0.185119879,-0.184684791,-0.183064843,-0.185052888
"Quinoxaline, 2,3-diphenyl- ",-0.297126133,-0.297098598,-0.297138215,-0.038218768,-0.287369284,-0.297128733,-0.297123275, 7.889034076,-0.297127892
Salsoline,-0.54141861,-0.17116748, 0.70922806, 0.74545557,-0.51730760, 0.82571283,-0.53336312, 0.64970849,-0.54142013
Sarcosine,-0.413472602, 1.094811843,-0.413853310,-0.414548527,-0.414323125,-0.413554524,-0.413382549,-0.412742241, 0.761187036
Simetryn,-0.14239695,-0.10065610,-0.16071339,-0.19416127,-0.18331684,-0.14633833,-0.13806438,-0.10725827,-0.14506437
Spiroxamine, 0.54837917,-0.85717749,-1.06152388, 0.57697701, 1.18063034,-1.05871187, 1.01390795, 1.50291566, 1.69044064
Stearic acid,-0.194750635, 0.109701978,-0.380253004,-0.121280927, 0.236378178, 0.332652170, 0.654887044,-0.379900400,-0.146644958
Suberic acid, 0.10257594, 0.61267537, 0.45888399,-0.07823157, 0.33709888, 0.07313968,-1.02036231, 0.19334497, 0.31648778
Succinamide,-0.45231468,-0.43886864, 1.64493383,-0.46898959,-0.46549626, 2.89502464,-0.45091902,-0.44099541, 2.36005072
Sulindac, 0.4937591809, 1.8971158869,-0.3942881010, 0.2744510737, 0.2697257213, 0.9903991482,-0.1791100500,-0.3858333853,-0.3918129783
Supraene,-0.44754304,-0.52748498,-0.21908426,-0.43626411,-0.52805127,-0.30501092,-0.39433760,-0.31378472,-0.37090915
Synephrine, 0.867051823, 0.446568158, 0.678985586,-0.150050727, 1.524903446, 0.322378148, 1.989904078, 0.008852539, 0.511380831
Taurine,-0.381957277,-0.380507095, 0.855172509,-0.012182312,-0.383378936, 0.102824101,-0.381806752,-0.380736471,-0.382049949
tert-butyl(dimethyl)silyl-2-([tert-butyl(dimethyl)silyl]oxy)hex-2-enoate,-0.01623948, 0.22507173,-0.19835365, 0.26620142, 0.34407152, 0.39624681,-0.07330688,-0.19207297, 0.20214965
tert-Butylamine,-0.2944985,-0.2883522,-0.2971956, 3.5156708,-0.3005239,-0.2950789,-0.2938605,-0.2893243,-0.2948913
"Tetrahydro[2,2']bifuranyl-5-one",-0.28422637,-0.26929395,-0.29077891,-0.30274459,-0.29886509,-0.28563636,-0.28267643,-0.27165582,-0.28518061
Tetrahydro-solasodine triacetate, 0.05042882,-0.24139531, 0.43625096,-0.30476542, 0.27583708, 0.03989341, 3.21153106, 0.54300509, 0.45948405
Theobromine,-0.18572271,-0.17333520,-0.19115852,-0.20108491,-0.19786659,-0.18689241,-0.18443693,-0.17529454,-0.18651433
Thymol, 0.557681576, 0.478740238, 0.428925281, 0.001317807, 0.342533773, 0.794785160, 1.250726403, 0.333213284,-1.054421274
Triethyl citrate, 0.737365045,-1.249385796,-1.324997271, 0.269604863,-1.353454779,-1.306899237, 3.442941607, 0.742575614, 0.626820722
Trimethylolpropane, 0.54439734, 1.31545533,-1.00514706,-1.01045850, 3.39037876,-1.00286433, 1.69755190, 0.17537598, 1.83912013
Tromethamine,-0.724053297,-0.375650330,-0.348431231,-0.726501670,-0.725988745, 2.294503228, 3.641210379, 0.162947811,-0.587076758
Tyr-Val,-0.35704370,-0.35652666,-0.35727058,-0.35768489,-0.35755056,-0.35709252,-0.35699003,-0.35660844,-0.35707674
Uracil,-0.039880342, 1.821741278, 1.439224737, 0.328654160, 0.366310651, 0.256859720, 3.028347499,-0.607880665,-0.234926114
Urea, 1.072376929, 0.405054361,-0.916295713, 0.322838844, 1.414205304, 0.105416482, 2.015056401,-0.880961544,-0.009107515
Vanillylmandelic acid, 0.70311154, 0.16946891, 0.01102741,-0.24061392, 0.74877823, 0.51425578, 0.07592235,-0.53380018,-0.54146654
"Weberine, 5-desmethoxy-",-0.387512691,-0.377792753,-0.391777927,-0.399566732,-0.397041457,-0.388430497,-0.386503791,-0.379330160,-0.388133837
Xylazine,-0.260825466, 1.033166359, 1.541857846,-0.164854267, 0.015257832, 0.644003072, 1.421043325, 0.594533241,-0.194840120
Yangonin,-0.065837328, 0.626725222, 0.815342536,-2.089427847, 0.505334256, 0.125059248, 2.572045945,-0.561817468,-0.212912584
