,75_feci_100322,100_rep_110322,101_rep_110322,102_feci_100322,103_rep_110322,104_feci_100322,105_rep_110322,106_110322,Feci_DSS-T0_896_27022024,Feci_DSS-T0_897_27022024,Feci_DSS-T0_T0.5_27022024,Feci_DSS-T0_T0.6_27022024,Feci_DSS-T0_T0.7_27022024,Feci_DSS-T0_T0.8_27022024
Label,DSS_T0,DSS_T0,DSS_T0,DSS_T0,DSS_T0,DSS_T0,DSS_T0,DSS_T0,DSS_T0,DSS_T0,DSS_T0,DSS_T0,DSS_T0,DSS_T0
"1,2-Benzenedicarboxylic acid",-0.38082218,-0.77952697,-0.58343872,-0.69746082,-0.65160151,-0.47208492,-0.55092666,-0.53871465,-0.44156531,-0.66120743,-0.65518665,-0.77195645,-0.56973679,-0.67026411
10-Heptadecenoic acid,-0.67070081,-0.59790553,-0.54214098,-0.80230067,-0.61226297,-0.72398265,-0.47425026,-0.40045341, 0.51574205,-0.79860781, 0.17018701,-0.80231014, 0.88764778, 0.10275488
3-Aminobutanoic acid,-0.276578309, 0.144484048,-0.125397676,-0.200702549, 0.041075267,-0.288735944,-0.015183036, 0.013951547,-0.467713562,-0.468035298,-0.467706212,-0.468834777,-0.468254831, 0.297172874
3-Hydroxypicolinic acid, 0.0443108794,-0.7522155112,-0.1558673045, 0.2259734915, 0.0007082641, 1.0421594745,-0.2541307493,-0.5295666151, 0.8518858691, 0.5354663034,-0.0763986857, 0.2325633174, 0.2812526081, 0.5890480580
4-Pentenoic acid,-0.616036510,-0.085429394, 0.312152396,-0.173573504, 0.058200972,-0.037567578,-0.186749290,-0.367251160, 3.612930948, 3.226600688,-1.022174400,-1.029068135,-1.025525590,-1.027567794
Acetohydroxamic acid, 1.620149181,-0.397630606, 3.639986056, 0.134069410, 1.161322708, 1.003082129, 1.787796276,-0.826888951, 1.666160696, 2.723822371, 0.334414185, 1.215559779, 2.562935360, 1.577391620
Argininosuccinic acid,-0.574719437,-0.577046011,-0.582807620,-0.568459000,-0.579383548,-0.580241040,-0.577653473,-0.526055762,-0.068575158,-0.576257077,-0.575244367,-0.180246479,-0.576932656,-0.577961494
Butyl caprylate,-0.279596205,-0.334754241,-0.308819579,-0.235045794,-0.309560611,-0.270893818,-0.251584807,-0.297999907, 0.312783900,-0.553378773, 0.081994319,-0.216391391,-0.554315638,-0.555742388
Deoxyglucose,-0.49762395,-0.49766337,-0.49776100, 1.38265074,-0.49770298,-0.49771751,-0.49767366,-0.49768499,-0.49763322,-0.49765000,-0.49109544,-0.49769169,-0.49766145,-0.47258799
Dodecanedioic acid,-0.084755455, 0.143891010, 0.145543885, 0.091038256, 0.002868402, 0.188052934,-0.110393807,-0.102605966,-0.262085800,-0.262234861,-0.262082395,-0.262605260,-0.262336571,-0.262491465
Erythritol,-0.15299538,-0.37264062,-0.20042216,-0.31541992,-0.32059213,-0.21701560,-0.33924698,-0.11962652,-0.70063360,-0.70716869,-0.71196846,-0.71157320,-0.71197172, 0.92483055
Ethanamine,-1.5319521405,-0.7556361757,-0.8464310667,-1.5281800478,-0.5841987826,-1.5352790640, 1.6490590554,-1.5026308821,-0.3682620275,-0.1031210566,-0.8545083652,-0.3183591858,-0.1479319503,-0.4096716000
L-Asparagine,-0.75570353, 1.63487718, 0.24505902,-0.75544112, 0.36112810,-0.75593497, 0.90575509,-0.75585453,-0.73137525, 2.99447936, 1.79376949, 2.08098854, 2.47020449, 2.06727256
L-Glutamine,-1.022941387,-1.023724462,-1.025663698,-1.020834256,-1.024511228,-1.024799841,-1.023928921,-1.024153897, 2.073546231,-1.023458924, 0.657151895,-1.024286999, 0.588386541, 0.521958826
L-Hydroxyproline,-1.04879320,-0.57465915,-0.75444298,-0.76691048,-0.64872348,-0.92292255,-0.83255299, 0.08784916,-0.78035972, 0.18121816,-0.51896406,-0.48408571,-0.40102050,-0.71525168
L-Lysine, 0.20119644, 0.53507072,-0.30867550,-0.38835376,-0.04386031, 0.05564093, 0.21790967,-0.57830170, 0.04244322, 0.37469568, 0.08640846, 1.45119441, 1.01136006,-0.20292582
L-Norvaline,-0.021752370, 1.698599920, 0.364776842,-0.290479760, 0.521512790,-1.082688668,-1.079485273,-0.098141171, 2.150786143, 0.040470050, 0.745374745,-0.373875198, 0.102094561,-0.304714406
L-Serine,-0.730617900,-0.681466336,-1.038570364,-0.855091922,-0.629991558,-0.870982465,-0.161991510,-0.653928116, 0.816165228, 1.022791759, 0.144642307, 0.884307979,-0.145797201, 0.027322673
N-Acetylglucosamine,-1.0369503594,-0.9229473813,-0.4889878886,-0.5297773880,-0.9538314760,-0.8929573200,-0.7930049798,-0.6415563356, 0.7963172950, 0.8413413007, 0.3221637683, 1.2982555874, 1.8131565127, 1.3389813631
Niacinamide,-0.266720338,-0.471963872,-0.309311423,-0.719595096,-0.502822215,-0.422127383,-0.314775685, 0.219505729, 0.672256698,-0.176369690, 0.997929142, 0.220156753, 0.524920984, 1.064846460
N-Methyl-alpha-aminoisobutyric acid,-0.716964557,-0.381232873,-0.129415366,-0.440888522,-0.475773817,-0.451839285,-0.684955220,-0.887782384, 3.807473537, 0.235404267, 0.852594822, 0.915938265, 1.499793818, 1.637335753
Phloroglucinol,-0.62361125,-0.58852003,-0.29306126,-0.30374914,-0.76149544,-0.26462475,-0.69248628,-0.71363929, 0.59690863, 0.11368391,-0.05467524, 0.54509098, 1.30616971, 1.23879495
Thr-Leu, 0.36251873, 0.03623998,-0.85358852,-0.15876608,-0.34912066,-0.85355237,-0.09995512, 0.62117806, 1.49441116, 0.66958732, 0.79350629, 0.55578254, 1.13584407, 1.36822138
Xanthine,-0.34772051,-0.04687910,-0.07065137,-0.34417354,-0.25425871,-0.35084888,-0.19457662, 0.16073186,-0.34803073, 0.08009182,-0.21993281,-0.10564014, 0.03388042, 0.02158107
"(2,2-Dimethyl-5-[2-(2-ethoxymethoxy)propyl][1,3]dioxolan-4-yl)methanol", 0.17028666,-0.12623718,-0.23323096,-0.13002667,-0.23223349, 0.13055351,-0.23172950,-0.15904680,-0.23103429,-0.23132272,-0.23102770,-0.23203942,-0.23151952,-0.23181923
"(4,4-Dimethyl-5-methylene-4,5-dihydro-3H-pyrrol-2-yl)-(4,4-dimethyl-5-methylene-pyrrolidin-2-ylidene)-acetonitrile",-0.195529491, 0.307052502, 0.282669889,-0.243053451, 0.189509152,-0.118865666,-0.170620671,-0.004166029, 2.645093302, 3.214881668,-1.410218833, 2.568672159, 3.189373076, 2.444106308
"(9H-fluoren-9-yl)methanol, O-methoxycarbonyl",-0.13185639,-0.13809171,-0.10026821,-0.10339773,-0.12854243,-0.11726762,-0.11093871,-0.13066317,-0.21946002, 0.61347494,-0.21944917,-0.22111594,-0.22025942,-0.22075318
"1(2H)-Naphthalenone, 3,4-dihydro-3,3,6,8-tetramethyl-",-0.530075566,-0.607081995,-0.508234479,-0.466692321,-0.550850410,-0.564053430,-0.343251779,-0.595432035, 2.257779383, 2.884006862, 1.822831627,-0.295627381, 0.766570454, 1.544928562
1-(2-Methoxy-1-methylethoxy)-2-propanol,-0.09426904,-0.07878303,-0.07886266,-0.08032872,-0.08356866,-0.08790605,-0.09716345,-0.08806327,-0.14090849,-0.14111629,-0.14090375,-0.14163265,-0.14125808,-0.14147401
"1,1'-Biphenyl, 2,2',5,5'-tetramethyl", 0.76079498,-0.14558410, 1.03770053,-0.26984219,-0.12195428,-0.15943416, 0.42475407, 0.69171730,-0.35292721,-0.35376213,-0.35290813,-0.35583684,-0.35433184,-0.35519944
"1,2,4,5-Cyclohexanetetrol",-0.35183174,-0.23990605,-0.65090918,-0.64100018,-0.45630576,-0.27192212,-0.64734978,-0.64781138,-0.64570170, 0.12729553,-0.64568608,-0.64808448,-0.64685199,-0.15949692
"1,2,4-Butanetriol",-0.15214251,-0.07374802,-0.08798530,-0.14942353,-0.15227109,-0.14563091,-0.15070881,-0.14388599,-0.15215760,-0.15218490,-0.15215698,-0.15225272, 0.13745184,-0.15223189
"1,3-Dioxane, 2,2-dimethyl-5-hydroxy-",-0.140287634,-0.189276888,-0.201883857,-0.144969483,-0.123689201,-0.151265476,-0.123652491,-0.102834646,-0.269595622,-0.270215898,-0.031517672,-0.270217181,-0.260108106,-0.270216787
"1,4-Butanediol",-0.27515338,-0.14044522,-0.09171424,-0.05941157,-0.13419192,-0.27968194,-0.07311153, 0.00465764,-0.27560246,-0.27641448,-0.27558391,-0.27843228,-0.27696856,-0.27781236
"1,5-Anhydroglucitol",-0.576989562,-0.694707402, 0.232317380,-0.310830298,-0.373277065,-0.294100759,-0.765508996,-0.381407379, 4.077825128,-0.872005131, 2.902761816, 1.283249581, 5.971422321,-0.884509848
"1,7-Dimethyl-4-(1-methylethyl)cyclodecane",-0.073971818,-0.262540576,-0.262869380,-0.262050534,-0.262673975,-0.068746347,-0.262575243,-0.078692541,-0.262439051,-0.262495554,-0.262437760,-0.262635956,-0.262534108, 1.018992225
11-Hydroxy-.DELTA.-9-tetrahydrocannabinol,-0.57020482,-0.57077743,-0.57219547, 2.89178558,-0.57135274, 2.25857776,-0.57092694,-0.57109145, 4.73243282,-0.57058326,-0.45146417,-0.57118878,-0.57074953, 0.72861231
11-Methyldodecanol,-0.522074012,-1.012173755,-0.774432779,-0.762813496,-0.441713050,-0.079229816,-0.399990884,-0.560268114,-0.355354711,-0.349966150,-0.236360433,-0.327502242,-0.357512894,-0.296045883
12-Oxooctadecanoate,-0.377478003,-0.524707361,-0.504657574,-0.333537892,-0.459400067,-0.276665593,-0.421707312,-0.237153036,-0.865846846, 1.140274099,-0.014138699, 0.540036305, 0.751459176,-0.611881238
13-Docosenamide,-0.2084892053,-0.4027520742,-0.3608154437,-0.1801548469,-0.3865521420,-0.2711765746,-0.3322213706,-0.0555085514,-0.4212454455,-0.3899011269,-0.3185740033,-0.2196882079,-0.0944680651,-0.4436258587
17-alpha-Hydroxypregnenolone,-0.04115438,-0.15352483,-0.24183147,-0.24949423,-0.16144741,-0.22700267, 0.23957679,-0.24540423,-0.25431796, 0.39202636,-0.25431769,-0.25435984,-0.25433818,-0.25435067
18-Methyl-nonadecanol,-0.32929253,-0.36354554,-0.36531852,-0.36090312,-0.36426486,-0.36452873,-0.36373247,-0.36393816,-0.02117532,-0.36330277,-0.36299114,-0.36405985,-0.36351066,-0.36382726
1-Deoxypentitol, 0.17160344,-0.49118059,-0.49615060,-0.48377338,-0.49319697,-0.49393665,-0.49170459,-0.49228118,-0.48964599,-0.49050005,-0.48962648,-0.49262230,-0.49108281,-0.49197030
1-Dodecanol,-0.8267198951,-0.8267236637,-0.8267329963,-0.8267097545,-0.8267274500,-0.8267288390,-0.8267246477,-0.8267257304,-0.2882907570,-0.2805376417,-0.3220655776,-0.3306384534,-0.2899936027,-0.2971810667
1-Dodecene,-0.034274991,-0.075242470,-0.056836903,-0.005888633,-0.061424174,-0.022826962,-0.019878100,-0.055136802,-0.181880213,-0.182499309,-0.181866070,-0.184037695,-0.182921743,-0.183565067
1-Hexacosene,-0.361730618,-0.304124160,-0.247205014,-0.180150492,-0.353186598,-0.389400440,-0.288466597,-0.428534863, 1.372434617,-0.239338540, 0.908168733,-0.165213188,-0.288118741, 1.716379527
1-Hexadecanol,-0.554137829,-0.168120052,-0.221336727,-0.503054821,-0.178419598,-0.540451460,-0.122768035,-0.552658667,-0.124653489,-0.696298220,-0.208677523,-0.354657057,-0.166271582,-0.338998652
1-Hexanol, 0.10909231, 0.26689330,-0.01225757,-0.20694733,-0.13261048, 0.02643799,-0.38955087,-0.17991462, 0.05174267, 0.63400487,-0.49338760, 0.47200943, 0.96443362,-0.49537052
"1H-Indole-2-carboxylic acid, 5-ethyl-1-(trimethylsilyl)", 1.054316504, 0.972820015, 1.346406304, 0.671049933, 0.303449164, 3.110722915,-0.260144805, 0.138282535, 0.794331639, 0.993587486, 0.570531942, 0.755852987, 1.358786250, 0.638578758
"1H-Naphtho[2,1-b]pyran, 3-ethenyldodecahydro-3,4a,7,7,10a-pentamethyl-, [3R-(3alpha,4abeta,6aalpha,10abeta,10balpha)]-",-0.421512708,-0.427944932, 1.791102043,-0.404204620,-0.265407501,-0.436778156,-0.429624369, 0.023062781,-0.423026501,-0.425763786,-0.422963969,-0.432565641,-0.427631544,-0.430475949
1-Methyl-4-hydroxy-1H-imidazol-2-amine,-0.55065700,-0.33498214,-0.24506606,-0.44351542,-0.42826024,-0.48886727,-0.34822043,-0.36124139,-0.51382033, 0.13100544,-0.43888251,-0.50593646,-0.43364146,-0.49729907
1-Monomyristin,-0.108919326,-0.103819408,-0.094189956,-0.075577047,-0.094961100,-0.093753453,-0.066206078,-0.114680776,-0.244797566,-0.245601245,-0.244779207,-0.247598300,-0.246149627,-0.246984757
1-Monopalmitin, 0.0683946884,-0.0004796581, 0.0355192337, 0.1348717170, 0.0238384512,-0.2515813911, 0.0844967759, 0.0294806380,-0.2439833270,-0.2454957316,-0.2439487770,-0.2492538925,-0.2465277050,-0.2480992960
1-Octadecanol,-0.5447730966,-0.4647317381,-0.4795715780,-0.4458317120,-0.3501828232,-0.4566440556,-0.4124453235,-0.6546919529,-0.3384198449,-0.1075291345,-0.2738319389,-0.2538345169,-0.2723866235,-0.2688850447
1-Octanol,-0.2454840364,-0.3169746973,-0.2703951879,-0.1902987135,-0.3179994330,-0.2395270366,-0.2646622975,-0.2279861628,-0.5505109072,-0.5999024712,-0.5998038605,-0.6001420354,-0.2460843513,-0.1969127967
"1-Phenanthrenemethanol, 1,2,3,4,4a,9,10,10a-octahydro-1,4a-dimethyl-7-(1-methylethyl)-, [1R-(1alpha,4abeta,10aalpha)]-",-0.17738925,-0.16751830,-0.27448664,-0.26994643,-0.19993298,-0.27367452, 0.16327981,-0.27306726,-0.27210062,-0.27241391,-0.27209346,-0.27319239,-0.27262767, 4.69906668
"1-Propanamine, N,N-diethyl-",-0.246360891,-0.280666880,-0.258673316,-0.233933714,-0.266881925,-0.254375615,-0.212825501,-0.292987454,-0.139576255,-0.231658780,-0.277955631,-0.254365588,-0.125397323,-0.154393520
1-Tetracosene,-0.308551807,-0.414448595,-0.398526065,-0.288633228,-0.442326772,-0.315213724,-0.121364001,-0.322807995,-0.563652565,-0.563660364,-0.563652387,-0.287667152,-0.430226943,-0.360571992
1-Tetradecanol,-0.718475115,-0.726304940,-0.745694999,-0.697406305,-0.734171665,-0.737057457,-0.728349286,-0.730598780,-0.197758728,-0.304796576,-0.228936057,-0.327449849,-0.211924412,-0.324639871
"2',2,3,6'-Tetramethoxychalcone",-0.26085820,-0.28813869,-0.25051085,-0.14570316,-0.27238687,-0.19962538,-0.17205013,-0.28796736,-0.42382040,-0.42407563,-0.42381457,-0.42470984,-0.42424978, 1.15992093
"2,2,4-Trimethyl-1,3-pentanediol diisobutyrate",-0.3199423055,-0.5577788310,-0.0556280370,-0.2305366991,-0.3328710869,-0.3720495066, 0.1015986966,-0.4217283373,-0.3326903698,-0.4171662446,-0.4418827166,-0.4026040242,-0.3578856846,-0.3472257900
"2,3,4,5-Tetrahydroxypentanoic acid-1,4-lactone",-0.60718833,-0.41723622,-0.42077956,-0.59010009,-0.49358198,-0.61887153,-0.55560431,-0.47613315,-0.87081266,-0.22804528,-0.38731600,-0.42670657,-0.71709698,-0.54400504
"2,3,4-Trihydroxybutyric acid",-0.5432285386, 0.0039716416, 1.3039354574, 0.3171059324, 0.8331821607, 0.1118561958,-0.5347391984,-0.6207279224, 1.2830499646, 2.3140253406, 1.8655063443, 1.3932399713, 0.8549038943, 0.5926368638
"2,3-Butanediol", 0.138445136,-0.437269816, 0.551676865,-0.430414271,-0.439136018, 0.642407115,-0.437754790,-0.438288432,-0.319165674,-0.125091820,-0.095206881,-0.261569957,-0.048054550,-0.132551022
"2,3-Dihydroxy-2-methylpropanoic acid",-0.14493287,-0.26975612,-0.06677557,-0.29209874,-0.20333757,-0.16945581,-0.34168086,-0.20968092,-0.71949831,-0.35536680,-0.28022543,-0.72182879, 1.38703820,-0.39986646
"2,3-Dihydroxypropyl icosanoate",-0.06480389,-0.12097328,-0.10683983,-0.09898905,-0.11561680,-0.05173081,-0.11357398,-0.11413069,-0.15709486,-0.15734246,-0.15708921,-0.15795770,-0.15751140,-0.15776868
"2,4,6-Tris(1,1-dimethylethyl)-4-methylcyclohexa-2,5-dien-1-one", 0.1599514861, 0.2742047197, 0.3925718509, 0.0884267568,-0.0732243473,-0.2594941751, 0.0271739130, 0.0860227659,-0.2496181866,-0.2515840152,-0.2495732785,-0.2564688849, 3.5652767673,-0.2549681366
"2,4-Di-tert-butylphenol",-0.216390242,-0.237670182,-0.240065700,-0.225084621,-0.214599089,-0.247023582,-0.188655762,-0.235367333,-0.295747422,-0.296117333,-0.295738972,-0.039482553,-0.296369738,-0.296754125
"2,5-Cyclohexadiene-1,4-dione, 2,6-bis(1,1-dimethylethyl)",-0.2168801574,-0.1849227737,-0.1139070429,-0.1353906414,-0.1422609248,-0.1403281585,-0.1085406367,-0.2300242958,-0.2198308903,-0.1910168810,-0.1835607708,-0.1657653396,-0.2115944813,-0.2155150324
"2,5-Dimethoxybenzhydrazide",-1.34945242,-0.96472651,-1.21975578,-1.24886747,-1.12522503,-1.49493444,-1.35617431,-0.58807198, 0.63386340, 1.16519461, 1.42852917, 0.61340684, 0.38446519, 0.63554261
"2,5-Dimethoxymandelic acid",-0.424136715,-0.491972202,-0.488526390,-0.417792057,-0.256943624,-0.423984124,-0.271219102,-0.229910933, 0.705623030, 0.388348987, 0.360550983, 0.206224263, 0.015852897, 0.123029002
"2,5-Dimethoxyphenol",-0.68989859,-0.41009603,-0.57611086,-0.62199156,-0.11144150,-0.69256992,-0.60333239,-0.40398576,-0.32544873,-0.03650175,-0.21289999,-0.32435643,-0.36835990,-0.40593659
"2,5-Di-tert-butyl-4-hydroxyphenol",-0.31782469, 0.01337676, 0.05029185,-0.25128180,-0.11740823,-0.28103683,-0.17837586,-0.30734752,-0.17501383,-0.32012041,-0.30344686,-0.25314056,-0.29526908,-0.27666765
"2,6-Di-O-methyl-d-galactopyranose", 0.008099543, 0.189755268, 0.374236106, 0.169675922, 0.539434882, 0.163064208, 0.237329326,-0.411495010,-0.419179236,-0.525154795,-0.284700071,-0.525288344,-0.402031425,-0.397321252
"2-Allyl-1,4-dimethoxybenzene ",-1.309234816,-0.967607619,-1.748062434,-1.096474382,-1.731371029,-1.238988980,-1.061398468,-1.720957950,-0.129243478, 0.873878002, 0.341478137, 0.197428797, 0.193597416,-0.001288385
2-Amino-4-tert-butylphenol,-0.021978428,-0.160329921, 0.145917752,-0.135032589,-0.085528445, 0.058724127,-0.117169073,-0.029855678,-0.030111478, 0.532748537,-0.504963422, 0.589514133, 0.477191816,-0.377423180
2-Aminoadipic acid,-0.05271762, 1.33143841, 1.34133017, 1.12810263, 1.23830726, 1.79776325, 1.72197001, 1.02368630, 4.18341425, 1.64030163, 1.82838687, 1.07120255, 1.22977179, 1.24687450
2-Aminobutanoic acid,-0.274046211, 0.720959886,-0.214743464,-0.236684410,-0.310765936,-0.128314824,-0.310787323, 0.162277286, 2.025442979, 0.247310209, 3.204312595,-0.220290108,-0.817896713, 0.709118656
2-Butenedioic acid,-0.329243438,-0.874443565,-1.400173395,-0.840539531,-0.735469840,-1.088750998,-1.157231231,-0.917528686, 0.156474711, 0.170447397, 0.081740806, 0.417495596, 0.819831573, 0.406168140
"2-Butenoic acid, 2-hydroxy-",-0.027586452, 0.569854171, 0.746546164,-0.435886394,-0.085152009, 0.002876381,-0.328555116,-0.260149058,-0.506346653, 5.093182583, 0.786074819,-0.508814167,-0.507537851,-0.508273621
"2-Butenoic acid, 2-methyl-, 2-methyl-2-propenyl ester",-0.53278866,-0.64093377,-0.69961688,-0.65614280,-0.72338061,-0.67275276,-0.65223581,-0.24279821,-0.72090169,-0.72149790,-0.08252113,-0.72297944,-0.21095026,-0.15866904
2'-Deoxyribolactone, 0.292256633,-1.213489511,-1.220343287,-1.203274754,-1.216270151,-1.217290188, 0.768192288, 2.044208195,-1.211373255, 0.599410237,-0.685231763,-0.040124477, 0.182782342,-0.088244450
2'-Desoxyuridine, 0.210350137,-0.626547440,-0.465589131,-0.009985813,-0.406258827, 0.952297727, 0.136768649, 0.551465335, 1.503257472, 0.582100738, 1.325336439, 0.630703481, 0.643587679, 0.029981132
2-Ethylacetoacetate,-0.0544276433, 1.1391653094, 2.4126805863, 0.6640736286, 1.4059670600, 0.2711748697,-0.6711904977,-0.4045260343, 0.7602695944, 3.7045070395, 2.4385424362, 1.8098756661, 2.0913822488, 0.3626234386
2-Ethylhexanoic acid,-0.097474350,-0.620564838,-0.563579652,-0.012555913,-0.616584333, 0.089694080,-0.525505126,-0.179396608,-0.170728837,-0.179053967, 1.608510020, 1.500365641,-0.184054074, 0.850204043
"2-Furanacetaldehyde, tetrahydro-alpha", 0.79014667, 0.68189030, 2.77933230, 0.30752540,-0.27993763,-0.27993996, 0.29474668,-0.27993474,-0.27992643,-0.27992912,-0.27992637,-0.27993581,-0.27993096,-0.27993376
2-Furoic acid,-0.264468143, 0.869907523, 0.838451052,-0.259468787, 0.628666904, 0.509027254,-0.266811156,-0.267344932,-0.264905395,-0.265696046,-0.264887333,-0.267660728,-0.266235539,-0.267057131
2-Hydroxy-2-methylbutyric acid,-0.162086211,-0.165988677,-0.002218422,-0.176453426,-0.116732151, 0.176857143,-0.528729231,-0.120496930, 0.206664304,-0.528259087, 0.150124442,-0.165746117,-0.528486544,-0.528832937
2-Hydroxy-3-methylbutyric acid,-0.36804757,-0.27808729,-0.33981150,-0.35963679,-0.21196437,-0.34091121,-0.35770462,-0.34672319,-0.23017334,-0.43214521,-0.15678644,-0.23216400, 1.49296885,-0.43300340
2-Hydroxy-5-methoxybenzaldehyde,-1.3997093396,-1.0056263857,-0.8918430354,-1.1332488271, 0.1514043097,-1.4261436966,-1.0910900022,-0.9288373654,-0.2269265393, 0.4281844146, 0.0761747570, 0.0756832466,-0.2890329074,-0.2872559545
2-Isopropyl-5-methyl-1-heptanol,-0.87743229,-0.48710335,-0.88220120,-0.34160244, 0.27025020,-0.88068791,-0.32747507,-0.87955635,-0.57285120,-0.33903006,-0.43469198,-0.59648333,-0.53052516,-0.53361393
2-Ketobutyric acid,-0.019840559,-0.302284682,-0.107818711,-0.247721709,-0.106533150,-0.177789941,-0.113333510,-0.232873193,-0.204501174,-0.182327881,-0.237986023,-0.231870527,-0.228298353,-0.235800740
2-Ketohexanoic acid, 0.005603101, 0.039683846, 0.110599208, 0.100134819, 0.095525047,-0.012287546,-0.265984575, 0.051231170,-0.266036601,-0.266037581,-0.266036579,-0.266040017,-0.266038250,-0.266039269
"2-Methyl-4,6-dinitrophenol",-0.20814914,-0.17665950,-0.16780151,-0.16390769,-0.16497885,-0.19080270,-0.13511346,-0.16248776,-0.21508144,-0.21518354, 7.50566718,-0.21543725,-0.21525321,-0.21535930
2-Octanol,-0.303304812,-0.101705197,-0.548146052,-0.192043674,-0.060690267,-0.272278153,-0.089036475,-0.278527285, 0.860294478,-0.542710669,-0.541870362,-0.544752105,-0.543271238, 1.201126708
2-Palmitoylglycerol,-0.083801209,-0.104684157,-0.067358342,-0.211884897,-0.096033730,-0.079949906,-0.085588787,-0.058423012,-0.142892313,-0.211889940,-0.211889285,-0.211891531,-0.211890377,-0.211891042
"2-Pentenedioic acid, 2-hydroxy-", 1.454063488, 0.006983281, 0.804193331,-0.973754509, 0.163804367, 0.787153418,-0.980589691, 1.449316560, 1.719275975, 0.772759277,-0.978798759, 3.130242027, 2.358519366, 1.235400916
2-Pentenedioic acid, 0.625552952, 0.735433832, 0.317897642, 0.105958555, 0.425773410, 0.035106378, 0.394477766,-0.241091997, 3.764937026,-0.650888667,-0.648455550, 4.434049641,-0.652511800,-0.654983667
2-Piperidinone, 1.08385378, 0.49741631,-0.34227289,-0.25896553, 0.15402799,-0.37957716, 0.13021247,-0.25675875, 0.11998555,-0.45894397, 0.36166994, 0.13545322,-0.18539919, 0.09041243
"2-Propenoic acid, 2-hydroxy-3-(4-hydroxyphenyl)", 2.99441387, 2.56745499,-0.13267421, 0.13517578,-0.22730063, 3.39561304,-0.64157936, 1.53869016, 2.15147030, 1.21430721, 2.38120709, 1.54364687, 1.33467408, 1.43816272
2-Pyrrolidinone,-0.61320543, 0.10052640,-0.67797519,-1.06883009,-0.54289147,-1.11786116, 0.05343958,-0.44687902, 0.13593506, 2.63721374, 2.30270820, 2.03933455,-2.12282837, 2.30725590
2-tert-Butyl-4-ethylphenol,-0.752942363,-0.535423103,-0.581620881,-0.554959848,-0.513193495,-0.605461768,-0.529656274,-0.261002400, 0.893945051, 0.220078632, 0.211926519, 0.232220310, 0.230112071, 0.456997659
3-(3-Hydroxyphenyl)propanoic acid, 0.18652839, 0.49473894, 0.69659663, 1.18976181, 0.27487740, 0.13926572,-0.03012124,-0.50950567,-0.48899846,-0.22197924,-0.31306335,-0.41967149,-0.23731770,-0.47440941
"3,3,5-Trimethylcyclohexan-1-ol",-0.10268660,-0.11151315,-0.10453165,-0.09283419,-0.10662857,-0.09989949,-0.09260745,-0.10477464, 1.21645057,-0.16419614,-0.16397527,-0.16473272, 0.99306549,-0.16456787
"3,4,5-Trihydroxypentanoic acid",-0.408883519,-0.582335086,-0.354208574,-0.582085334,-0.582403072,-0.582428012,-0.582352753, 3.120294459,-0.480426959,-0.526840969,-0.434558675, 0.714886422,-0.421064107,-0.480635029
"3,4-Dihydrocoumarin, 4,4-dimethyl-6-dimethylamino",-0.727794762,-0.601662439,-0.534592389,-0.483139642,-0.213869330,-0.594794561,-0.536263603,-0.540873823,-0.466567058,-0.198122563,-0.175961967,-0.355580764,-0.910456803,-0.514571951
"3,4-Dihydroxy-5-methyl-dihydrofuran-2-one", 0.021503492, 0.136455357, 0.131641012, 0.057086814, 0.109494809, 0.020732598, 0.012744245, 0.126396677,-0.180731782,-0.181171198,-0.180721744,-0.182263100,-0.181471029,-0.181927641
"3,4-Dimethoxymandelic acid",-0.675552969,-0.356420771,-0.449942665,-0.417000405,-0.406105509,-0.544588879,-0.536530380,-0.279522641, 0.035688997, 0.372856641,-0.840748343,-0.154853564,-0.664009281,-0.323291464
"3,4-dimethyl-5-(3,4-methylenedioxy)phenyloxazolidine",-1.12287377,-0.75500978,-0.94534507,-1.02290577,-0.91293406,-1.23421811,-0.70773981,-0.73099645,-0.80901050,-0.73304116,-0.85489873,-0.92779233,-1.06709826,-0.81528505
"3,5-Dimethylphenol", 0.00805427,-0.60388004,-0.38866472,-0.59986870,-0.60497200, 0.88749169, 0.08159835,-0.28286483,-0.60304899,-0.60351150,-0.60303842,-0.60466080,-0.60382709,-0.60430770
3-Amino-2-piperidone,-0.10698792, 1.76788820, 0.80093572,-0.42044395, 0.32988804,-0.60031110, 0.47002126,-0.36035409, 1.50586936, 3.56629963, 1.70561530, 1.30890819, 2.10156466, 2.92034619
3-Aminoisobutyric acid,-0.18133485,-0.18417755,-0.19121732,-0.17368560,-0.18703365,-0.18808137,-0.18491977,-0.18573648,-0.18200387,-0.18321360,-0.18197623,-0.18621966,-0.18403905, 3.38557065
3-Buten-2-one,-0.24028811, 0.05693897,-0.06030213,-0.23661240,-0.05127702,-0.23708465,-0.10319189,-0.21991538,-0.42571353,-0.42723680,-0.42567873,-0.43102195,-0.42827618,-0.42985906
3-Deoxyhexitol,-0.5888799150,-0.1092976994,-0.3193011189,-0.5841930086,-0.3320340546,-0.5555214379,-0.5910764946,-0.5915769104,-0.2436528329,-0.3260131684,-0.2921883733,-0.2239421751,-0.5905368519,-0.3813340798
"3-Ethyl-3-methyl-pyrrolidine-2,5-dione",-0.321211071,-0.453773708,-0.454018973,-0.453958956,-0.406529482, 1.217596761, 0.090230685,-0.995735097,-0.014592633,-0.987697154,-0.160941750,-0.048179552, 0.534781082, 0.230788748
3-Hexenedioic acid,-1.483691664,-0.824717415,-1.865294450,-1.830329787,-1.396989508,-1.846297564,-1.244588575, 0.470363279, 1.036841717, 3.106937939, 0.751660747, 1.304846316, 0.325043921, 1.924375700
"3-Hydroxy-2,3-dihydromaltol", 0.9325073350,-0.8460704637, 3.2140859341, 0.8616722182, 0.0775153125, 1.2669892128,-0.5670031954,-0.4717977489, 0.3793284626, 0.2982286433, 1.4133574421,-0.8473800234, 0.7066463521, 0.7029780758
3-Hydroxybutyric acid,-0.82456619,-0.81200501,-0.50886648, 0.01030125,-0.70789693,-0.97898488,-0.83422368, 1.37662235, 0.40408313, 0.21910687, 1.15821069, 1.01439368, 0.19457292, 0.28411720
3-Hydroxyisovaleric acid,-0.554656614,-0.119542679, 0.111332436,-0.433115856, 0.013710459,-0.266183379,-0.779270504,-0.135526119,-0.897853230,-0.302599658,-0.242425654,-0.391512619,-0.366844010,-0.898341285
3-Methyl-2-furoic acid,-0.419239124,-0.424677211,-0.362223412,-0.613661669,-0.500041726,-0.574823865,-0.518964981,-0.049698319, 0.482222927, 0.228533477, 0.206745099, 0.581791491, 0.601239451, 1.690475237
3-Methyl-2-oxovaleric acid, 1.346461204, 0.903741536, 0.387103922,-0.274274033, 1.584809957, 0.099087317, 0.019446731, 0.768439057,-0.284045572,-0.285466657,-0.284013108,-0.288997897,-0.286436319, 8.742166894
3-Methylvaleric acid,-0.27899105,-0.32133691,-0.29743011,-0.29567111,-0.32275015,-0.33157295,-0.27121229,-0.29861502,-0.47233212,-0.55535588,-0.57150864,-0.57232480,-0.57190539, 1.91534169
3-O-methyl-beta-D-Glucopyranose, 0.3414014,-0.5600816,-0.2015007,-0.5543440,-0.5656604,-0.4610139,-0.5428251,-0.5435484, 0.1202418, 1.2340400, 0.9763555, 0.7506356,-0.2720351, 0.2281740
3-Oxo-1-cyclohexene-1-carboxylic acid,-0.20641251,-0.21823558,-0.18786740,-0.16922000,-0.20217675,-0.19509508,-0.16269391,-0.22282513,-0.38433302, 2.23684562,-0.38431039,-0.38778532,-0.38599963,-0.38702904
"3-Pentenoic acid, 4-methyl",-0.236837198, 0.116206722, 0.405279497,-0.090070956, 0.665781738, 0.102277987, 1.300795315,-0.242233492,-0.237657397,-0.239140504,-0.237623516,-0.242825864,-0.240152487,-0.241693634
3-Pyridylcarbinol, 0.301548561, 0.011917539,-0.074245556, 0.388015300,-0.147608725, 0.519085903,-0.598849646, 0.564771133, 1.531136370, 2.085240993, 1.700666666, 2.918045140, 2.301279699, 2.503144768
3-hydroxypalmitic acid, 0.6142500,-0.2824356,-0.2855493,-0.2777950,-0.2836989,-0.2841623,-0.2827639,-0.2831251, 1.0311208,-0.2820092,-0.2814619,-0.2833388,-0.2823743,-0.2829303
3-Undecene,-0.7167991780,-0.2902938282,-0.7385072945,-0.1056115293,-0.2140226403,-0.1759382056,-0.7246739236,-0.7264679162,-0.4250316617,-0.3742001591,-0.3529933631,-0.4586375185,-0.4402761296,-0.4320669283
pyrazole,-0.161433399,-0.228960401,-0.157376375,-0.114232994,-0.153663004,-0.150616224,-0.079896750,-0.204345940,-0.253522103, 0.812107037,-0.153876125, 1.521357188, 1.344938675,-0.665521499
4-hydroxy-3-penten-2-one,-0.42385367,-0.53196734,-0.53762060,-0.34169446,-0.19505514,-0.38804225,-0.18979893,-0.42126031,-0.56134693, 0.09474384, 0.58335746, 0.31645745,-0.56151638, 0.36407318
4-Aminobenzoic acid,-0.398361198,-0.466949377,-0.670543103,-0.600548210,-0.619279248,-0.114946595, 0.045623835, 0.315885127,-0.480382042, 0.249564167, 0.392309232,-0.889118703, 1.003067303, 3.171039320
4-Coumaric acid, 0.078223384, 0.041801620, 0.262926930, 0.013818798,-0.018725887, 0.341311318,-0.049743944,-0.344776064,-0.518045443,-0.572557260,-0.554630962,-0.535832264,-0.006022681,-0.481321505
4-Hydroxy-5-(hydroxymethyl)oxolan-2-one,-0.16015416,-0.96844896,-0.82879521,-0.69628495,-0.73633844,-0.46788928,-0.29562181, 0.19353335,-0.53459357, 0.46019658,-0.28570735,-0.39770006,-0.57115886,-0.97459697
4-Hydroxybenzaldehyde,-0.6445673273, 1.7833656196,-0.4316594326,-0.7784944506,-0.3280195473,-0.6880662554,-0.6990713717, 1.1480903127, 3.1027588890, 2.0287677396, 3.0182895769, 2.0762767806, 1.6070559031, 2.3910164558
4-Hydroxybenzeneacetic acid, 0.46515967,-0.34522056,-0.81987974,-0.61170284,-0.40208664,-0.85405284,-0.05898046,-0.89810225,-0.39711577,-0.67256524,-0.42852975,-0.56751033,-0.78296937,-0.42256538
4-Hydroxybenzoic acid,-1.01419549, 0.30775873,-0.87279711,-0.97512399,-0.82623379,-0.97086671,-0.58063660,-0.80519456, 2.62460259, 0.63699217, 2.25265378, 1.02751472, 0.47704948, 1.29013688
4-Hydroxybutanoic acid,-0.108731282,-0.079718246, 0.012324728,-0.116709238,-0.064815162,-0.119517550,-0.108919860,-0.126307308,-0.224125393,-0.224621933,-0.164806915,-0.113842714,-0.224960743,-0.225476715
4-Hydroxyphenyllactic acid,-0.405009275,-0.269850091,-0.378375286,-0.862862417, 0.005894030,-0.571813911,-0.622454714,-0.736388438, 0.689096088, 2.153039414,-0.864990291,-0.769427692, 0.399869506,-0.004151068
4-Methoxyphenol,-0.61741944,-0.66328337,-0.50269095,-0.61749420,-0.53858000,-0.66240410,-0.51686357,-0.97716704, 0.40899049,-1.49373957, 0.41450118, 0.30450016, 0.38353699,-1.47626633
4-Methyl-5-thiazoleethanol,-0.874545883,-0.581061341, 0.800146685,-0.013562909, 0.879379436, 0.449047530, 0.279640627, 1.149010956, 2.911404118, 2.133802611, 0.905069213, 1.167240591, 1.755303769, 1.755641800
4-Methylvaleric acid,-0.538320425,-0.351610021,-0.357602942,-0.169615435,-0.313016855,-0.193723324,-0.764333282,-0.152220254,-0.325891535,-0.313041497,-0.158265744,-0.268289446,-0.367979188,-0.328471916
"4-Nonanone, 2,6,8-trimethyl",-0.102620356,-0.115844405,-0.043891866,-0.080865620,-0.103823322,-0.100616840,-0.099516266,-0.082381339,-0.263689589,-0.263914630, 6.690224593,-0.264473833,-0.264068185,-0.264302033
4-Pyridinol,-1.826912432,-1.245897112,-0.143227013,-0.795364797,-1.129638128,-1.713462433, 0.117207986, 0.339162849, 2.160279400, 2.188095009, 2.134837909, 2.067366571, 0.626900746, 2.291812506
4-Pyrimidinamine, 0.02793809, 0.68045733, 0.33782648,-0.20105272, 0.29016762,-0.17677646, 0.08156515, 0.16096438,-0.39461957,-0.39471636,-0.39461736, 0.99457598,-0.39478241,-0.39488299
4-hydroxycyclohexylacetate,-0.08334320,-0.03691477,-0.03207078,-0.03290887,-0.03336333, 0.20914211,-0.04318529, 0.01516245, 2.49027410, 0.45176090,-0.54056449, 0.71552113, 1.09048001, 3.41224021
"5,10-Diethoxy-2,3,7,8-tetrahydro-1H,6H-dipyrrolo[1,2-a:1',2'-d]pyrazine",-0.060108309,-0.181777337,-0.172063284,-0.225591867, 0.309474744,-0.244935861,-0.164299442,-0.256183451, 0.326829471,-0.406376038,-0.405962936, 1.507068900,-0.406651618,-0.407071298
"5,8,11-Eicosatrienoic acid", 0.055742981,-0.604069733, 0.177396959,-0.667309287,-0.060534305, 1.073427198, 0.030907993,-0.446166591,-0.063151762, 0.320621804, 0.270160974, 0.061192820,-0.024126025,-1.145313711
5alpha-Ergost-8(14)-ene,-0.17630863,-0.21586172,-0.21786762, 0.06304228,-0.15330630,-0.21697407,-0.06746671,-0.14188650,-0.21524236,-0.21558705,-0.21523448,-0.21644360,-0.21582226,-0.21618045
5-Amino-1-pentanol,-0.225964562, 0.021103388,-0.050877226,-0.175025385,-0.071398137,-0.181139259, 0.008083024,-0.158289415,-0.226129191,-0.226426878,-0.226122391,-0.227166598,-0.226630002,-0.226939338
5-Aminovaleric acid, 0.208812745,-0.036104808,-0.810999994,-0.750519120,-0.248335052,-0.720984379,-0.293834871,-0.456198470,-0.194030411,-0.529432536,-0.499129007, 0.005612028,-0.098215888,-0.034084726
"5-Androsten-17alpha-methyl-3beta,17beta-diol", 0.0205748929,-0.0996163161,-0.3177421485,-0.3368041636,-0.1664281240,-0.3058079124, 0.4096029882,-0.3463724931,-0.3581889287,-0.3581972775,-0.3581887379, 0.9486396445,-0.3582029743,-0.3582116499
5-Henicosylresorcinol, 0.071659834, 0.002499953,-0.108227784,-0.035112715,-0.154880348,-0.114784028,-0.105244979,-0.176044944,-0.199045177,-0.199507924,-0.199034606,-0.200657800,-0.199823675,-0.200304531
5-Hydroxy-2-methylpyridine,-0.008297243,-0.091009414,-0.023612382,-0.080132762,-0.019143435,-0.024666640,-0.029178629, 0.027098463,-0.337774590,-0.337921016,-0.337771245,-0.338284867,-0.338020928,-0.338173084
5-Hydroxymethyl-2-furoic acid,-0.13803240,-0.17037715,-0.08551956,-0.18166995,-0.23608228,-0.02115162,-0.10326530,-0.15029139, 2.83433394, 4.51671631, 1.89071489, 0.36481804, 0.23377973, 0.66055264
5-Methyluridine,-0.56557376, 0.28544854, 0.19666253,-0.14088625, 0.07222187,-0.24209230,-0.49829101,-0.17208901, 0.10577975, 0.04995833, 2.47643255,-0.71197154, 0.04003233, 0.69689287
5-Oxohexanoic Acid,-0.187594414,-0.250616547,-0.151160909,-0.635094502,-0.181404484,-0.662605297,-0.159211410,-0.658124133,-0.650990993,-0.653302836, 0.931731781,-0.659047513,-0.654880297,-0.657282611
5-hydroxy-n-valeric acid, 0.023993227,-0.017456398, 0.045517850, 0.143076182, 0.026577312,-0.071670399,-0.066190577,-0.168514572, 3.483200278,-0.196048887,-0.195825111,-0.196592527,-0.196198168,-0.196425508
6-Hydroxyhexanoic acid,-0.241715091,-0.219748354,-0.123429042,-0.154940361,-0.186152940,-0.229611640,-0.261564224,-0.177450587, 0.385810704, 0.349160840, 0.395842565,-0.576223293,-0.574033930,-0.575296053
"7,9-Di-tert-butyl-1-oxaspiro(4,5)deca-6,9-diene-2,8-dione",-0.41060880,-0.55109670, 0.03997916,-0.35782527,-0.47236557,-0.43211527,-0.32090593,-0.48959509,-0.42673283,-0.39704632,-0.41322231,-0.21805241,-0.38588927,-0.23671883
8-Hydroxy-5-(hydroxymethyl)quinoline, 0.41246002, 1.47932509, 2.07330413,-0.48838147, 1.60999338, 0.77906127, 0.34271126,-0.36914295, 0.53443924, 1.40525920, 1.07876384, 2.47186611, 0.93719496, 0.45290223
8-Hydroxyquinoline-2-carbaldehyde, 0.323648780,-0.031914658,-0.019312378, 0.052983356,-0.026453804, 0.006996473, 0.222353865,-0.144260745,-0.143850162,-0.143983232,-0.143847122,-0.144313895,-0.144074030,-0.144212307
"9,12-Octadecadienoic acid", 0.064353981, 0.207516181,-0.358555343,-0.358391257,-0.310699821,-0.354776881,-0.358496402,-0.330499171,-0.358469111,-0.358480433,-0.358468852,-0.358508568,-0.358488159,-0.358499924
9H-Purin-6-ol,-0.529646580, 0.628751507, 0.530301542,-0.523773619,-0.457707884,-0.186373932,-0.561467854,-0.325150511, 2.479130821, 0.930247969, 1.784329776, 1.744164864, 0.450253643, 1.401304748
9-Octadecen-1-ol,-1.2020989270, 0.4572170141,-0.8593125279,-1.1970268411, 0.1635766395,-1.2065724231,-0.3489381658,-1.2050175671, 1.2870788212,-0.0127539723, 1.0290287991, 1.3807595929, 2.5732694975, 1.3548848319
9-Octadecenamide,-0.294122825,-0.335110321,-0.256325753,-0.151723775,-0.285827229,-0.229926939,-0.185696069,-0.310125767,-0.486746550,-0.706510463,-0.562546176,-0.707517199, 1.278875214,-0.579631306
9-Octadecenenitrile,-0.10044355,-0.08724170,-0.06827032,-0.07469387,-0.07536293,-0.08013806,-0.06519610,-0.10341506,-0.18046844,-0.18082159,-0.18046037,-0.18169912,-0.18106255,-0.18142952
9-Octadecenoic acid, 0.502273990,-0.886619034,-0.145422032, 0.038077706,-0.056910772, 0.237792315,-0.866151027, 0.131385004,-0.783470926,-0.666143045,-0.677466084,-0.742987138,-0.534217109,-0.779575518
"Acetamide, N-(2-butyl)-N-methyl-",-0.268943712,-0.297259433,-0.397861316,-0.263351304,-0.283334319,-0.287142550,-0.219862399,-0.323774110,-0.258369742,-0.108998756,-0.298383499,-0.186199801,-0.175195449,-0.159019893
"acetic acid, [(2-hydrloxyethyl)thio]-",-0.175162635,-0.112261885,-0.237881821,-0.223638509,-0.028355728,-0.147204367,-0.067659533,-0.381158877,-0.400041737,-0.400092383,-0.400040580,-0.400218232,-0.400126940,-0.400179568
"Acetin, 1,3-dihydroxy",-0.159077668,-0.245719672,-0.261346671,-0.245876507,-0.230563070,-0.253410272,-0.220354062,-0.143234481,-0.378861528,-0.379479184,-0.378847418,-0.381013991, 1.781078613,-0.380542462
Acetoacetic acid,-0.3552378633,-0.5894136606,-0.0735013991,-0.4495754236,-0.5032342835,-0.3418371171,-0.6253726797,-0.5261426513,-0.2777181783,-0.0469189373,-0.3438868778,-1.5168850176,-0.2771058084,-0.4825047589
Aconitic acid,-0.890190428, 0.384907415,-0.890906672,-0.889636039, 0.176850410,-0.890679390, 0.011744409,-0.890509441, 0.619352342, 0.680407842, 0.483380606, 0.748718882, 1.343452956,-0.890477526
alpha-D-(+)-Talopyranose,-1.595986606,-1.596782139,-1.562369812,-1.593845952,-1.446727419,-1.277694701,-1.465489478,-1.597218406,-0.123064788, 0.214733470,-0.118106010, 0.522349577, 0.980157954, 0.115747986
"alpha-D-Glucopyranoside, methyl 2-(acetylamino)-2-deoxy-3-hydroxy-, cyclic methylboronate",-0.3172277906,-0.3172940652,-0.3174581900,-0.0604496983,-0.3173606522,-0.3173850786,-0.3173113693,-0.3173304099,-0.3172433880,-0.3172715917,-0.3172427437,-0.3173416748,-0.3172908362,-0.3173201436
alpha-D-Mannopyranose,-0.208643608, 1.166149584,-0.208693149,-0.208605262,-0.208672176,-0.208677428,-0.208661579, 1.036384869,-0.208646961,-0.208653026,-0.208646823,-0.208668095,-0.208657164,-0.208663466
alpha-D-Xylopyranose,-0.0609932245, 0.2938318215, 0.0645833177,-0.0754918425, 0.0518013751,-0.2283130561,-0.1269162309, 0.0504398259,-0.2188647420,-0.2282800393,-0.2282716466,-0.2021846689,-0.2282856381,-0.2282941645
alpha-Ketoisovaleric acid,-0.301974729,-0.361286166, 0.688445884,-0.363294096,-0.338042776,-0.352334073,-0.212178378,-0.588295878, 0.192226744, 0.123948708,-0.638720180,-0.638928517,-0.638821457,-0.638883175
alpha-L-(-)-Fucopyranose,-0.26765402, 0.90444813, 0.71483784, 0.12224465, 0.59882572,-0.47110419,-0.04077049,-0.47097930,-0.47078049,-0.38153424,-0.32252059,-0.47100503,-0.26193429,-0.19625659
"alpha-L-Galactofuranose, 6-deoxy-",-0.51042380,-0.51300100,-0.51938325,-0.50348899,-0.46239817,-0.51654019,-0.51367389,-0.51441432,-0.51103033,-0.03455318, 0.80714301,-0.51485237,-0.51287543,-0.51401510
alpha-Linolenic acid,-0.354952516, 1.237057246, 0.214535799, 0.687877408, 1.019187321, 0.382916356,-0.659124380, 0.418253080, 0.267781243,-0.658248561,-0.657613390,-0.074886176,-0.443989632, 2.256360682
alpha-Tocopheryl acetate,-0.274305547, 0.095064867,-0.156357952,-0.213829146, 0.078060398,-0.489238471,-0.489031068,-0.318105949,-0.471461645,-0.488919141,-0.488837968,-0.489116341,-0.483374033,-0.483495255
Anthranilic acid,-0.093504343, 0.123110983, 0.161456484,-0.311282862,-0.064208967,-0.728839200,-0.062779623,-0.353818177,-0.213508458,-0.170573155,-0.285520397,-0.268640793,-0.235158036,-0.261325819
Arabinitol,-0.1810950717,-0.2250202592,-0.1803174275, 0.0009361268,-0.2122578617, 0.0870849413,-0.1850479456, 0.3895265310,-0.3637895968,-0.3638085627, 3.5428116620,-0.3638556908,-0.3638215039,-0.3638412120
"Arabinofuranose, 1,2,3,5-tetrakis", 0.4955295368,-1.7347988357, 2.2854974867, 0.0198191287,-1.7999090636, 0.5331340335, 0.6883019657, 0.3385913234, 0.4808777269, 0.6569934174, 0.1639848506, 2.5625157023, 1.4196086184, 0.1795511774
"Arabino-Hexonic acid, 2-deoxy-, gamma-lactone",-0.468018345,-0.468038889,-0.468089765,-0.467963065,-0.468059530,-0.468067102,-0.468044253,-0.468050155,-0.246565622, 0.236543130,-0.088361313, 0.346895669, 1.044586469, 0.377361662
Arabinose, 0.146480216,-0.047827026, 0.432980390, 0.041359337,-0.034681668, 0.026452183, 0.007380753, 0.025986401, 5.919649485, 0.054217568,-0.435014576,-0.436043032,-0.418391358,-0.435819200
Arachidic acid,-0.392357666,-0.558383705,-0.601545976,-0.395314504,-0.471887294,-0.438975126,-0.459381670,-0.266399508,-0.391730842,-0.358877633,-0.319407118,-0.430718434,-0.380297513,-0.408533047
Azelaic acid,-0.378768582,-0.179070988,-0.294608150,-0.206824993,-0.189550097,-0.249606674,-0.243472413,-0.072660401,-0.378785450,-0.378815952,-0.378784753,-0.378891745,-0.378836764,-0.378868459
"Azetidine, 1-acetyl-2-methyl",-0.256828736,-0.527226387,-0.497213027,-0.295364495,-0.400069098,-0.403146303,-0.432115853,-0.441471492,-0.220657610,-0.323813054,-0.255022394,-0.388088169,-0.327397595,-0.012437526
Behenic acid,-0.21111057,-0.18651866,-0.12850595,-0.05608949,-0.07469347,-0.05773304,-0.21242143,-0.03308577,-0.21135520, 1.06669338, 0.14646486,-0.17964895,-0.21209939,-0.21255905
"Benzaldehyde, 2,5-dimethoxy",-1.041647001,-0.714203966,-1.015811423,-0.743393191,-0.923201761,-0.845115087,-1.008205419,-0.608838858,-0.346119567, 0.286312949,-0.115441342,-0.121484786,-0.064521387,-0.226620997
Benzeneacetic acid, 0.246093836, 0.035885788,-0.088888839,-0.042752058,-0.028477525,-0.219651908, 0.291095302,-0.218425218,-0.216472568,-0.217105420,-0.216458111,-0.218677987,-0.217537240,-0.218194857
"Benzenepropanoic acid, 3,5-bis(1,1-dimethylethyl)-4-hydroxy-, methyl ester",-0.79135881,-1.06208221,-0.87619735,-0.79147328,-0.95645191,-0.87451807,-0.68079925,-0.77554190,-1.67541872,-0.31705932,-1.31896268,-0.27261631,-0.41529911, 0.05394748
Benzoic Acid,-0.357904210,-0.568721267,-0.713426240,-0.261883746,-0.831632922,-0.033971866,-0.495505940,-0.336669903,-0.245868512,-0.525933432,-0.554036776, 0.038510665,-0.574629546,-0.066745341
beta-Alanine, 0.431102352,-0.117205012,-0.771946425, 0.304937438,-0.184500923, 0.364342872,-0.230380149, 0.832809962, 1.646147336,-0.307351287, 0.389632646, 1.461342208,-0.620468072, 3.337827437
beta-Arabinopyranose,-0.297155503,-0.042178489, 0.062394580,-0.778182527,-0.017925842,-0.548054153,-0.468762867,-0.232599616,-0.939550665, 2.420205667, 1.915312683,-0.221003625,-0.350876340,-0.940080518
beta-D-(-)-Ribopyranose,-0.36364161, 0.57088210, 1.53762501,-0.83528644,-1.84926682,-0.89738056,-1.42806406,-0.56645722, 1.20808849, 1.12967184, 3.81813764, 1.55241101, 0.10312972, 0.83198465
"beta-D-Galactopyranoside, methyl-, acetate",-0.26739906, 0.10394419, 1.30664565, 0.50291312, 0.02880246, 0.06876404, 0.18798893, 0.35896993, 2.82132275,-0.54279706,-0.54257884,-0.54332722,-0.07124065,-0.54316434
"beta-d-Glucopyranose, 2-(acetylamino)-3,6-anhydro-2-deoxy",-0.844904954,-0.817832612,-0.643128653,-0.697541815,-0.777743170,-0.178918677,-0.183461120, 0.005458741, 0.059691306, 0.537873013,-0.349621251, 0.048526329, 0.397311231, 0.176915612
Butanedioic acid, 0.16322799, 0.05286617,-0.36637441,-0.37401624, 0.16199826,-0.51808487,-0.22226156,-1.17570977,-0.19270139,-0.50965406,-0.15891017,-0.54705980,-0.47998716,-0.22263929
"Butanoic acid, 3,4-dihydroxy-", 0.05306678, 0.23489533, 0.38774568, 0.19541676, 0.28234686, 0.11596310, 0.03088452, 0.11774829,-0.36042256,-0.36042376,-0.36042253,-0.36042673,-0.36042457,-0.36042582
Butyl Succinate, 0.23766464, 1.90987537, 2.95094976,-0.10285068, 0.85278547,-0.51493737,-0.43264180,-1.09983540,-0.13087058, 2.59935848, 2.07495918,-0.20900204, 1.77378072,-0.60989976
Cadaverine, 0.01328073, 0.63714086, 0.17069407, 0.04900930, 0.29627867,-0.17677856, 0.30636847, 0.25132820,-0.27187112,-0.27344927,-0.27183507,-0.27737079,-0.27452610,-0.27616601
Caffeic acid, 0.012272340, 0.049161898, 0.005817985, 0.062952603,-0.076625347, 0.159845179,-0.085149648, 0.019823240,-0.245525041,-0.246300906,-0.245507317,-0.248228847,-0.246830310,-0.247636538
Campesterol, 0.22553673, 0.31792403,-0.38758693,-0.40802350,-0.01519895,-0.29087455,-0.25771809,-0.26745532,-0.72376411, 0.74559589,-0.69959711,-0.72393571,-0.38818968, 0.06038356
Cholesterol,-0.14636394,-0.32288133,-0.70613221,-0.61487975,-0.53129767,-0.62262490,-0.44609877,-0.54910520,-0.74668350,-0.71992024,-0.72836524,-0.65397679,-0.71470615,-0.69128088
Cinnamic acid, 0.22906437, 0.10441576, 0.10604337, 0.12253422, 0.05831832, 0.05008447, 0.10417532, 0.04914687, 2.24603592,-0.55785238,-0.55649098, 1.72341140, 2.33972956, 2.80412859
"cis,cis,cis-1-Isobutyl-2,5-dimethylcyclohexane",-0.160307037,-0.496574293,-0.377855726,-0.157771466,-0.280131427,-0.391989565,-0.231170173,-0.241543173,-0.037021962,-0.667944227, 0.008696988, 0.285338510,-0.621064471,-0.646130978
"cis-4,5-Dihydroxy-o-dithiane",-0.250960733,-0.451772350,-0.065700265,-0.393778230,-0.493001979,-0.483292814,-0.227066631, 0.116162296, 1.173951235, 0.497533581, 0.556840486, 0.608772773, 1.203694290, 1.261045784
Citric acid,-0.955058719,-0.418019963,-0.612441544,-0.955046652,-0.955067709,-0.955069362,-0.955064374, 0.302195092,-0.238340230, 0.309185349, 0.421736277,-0.074705007,-0.146193797,-0.174136218
Cyclo(L-prolyl-L-valine),-0.751856927,-0.905338741, 0.265810311,-0.188306304,-0.084671934, 0.222640999,-0.557148507, 1.433844191,-0.409169825,-0.493365189,-0.542746340,-0.574097364,-0.454608047,-0.508737237
Cyclohexanecarboxylic acid,-0.35682407,-0.20263996,-0.35948625,-0.35476349,-0.35835923,-0.35864147,-0.35778979, 0.60574980,-0.35700429,-0.35733018,-0.35699685,-0.34145753,-0.35755254, 0.52302954
Cyclohexanemethanol,-0.003960794,-0.071018640, 0.003267578,-0.282945478,-0.137347685, 0.232408760, 0.286629243,-0.483835430,-0.126302491, 0.831820570,-0.077640026,-0.179373323, 0.093854368,-1.758610146
Cyclohexanol,-0.71276759,-0.40621032,-0.61037763,-0.96666549,-0.75034568,-0.80558790,-0.12389226,-0.38908744, 0.18019934, 0.91939903,-0.98641969, 0.24170288, 1.00328204, 0.54287911
"Cyclopenta[g]-2-benzopyran, 1,3,4,6,7,8-hexahydro-4,6,6,7,8,8-hexamethyl",-0.130355709,-0.502851958,-0.558299412,-0.259857415,-0.430233701,-0.416686947,-0.333990810,-0.278960391,-0.285945073,-0.375281874,-0.204705118,-0.334733690,-0.279432342,-0.303002460
"Cyclopentanone, 2,4,4-trimethyl",-0.134321120,-0.147319154,-0.140662461,-0.119783938,-0.143566449,-0.133453954,-0.121392803,-0.142605260,-0.223517833,-0.224004601,-0.223506713,-0.225214166,-0.224336742,-0.224842559
Cytosine,-0.11625644, 0.71694872, 0.39391740, 0.10508771,-0.07354890, 0.23718380, 0.50707624, 0.47950877, 3.12618084, 1.30931935, 0.74535217, 5.22445729, 0.46535198, 1.24006353
D-(-)-Citramalic acid,-0.129314827,-0.067884750,-0.117559090,-0.129271453,-0.128068293,-0.129146796,-0.116103964,-0.112948706,-0.190746119,-0.191086007,-0.190738354,-0.191930593,-0.191317926,-0.191671116
D-(-)-Fructofuranose,-0.52335682, 0.49165361,-0.12541346, 0.69027293, 0.63002375, 0.57395464, 0.27729613, 0.70393942, 2.32832506, 0.67899487, 1.35167716, 1.20074177, 1.85860767, 2.02758520
D-(-)-Fructopyranose, 0.868251927, 0.622026878, 0.917955266, 0.684677448, 0.887927092, 0.668201837,-0.546310471, 1.059325869, 1.986479169,-0.440311222, 0.434671102, 1.172981591, 4.530848180,-0.679523547
D-(-)-Ribofuranose,-0.698404538, 0.562758623, 0.344738929,-0.672658091,-0.406626580,-0.635753849,-0.874542312,-0.517815359,-0.568763585,-1.478416565,-1.447055084,-0.060095552, 0.305507289,-0.631339781
D-(+)-Galactopyranose,-0.11313221,-0.06613277, 0.04027663,-0.01703472,-0.04630564,-0.03946250,-0.07806534,-0.21773007, 0.81286992, 0.73393120,-0.29670843, 0.84194320, 0.86472020, 0.54597179
D-(+)-Glucosamine,-0.124874708, 0.291296943,-0.033345338,-0.048966710,-0.001354420, 0.143808945,-0.218925634, 0.235436119, 2.856237780, 0.822492778,-0.784230407, 2.280705901, 0.884919455, 2.269625943
"D-(+)-Ribono-1,4-lactone ", 0.002413955, 0.228744422, 0.807681264, 0.196975972, 0.393431231, 0.183053436, 0.096149288, 0.277206365, 4.035599406, 4.784639026,-0.435143756,-0.435977472,-0.435549043,-0.435796023
D-(+)-Talofuranose, 0.12623265,-0.61591207, 0.45879919,-0.02674578, 0.14072804,-0.47599249,-0.12611450,-0.39704376,-0.79346553,-0.46282239,-0.74808815, 1.12750527,-0.75536300,-0.79348091
D-Allofuranose,-0.73559977,-0.73564814,-0.73576793,-0.73546961,-0.73569674,-0.73571457,-0.73566077,-0.72780074,-0.10603253,-0.15439621,-0.48509681,-0.51814065,-0.60121271,-0.47523076
D-Arabinose, 0.036057356, 0.236441454, 0.191367256, 0.049715944, 0.084456981,-0.209710496,-0.130170311,-0.151967377,-0.517710004, 0.370163380, 0.514661109,-0.518797549, 1.313441489,-0.518559306
Decanoic acid,-0.536693531,-0.009511761,-0.438163409,-0.592172431,-0.302217882,-0.587087483,-0.385277702,-0.492049239, 0.626970390,-0.355832453,-0.398404051,-0.426969832,-0.398746205,-0.445451309
Decyl oleate,-0.4185183409, 0.0319267414,-0.2266852971,-0.4271461944,-0.0238543770,-0.4273046378,-0.1803479937,-0.4272788294,-0.1228415710,-0.1141637587,-0.1581617963,-0.2877834591,-0.4272601471,-0.2886187744
Dehydroabietic acid, 0.05107449,-0.99362492,-1.25556245, 2.04977716,-0.29206743, 1.60080050,-1.33437916, 0.20056786,-0.53980757,-0.70641346, 0.65012470,-1.33684783,-0.31785565,-0.66839590
Deoxycholic Acid,-0.0884557919,-0.1744188485,-0.1802659526,-0.2002112842,-0.2572695551,-0.2568611722,-0.0984118636,-0.2411377845,-0.3925741692,-0.3925862565,-0.3925738931,-0.3926162919,-0.3925945040,-0.3926070643
Deoxyribopyranose,-0.42165422,-0.50314455,-0.55858023,-0.55821272,-0.55849253,-0.55851449, 0.15521621,-0.27479103,-0.55838709,-0.54145189,-0.45429301, 0.01288790,-0.55842976,-0.55845611
"D-Erythro-Pentitol, 2-deoxy-",-0.520636863,-0.890643548, 0.125112068,-0.801497722,-0.890853583, 0.235685891,-0.656863011,-0.890758190,-0.622765338, 0.746786944, 0.070252617, 0.340163944,-0.102412392,-0.803972613
"D-Erythro-Pentofuranose, 2-deoxy-1,3-bis-O-posphate",-0.67256107,-0.39851217,-0.78244974,-0.39432658,-0.60887405,-0.69881636,-0.56367671, 0.42873987, 0.91434388, 0.62766975,-0.01274725, 0.56822126,-0.78221291, 0.82859768
d-Erythrotetrofuranose,-0.185122386, 0.900046322, 0.563212137,-0.687914391,-0.690640724,-0.690854720,-0.690208966, 0.009880251,-0.689613394, 2.708461435,-0.689607749, 2.432260032,-0.481182959, 0.601029691
Desmethylverapamil,-0.24903477,-0.19761551,-0.19196401,-0.27024240,-0.24041886,-0.27231939, 0.15388328,-0.22293788,-0.27144254,-0.27161708,-0.27143855,-0.27205079,-0.27173617,-0.27191754
D-Fructose,-0.301542655,-0.119629097,-0.221310282,-0.532735013,-0.477985977,-0.190108334,-0.229697758,-0.090840182,-0.661444073,-0.534694478, 3.474799420,-0.089440823,-0.099187944, 3.039959157
D-Fucitol,-0.762517954,-0.020260862,-0.764684875,-0.760840709, 0.316386717,-0.456159622,-0.763304017,-0.763483095, 0.622814697,-0.762929906, 1.335352554, 0.126962454, 0.775041999, 0.494182716
D-Glucose,-0.701601763,-0.007906739, 0.007785127, 0.297572774, 0.277241773, 0.486360633,-0.920345318,-0.427216403, 1.573413923, 2.744902657, 1.752559881, 2.585201172,-1.692096935, 1.378444599
Dihydrouracil,-0.90837074,-0.99063047, 0.07225416, 3.93094038,-0.67300055, 3.03876401,-1.04281480,-1.16708965, 1.30770499, 1.11332015, 0.68733898, 0.93440616,-0.23990640, 0.61762307
Dihydroxyacetone,-0.12497197,-0.36263298, 0.58818062,-0.28036206, 0.23266152,-0.29509061,-0.26779002,-0.26441261, 1.57142675, 2.43538606, 1.26813059, 3.37958908, 1.04094439,-0.41445168
"Dimethyl hexopyranosiduronate, alpha-D",-0.048399607, 0.521337070,-0.304171328,-0.302856067,-0.295006072,-0.265375013,-0.093438661, 0.110982355,-0.304077822,-0.304090099,-0.304077541,-0.283381648,-0.304098476, 0.567533782
DL-Phenylalanine,-0.59221212, 0.87126802,-0.47136937,-0.51191720, 0.14128911,-0.52122732, 0.82720183, 0.23614605, 2.85717574,-0.00658726, 1.08727162, 1.06234912,-0.36312167, 2.17592778
D-Mannopyranose,-0.989654812, 2.234719390, 1.861909543,-0.574726413, 1.304717583,-0.749736649,-0.989846033,-0.989889597, 1.675383009, 0.294593675, 2.252096820, 1.010307077, 0.361815381, 0.326438014
D-Mannose,-0.954553253,-0.988417939,-0.989666170,-0.986557595,-0.988924358,-0.989110130,-0.988549543,-0.988694354, 1.324773805, 1.534539776, 1.200548402, 1.858792592, 1.998619359, 1.226255500
Dodecanamide,-0.42270508,-0.45435853,-0.43630400,-0.28353468,-0.43676199,-0.39454483,-0.29462753,-0.35827986,-0.80550065,-0.80669784, 4.83899718, 2.23196941,-0.80751473,-0.80875877
"Dodecanoic acid, isooctyl ester",-0.0756000911,-0.1553815037,-0.2315237443,-0.1205675005,-0.0539105987,-0.2304116422,-0.2292904466,-0.0026870347,-0.2282563789,-0.2286853869, 3.3705421427,-0.2297514251,-0.2289781160,-0.2294239127
Dodecanoic acid,-0.2755247635,-0.3101125940,-0.2633572101,-0.3188154916,-0.3045036366,-0.3334093418,-0.3009444643,-0.1514837179,-0.3745795538,-0.3746081515,-0.3745789005,-0.3746792137,-0.3746276649,-0.3746573817
D-Psicofuranose, 0.475640031,-0.580636967,-0.405736581,-0.393687451, 0.874678398, 0.961149959, 0.342688067,-0.580641681,-0.320831357,-0.453812361,-0.580630311,-0.580643142,-0.542008278,-0.580640349
D-Ribofuranose,-0.34693153,-0.34806741,-0.11332351,-0.34387505,-0.18062340,-0.34962730,-0.34836399,-0.34869033,-0.34719885, 2.90139898,-0.34718781,-0.34888340, 4.27613048,-0.34851437
D-Ribose,-0.5368867968,-0.5371339496,-0.5377460077,-0.5362217480,-0.5373822672, 0.6772710406,-0.5371984805, 2.4280269137,-0.4624604991,-0.5370501409,-0.5369425603, 2.1270400084, 3.6590305960, 5.0162938473
D-Xylopyranose,-0.343516118,-0.343794490,-0.344483859,-0.342767065,-0.344074173,-0.344176771,-0.343867172,-0.343947148,-0.343581632,-0.343700095,-0.343578926,-0.343994463, 7.383107466,-0.343904026
D-Xylose,-0.18077153, 0.49995239, 0.54900487, 1.05173913, 0.12176991, 0.17767998,-0.29973917,-0.62936388,-0.62293726, 1.90530412, 0.91728315, 1.90125713, 1.81500149,-0.17712297
"Erythrono-1,4-lactone",-1.188470159,-0.711902986,-0.658193105,-0.990604516,-0.807105935,-1.122420424,-1.178499931,-0.818591128, 0.149181013, 1.688740273, 0.951609679, 0.261054467,-0.047410863,-0.244944114
Ethanolamine,-0.12304752,-0.57511163,-0.20080862,-0.36696280,-0.40622306,-0.07321397,-0.40477380, 0.01309976,-0.30220279, 0.16539350,-0.85501642, 0.48275730,-0.84277970, 0.26843899
Ethyl alpha-D-glucopyranoside,-0.403683920,-0.001505377, 0.265893455,-0.007865008,-0.142987276,-0.204686759,-0.229716529,-0.154280933,-0.403701921,-0.403734470,-0.403701177,-0.403815352,-0.151214593,-0.362731643
Ethyl glycolate,-0.46266720,-0.38051510, 1.42034681,-0.12597033,-0.38897087,-0.26431471,-0.57727560,-0.47533021, 0.45042699,-0.26223881, 0.52674387, 0.35613828,-1.19599744,-0.13375309
Ferulic acid,-0.352976226, 0.896829923, 0.452310916, 0.433984468,-0.198013678,-0.062465929,-0.508849811,-0.001400544,-0.765667934, 2.580744371, 0.637689940,-0.229636682, 0.262368355,-0.644781186
"Gluconolactone (3R,4S,5R,6R)", 0.587085008, 2.701523442,-1.056165068, 1.234177744, 2.001372625, 1.291386735, 1.407855908, 3.436307205, 0.968555065, 2.604514444, 1.303351307, 2.328351217,-1.051920816, 1.706777889
Glucopyranose,-1.133197060,-1.133374036,-0.981621760,-1.132720848,-1.133551845,-1.133617072,-1.133420243,-1.133471088, 1.051155444, 1.804638817,-1.133236990, 1.740102360, 1.745716460, 0.917684926
Glyceric acid,-0.28595521,-0.76911234,-0.68907081,-0.32369051,-0.25754104,-0.62785449, 0.22591622, 0.26049983,-0.71023863, 1.15366449, 3.74170481,-0.20413527, 0.19216854,-0.68494568
Glycerol monostearate,-0.10243966,-0.11651990,-0.09294687,-0.05463132,-0.10760651,-0.08078476,-0.08463828,-0.09798271,-0.20337561, 4.52867658,-0.20336326,-0.20526033,-0.20428547,-0.20484746
Glycerol tricaprylate,-0.29601529, 0.11260806,-0.15672800,-0.29556914, 0.04783447,-0.29640879,-0.17369562,-0.26206392,-0.29605432,-0.29612487,-0.24981378, 0.96568687,-0.29617302,-0.29624634
Glycerol,-0.724061182,-0.227940689,-0.283804863,-1.393192963,-0.035323691,-1.049160257,-1.559508468,-0.749640822,-0.681089377, 0.542437716, 0.366567954, 0.024783106,-0.252748612,-0.312196134
Glycolic acid,-1.167185546,-1.284259427,-0.807022197,-0.964299085,-0.892100964,-0.910831924,-1.013146139,-0.995672152, 0.866293155, 0.388874550, 1.090519231, 0.136154388,-0.199396110, 0.018570989
"Guanidine, N,N-dimethyl",-0.3581791736,-0.4303346201,-0.4178019584,-0.2795119056,-0.3892703894,-0.3287443954,-0.2973700734,-0.4186671398,-0.2845293638,-0.2420532392,-0.2892200225,-0.3071566162,-0.2662196158,-0.2996433443
"Gulonic acid, gamma-lactone",-0.304088805, 0.590262386, 0.038855938,-0.039199527, 0.056900484,-0.111942771,-0.174529629, 1.173886373,-0.480337550,-0.480556113,-0.480332557,-0.481099218,-0.480705247,-0.480932363
Heptadecanoic acid,-0.4966602337,-0.6212510591,-0.6771953536,-0.5208928087,-0.5934271945,-0.5874896633,-0.5502717721,-0.2819895466,-0.4247222818,-0.4050684953,-0.3903801281,-0.4665320494,-0.3892810846,-0.4453532825
Hexacosanoic acid, 0.006541575,-0.073150938,-0.300761629, 0.046257983,-0.037307726,-0.297998194,-0.060719112,-0.014676075,-0.292642634,-0.293708665,-0.292618281,-0.296357637,-0.294436060,-0.295543810
"Hexadecanoic acid, 4-hydroxybutyl ester",-0.471454870,-0.472293831,-0.474371462,-0.469197362,-0.473136745,-0.473445955,-0.472512881,-0.472753913,-0.471652316,-0.472009342,-0.074442962,-0.472896513,-0.472252955, 0.019400639
"Hexadecanoic acid, ethyl ester",-0.474983662,-0.658268303,-0.484381229,-0.434346139,-0.477519938,-0.485611437,-0.659004284,-0.473698556,-0.293073549,-0.283096674,-0.293825111,-0.333006741,-0.327506114,-0.290959915
"Hexadecanoic acid, methyl ester",-0.39750600,-0.56757557,-0.48308259,-0.49778811,-0.47921294,-0.58631845,-0.44618906,-0.39098039,-0.38784035,-0.38014316,-0.42303715,-0.45399009,-0.45037861,-0.39077306
"Hexadecanoic acid, tetradecyl ester",-0.235047775,-0.208034982,-0.235055191,-0.235042035,-0.235052051,-0.235052837,-0.235050465,-0.228935330,-0.235048277,-0.235049185,-0.234941462,-0.235051440, 0.318542184,-0.235050747
Hexanedioic acid,-0.221094904,-0.508729459,-0.405067318,-0.140519081,-0.432057884,-0.456208634,-0.343619110,-0.223785037,-0.633936409,-0.699155530,-0.648486573,-0.583221178,-0.697448351,-0.635845394
Hexanoic acid,-0.092034288,-0.190677261,-0.136863043,-0.035320731,-0.214304964,-0.055903017,-0.131172078,-0.137009942,-0.303763562,-0.304553454,-0.303745518,-0.306516250,-0.305092429,-0.305913232
"Hexonic acid, 3-deoxy-, gamma-lactone", 0.673527990, 0.323015389,-1.173473052, 0.657055947, 0.451029695,-1.172542159, 0.985434654, 0.282694558,-0.297600622,-0.468744662,-1.170729875,-0.806943259,-1.171342214, 0.777060832
"Hydantoin, 5-hydroxy", 0.15255575,-0.04461420, 0.28865893, 0.72274883, 0.02795432, 0.70831128,-0.07234985,-0.14896497, 4.95991395,-0.42624329,-0.42525841,-0.42863595, 5.15222007,-0.42790087
Hydracrylic acid,-0.380050083,-0.630309161, 0.114697422,-0.257719465,-0.279359815,-0.281887308,-0.516997880,-0.396667569, 4.759623218,-0.106357770, 1.038705733, 0.014724673, 0.159036571, 2.512218035
Hydroquinone,-0.465337904,-0.295247167,-0.264914551,-0.643072668,-0.418442012,-0.535330609,-0.470971156,-0.641598132,-0.033948492,-0.021813108, 0.687374443,-0.026456763,-0.061179443,-0.070199208
Hymexazole,-1.350419751,-1.020806676,-0.256298211,-0.794947089,-0.850357008,-0.249794146,-1.205968046,-0.221292204, 0.592325621, 1.259349954, 1.154309573, 0.386103642, 0.321652465, 0.230170015
Idoxuridine,-0.92968950,-1.17928524,-1.09403951,-0.91019494,-1.18406595,-0.64807538,-0.01302563,-0.22360052,-1.17564679, 2.10553663, 0.56286360, 1.27115963, 0.37567798,-0.36902789
"Inosose-2, myo",-0.690243173,-0.649537787,-0.256997681,-0.606110714,-0.599699447,-0.527327341,-0.801280865, 0.460423280,-0.541014459,-0.187145141,-0.780814251,-0.686389492,-0.358916251,-0.231501720
Isocitric acid lactone,-0.51407647,-0.59372323,-0.42371114,-0.41334212,-0.50629793,-0.50629793,-0.26514516,-0.53792850,-0.06813731,-0.11772494,-1.18630919, 0.26714877,-1.19135543, 1.15673329
Isonicotinic Acid,-0.11818169,-0.08416773,-0.07039400,-0.07532434,-0.08682057,-0.08262471,-0.07921933,-0.11544234,-0.30831008, 0.72783285,-0.30830147,-0.30962331,-0.30894405,-0.30933563
Isopropyl myristate,-0.476231676,-0.613169055,-0.406418185,-0.416641981,-0.329819363,-0.543913382,-0.032607280,-0.440177105,-0.299479963,-0.337344257,-0.376729153,-0.409549113,-0.374438291,-0.348927562
Isopropyl palmitate,-0.6078978138,-0.4944013576,-0.2879949883,-0.4526494300,-0.3424317731,-0.5601573175,-0.1219275289,-0.5979851286,-0.9684197806,-0.4009823099,-0.3590278037,-0.4096525763,-0.4096595102,-0.3875495062
Itaconic acid,-0.24505160,-0.20890445,-0.14786205,-0.29991022,-0.20546907,-0.40127260,-0.13494521,-0.26240399, 1.57341822,-0.51917132, 0.23074374,-0.52214682,-0.27131868,-0.52123267
Ketamine,-0.840632681,-0.756590273, 0.400127562, 0.450881504,-0.322730996,-0.333912490,-0.377968065,-0.668026155,-0.138195918,-0.728619790,-0.604803252,-0.592660394,-0.579830166, 0.152112803
Kojic acid, 0.1196213606,-0.1361305808, 0.0149610202,-0.3110152305,-0.1728657105,-0.1999576506,-0.4016682851,-0.2251339990, 1.5752266215, 0.8943337912, 1.3475998996, 0.2228203955,-0.9097951913, 0.7329789832
L-(-)-Sorbofuranose, 0.41972825, 0.05966472,-0.26379463, 0.22387316, 0.11724399, 0.47173202,-0.25240526, 0.49765727,-0.26341425,-0.26346420, 1.11128391,-0.26358830,-0.21863166, 3.01420919
L-(+)-Lactic acid,-0.174302664, 0.123059280, 0.586584369,-0.128780877, 0.185112331,-0.142475245,-0.142672496,-0.243616471,-0.274090029,-0.274297935,-0.274085280,-0.274814558,-0.274439797,-0.274655839
L-(+)-Rhamnopyranose,-0.008631769, 0.142114625, 0.830888628, 0.177983997,-0.983191097, 0.092372773, 0.055439527,-0.980406729, 0.147480915, 0.006078517, 0.317516647,-0.106670460, 0.058553673, 0.343228013
L-5-Oxoproline,-0.7216830382,-0.6706591237,-1.1917871490,-1.2614625345,-1.0381121633,-1.2526365399,-0.9758189208, 0.6995363101, 1.4143550802, 0.0005131458, 1.4850773673, 1.2041571143,-0.0800124073, 1.5033419536
Lactic Acid,-0.750118156,-0.470720656, 0.189822350,-0.145957905, 0.019098713,-0.124268931,-0.568677432,-0.168217941,-0.108481804,-0.008138749, 0.173817360,-0.148498273, 0.020404636, 0.215031958
L-Alanine,-0.06581693,-0.08341605,-0.20685522, 0.13745000,-0.18662947, 0.26576822,-0.11799539, 0.46981055, 5.50210976,-0.30540889,-0.30511407,-0.30612511,-0.30560556,-0.30590507
L-Aspartic acid,-0.025507504, 0.831101782,-0.646504676,-0.723240624,-0.092681512,-0.219857724, 0.716305501, 1.052769541, 2.026121096, 0.331668753, 1.734266901,-0.483151581, 0.499328496,-0.156554279
Levoglucosan,-0.1515092287,-0.1140267695, 0.0117648736, 0.1266360144,-0.1384957379,-0.0127350108,-0.2608804242,-0.1941836003,-0.3647013657,-0.3579578891,-0.3935001055,-0.2466295876,-0.3741190819,-0.4345330422
Levulinic acid,-0.077703025,-0.547065576,-0.460620548,-0.390296472,-0.285958143,-0.291116911,-0.261347585,-0.185607826, 0.647821482,-0.467247715,-0.545162042,-0.553751318,-0.504745767,-0.528124917
L-Fucose,-0.2247954726, 0.4155286490, 1.3164884319, 0.0015162824, 0.4323230932, 0.2724511366, 0.0183700047,-0.7474073715,-0.0004802097, 1.5196523953, 0.0223680031, 0.9204391074, 0.7321662520, 0.4919213177
L-Glutamic acid,-0.37566764,-0.48661839,-0.63297415,-0.57544233,-0.47945538,-0.47430206,-0.43022652, 3.99151961, 2.39532160, 0.02794702, 1.67904598, 1.67928697, 0.14003730, 2.46445371
Lignoceric acid,-0.025534796,-0.204021946,-0.315353874,-0.117599592,-0.531096689,-0.117094188,-0.528363254,-0.119970437,-0.524592721, 0.951925030,-0.524556985,-0.530044125,-0.527224399,-0.528849913
L-Isoleucine,-0.367526561, 0.623864435,-0.529354927,-0.228429075, 0.115904861, 0.090758941, 0.796225988, 1.120213644,-0.254601327, 0.722367632, 0.721912988, 1.453829587, 0.276908617, 2.340170019
L-Leucine,-0.69778375, 0.45933128,-0.60619897,-0.16618145,-0.24073651, 0.09030443, 0.38536191, 0.98150706, 2.72532019,-1.52995019, 0.74427404, 1.39846747, 0.29513243,-0.34366352
l-Leucyl-l-valine,-0.674962553,-0.463689876,-0.614408614,-0.678948130,-0.490140843,-0.665281434,-0.410695794,-0.288284817, 1.784384178, 0.179112462, 0.450096978, 0.428761863, 1.873040888, 0.729569231
L-Proline, 0.13320337, 1.10315611,-0.35450987, 0.83845957, 0.27277399, 1.23225559, 1.55204769,-1.07280620, 0.73126695, 0.30783148, 1.57562689, 0.31126927,-0.07510532, 2.92998140
L-Rhamnose, 0.52673128, 0.45732426, 1.80135823,-1.44002810, 0.98276086, 0.33466680, 0.10146783,-0.58445517,-0.45199847, 1.01629981, 1.31452733, 0.25506960, 3.95545150, 0.86583691
"L-Sorbopyranose, (1S,2R,3S)", 0.005272196,-0.077790393,-0.196680675,-0.196359660,-0.196604070,-0.196623254,-0.195336218, 1.331591071,-0.196511972,-0.196534123, 1.473188438,-0.196589165,-0.196549237, 2.175367109
L-Threonine, 0.043096877, 0.329116426,-0.261264429,-0.245527477, 0.368466887, 0.254381843, 1.264453496, 0.061802654, 1.296762252, 1.227617127, 1.521279706, 1.854426179, 0.452831764, 0.838453389
"L-Valinamide, N(2),N(2)-dimethyl",-0.3019191724,-0.1180990033, 0.0289895634,-0.1049597094,-0.0060022854, 0.0677154016,-0.1140356447,-0.1084876998,-0.3651269352,-0.3651273132, 2.5827773291,-0.3651282526,-0.3651275712,-0.3651279640
L-Valine,-0.942730217,-0.537753764,-1.040838683,-0.972810884,-0.664965004,-0.909644912,-0.428758530,-0.766601499, 2.364979054, 0.405482710, 1.087768963, 1.071362137,-0.128884039, 1.939254538
L-Valyl-L-leucine,-0.33819561,-0.27499701,-0.29595355,-0.32477687,-0.25867241,-0.36425322,-0.19788025,-0.24489540,-0.45856045,-0.03336098, 6.48027911, 0.45834078, 0.12114896, 0.20169204
Malic acid, 0.988860309, 0.001030223, 0.690046979,-0.039131049, 0.857225431,-0.334242264,-0.362761672,-0.326619310,-0.521866167,-0.499610880,-0.579450770,-0.520842581,-0.628615539,-0.529286343
"Mannonic acid, gamma-lactone",-0.288579818,-0.288824282,-0.289429682,-0.287922004,-0.289069899,-0.009297097,-0.102788421,-0.053769826,-0.288637352,-0.288741385,-0.288634975,-0.288999898,-0.288812372,-0.288920477
Menthol,-0.20362028,-0.27813179,-0.06140654,-0.11757095,-0.23155926,-0.18213828,-0.14548010,-0.20640557,-0.22568848,-0.17025105,-0.21234585,-0.42453903,-0.21721097,-0.20604665
"Methyl (3,4-dimethoxyphenyl)(hydroxy)acetate",-0.889196996,-0.758800177,-0.773532078,-0.769909144,-0.387147431,-0.955432703,-0.731906196,-0.947743611,-0.833269351, 0.587724247, 0.721489628,-0.456190187, 0.049210370, 0.202161124
Methyl 2-acetamido-2-deoxy-3-O-methyl-alpha-D-galactopyranoside,-0.68551090,-0.00985901,-0.42607394,-0.42702032,-0.26719990,-0.48086504,-0.34107254,-0.30944361, 0.09823804, 0.11655083,-0.82250485,-0.82876175, 0.05996853,-0.82740000
Methyl alpha-Arabinofuranoside,-0.311604169,-0.099596899,-0.018241326,-0.063859173,-0.265909268,-0.354210100,-0.171618719,-0.198701529,-0.380037305,-0.380200630,-0.380033574,-0.380606473, 0.625708063,-0.380481788
Methyl alpha-D-glucofuranoside, 0.10523776,-0.17307754,-0.11012286,-0.11807726,-0.17319566, 0.95026640, 0.02071894,-0.09237821, 5.12609496,-0.17303767,-0.17298650,-0.17316200, 0.04425131,-0.17312380
Methyl alpha-N-acetyl-D-galactosamine,-0.062801005,-0.060159364, 0.578181357, 0.294090615,-0.029154658, 0.211146950, 0.047955839,-0.001517576,-0.239173185,-0.240124761,-0.239151447,-0.242489323,-0.240774059,-0.241762873
Methyl beta-Arabinofuranoside, 0.15903637, 2.01647322,-0.50817274, 0.34881130, 0.24059032, 0.19875373,-0.12400660, 0.46014792,-0.50815310, 0.25644115,-0.50342271,-0.48685391,-0.50815744, 0.47785359
"Methyl galactoside (1S,2S,3S,4R,5R)",-0.3484284192,-0.3570444026, 0.0811533110,-0.3579599478,-0.0904966303,-0.1018112490,-0.3572279137,-0.3568145205,-0.3577388881, 2.6678809295, 2.7101753901,-0.3579992646,-0.3579924245,-0.3579963677
Methyl stearate,-0.334375017,-0.452941511,-0.462394250,-0.392120579,-0.450303081,-0.704941864,-0.436467993,-0.309401582,-0.154282431,-0.152695053,-0.152826444,-0.267377815,-0.219668054,-0.226033002
Methylmaleic acid,-0.521004844,-0.114707077,-0.082699959,-0.171507816,-0.118125511,-0.157742032,-0.060661290,-0.094990456,-0.521734972,-0.523055212,-0.521704812,-0.526335864,-0.523956064,-0.525327970
Methylsuccinic acid,-0.572464076,-0.585329976,-0.410778527,-0.569666965,-0.624420178,-0.635450541,-0.631655262,-0.349804309, 3.324355091,-0.870118723, 1.236557570,-1.601983624, 1.011584870, 3.620690048
Monocaprylin,-0.253159201, 0.098834214,-0.042808587,-0.252934227, 0.008450456,-0.253357625,-0.253264639,-0.225187609,-0.253178878,-0.253214458,-0.253178065,-0.253302870, 1.203921523,-0.253275708
Monolaurin,-0.179559138, 0.126185298,-0.047681050,-0.183678161,-0.001924251,-0.207705056,-0.118158798,-0.109877982,-0.366996951, 2.166765907,-0.366975398, 1.941098384,-0.368584198, 1.243160966
Monomethyl succinate, 0.11070462, 0.13386210,-0.12807394,-0.01950576, 0.21743281,-0.08057963, 0.05483316,-0.37118064,-0.14831901,-0.09776780,-0.09539641,-0.17068796,-0.09381621,-0.13746997
Myristic acid,-0.17514909,-0.18608151,-0.15440098,-0.16742702,-0.17673437,-0.18134375,-0.16798191,-0.14938053,-0.16075912, 0.03132442,-0.16821809,-0.17332391,-0.17049305,-0.16865900
"N,N-Diethyl-carbamate",-0.3415066625,-0.3134821822,-0.2920921319,-0.3274718544,-0.2863306515,-0.3492777980,-0.2134097507,-0.3673549949,-0.2336977376,-0.1740166531,-0.2407132038,-0.2895670242,-0.2408248519,-0.2612151504
"N,N-Diethyl-2-aminoethanol",-0.838024672,-0.159489073,-0.258229985,-0.837369365,-0.353582836,-0.838602642,-0.838331790,-0.838401756,-0.838081986,-0.490697854,-0.838079618,-0.838443150,-0.774486240,-0.838364032
N-(2-hydroxyethyl)-succinimide,-0.482850574, 0.158471136, 0.091224679,-0.256900097,-0.262590443,-0.337753627,-0.761734258,-0.736794576, 0.007854061, 0.414405255, 1.134626711, 0.020878033, 0.489123602,-0.407597888
N-Acetyl glucosamine methoxime, 0.41523269,-0.71613962, 1.99007463, 1.68464819, 1.08723028, 2.24985542,-0.71616368,-0.71619014,-0.71606918, 0.69717560,-0.71606828,-0.71620580, 0.77031066, 0.89446671
"N-Acetyl-D-galactosamine, (R,R,R,R)",-0.42334039,-1.13753930,-0.34253019, 0.57443866, 0.71046216, 1.06865985,-0.82536571,-0.72688341, 1.60462113, 1.05480310, 0.97763605, 1.36372919, 2.17289017, 1.23326909
N-Acetyl-L-glutamic acid,-1.00911224,-1.01112561,-1.01611160,-1.00369457,-0.60343637,-1.01389053,-1.01165130, 0.91379757, 0.50546871,-0.32321730, 0.43438939, 0.80353058,-0.17986487, 0.97945561
N-Acetyl-L-phenylalanine, 0.69856322, 1.09649890,-0.16674411,-0.52517196, 0.54245941, 0.03709570, 0.80704339, 0.60563110,-0.52598701,-0.52610554,-0.52598430,-0.52640008,-0.52618642,-0.52630959
Nadolol, 0.031421448,-0.040829460,-0.006474386, 1.900058662,-0.009375587, 1.655438437, 0.084701770,-0.174406061,-0.282058369,-0.283496153,-0.282025523,-0.287068889,-0.284477209,-0.285971259
N-Ethyldiethanolamine,-0.444916418, 0.560871555, 0.029188076,-0.089322432, 0.105768919,-0.113337184,-0.345151144,-0.101608695, 0.949623099, 0.219332933, 0.911342053, 1.314093781, 1.263289285, 1.925417483
Niacin,-1.14569920,-1.26468255,-1.19391391,-1.15606101,-1.30714972,-1.16491137,-1.37154866, 0.82896083, 1.78137421, 0.19372366, 1.43491031, 1.50200897, 1.06808016, 1.32592296
N-Methyl-L-proline,-0.03123080, 0.62743337, 0.26296623,-0.19609535, 0.34263946, 0.56200518, 0.00358420, 1.10929131, 2.57725068,-1.26342425, 1.33960241,-1.26461087, 0.90678639, 0.92002908
n-Nonylcyclohexane,-0.090394086,-0.151814886,-0.142137509,-0.104071827,-0.182089902,-0.310600096,-0.087884487,-0.260067597,-0.309991877,-0.310112944,-0.309989112,-0.310413781,-0.310195553,-0.310321357
Nonadecanoic acid,-0.383724136,-0.548931344,-0.748625501,-0.446311483,-0.463572394,-0.455050999,-0.477836825,-0.168917070,-0.253551414,-0.294150347,-0.786618666,-0.358375925,-0.448287363,-0.382110995
Nonanoic acid,-0.338951024,-0.541081397,-0.661495667,-0.530366448,-0.534273252,-0.397118402,-0.498961922,-0.336179808, 0.067939591,-0.422097684,-0.546283445,-0.578567959,-0.405011178,-0.508956377
Norketamine,-0.876267640,-0.782182783,-0.726080466,-1.125587406,-0.764559763,-0.978304675,-0.694537353,-0.761497910,-0.753015986,-0.852188108,-0.805621359,-0.205188130,-0.669636578, 0.331692804
n-Tridecylcyclohexane,-0.109511657,-0.136212648,-0.127777079,-0.098600438,-0.120701093,-0.127503370,-0.107379735,-0.096282209,-0.188934578,-0.189668271,-0.188917818,-0.191491416,-0.190168898,-0.190931303
Octadecyl octyl ether,-0.663653117,-0.442502144,-0.569605762,-0.632523862,-0.310651786,-0.415472855,-0.840838656,-0.651130654,-0.165929270,-1.005117647,-1.003009190, 0.410344471,-0.529887239, 0.441503098
Octanoic acid,-0.582997677,-0.208151183,-0.293338188,-0.663993156,-0.558535668,-0.560737074,-0.106644939,-0.628348230, 0.160311965,-0.517079338,-0.567908631,-0.528291143,-0.543865984,-0.480230868
Oxalic acid,-1.504600234,-1.155849234,-1.603318106,-1.547194376,-1.503453742,-1.569556950,-1.371855920,-0.775534459, 0.848179155, 1.256494870, 1.450828763, 1.261989281, 0.643565072, 0.665502063
"Oxalic acid, isobutyl heptyl ester",-0.034823410,-0.213443646,-0.220151410,-0.203446502,-0.216165047,-0.217163353, 0.048313340,-0.214929050,-0.211372474,-0.212525156, 1.716817353,-0.215389446,-0.213311677,-0.214509468
Palmitelaidic acid,-0.540487929,-0.469458224,-0.445329515,-0.629734239,-0.495914361,-0.647468279,-0.414524271,-0.356355975,-0.617362292,-0.626438327,-0.620864783,-0.626655565,-0.635404450,-0.602010464
Palmitic Acid,-0.108916202,-0.907720815,-0.897403261, 0.005668792,-0.225472561,-0.882895332,-0.277002447,-0.660537685,-0.278723521,-0.258986589,-0.172528529,-0.315772609,-0.259072680,-0.323426685
Pantolactone, 0.098205429,-0.323593412, 0.093678198,-0.179892074,-0.229367789, 0.459102993,-0.476845622, 0.238924390,-0.322019685,-0.446905610,-0.341331719,-0.427825321,-0.365981852,-0.390461394
Pantothenic acid, 0.04567875,-0.87562074,-0.81998763,-0.45125500,-0.59321585,-0.09958349,-0.38610994, 1.84973795, 2.10993441, 0.25445588, 1.69277926, 1.82154123, 1.17947883, 2.89060250
Pentadecanoic acid,-0.484911815,-0.568209886,-0.549089106,-0.464540994,-0.534747286,-0.638865507,-0.518481262,-0.391722236,-0.531687708,-0.510922922,-0.391532709,-0.581864692,-0.565306421,-0.513723970
Pentanedioic acid,-3.612233e-01,-9.165939e-01,-7.286471e-01,-1.022396e+00,-5.447595e-01,-1.151548e+00,-1.049482e+00, 5.256894e-01,-3.654617e-01, 6.929511e-02, 7.777572e-01, 7.974084e-01, 1.554669e+00, 9.179341e-01
"Pentanoic acid, 4-methyl-2-oxo-", 0.1363849620,-0.3778443701,-0.3247172850,-0.4887326127,-0.3344574342, 0.3407732516,-0.3100805277, 0.0007918712,-0.4894118676, 1.8410150341, 0.9424572820, 1.0922622776,-0.4895780570, 1.3115850517
Pentanoic acid,-0.256790685,-1.236198217,-1.175066536, 2.804266122,-1.204379147, 2.065366687,-1.142976699, 1.126071110,-0.239106325,-0.143175660,-0.246159263,-0.301261430,-0.253834854,-0.155321213
"Pentitol, 3-desoxy",-0.459859693,-0.606805671,-0.393847413,-0.540382219,-0.550333599,-0.377800848,-0.609743979,-0.602466102, 0.605029637,-0.507371790,-0.577801029,-0.088443126,-0.039580094,-0.685009269
Phenol,-0.091599656,-0.400732675,-0.515429970,-0.535370244,-0.562071527,-0.531267504,-0.498202096,-0.280111454,-0.561427959,-0.387135225,-0.351613675,-0.408872016,-0.384672969,-0.335567898
phenoxyethanol, 0.023275109,-0.316048555,-0.838316608,-0.412933158,-0.464792784,-0.441072457,-0.283201157,-0.471711213, 0.359422410, 0.237439241, 0.142722123, 0.058523780, 0.479923370, 0.359699134
Phenylalanine,-0.373472141, 1.258137974,-0.473118300,-0.394856947, 0.056173348,-0.184514250, 0.648776768, 1.736114599, 3.618605354,-0.085812584, 1.040433855, 1.274632320,-0.132498188, 3.176642931
Phenylpropanolamine, 2.988260462,-0.400082455,-0.414567269,-0.378590631,-0.446415968, 1.247994702, 0.653761559,-0.426865296,-0.564059508, 2.673696598,-0.564059503, 2.946828888,-0.564059869,-0.564060091
Phloretic acid,-0.02083540, 0.36561912, 0.15173210, 0.26625643,-0.05128265, 0.06841421,-0.25067895,-0.22259076,-0.38526014,-0.38657399, 1.40810368,-0.38983876,-0.38747048,-0.38883574
Phthalazin-1-one,-0.499149159,-0.384964000,-0.275906173,-0.525447030,-0.369230512,-0.492336718,-0.220409205,-0.664368854,-0.329409937,-0.338766823,-0.296912286,-0.424554219,-0.407057509,-0.341826755
Phthalimide, 0.0001901713, 0.0233082106, 0.0852250116, 0.0086748465, 0.1181751528, 0.0539192602, 0.0753218129,-0.0184721124,-0.3399486287,-0.3417117871,-0.3399083504,-0.3460930435,-0.3429148596,-0.3447470172
Picolinic acid, 1.692299e-03,-1.150740e-01,-8.987760e-02, 9.285493e-02, 1.441502e-01, 3.024554e-01,-4.425346e-01,-4.850741e-01, 9.063280e-02, 6.526614e-02,-3.898164e-02, 2.201773e-02, 1.851449e-01, 1.311209e-01
Pimelic acid,-0.240432428,-0.092316852,-0.105412557,-0.109656199,-0.091306151,-0.128193787,-0.102464985,-0.127593988,-0.174663686,-0.189677681,-0.213077289,-0.240655643,-0.208976005,-0.216566456
Pipecolic acid,-0.898277104, 0.686433214,-0.133166817,-1.009337207,-0.273425786,-0.711533410,-0.931171524,-0.105816358, 2.716773227,-0.041760208, 1.352190220, 1.832402627, 1.981634113, 3.493003917
"Pregn-4-ene-3,20-dione, 16,17-epoxy-, (16alpha)",-0.315112123,-0.059650858,-0.212071931,-0.315111250,-0.184827185,-0.315112893,-0.315112532,-0.315112625,-0.315112199,-0.315112337,-0.315112196,-0.315112680, 2.841993035,-0.315112575
"Propane, 2-methyl",-0.2865414470,-0.3550139841,-0.4065235755,-0.3077130983,-0.4280641968,-0.3142726508,-0.3104734725,-0.4631817010,-0.2779495059,-0.3225889718,-0.3464332683,-0.3336627878,-0.3670259143,-0.7196843423
Propanedioic acid,-0.87207592,-0.70137054,-0.96315873,-0.99888333,-0.83562844,-0.94405482,-0.91193771,-0.76821820,-0.50340507, 0.10765382,-0.65701624,-0.63161533,-0.42135951,-0.92327633
"Propanoic acid, 2-methyl-, hexyl ester",-0.21305098,-0.05797688,-0.22934308,-0.37541046,-0.17838131,-0.23812044,-0.38092716,-0.23915763,-0.37949527,-0.38008932,-0.37948169,-0.38156549,-0.09593568, 0.54515934
"Propanoic acid, 2-oxo",-0.09104613,-0.02884547, 0.08544016,-0.07571146,-0.02446852,-0.06842666,-0.09394303,-0.13122400,-0.38877747,-0.38974780,-0.38875530,-0.39215896, 1.66414513,-0.39141820
"Propanoic acid, 2-hydroxy-3-phosphate-",-0.70934179,-0.70946272,-0.70976222,-0.70901637,-0.70958423,-0.70962880,-0.70949430,-0.70952905,-0.56434463,-0.69323296,-0.70936907,-0.66345254,-0.60726519,-0.63625999
Propylamine,-0.272541587,-0.301822748,-0.259498580,-0.255358620,-0.275736071,-0.257550538,-0.222965605,-0.289777948,-0.248250529,-0.221141970,-0.254710889, 0.014481789,-0.286934613,-0.276485075
Protocatechoic acid, 0.2256238393, 0.1552558227,-0.0808462138,-0.4106576867,-0.4601111923,-0.3760122834,-0.5486656693,-0.6074296595, 0.0481517987, 0.0813011427,-0.0455153494,-0.1760330425,-0.4805536279,-0.1580824851
Putrescine, 0.22618304,-0.25434498,-0.23107883,-0.44432447,-0.24424634,-0.44654621,-0.44605827,-0.08152464,-0.44560825,-0.35723490,-0.44560399,-0.32194649, 0.21135646,-0.23573018
Pyridoxic acid, 0.0299255192,-0.0135536070, 0.1505345129, 0.1104344070, 0.0083105187, 0.4281964039, 0.0007439621,-0.0541185577,-0.6029266027,-0.6034022236,-0.6029157374,-0.6045840898,-0.6037267585, 0.9106645250
Pyridoxine,-0.16999745, 0.01885090, 0.15855293, 0.01858301, 0.09868156, 0.10737074,-0.12912889,-0.15061507, 2.44047381,-0.30225400, 2.49567805,-0.30425578,-0.30280368, 0.66930967
Pyrogallol,-0.634041281,-0.535639292,-0.436180980,-0.580682543,-0.540699342,-0.624566680,-0.525622216,-0.959471401,-0.224577990,-0.249629997,-0.092661973,-0.337596317,-0.207841862,-0.228321571
Pyroglutamic acid, 0.100326883, 0.103514984, 0.017489719, 0.023677361, 0.048831411, 0.048550489, 0.101369805, 0.525302859,-0.147888117,-0.148608205,-0.147871667,-0.150397545,-0.149099549,-0.149847817
Pyrrole-2-carboxylic acid,-0.947327789, 0.497329133,-0.627930458,-0.650728909,-0.451273157,-0.664229612,-0.598261718,-0.082660598, 2.066149548, 2.832510305, 3.152274501, 2.331385577, 2.851127818, 1.417559643
Ribitol,-1.345138921,-1.345202881,-1.345361276,-1.344966813,-1.345267143,-1.345290717,-1.345219581, 0.851023318, 1.955128686,-0.081340193,-0.309664049, 0.490529472, 0.967997910, 1.064108087
Ribonic acid,-0.42134653,-0.13636357, 0.46186207, 0.24234466, 0.11489542, 0.24388448,-0.41519229,-0.31948573,-1.08254123, 1.69077861, 2.15233586,-0.29739299,-1.15711385, 1.32003037
Salsoline,-0.266592160,-0.238128904,-0.224248626,-0.174405718,-0.054986600,-0.177659986,-0.050861722,-0.124022315,-0.305954704,-0.365409110,-0.354952601,-0.346960921,-0.353681110,-0.299695459
Sebacic acid, 0.03446962,-0.44052257,-0.37778080,-0.36944985,-0.42996349,-0.30853342,-0.33477631,-0.03296779,-0.52459244,-0.52511793, 0.15423509,-0.52642371,-0.52547649,-0.52602255
Sedoheptulose anhydride,-0.919043507,-0.537869953,-0.295973459,-0.270128781,-0.739328188,-0.576398532,-0.783172144, 1.108999763,-1.236064185,-1.246309782, 4.579033674, 2.938989836,-1.068368903, 1.414102885
Serine,-0.288583627, 0.338295833,-0.827515614, 0.633915971,-0.456450617, 1.427309861, 0.352887926, 2.544967103, 0.458613094, 0.946569317, 0.791899547, 1.407624611, 0.031006883, 0.468641036
Ser-Leu,-0.3096716973, 0.1273248952,-0.5308855977,-0.2879660599,-0.2309775372,-0.4653880155,-0.0896736245, 0.3285772567, 0.3944260123,-0.2718899915,-0.7338568814,-0.1224407373,-0.3516374345,-0.1121411384
Sinapinic acid,-0.267152383, 0.413867420, 0.438560554, 0.417893674, 0.388475480, 0.305825642, 0.184818769, 0.213263653,-0.363371405,-0.363375817, 0.470754367, 0.543591100, 3.234783189,-0.363383414
Stearic acid,-0.243124100,-0.312207344,-0.265627608,-0.209269435,-0.288491036,-0.234402196,-0.329856310,-0.138763587,-0.476420237,-0.513606728,-0.466137284,-0.464491882,-0.370682485,-0.477144049
"Stigmast-5-ene, 3beta",-0.12889332,-0.03447265,-0.31805729,-0.10507351,-0.18560019,-0.35993581,-0.21996605,-0.28717346,-0.50596576,-0.50650635,-0.50595341,-0.50784965,-0.50687521,-0.50743696
Stigmastanol,-0.280913778, 0.001563077,-0.177311647, 0.055870289,-0.046238303,-0.120480439,-0.075390191,-0.155921479,-0.113349718,-0.281911667,-0.281254444,-0.283508320,-0.282350101,-0.283017790
Suberic acid, 1.853355860, 0.324331795,-0.254405805,-0.037159088,-0.399901468, 0.789663197,-0.314950135, 0.882169087,-0.272122705,-0.389425738,-0.317721691,-0.278498970,-0.172494975,-0.365301460
Supraene,-0.531654097,-0.531386453,-0.533479274,-0.553598852,-0.536528064,-0.553446421,-0.506026883,-0.544972911,-0.518188116,-0.407705640,-0.451652045,-0.437302990,-0.413764909,-0.463331032
Syringaldehyde,-0.8438417805,-0.3406590913,-0.4561274432,-0.6625292830,-0.4640203478,-0.8422926239,-0.7383387024,-0.5183425944, 0.1136670835, 0.4348832310, 0.3774347603, 0.1019041591, 0.1338749433,-0.1223538975
Syringic acid, 0.106295383, 0.383479208, 0.998457525, 1.226587806, 0.236301723, 0.074094958,-0.212543937,-0.578801067, 0.184243611, 0.691397656, 0.333619905,-0.040931130, 0.277803899, 0.278192519
Tetrahydro-2-furanylmethanol,-0.49984323,-0.50100560,-0.50388415,-0.23665187,-0.50217346,-0.50260187,-0.50130910,-0.04833995,-0.50011679,-0.50061145,-0.50010549,-0.50184062,-0.50094897,-0.50146299
Tetrahydrogeranyl formate,-0.060008045,-0.466424970,-0.472710499,-0.289845051,-0.420458991,-0.364476744,-0.489248678,-0.409335119,-0.409643421,-0.319592867,-0.245328781,-0.383306527,-0.317696481,-0.312100834
Tetrahydrolinalool,-0.075884734,-0.157040567,-0.133993882,-0.041657215,-0.147303331,-0.141350898,-0.056080717,-0.142552183,-0.494579462,-0.496647880,-0.494532211,-0.501787672,-0.498059243,-0.500208605
Thymidine, 0.2261745578,-0.5388920021,-0.4988300332,-0.0602079952,-0.5391492221, 0.5765623175, 0.0331341918,-0.0781687990, 1.7966430078, 0.2217082951, 0.5362169690, 0.8073100011, 0.3556812010, 0.0316377397
"Thymidine, 5'-phosphate", 0.19696597, 1.47861247,-0.50297420, 0.04055256, 0.37024281, 1.23347245, 0.65236404, 0.10941329, 0.98955890,-0.50297300, 1.01059254, 1.07679762,-0.35953155, 0.04254074
"Thymine, 1,3-dimethyl-6-hydroxymethyl",-0.50995158,-0.38292713,-0.02370625, 0.12311541,-0.35476733,-0.05758357,-0.50262830,-0.10887637, 0.99671827,-0.24761898,-0.82798986,-0.32283846, 0.18970487,-0.47365490
trans-Coniferryl alchool,-0.07422669,-0.02653245, 0.44180400,-0.24170540,-0.04503240,-0.05371299,-0.08910825, 0.13194447,-0.24582112,-0.24641967,-0.24580744,-0.24790701,-0.24682808,-0.24745006
Tributyl acetylcitrate,-0.38365931,-0.38489819,-0.38796620,-0.38032568,-0.04311511,-0.38659952,-0.22518698, 0.98133881,-0.38395087,-0.38447809,-0.38393883,-0.38578816,-0.38483783, 1.14870942
Tricine, 0.40971417, 0.63895206, 0.24627983, 0.30183298, 0.31835221, 0.82544156,-0.27943289, 0.24826888,-0.67095800, 3.46180058, 1.15070665, 1.84434470, 1.53881874, 0.03770686
Triethanolamine, 0.2860371535,-0.7787166380,-0.5607457531,-1.0986145936,-0.4242340137,-0.3996451931,-0.6574005357,-1.1198262011,-0.3456839800,-0.3818014932,-0.3692508109,-0.1638849948,-0.4257551141,-0.1697898023
"Trimethylsilyl (5-benzyl-3,6-dioxopiperazin-2-yl)acetate", 0.03847783, 0.06085536, 0.12221999,-0.04977153,-0.53551759, 0.54685809,-0.25880655,-0.18169576, 0.49376414,-0.99311840, 0.52278839, 0.89349672, 0.67802558, 0.22595434
Triphenylene,-0.175180443,-0.177247377,-0.059514992,-0.070507992,-0.179324053,-0.127140906,-0.112161258,-0.071673378,-0.175666886,-0.176546487,-0.175646792,-0.178732199,-0.177146673,-0.178060696
Tripropylene glycol monomethyl ether,-1.284737497,-1.250604908, 0.107407361,-1.522738110,-1.533510983,-0.404417407,-0.776050661,-0.787163146,-0.398659871,-0.451422204, 0.557584977, 0.003851947, 0.715300684, 0.017532543
Trisaminol,-3.710005e-01,-6.021748e-01, 1.055355e-01, 2.361104e+00,-4.198430e-01, 5.664253e+00,-4.047214e-01,-3.205945e-01,-3.477009e-01,-2.863731e-01,-3.257321e-01,-6.022782e-01,-3.438193e-01,-3.395875e-01
Tyrosine, 0.993819630, 2.321152035,-0.230703153, 0.079813887, 0.122320535, 0.938839520, 0.441635984, 1.738025629, 1.862775294,-0.409198150, 0.056377441, 0.692408423, 0.161292437, 1.354584440
Undecanoic acid, 0.58161425,-0.06015185,-0.47451542,-0.24367432, 0.19446609, 0.33425380,-0.92549519,-0.92869580, 0.15435426,-0.45583558,-0.40467112,-0.41909480,-0.45070401,-0.38715276
Uracil,-0.028076671, 0.699430002, 1.753149108, 0.222293540, 1.415380795, 0.318126971, 0.960986161, 0.172978747, 3.361924233, 0.819907922, 2.075957054, 2.486826404, 1.599620921, 2.659609617
Urea,-0.477640528,-0.440092449,-0.206694923, 7.061389093,-0.454434201, 5.324415360,-0.404927618,-0.555977372, 0.044412357, 0.365897653,-0.017942555, 0.575565776,-0.001407687, 0.143039099
Uridine,-0.44508850, 0.20962585, 0.59743724, 1.02851733,-0.17586139, 1.58268649,-0.16179494, 1.12495878, 0.79186271, 0.38324766, 1.45054136, 0.55892246, 0.60413086, 0.79138017
Valylglycine, 0.3408139528, 1.1529873763, 2.3625424610, 0.4906753807, 1.0332577525,-0.0094892265, 0.2798855949,-0.7223550657, 2.7817721743,-0.7146607669, 1.0024310130, 1.3669071525, 1.1815351206, 1.9775176801
Valylvaline, 0.055650768, 0.720859691,-0.447355528,-0.447660639, 0.285327565,-0.548359131, 0.872603863,-0.316606111, 0.510430640, 0.039818461, 0.606431920, 0.297008918, 0.422485056, 0.552602461
Vanillic Acid, 0.009367468, 0.045815015, 0.102593165, 0.068182089, 0.029732783, 0.010014935, 0.001351893,-0.068974884,-0.194348530,-0.194561842,-0.194343657,-0.195091900,-0.194707394,-0.194929054
Vanillin, 0.017304032, 0.323563038, 0.347515030,-0.041642795, 0.236694075,-0.095910479, 0.086063576, 0.313660418,-0.799149434, 0.318584097, 1.413247052, 1.571373500, 0.476489993, 1.686026683
Xylazine,-0.7231469278,-0.7232196908,-0.1999816379,-0.4385655346,-0.6348585144,-0.7013475997,-0.6434849264,-0.7327646184,-0.2449234582,-0.5664862954,-0.6868678976,-0.3218151478,-0.6061368456, 0.8744414526
"Xylonic acid, delta-lactone",-1.22160602, 0.41486397,-0.13337169,-1.20205347,-0.34636347,-1.00350227,-1.00577486,-0.21815416,-1.80615416, 2.45166526, 1.67486928, 2.25904870, 1.74277774, 2.19992654
Xylose, 0.160365785, 0.173227860, 1.145052103, 0.509549263, 0.356991569, 0.107843076,-0.335253173, 0.241915756, 1.736969110, 7.236303039,-0.769081049,-0.769142616,-0.750797488, 1.214593869
