,Feci_LPS_CTRL_934_23022024,Feci_LPS_CTRL_935_23022024,Feci_LPS_CTRL_938_26022024,Feci_LPS_CTRL_940_26022024,Feci_LPS_CTRL_943_26022024,Feci_LPS-CTRL_941REP_01032024
Label,LPS_CTRL,LPS_CTRL,LPS_CTRL,LPS_CTRL,LPS_CTRL,LPS_CTRL
"1,2-Benzenedicarboxylic acid",-0.13817118,-0.10806211, 1.52416724, 0.78684462,-0.41536999, 0.44948836
10-Heptadecenoic acid, 0.67509978, 1.08098622,-0.33660910, 0.45014652, 0.46471646,-0.79276887
3-Aminobutanoic acid,-0.465744405, 2.026967541,-0.465969081,-0.466827728,-0.466603452,-0.469007011
3-Hydroxypicolinic acid, 0.4955102887, 0.5461537680,-0.1885288124, 0.1304084067, 0.0336097187,-1.2131310335
4-Pentenoic acid,-0.327521807, 0.847264442, 0.512932945, 0.252787455, 0.091605258,-0.648773252
Acetohydroxamic acid, 0.815989920, 0.396415431,-0.461351141, 0.578504450, 0.276352324,-0.697464986
Argininosuccinic acid, 0.771557907,-0.566225635, 0.239217504,-0.572540971, 0.153488016, 0.925977893
Butyl caprylate, 1.555648509, 1.511955773,-0.544561125,-0.548225429,-0.159480730,-0.557525588
Deoxyglucose, 1.28636301, 3.98294438,-0.22472896,-0.49630961, 0.32879971,-0.49770067
Dodecanedioic acid,-0.261173487,-0.260724603,-0.261277580,-0.261675392,-0.261571485,-0.262685056
Erythritol, 1.18168849, 0.97207263, 0.62644390,-0.71196325, 0.50595508, 2.27333845
Ethanamine,-0.7294488927,-0.8640783057, 0.5095844676,-0.6819311608, 0.0637448770, 3.2683010546
L-Asparagine, 0.90659703, 0.65580064, 0.04355367, 1.36809495, 0.57294522,-0.75589332
L-Glutamine, 0.454204605, 0.856972790,-1.021318801, 0.600333409,-0.211706193,-1.024465393
L-Hydroxyproline, 0.09955282, 0.54458640,-0.44329901, 2.31810998,-0.00952593, 0.23519830
L-Lysine,-0.78153527,-0.74938553,-0.78155231, 0.49502145,-0.30891559,-0.78178271
L-Norvaline,-0.825566703, 0.810149329,-0.639058581,-0.300940485,-0.379563671,-0.278948030
L-Serine,-0.658714262,-0.143088069,-0.097883458, 0.361635937, 0.088091475, 0.597427237
N-Acetylglucosamine,-0.0298147389, 0.5547546625,-0.1877997924, 0.6386630795, 0.6434192706,-0.3301356777
Niacinamide,-1.081090148,-0.182249685,-1.083290196, 0.496667985,-0.594807660,-1.113037846
N-Methyl-alpha-aminoisobutyric acid,-0.600456620,-0.868519926,-0.399666412, 1.544025669,-0.877477609,-0.889256143
Phloroglucinol, 2.16484760, 1.74152715,-0.13677733, 0.21477257, 0.07897078,-1.28143923
Thr-Leu,-0.34185453,-0.85335494,-0.34009003, 1.70044038,-0.19649182,-0.85353837
Xanthine, 0.11714259,-0.10381156,-0.04325359,-0.10982772,-0.04700727, 0.88047940
"(2,2-Dimethyl-5-[2-(2-ethoxymethoxy)propyl][1,3]dioxolan-4-yl)methanol",-0.22926901,-0.22840045,-0.22947043,-0.23024017,-0.23003912,-0.23219382
"(4,4-Dimethyl-5-methylene-4,5-dihydro-3H-pyrrol-2-yl)-(4,4-dimethyl-5-methylene-pyrrolidin-2-ylidene)-acetonitrile", 0.524813490,-1.407070870, 0.525010914, 0.565701783, 1.291391749,-1.411616071
"(9H-fluoren-9-yl)methanol, O-methoxycarbonyl",-0.21655179,-0.21512086,-0.21688361,-0.21815174,-0.21782051,-0.22137031
"1(2H)-Naphthalenone, 3,4-dihydro-3,3,6,8-tetramethyl-",-0.680608940,-0.856612130, 0.967831133, 0.771429911, 0.394059175,-0.453611223
1-(2-Methoxy-1-methylethoxy)-2-propanol, 1.07218082, 0.86107013,-0.13978179,-0.14033636,-0.14019151,-0.14174389
"1,1'-Biphenyl, 2,2',5,5'-tetramethyl",-0.34781711,-0.34530279,-0.34840016,-0.35062841,-0.35004639,-0.35628380
"1,2,4,5-Cyclohexanetetrol", 0.61742073,-0.63945785,-0.64199437,-0.64381915, 0.87830746,-0.64845051
"1,2,4-Butanetriol",-0.15199055,-0.15190835,-0.15200961, 0.14544244,-0.15206343,-0.15226733
"1,3-Dioxane, 2,2-dimethyl-5-hydroxy-",-0.270212223,-0.217939460,-0.270212583,-0.270213961,-0.270213601,-0.270217457
"1,4-Butanediol",-0.27063252,-0.26818717,-0.27119958,-0.27336671,-0.27280066,-0.27886698
"1,5-Anhydroglucitol",-0.839873177,-0.673161690, 0.796116152, 0.231802228, 0.145829689,-0.566714798
"1,7-Dimethyl-4-(1-methylethyl)cyclodecane",-0.262093233,-0.261923080,-0.262132690,-0.262283483, 5.121382257,-0.262666203
11-Hydroxy-.DELTA.-9-tetrahydrocannabinol, 0.02490603,-0.56811434,-0.56901833,-0.18205129,-0.56949879, 1.21248869
11-Methyldodecanol, 0.501528293, 0.433184001,-0.136471943,-0.350535178,-0.203246655, 2.860796175
12-Oxooctadecanoate, 0.192136708,-0.210953022, 1.010480746,-1.083935209, 4.095195243,-1.125019773
13-Docosenamide, 0.7038729584,-0.7307286762,-0.5075392637,-0.6116785684,-0.7453923488, 7.5977131864
17-alpha-Hydroxypregnenolone, 2.44587471,-0.25420823,-0.25425281,-0.25428488,-0.25427650,-0.25436627
18-Methyl-nonadecanol,-0.36113337,-0.36021587,-0.36134613, 0.40300963,-0.36194686,-0.36422295
1-Deoxypentitol,-0.48441879,-0.48184686,-0.34046644, 0.61570485,-0.48669917,-0.49307950
1-Dodecanol, 0.4794738959, 0.4031167722,-0.0878629698,-0.4152416641,-0.1137300506, 2.5697895776
1-Dodecene,-0.178091090,-0.176226734, 3.385546973,-0.180175660,-0.179744100,-0.184369114
1-Hexacosene, 0.082903003, 0.265094197,-0.140345071, 0.032291568, 0.053535807, 1.611762607
1-Hexadecanol, 0.003516954, 0.174620097,-0.273470471,-0.336229507,-0.246659518, 1.578822391
1-Hexanol,-0.48898177,-0.48680586, 1.17937388,-0.49141470, 0.50872862, 6.77577252
"1H-Indole-2-carboxylic acid, 5-ethyl-1-(trimethylsilyl)", 0.177950081, 0.307052423, 0.397822080,-0.036803719, 0.664595679,-1.868281227
"1H-Naphtho[2,1-b]pyran, 3-ethenyldodecahydro-3,4a,7,7,10a-pentamethyl-, [3R-(3alpha,4abeta,6aalpha,10abeta,10balpha)]-",-0.406273189,-0.398030086,-0.408184703,-0.415489952,-0.413581843, 2.739572962
1-Methyl-4-hydroxy-1H-imidazol-2-amine, 0.02491356,-0.56255892,-0.02534586,-0.45244516, 0.15379914, 1.85253325
1-Monomyristin,-0.239878720,-0.237458509,-0.240439949,-0.242584802,-0.242024573,-0.248028530
1-Monopalmitin, 2.5997360938, 9.7955185566, 2.1355901742,-0.2398192331,-0.2387649650,-0.2500635218
1-Octadecanol,-0.0538704239,-0.1016782457,-0.0664642659,-0.3265721089,-0.0988898443, 1.5897369313
1-Octanol,-0.5992160041,-0.5989256785, 3.3505372051,-0.5995406224,-0.5994734180,-0.6001936453
"1-Phenanthrenemethanol, 1,2,3,4,4a,9,10,10a-octahydro-1,4a-dimethyl-7-(1-methylethyl)-, [1R-(1alpha,4abeta,10aalpha)]-",-0.27018318,-0.26923975,-0.27040196,-0.27123805,-0.27101967,-0.27336010
"1-Propanamine, N,N-diethyl-",-0.386857835,-0.400630058,-0.216599221,-0.327921329,-0.173059466, 1.412353535
1-Tetracosene, 0.548727118, 0.437476942,-0.062470899, 0.367177655, 0.332428145, 1.155814159
1-Tetradecanol, 0.510598010, 0.281456092,-0.126772897,-0.711143727,-0.229950671, 2.624489584
"2',2,3,6'-Tetramethoxychalcone",-0.42225830, 4.89228339, 3.14253416,-0.42311768,-0.42293977,-0.22272262
"2,2,4-Trimethyl-1,3-pentanediol diisobutyrate", 0.0675614263, 0.0482765534,-0.1794630638,-0.3549556710,-0.2680914977, 2.5555718656
"2,3,4,5-Tetrahydroxypentanoic acid-1,4-lactone", 0.14415369,-0.79362074, 1.50671776,-0.78770591,-0.45920593, 3.85980531
"2,3,4-Trihydroxybutyric acid",-1.4847147260,-0.6776650433, 1.1260984485, 1.1978771397, 2.0491525669, 1.4900837214
"2,3-Butanediol", 0.239246020, 0.151759436,-0.024680845,-0.259109874,-0.138055903, 0.085019590
"2,3-Dihydroxy-2-methylpropanoic acid", 0.32722718,-0.00233189, 0.39166975,-0.40814538, 1.20609115, 0.19894757
"2,3-Dihydroxypropyl icosanoate",-0.15557949,-0.15483388,-0.15575239, 0.23384070,-0.15624057,-0.15809024
"2,4,6-Tris(1,1-dimethylethyl)-4-methylcyclohexa-2,5-dien-1-one",-0.2375865064,-0.2316665797,-0.2389592935,-0.2442056838,-0.2428353427,-0.2575212437
"2,4-Di-tert-butylphenol",-0.293483415,-0.292369460, 0.156752933,-0.294728949,-0.294471091, 2.598168146
"2,5-Cyclohexadiene-1,4-dione, 2,6-bis(1,1-dimethylethyl)",-0.0598356382,-0.0351200888,-0.2862506464,-0.1958513105,-0.1880646058, 1.4344120918
"2,5-Dimethoxybenzhydrazide", 0.26115334,-0.15169233,-1.16027922, 1.51660177, 0.08987382, 2.05622994
"2,5-Dimethoxymandelic acid",-0.938475814,-0.930818944,-0.228314931, 0.113412989, 0.327670748, 1.127646016
"2,5-Dimethoxyphenol",-0.30239217,-0.21994196,-0.33529386,-0.04219785,-0.18387963, 2.18329930
"2,5-Di-tert-butyl-4-hydroxyphenol", 0.02807775, 0.19176655,-0.20868523,-0.06791858,-0.19395040, 1.63051335
"2,6-Di-O-methyl-d-galactopyranose", 2.501937451,-0.167788571,-0.369486150,-0.524953076, 0.681902088,-0.274943890
"2-Allyl-1,4-dimethoxybenzene ",-0.243754232,-0.238456461,-0.515742843, 0.693692984, 0.121447388, 2.857252512
2-Amino-4-tert-butylphenol, 0.194515043,-0.087302324,-0.504908930,-0.504935865, 1.230089042, 1.295932244
2-Aminoadipic acid,-0.39475088,-0.42824373,-0.10682104,-0.38372764,-0.19595584,-0.26776791
2-Aminobutanoic acid,-0.812816807,-0.398017413,-0.458100612, 0.156848126,-0.554412417,-0.819418766
2-Butenedioic acid, 0.447853811, 0.032526467,-0.281059865,-0.277144410, 0.149822982, 1.327111577
"2-Butenoic acid, 2-hydroxy-", 0.533438069, 0.430972332,-0.094708311,-0.504397155,-0.503903579, 2.234412246
"2-Butenoic acid, 2-methyl-, 2-methyl-2-propenyl ester", 0.30755117, 0.11530839,-0.65834418,-0.11342891, 0.13886620, 3.08986265
2'-Deoxyribolactone, 1.009538166, 3.151850925,-1.204987267,-0.332279856, 1.802734731,-0.031212455
2'-Desoxyuridine,-0.861368116,-0.724312691,-0.463108828, 0.969699494,-0.461671410,-0.821396183
2-Ethylacetoacetate,-0.3879782211,-0.0009932284, 1.4616201820, 1.1454097002, 1.5919475866, 0.2428925560
2-Ethylhexanoic acid,-0.505573023,-0.396097872,-0.635200432,-0.519499934,-0.608894248,-0.829109005
"2-Furanacetaldehyde, tetrahydro-alpha",-0.27990994,-0.27990183,-0.27991182,-0.27991901,-0.27991713,-0.27993726
2-Furoic acid,-0.260066283,-0.257685304,-0.260618415,-0.262728500,-0.262177352,-0.268083984
2-Hydroxy-2-methylbutyric acid, 1.445624430, 1.212589378,-0.526118296,-0.527007934,-0.080717927,-0.529265871
2-Hydroxy-3-methylbutyric acid,-0.42859552,-0.42709427,-0.42894365,-0.43027411,-0.42992660, 3.06380175
2-Hydroxy-5-methoxybenzaldehyde, 0.4142725412, 0.2802617226,-0.3537562662,-0.1087752034,-0.0205109678, 0.8941919279
2-Isopropyl-5-methyl-1-heptanol, 2.22206469,-0.75097091,-0.82390704,-0.72193389,-0.76065845, 0.76611637
2-Ketobutyric acid,-0.041678611,-0.073759065,-0.206389278,-0.227475143,-0.159964035, 1.015899719
2-Ketohexanoic acid,-0.266030602,-0.266027651,-0.266031287, 5.134564473,-0.266033219,-0.266040542
"2-Methyl-4,6-dinitrophenol",-0.21445653,-0.21414906,-0.21452783,-0.21480032,-0.21472915,-0.21549191
2-Octanol, 1.512636636,-0.534386973, 1.214150754,-0.539627191,-0.539054511, 4.227675066
2-Palmitoylglycerol,-0.211885381,-0.211883452,-0.208262333,-0.211887537,-0.211887090, 0.679988519
"2-Pentenedioic acid, 2-hydroxy-",-0.795528202,-0.613985737, 0.262240480,-0.176382989,-0.569696350,-0.885811212
2-Pentenedioic acid,-0.633950804,-0.626787321,-0.635611962,-0.084071271,-0.640302225, 1.967740933
2-Piperidinone,-0.45682847,-0.45593377,-0.45703594,-0.15758316,-0.45762175,-0.45984128
"2-Propenoic acid, 2-hydroxy-3-(4-hydroxyphenyl)",-0.75294889,-0.50839483,-0.03068388, 1.26035088, 0.22095843,-1.03070746
2-Pyrrolidinone,-0.37493412,-0.57527998,-0.68974480, 0.40946292,-0.08410074, 0.30691836
2-tert-Butyl-4-ethylphenol, 0.317538818, 0.235741190,-0.108908327, 0.055866653,-0.749868955,-0.757793504
3-(3-Hydroxyphenyl)propanoic acid, 0.15380220, 1.10836357,-0.24052412,-0.54084935, 1.06086890, 1.11694738
"3,3,5-Trimethylcyclohexan-1-ol",-0.16265859,-0.16200831,-0.16280938,-0.16338567,-0.16323515,-0.16484832
"3,4,5-Trihydroxypentanoic acid",-0.582107096, 0.569804822, 1.508990645,-0.582204057, 2.010770943, 0.114101048
"3,4-Dihydrocoumarin, 4,4-dimethyl-6-dimethylamino",-0.200637722,-0.301583857,-0.188970553, 0.085886737,-0.011600179, 2.910301485
"3,4-Dihydroxy-5-methyl-dihydrofuran-2-one",10.349327898,-0.176719110,-0.178349230,-0.179521940,-0.179215632,-0.182498330
"3,4-Dimethoxymandelic acid", 1.332062956, 0.201067838, 0.316034912, 0.343342334, 0.028929072,-0.218285298
"3,4-dimethyl-5-(3,4-methylenedioxy)phenyloxazolidine", 0.84323840,-1.44630191,-0.45418038,-0.37227374,-0.27482819, 2.79258364
"3,5-Dimethylphenol", 2.70294797, 2.36537842,-0.60054120, 1.15346566,-0.60145315,-0.60490839
3-Amino-2-piperidone, 0.90725951,-1.01671673,-0.32041671, 0.97794273, 0.10664358,-1.02470271
3-Aminoisobutyric acid,-0.17459980,-0.17095678,-0.17544458,-0.17867311,-0.17782983,-0.18686726
3-Buten-2-one,-0.41639052,-0.41180333,-0.41745425,-0.42151953,-0.42045770,-0.43183739
3-Deoxyhexitol,-0.5847531624, 0.1352491202,-0.0894444861,-0.0917935788,-0.0289746243,-0.5922697736
"3-Ethyl-3-methyl-pyrrolidine-2,5-dione",-0.093199810,-0.261826084,-0.144769827,-0.380408751, 0.157385574, 0.232348363
3-Hexenedioic acid, 0.022051599,-0.630609524,-1.255374872, 1.441747960,-0.572391226, 1.600512297
"3-Hydroxy-2,3-dihydromaltol",-0.3472436416,-0.2072665036, 1.0584227717, 0.2387764624, 1.9831859035, 0.0065896170
3-Hydroxybutyric acid, 0.46173519,-0.52310088,-0.31167710, 0.52978787,-0.53053259, 0.44825134
3-Hydroxyisovaleric acid,-0.896755627,-0.026388342, 0.218570442,-0.883704158, 0.144524551,-0.898574195
3-Methyl-2-furoic acid, 0.032997307, 0.580282203, 0.462132106, 0.731139847, 0.003160017,-0.890949258
3-Methyl-2-oxovaleric acid,-0.275347949,-0.271068472,-0.276340327,-0.280132909,-0.279142298,-0.289758641
3-Methylvaleric acid,-0.57008989,-0.56938921,-0.29044202,-0.57087333,-0.48620669,-0.57244936
3-O-methyl-beta-D-Glucopyranose, 0.8116430,-0.5781996,-0.5791787, 0.7504161,-0.4835086,-0.5816710
3-Oxo-1-cyclohexene-1-carboxylic acid,-0.37826986,-0.37528661,-0.37896165, 1.09868549, 1.41900891,-0.38831564
"3-Pentenoic acid, 4-methyl",-0.228580169,-0.224113916,-0.229615860,-0.233573967,-0.232540121, 5.481190264
3-Pyridylcarbinol,-0.525589981,-0.866755834, 0.345807400, 0.327588238, 0.441422903, 2.166896930
3-hydroxypalmitic acid,-0.2781993,-0.2765880,-0.2785730,-0.2800010,-0.2796280,-0.2836253
3-Undecene, 0.1836021106,-0.0653184628,-0.1632399166,-0.3550166853, 0.0945682981, 2.1333056767
pyrazole,-0.085751551,-0.505079627,-0.665521215, 0.298244459,-0.665521284, 4.740868769
4-hydroxy-3-penten-2-one, 0.11296773,-0.56042718,-0.56080082,-0.56106962, 0.03758775,-0.56175184
4-Aminobenzoic acid,-0.523419370, 1.023468536,-0.880007944, 0.540840445, 0.033520951,-0.889666277
4-Coumaric acid,-0.245646859,-0.339295421,-0.024368009,-0.460086492, 1.519646765,-0.691657280
4-Hydroxy-5-(hydroxymethyl)oxolan-2-one, 0.02416263,-0.37305185, 0.01832860,-0.47304567, 0.18026123, 3.17081868
4-Hydroxybenzaldehyde,-0.7967272320,-0.7972033505,-0.5292791070, 2.0942474215,-0.3398599645,-0.3820048406
4-Hydroxybenzeneacetic acid,-0.66401091,-0.20588184,-0.48540084,-0.04604591,-0.09438268, 0.42587861
4-Hydroxybenzoic acid,-1.69559843,-0.63750232,-1.01361358, 2.10215418,-1.04338425,-0.29930819
4-Hydroxybutanoic acid,-0.221086360,-0.219591070,-0.221433107,-0.222758271,-0.222412142,-0.226121594
4-Hydroxyphenyllactic acid,-0.381390069,-0.862162039, 0.680107533,-0.709335406,-0.839418265,-0.866245623
4-Methoxyphenol, 0.35392395, 0.38653930, 0.11424037, 0.51640574, 0.09171856, 2.38577319
4-Methyl-5-thiazoleethanol, 0.016243840, 0.727218363,-0.233361554, 0.154477899,-0.126420997, 0.591492593
4-Methylvaleric acid, 0.335746226, 0.351259875,-0.381938359,-0.134479922,-0.335006495, 1.352586678
"4-Nonanone, 2,6,8-trimethyl",-0.262312243,-0.261634549, 0.100825586, 0.014735662,-0.262913112,-0.264594304
4-Pyridinol, 0.074209886,-1.056953719,-1.100025420, 0.582970871,-0.598747545, 3.391279604
4-Pyrimidinamine,-0.39402715,-0.39373566,-0.39409474,-0.39435306,-0.39428559, 3.79765702
4-hydroxycyclohexylacetate,-0.52129411,-0.54005865,-0.30653568, 1.10037010,-0.54037415,-0.54078901
"5,10-Diethoxy-2,3,7,8-tetrahydro-1H,6H-dipyrrolo[1,2-a:1',2'-d]pyrazine",-0.403500280,-0.402284043,-0.007783036,-0.404860175,-0.314393950,-0.407595828
"5,8,11-Eicosatrienoic acid", 0.001988302, 0.130309373,-1.145280334, 0.857962467, 0.452895379,-0.356023027
5alpha-Ergost-8(14)-ene,-0.21313265, 6.16186638,-0.21337336,-0.21429330,-0.21405301,-0.21662812
5-Amino-1-pentanol,-0.224307224,-0.223410764,-0.224515106,-0.225309571,-0.225102059,-0.227325958
5-Aminovaleric acid,-0.388797211,-0.807729391,-0.658111529,-0.808975017,-0.513988105, 1.779211878
"5-Androsten-17alpha-methyl-3beta,17beta-diol",-0.3581378303,-0.0517830876,-0.3581436605,-0.3581659418, 0.5414380954, 0.0002259999
5-Henicosylresorcinol,-0.196212975,-0.194819451,-0.196536123,-0.197771099,-0.197448527,-0.200905521
5-Hydroxy-2-methylpyridine, 7.650405511,-0.336437457,-0.336980658,-0.337371438,-0.337269367,-0.338363253
5-Hydroxymethyl-2-furoic acid,-0.59774895,-0.59158108, 0.13410508, 0.22704585,-0.60321763,-0.61851862
5-Methyluridine,-0.91016418,-0.90979079,-0.48866085, 2.00893466,-0.77559012,-0.91142152
5-Oxohexanoic Acid, 3.279338634,-0.629879645, 0.359397430,-0.644625812, 0.003334533,-0.493709457
5-hydroxy-n-valeric acid,-0.194491096,-0.193832264,-0.194643875,-0.195227749,-0.195075242,-0.196709645
6-Hydroxyhexanoic acid,-0.564556779, 0.831406782,-0.565404958, 0.006371565, 0.044295571,-0.576873495
"7,9-Di-tert-butyl-1-oxaspiro(4,5)deca-6,9-diene-2,8-dione",-0.02907548,-0.18418246,-0.23642619,-0.21294863,-0.20268039, 3.85862078
8-Hydroxy-5-(hydroxymethyl)quinoline,-0.82958898,-0.12309130, 3.68586449,-0.48559756,-0.93339999,-0.40374774
8-Hydroxyquinoline-2-carbaldehyde,-0.143035722,-0.142634995,-0.143128648,-0.143483783,-0.143391023,-0.144385130
"9,12-Octadecadienoic acid",-0.358399814,-0.358365717,-0.358407720,-0.358437937,-0.358430045,-0.358514629
9H-Purin-6-ol,-0.710757498,-0.545788181,-0.430409174, 1.483934101,-0.518100730,-0.811880986
9-Octadecen-1-ol, 0.9425277451, 1.7899470100, 0.7303264099,-1.1392545943,-0.0592824309,-1.2057673712
9-Octadecenamide, 0.217046711,-0.520390170,-0.511163167,-0.704989842,-0.535633376, 7.676633711
9-Octadecenenitrile, 2.07459430,-0.17724356,-0.17855365,-0.17949612,-0.17924995,-0.18188817
9-Octadecenoic acid,-0.430355572, 0.020066860, 0.278025214,-0.483849075,-0.384639869, 0.606920393
"Acetamide, N-(2-butyl)-N-methyl-", 0.044600081,-0.147173114,-0.156004335,-0.329184584,-0.122782148, 1.181707461
"acetic acid, [(2-hydrloxyethyl)thio]-", 4.714527042, 7.110902608,-0.399767133,-0.399902295,-0.399866991,-0.400245344
"Acetin, 1,3-dihydroxy",-0.375081220,-0.373221202,-0.375512545,-0.377160940, 2.142611808,-0.381344638
Acetoacetic acid, 0.0112269124,-1.5013072308, 1.3356186775, 0.1759758155, 1.2573204585,-1.5175459812
Aconitic acid,-0.889702297,-0.889438265, 0.572261205,-0.889997515, 0.466257310,-0.538194508
alpha-D-(+)-Talopyranose, 0.444062370, 2.777988153, 1.211326618, 0.669962998, 1.620704158,-0.008936449
"alpha-D-Glucopyranoside, methyl 2-(acetylamino)-2-deoxy-3-hydroxy-, cyclic methylboronate",-0.3170707697,-0.3169858366,-0.3170904650,-0.3171657349,-0.3171460746, 5.7243047280
alpha-D-Mannopyranose,-0.018476290,-0.208591582, 1.648373707,-0.208630264, 0.363771330,-0.208671342
alpha-D-Xylopyranose,-0.2282216142, 0.8064944947,-0.0696381991,-0.2282492424,-0.2282435226,-0.2283048211
alpha-Ketoisovaleric acid,-0.638358025,-0.638179167, 0.105419530, 0.120682823,-0.309747793, 2.620515156
alpha-L-(-)-Fucopyranose, 1.11850621,-0.47019211, 1.49745718, 0.59617644, 0.96093900,-0.47103952
"alpha-L-Galactofuranose, 6-deoxy-",-0.50431780,-0.50101505,-0.50508369,-0.50801067,-0.50724615, 3.60804110
alpha-Linolenic acid, 0.820142563, 0.926594603,-0.654260541,-0.264238532,-0.655484945,-0.660124071
alpha-Tocopheryl acetate,-0.488354067, 4.896749533,-0.488409486,-0.488621281,-0.488565961, 3.379986949
Anthranilic acid,-0.044392440,-0.189720172,-0.147782067,-0.353934510,-0.147057461, 2.170538217
Arabinitol, 1.4936243040, 1.2967610467, 0.4002697222, 0.6844329662, 0.4244539254, 0.0820490997
"Arabinofuranose, 1,2,3,5-tetrakis",-0.7020253944, 0.8913508521, 0.2750760514, 1.0165723983, 0.9901175185,-1.1251078607
"Arabino-Hexonic acid, 2-deoxy-, gamma-lactone", 0.275313869, 0.288364462, 0.498785521,-0.002600002, 0.709822490, 0.958217647
Arabinose,-0.433226792, 0.576024158, 1.552944390,-0.377436092, 0.632766090,-0.436199987
Arachidic acid, 0.067857536,-0.055411545,-0.067125235,-0.271497707,-0.136320647, 1.915930914
Azelaic acid,-0.378598767, 0.268241587,-0.378620067,-0.378701470,-0.378680208, 2.119206611
"Azetidine, 1-acetyl-2-methyl", 0.030969185,-0.354082193,-0.371524606,-0.324815488,-0.026136048, 1.092786721
Behenic acid,-0.20864785,-0.20731575,-0.20895675,-0.21013729,-0.20982893,-0.21313354
"Benzaldehyde, 2,5-dimethoxy",-0.060211195,-0.611714285,-0.108780860,-0.089686664, 0.110502167, 2.393860430
Benzeneacetic acid, 9.283082446,-0.210693476,-0.213041191,-0.214730142,-0.214288993,-0.219016769
"Benzenepropanoic acid, 3,5-bis(1,1-dimethylethyl)-4-hydroxy-, methyl ester", 1.02767596, 0.84245303, 0.21314286,-0.37638990,-0.16624975, 4.16094402
Benzoic Acid,-0.266304910,-0.370792126,-0.152763709,-0.381892014,-0.238551307, 5.378991987
beta-Alanine,-0.532426033,-1.061388018,-0.339791000, 1.270093713,-1.070052067,-1.081444498
beta-Arabinopyranose,-0.938359061,-0.937772759,-0.921591852,-0.939014617,-0.332312931, 0.199691936
beta-D-(-)-Ribopyranose,-0.46499857, 0.07431849,-1.84885982, 1.06393273,-1.84894359, 1.23445378
"beta-D-Galactopyranoside, methyl-, acetate", 0.89527378, 1.45794124, 1.80024320, 0.89436535, 0.93677074,-0.49494552
"beta-d-Glucopyranose, 2-(acetylamino)-3,6-anhydro-2-deoxy",-0.974921100,-0.954530132,-1.022629881,-0.295949920, 0.794010521, 3.620370860
Butanedioic acid,-0.65108299,-0.37658690,-0.24772008,-1.00562225,-0.90374636,-0.80786382
"Butanoic acid, 3,4-dihydroxy-",-0.36041524,-0.21867782, 7.91705773,-0.36041927,-0.36041843, 1.53616463
Butyl Succinate,-0.10908173,-0.24353287,-0.59491794,-0.15361050,-0.12847472, 2.69834204
Cadaverine,-0.26221221,-0.25745975,-0.26331427,-0.26752602,-0.26642592,-0.27821561
Caffeic acid,-0.240776426,-0.238439973,-0.241318232,-0.243388856,-0.242848016,-0.248644188
Campesterol, 1.87995177,-0.72331446,-0.10336486,-0.17030201, 0.78963723, 1.27422485
Cholesterol,-0.56557527,-0.13392687,-0.81534189,-0.74202475,-0.69255458, 1.61335120
Cinnamic acid,-0.54837514,-0.54436696,-0.54930461, 1.36591094,-0.55192895,-0.56187228
"cis,cis,cis-1-Isobutyl-2,5-dimethylcyclohexane",-0.664987099, 2.660190138,-0.665277115,-0.666385473,-0.666095973,-0.669198531
"cis-4,5-Dihydroxy-o-dithiane",-0.269387533, 0.129005413,-0.119199020,-0.057770929, 0.009523669, 0.521876326
Citric acid, 0.894970867,-0.955042348, 0.243041139, 0.138266369, 0.224146467,-0.955067446
Cyclo(L-prolyl-L-valine), 1.946769809, 1.350538850,-0.155657682,-1.089285584, 1.121815268, 0.007865175
Cyclohexanecarboxylic acid,-0.35500976,-0.35402839,-0.35523733, 4.65987580,-0.35587988,-0.35831441
Cyclohexanemethanol, 0.670950360, 0.348417106,-0.075589500,-0.295394946, 0.916283045, 1.952784032
Cyclohexanol, 0.12232537,-1.25205039,-0.35543600,-1.07316832, 0.78168243, 4.01043560
"Cyclopenta[g]-2-benzopyran, 1,3,4,6,7,8-hexahydro-4,6,6,7,8,8-hexamethyl", 0.408529751, 0.258473266,-0.118185388,-0.235190536,-0.375880350, 2.282408440
"Cyclopentanone, 2,4,4-trimethyl",-0.220538611,-0.219072750,-0.220878534,-0.222177617,-0.221838300,-0.225474746
Cytosine,-0.45250855,-0.50611266, 0.76543625, 0.82612091,-0.24069595,-0.52451460
D-(-)-Citramalic acid,-0.188665861,-0.187642316,-0.188903214,-0.189810306,-0.189573376,-0.192112544
D-(-)-Fructofuranose,-0.69231917,-0.79968672,-0.48058647, 2.59479365,-0.88716282,-0.63973956
D-(-)-Fructopyranose,-0.150750050,-0.088587851,-0.339963982,-0.582362122,-0.127860064, 0.084817723
D-(-)-Ribofuranose, 0.542342451, 2.011462207,-0.999937200, 1.355471464, 1.816734823, 0.854374821
D-(+)-Galactopyranose, 0.22663653, 1.07160417, 0.60965080, 0.13059701,-0.29661064,-0.04427298
D-(+)-Glucosamine,-0.511797226,-0.781049642,-0.782345046, 2.158533254,-0.092121960,-0.315483056
"D-(+)-Ribono-1,4-lactone ",-0.433694490,-0.432978739,-0.433860467,-0.434494784,-0.434329103,-0.436104708
D-(+)-Talofuranose, 0.84160819, 3.67263898, 2.29718347, 2.21326430, 1.17609196,-0.47747764
D-Allofuranose, 1.83900572, 1.17547120,-0.33764215,-0.66300483,-0.10471729, 4.29717093
D-Arabinose,-0.108878731, 0.535056375, 0.219965427, 0.400569360, 0.203152799,-0.210686051
Decanoic acid, 0.024798211, 0.131528642,-0.042254328,-0.269743351,-0.357101730, 1.740029003
Decyl oleate, 0.2708970651,-0.0356521161,-0.2565127377, 0.2222503981,-0.3770897701, 2.3296722240
Dehydroabietic acid, 0.53679853, 1.26891825, 0.65414418,-0.58317816, 0.87674129, 2.93062783
Deoxycholic Acid,-0.3925001905,-0.3924637908,-0.3925086313,-0.3925408896,-0.3925324638,-0.3926227625
Deoxyribopyranose, 1.18720810,-0.32556953, 0.26467774,-0.24547739, 0.18520008, 3.21735219
"D-Erythro-Pentitol, 2-deoxy-",-0.819904851, 0.191973697,-0.254720577,-0.728252564,-0.890176743,-0.890841347
"D-Erythro-Pentofuranose, 2-deoxy-1,3-bis-O-posphate",-0.78190148,-0.42724907,-0.35453386, 1.07209540,-0.16626107,-0.77932069
d-Erythrotetrofuranose,-0.233772028,-0.687357032,-0.688273663,-0.564193165,-0.688760849,-0.035391085
Desmethylverapamil,-0.04379996, 0.05178888,-0.27049618,-0.27096199,-0.08542226,-0.27214422
D-Fructose,-0.163509030,-0.439488289, 0.043182980,-0.661437414,-0.159424512,-0.661453796
D-Fucitol,-0.761041164,-0.532720616,-0.076624467, 1.358421079,-0.461860310,-0.763731041
D-Glucose,-1.248678154,-0.324895204,-1.407881621,-1.690019391, 0.817471383, 1.190286030
Dihydrouracil,-1.04493267,-0.65325141,-0.31712506, 1.05459491,-0.25035947,-0.22695912
Dihydroxyacetone, 0.23177604,-1.01485656,-0.37061554, 0.51624940,-0.79077123,-1.29853283
"Dimethyl hexopyranosiduronate, alpha-D", 0.384996076, 0.701583427,-0.272594017,-0.304044018,-0.304035460,-0.304127180
DL-Phenylalanine,-0.82021625,-1.09395905,-0.52924463, 0.58405223,-0.52179424, 1.20767082
D-Mannopyranose, 0.152737092,-0.982541458,-0.121386587,-0.788312741, 0.488334235,-0.989949913
D-Mannose,-0.986719692,-0.964268042,-0.649677074, 5.992324816,-0.987292415,-0.988894855
Dodecanamide, 0.96241000,-0.79456810, 1.11730876,-0.80220443,-0.80136989, 1.27834571
"Dodecanoic acid, isooctyl ester",-0.2256306731,-0.2243387517,-0.2259302601,-0.2270751939,-0.2267761407,-0.1511251572
Dodecanoic acid,-0.3744045241,-0.3743184045,-0.3744244946, 9.7695340799,-0.3744808811,-0.3746945228
D-Psicofuranose,-0.506427529,-0.580596994,-0.341048156,-0.580620324,-0.484075366,-0.580645100
D-Ribofuranose,-0.34424034, 3.03691719,-0.34457790,-0.34586795,-0.34553100,-0.34914217
D-Ribose,-0.5363012311,-0.4438809891,-0.4457416428, 1.5721504153, 3.9279529384,-0.5373678009
D-Xylopyranose,-0.342856588,-0.342499846,-0.342939314,-0.343255468,-0.343172889,-0.344057880
D-Xylose, 0.46507277, 1.79324829, 1.06801897, 0.08700698, 2.01585160, 1.16116273
"Erythrono-1,4-lactone",-0.603577762,-0.347841725,-0.120621207, 1.167792660, 0.518080187, 2.917855102
Ethanolamine,-0.44308870,-0.97592099,-0.30381734,-0.60614909, 2.93799282, 1.85119423
Ethyl alpha-D-glucopyranoside,-0.377318501,-0.261480606,-0.403525435,-0.096438398,-0.381077354,-0.281621678
Ethyl glycolate, 0.49343395, 1.04687605,-0.19749274, 0.00880104,-1.19273853, 3.73368126
Ferulic acid, 1.315874816, 0.869793869, 0.929774064,-0.727930039, 2.725249807, 1.901604918
"Gluconolactone (3R,4S,5R,6R)", 0.639811054, 0.362134726,-0.619025764, 1.365808600, 0.585582882,-0.329006947
Glucopyranose,-0.860694346,-0.301732140,-0.963364565, 0.821938313, 0.399792316, 0.662334157
Glyceric acid, 1.27763701, 0.73202276, 0.21028224,-0.47558561, 0.51800987,-1.65871984
Glycerol monostearate,-0.20006553,-0.19843688,-0.20044321,-0.20188656,-0.20150956,-0.20554985
Glycerol tricaprylate,-0.29562246,-0.29540998,-0.29567174,-0.29586004,-0.29581086,-0.29633798
Glycerol, 0.115464227,-1.082758612,-0.114918432,-0.338944503, 0.443557389, 3.461491846
Glycolic acid, 0.027166847, 0.206718073, 0.161711820,-0.241730166, 0.102760775, 1.767845450
"Guanidine, N,N-dimethyl", 0.1435978881, 0.0460056125,-0.1337292059,-0.2872163870,-0.0871643721, 2.0809443531
"Gulonic acid, gamma-lactone", 0.565325718, 0.463912540, 0.834535060, 0.956862471, 1.051695401, 0.114716682
Heptadecanoic acid, 0.0328345443,-0.0466513732,-0.0788975405,-0.2680779197,-0.0859762034, 0.9450392215
Hexacosanoic acid,-0.286118083,-0.282907820,-0.286862519,-0.289707537,-0.288964427,-0.296928311
"Hexadecanoic acid, 4-hydroxybutyl ester", 0.396417849,-0.295159207,-0.381825860,-0.470669317,-0.470420441, 7.547884776
"Hexadecanoic acid, ethyl ester",-0.039557393,-0.104990175,-0.085416095,-0.235180642,-0.110830114, 1.760989629
"Hexadecanoic acid, methyl ester", 0.02868579,-0.05336106,-0.07313702,-0.39902712,-0.26147752, 3.29741209
"Hexadecanoic acid, tetradecyl ester", 0.564915768,-0.232790718,-0.235043355, 0.215150304,-0.229877569,-0.187688743
Hexanedioic acid,-0.023335630, 0.629900270,-0.024329128,-0.410927838,-0.283772241, 3.931307550
Hexanoic acid,-0.298929098,-0.296550405,-0.299480699,-0.301588758,-0.301038139, 2.558157945
"Hexonic acid, 3-deoxy-, gamma-lactone", 1.160395775, 1.528959504, 0.483657125,-0.060584737, 0.321092399,-1.060020654
"Hydantoin, 5-hydroxy", 3.23922648,-0.41648751,-0.42005956,-0.42262930,-0.42195809,-0.42915141
Hydracrylic acid,-0.501296163,-0.408465163,-0.381002039,-0.181665498,-1.906980466, 0.409139583
Hydroquinone, 1.264287946, 1.001538553,-0.459160230,-0.125520815,-0.077990164, 1.803850514
Hymexazole, 0.076899897,-0.298774076,-0.516757035, 0.020727232,-0.031928260, 1.923195628
Idoxuridine,-0.22075744, 0.13620976, 0.62440210,-0.04712895, 0.84300474, 2.11509656
"Inosose-2, myo", 0.011319201,-0.500489814, 0.114245991,-0.645323226, 2.005198111, 2.705738201
Isocitric acid lactone,-1.16826433,-0.35088626,-0.24647281,-0.60673754, 0.47364253, 0.94207074
Isonicotinic Acid,-0.30600369,-0.30486888,-0.30626684,-0.30727254,-0.30700985,-0.30982504
Isopropyl myristate, 0.106730504,-0.034139444,-0.135661899,-0.304532425,-0.192453876, 2.081568241
Isopropyl palmitate, 0.0118276045,-0.0739146158,-0.0927130888,-0.2619043670,-0.1159055075, 2.1933879427
Itaconic acid,-0.51064509, 0.60689811, 0.59718928,-0.51467700, 0.62513524,-0.52278783
Ketamine, 0.035203913,-0.294469147,-0.103972434,-0.742966000,-0.478465407, 0.275480411
Kojic acid,-0.2210362603, 0.5844526821, 0.1000960479, 1.1485427247, 0.8154855431,-0.9123408516
L-(-)-Sorbofuranose,-0.26310858,-0.20478210,-0.10978392, 0.95513475,-0.26324193,-0.26361504
L-(+)-Lactic acid,-0.272817559,-0.272191468,-0.272962745,-0.273517603,-0.273372676,-0.274925856
L-(+)-Rhamnopyranose, 0.806155377, 0.421002396, 0.054084691,-0.965245302, 0.153954549,-0.982833947
L-5-Oxoproline,-0.9916449187,-1.0827495532,-0.9580053988, 1.0579572363,-0.7219143759, 0.7973750515
Lactic Acid, 1.551549077, 0.917186506,-1.262064236,-0.653676124, 0.530986745, 1.286055037
L-Alanine,-0.30335656,-0.30248857,-0.30355784,-0.30432707,-0.30412615,-0.30627941
L-Aspartic acid,-1.146362563,-0.674944695,-0.876038590,-0.001020967,-0.852067064, 0.242021355
Levoglucosan, 0.1069909444, 0.0015059349, 0.0245309205,-0.1291134218, 0.1272914438, 1.4615840756
Levulinic acid, 1.874427322, 2.169421019, 0.199602907,-0.659328519,-0.276438338, 1.877289350
L-Fucose, 0.5934506860, 2.1703938453, 0.0576382368,-1.5086971522, 2.3251119217,-1.0356319957
L-Glutamic acid,-0.82768286,-0.95769409,-0.44884464, 0.77558905,-0.68133395,-0.08250346
Lignoceric acid, 3.030222387, 3.503496955,-0.516110966,-0.520285752,-0.519195311, 5.173486745
L-Isoleucine,-0.773658077,-0.920715680,-0.790985679, 0.365573328,-0.106102922, 1.372875354
L-Leucine,-0.60196613,-0.77233639,-0.52036214,-1.08821100,-0.07910189, 1.76601581
l-Leucyl-l-valine, 0.941225290, 0.431834958, 0.040367001, 2.384560738,-0.958608550,-0.960106171
L-Proline,-0.65381107,-1.13248797,-0.02834580,-1.06754515,-1.02785862, 1.27570704
L-Rhamnose, 1.19455751, 2.59215228, 1.25046450, 0.04870252, 0.36505065,-0.67470554
"L-Sorbopyranose, (1S,2R,3S)",-0.196376399,-0.196309693,-0.196391868,-0.196450984,-0.196435543,-0.196601023
L-Threonine,-1.092782536,-1.470445416,-0.461157387, 1.127020831,-0.405212594, 0.889749497
"L-Valinamide, N(2),N(2)-dimethyl",-0.3651246213,-0.3651234828,-0.3651248853,-0.3651258943,-0.3651256307,-0.3651284550
L-Valine,-0.745521104,-1.012332509,-0.598107177,-0.376777896, 0.320123567, 0.814399719
L-Valyl-L-leucine,-0.45662355,-0.45567053, 0.14690754,-0.45768913,-0.45746852,-0.45983272
Malic acid,-0.088497766, 1.434370952,-0.213964808,-0.364047967,-0.061923828, 0.947857841
"Mannonic acid, gamma-lactone",-0.288000622,-0.287687334,-0.288073272, 0.147392079, 0.175741631, 1.151571216
Menthol, 0.05625717,-0.05703956,-0.13496961,-0.28192861,-0.16637856, 1.14751785
"Methyl (3,4-dimethoxyphenyl)(hydroxy)acetate", 0.048948597,-0.014132828,-0.165559758,-1.169226539, 0.495443885, 0.751090432
Methyl 2-acetamido-2-deoxy-3-O-methyl-alpha-D-galactopyranoside,-0.81162836, 1.45722628,-0.81287399, 1.22946597, 0.84694058,-0.82971663
Methyl alpha-Arabinofuranoside,-0.379037694, 1.131722824,-0.379151747,-0.379587626, 1.384227630,-0.380693904
Methyl alpha-D-glucofuranoside,-0.17268143, 9.40729230,-0.17271637,-0.17284989,-0.17281502,-0.17318878
Methyl alpha-N-acetyl-D-galactosamine,-0.233349150,-0.230483561,-0.234013660,-0.236553218,-0.235889893,-0.242998726
Methyl beta-Arabinofuranoside,-0.50813732,-0.50812955,-0.13134257,-0.50814600,-0.50814420, 2.45566538
"Methyl galactoside (1S,2S,3S,4R,5R)",-0.3504052945,-0.3579513881, 0.2319665217,-0.2637774781,-0.3049354902,-0.3580012960
Methyl stearate,-0.121223837,-0.033555297,-0.165183504,-0.158414441,-0.107109336, 1.264681325
Methylmaleic acid,-0.513654561,-0.509678770,-0.514576518,-0.518099965,-0.517179651,-0.527042623
Methylsuccinic acid,-1.071380349,-0.586396152,-0.458196315,-0.008233217,-0.881416949,-0.179505827
Monocaprylin,-0.249772713,-0.236449923,-0.226207156,-0.253080916,-0.253056114, 0.742052952
Monolaurin,-0.361222489, 8.786907483,-0.361881342, 1.258668801,-0.363741606,-0.370789929
Monomethyl succinate,-0.01402168, 0.04972619,-0.10314097,-0.18276345,-0.09340590, 0.72073883
Myristic acid,-0.07943952,-0.10188328,-0.12798571,-0.13646104,-0.13862287, 0.24208588
"N,N-Diethyl-carbamate", 0.0727896147, 0.0056859972,-0.2227713152,-0.2314673798,-0.1296609264, 1.2091006628
"N,N-Diethyl-2-aminoethanol", 0.048273465, 3.640811500, 0.435975092,-0.402500682, 0.951196295,-0.443287333
N-(2-hydroxyethyl)-succinimide, 1.191024748, 0.985468480,-0.421040422,-0.707713494, 0.008380069, 0.964453369
N-Acetyl glucosamine methoxime, 0.73146846, 2.79187201, 0.38369889,-0.71596124,-0.71593391, 1.11558984
"N-Acetyl-D-galactosamine, (R,R,R,R)",-1.57254640,-0.73911694,-1.56596694, 1.13554314, 1.38132530, 1.45201097
N-Acetyl-L-glutamic acid,-0.32693785,-0.51234209, 0.07066644, 0.51520050,-0.52479821,-1.01303063
N-Acetyl-L-phenylalanine,-0.52526154, 2.93448176,-0.52534431,-0.52566065,-0.52557803, 0.56581659
Nadolol,-0.273258539,-0.268928774, 2.202792542,-0.278099728,-0.277097476,-0.287838572
N-Ethyldiethanolamine,-0.026610624, 0.862140681, 0.414611354, 0.984764794, 0.448515910,-1.142805354
Niacin,-0.59619388,-0.57108453,-0.28919725, 1.20739333,-0.78434743,-0.74899314
N-Methyl-L-proline, 0.51343308, 0.77280962,-1.26035749, 0.46721621,-0.11656245,-1.26486651
n-Nonylcyclohexane, 0.106592789, 0.069993523, 0.054052387,-0.089074261,-0.291948728, 1.394193800
Nonadecanoic acid, 0.186441021,-0.158665369,-0.120511431,-0.267878506,-0.147151194, 1.776284838
Nonanoic acid, 0.128312039,-0.026177369, 0.884430760,-0.056775927,-0.466766630, 2.572466892
Norketamine, 0.344815807,-0.123946092,-0.200387611,-0.261884878, 0.369779074, 1.501830878
n-Tridecylcyclohexane,-0.184444079,-0.182234627,-0.184956435,-0.186914508,-0.186403065,-0.191884181
Octadecyl octyl ether, 2.081315821, 0.249664891,-0.991879375,-0.268936856,-0.995943797,-1.011343419
Octanoic acid, 0.147969412,-0.085910539, 0.292124067,-0.199729973,-0.270854756, 2.440584720
Oxalic acid, 0.656145627,-0.791351542,-0.436038829,-0.424152969,-0.151224324, 2.801927687
"Oxalic acid, isobutyl heptyl ester",-0.204317585,-0.200846380,-0.205122532,-0.208198802,-0.207395290,-0.216006506
Palmitelaidic acid,-0.268945568,-0.696835348,-0.240588666,-0.158197512,-0.262845433,-0.700783405
Palmitic Acid, 0.471665008,-0.959963327, 0.171622019,-0.097764870,-0.963890977, 3.214892915
Pantolactone, 0.164019463,-0.007460774,-0.233397940,-0.393398173,-0.305952002, 1.986121903
Pantothenic acid,-0.84715762,-0.93502203,-0.27136776, 0.83888032,-0.48335506,-1.21393088
Pentadecanoic acid,-0.211010754,-0.087219092,-0.239210077,-0.322206552,-0.265868958, 1.188230800
Pentanedioic acid,-5.521450e-01,-2.053003e-01,-3.033416e-01, 6.633623e-01,-1.259888e+00,-8.283856e-01
"Pentanoic acid, 4-methyl-2-oxo-",-0.4888072644,-0.4885097825,-0.4888762482, 0.5234352009, 0.9230798447,-0.4898090036
Pentanoic acid,-0.527114346,-0.948222907,-0.512575234,-0.912574709, 0.196490084, 0.064089081
"Pentitol, 3-desoxy", 0.087725986, 3.769249471,-0.223618981, 0.889276719,-0.745653538,-0.596911199
Phenol, 0.495888541, 0.292702774,-0.402739911,-0.269679369,-0.345414974, 2.129502538
phenoxyethanol, 1.153983566, 0.955047779,-0.311378848,-0.409582083,-0.118817987, 1.424162073
Phenylalanine,-0.813693449,-1.127801938,-0.606458146, 0.967477791,-0.570722913, 0.498853794
Phenylpropanolamine, 1.148533764,-0.564057551, 1.275567010, 0.076856434,-0.564058769,-0.564060370
Phloretic acid,-0.37721886,-0.37326232, 5.92726849,-0.38164274,-0.38072688,-0.39054209
Phthalazin-1-one,-0.016269725,-0.059445595,-0.178785941,-0.209606696,-0.124400394, 2.201186572
Phthalimide,-0.3291573734,-0.3238477708,-0.3303886309,-0.3350941363,-0.3338650727,-0.3470369078
Picolinic acid,-6.519625e-01,-6.384633e-01,-1.184513e-01,-4.337427e-01, 5.460424e-02, 2.397475e+00
Pimelic acid, 0.084377371, 0.187953783,-0.132742232,-0.209500466,-0.233026492, 1.015437025
Pipecolic acid, 0.586541228,-0.327514816,-0.136272363,-0.269182508,-0.395845538,-0.863980716
"Pregn-4-ene-3,20-dione, 16,17-epoxy-, (16alpha)",-0.315111354,-0.306207850,-0.315111451,-0.315111819, 0.114774838,-0.315112754
"Propane, 2-methyl", 0.2552714628,-0.3007314840, 0.2026353890,-0.2317272326, 0.0646040943, 2.0418957513
Propanedioic acid, 0.66345439, 0.21789497,-0.31609783,-0.86923224,-0.02872395, 2.48682958
"Propanoic acid, 2-methyl-, hexyl ester",-0.37585939,-0.37407044,-0.37627424,-0.37785965,-0.37744555,-0.38188350
"Propanoic acid, 2-oxo",-0.38283865, 6.53343315, 2.82394668,-0.38610586,-0.38542947,-0.39267841
"Propanoic acid, 2-hydroxy-3-phosphate-",-0.70905526, 0.83949600,-0.53008105,-0.30450950,-0.70919267,-0.70957715
Propylamine,-0.040049115,-0.092415945,-0.225942867,-0.259657483,-0.201476391, 1.146567045
Protocatechoic acid, 0.2287101652, 0.4772238417, 0.1102678291, 0.0844397804,-0.3759432302, 2.7168052214
Putrescine,-0.44446556,-0.39531898,-0.29891678,-0.36558835,-0.44496406, 2.93927173
Pyridoxic acid,-0.6000156066,-0.5985833143,-0.6003477446,-0.6016170786,-0.6012855325, 6.5335786417
Pyridoxine,-0.29651794,-0.29409201,-0.29708050, 2.45997050,-0.29866887,-0.30468702
Pyrogallol, 0.535113955, 0.038608129,-0.594929494,-0.576640775,-0.363472783, 4.176997934
Pyroglutamic acid,10.930770475,-0.141312398,-0.143983738,-0.145905504,-0.145403544,-0.150783027
Pyrrole-2-carboxylic acid, 0.337593443, 0.226120278,-0.415898985, 0.797197772, 0.179540410, 1.000180031
Ribitol, 1.049706007,-0.878731190,-0.311423619,-1.345079032,-0.464264715,-0.942338752
Ribonic acid,-1.42809506,-0.87988778,-0.73565088, 0.88289654, 1.58736047,-0.27558285
Salsoline,-0.231850830,-0.247850793,-0.227780660,-0.246374781,-0.269604278, 3.606033959
Sebacic acid,-0.52137624,-0.51979377, 1.69591976, 1.75078418,-0.52277931,-0.52670502
Sedoheptulose anhydride, 0.474906878, 0.803682342,-1.251081633,-1.190689974,-0.152483217,-0.288533637
Serine,-0.556438024,-0.545144654,-0.165163170,-0.063106764, 0.085885337, 3.456818216
Ser-Leu,-0.7323228555,-0.7315652437,-0.7324985401, 2.5636248268,-0.7329945835,-0.7348740346
Sinapinic acid, 5.266089331,-0.363331109,-0.363347479,-0.363359255,-0.363356179,-0.363389145
Stearic acid, 0.125217931,-0.065592664, 0.497814973,-0.427897082,-0.248634135, 3.560310434
"Stigmast-5-ene, 3beta",-0.50265713, 2.48075214,-0.50303464,-0.50447736,-0.50410052,-0.50813905
Stigmastanol,-0.277336485,-0.275401517,-0.277785190,-0.279500009,-0.279052103,-0.283852291
Suberic acid,-0.319539357,-0.115613115,-0.043573579,-0.077024198,-0.209053131, 2.669983808
Supraene,-0.290698363,-0.322149033,-0.395029664,-0.453773442,-0.464508733, 0.926754980
Syringaldehyde,-0.2891974296,-0.0770365509,-0.4803739753, 0.2668510891,-0.1183527639, 2.0485852220
Syringic acid, 1.670204066, 1.239528479, 0.119163521,-0.467740681, 0.320331003,-0.397995123
Tetrahydro-2-furanylmethanol,-0.49708928, 1.11201766,-0.49743471,-0.49875485,-0.49841003, 2.79462007
Tetrahydrogeranyl formate,-0.031607349,-0.148831129,-0.647124612,-0.356566543,-0.056969751, 2.389218923
Tetrahydrolinalool,-0.481919896,-0.475691031,-0.483364323,-0.488884502,-0.487442648,-0.502894949
Thymidine,-1.0238750617,-0.9392612984,-0.5825016009, 1.3463596407,-0.6301272921,-0.8280009098
"Thymidine, 5'-phosphate",-0.50297170,-0.50297116,-0.50297183,-0.50297231, 0.30484351,-0.50297355
"Thymine, 1,3-dimethyl-6-hydroxymethyl", 0.08230082, 1.70119002, 0.31198758, 0.22340237,-0.35682515,-0.03666262
trans-Coniferryl alchool,-0.24215772,-0.24035523,-0.24257571, 0.90569482,-0.24375588,-0.24822743
Tributyl acetylcitrate,-0.38072410, 0.26722887,-0.38109226,-0.38249929, 1.97250753,-0.38607040
Tricine,-0.51704084,-0.53314397, 1.67487298,-0.41300636, 1.85752484,-0.67369332
Triethanolamine,-0.2920866351,-0.2528851298, 0.0297977439, 0.1103654976,-0.2049740055, 1.9853449641
"Trimethylsilyl (5-benzyl-3,6-dioxopiperazin-2-yl)acetate",-0.40244494, 0.03084783,-0.98550062, 2.55246352, 0.13933518,-0.99670094
Triphenylene,-0.170283367,-0.167634523, 3.715401093,-0.173245087,-0.172631934,-0.179203072
Tripropylene glycol monomethyl ether,-0.020793152,-0.118350009,-1.079605914,-0.030837603, 1.100766291, 3.312144579
Trisaminol, 1.709134e-01, 3.032821e-01,-1.880252e-01,-2.578208e-01,-2.234608e-01, 8.982722e-01
Tyrosine,-0.756031545,-1.121751366,-0.163299200, 0.450647503,-0.307846630,-0.092777385
Undecanoic acid,-0.14673199,-0.13300351,-0.16908564,-0.31759147,-0.32321180, 2.03898142
Uracil,-0.801338530,-0.699788703,-0.144452136, 0.701693897,-0.391314539,-0.411539524
Urea,-0.384182775,-0.444029427,-0.333037482,-0.188036727,-0.105984771, 1.084499969
Uridine,-0.79782497,-0.62616924,-0.67460419, 1.20619948,-0.68526467,-0.87794350
Valylglycine,-0.6883902551,-0.6772797420,-0.6909667007, 2.8077644234,-0.2719719261,-0.7258037520
Valylvaline, 0.207813744, 0.065053457, 0.091251806, 2.214941186,-0.030743311,-0.942249433
Vanillic Acid,-0.193042971,-0.192400599,-0.193191932,-0.193761219,-0.193612523,-0.195206092
Vanillin,-0.809041998,-0.825612810,-0.152578526, 0.476330583,-0.273856885, 1.461010429
Xylazine, 0.2642823200,-0.0626564606,-0.0473086374,-0.7847689925, 0.0509349676,-0.4222348075
"Xylonic acid, delta-lactone",-1.20824119,-1.22111220,-1.39915526, 1.83353153, 0.74094054,-0.85793862
Xylose,-0.411928484, 0.111203281, 0.881559876, 1.751350544,-0.769020890, 0.784156698
