Name,direction
"1-Phenyl-1,2-ethanediol",
Octocrylene,
"1-Butanamine, N,N-diethyl-",
p-Hydroxydiisopropylbenzene,
2-Hexen-1-ol,
Ser-Leu,
 5-Hydroxyhexanoic acid,
"Thymine, 1,3-dimethyl-6-(trimethylsilyloxymethyl)-",
"Methyl (3,4-dimethoxyphenyl)(hydroxy)acetate",
"Propanoic acid, 2-methyl-",
"Pentenoic acid, 4-[(trimethylsilyl)oxy]-",
"Pyrimidine, 5-methyl-2,4-bis[(trimethylsilyl)oxy]-",
"Acetin, bis-1,3-trimethylsilyl ether",
N-Methyl-N-(tetrahydro-2-furanylmethyl)-4-piperidinamine,
"15-Oxo-11Z,13E-eicosadienoic acid",
"3,5-Di-tert-butyl-2-trimethylsilyloxybenzaldehyde",
3-Ureidopropionic acid,
Uridine,
L-Threitol,
Tartronic acid,
"1,1'-Biphenyl, 3,4-diethyl-",
"Cholest-7-en-3-ol, (3beta,5alpha)-",
Isopropyl palmitate,
p-Toluic acid,
(pm)-Phenylpropanolamine,
3-Indolepropionic acid,
2-Naphthol,
"Benzaldehyde, 2,5-dimethyl-",
Decanoic acid,
"Guanidine, N,N-dimethyl-",
2-Heptenoic acid,
Methyl aminoacetate,
"(7a-Isopropenyl-4,5-dimethyloctahydroinden-4-yl)methanol",
"1,3,5-Benzetriol",
Glycine,
"1-(4-Methoxyphenyl)-4,6-dimethyl-2(1H)-pyrimidinone",
L-Asparagine,
2-Methyl-4-pentenoic acid,
"2,6-Bis[2-[2-S-thiosulfuroethylamino]ethoxy]pyrazine",
"(S,S)-(-)-Hydrobenzoin",
"Spiro[cyclopenta[d]-1,3,2-dioxaborin-4(5H),1'-cyclopentane], 2-ethyl-6,7-dihydro-",
"2,5-di-tert-Butyl-1,4-benzoquinone",
Triethanolamine,
"Butanoic acid, 2,4-bis[(trimethylsilyl)oxy]-",
Cyclobutanol,
"Ethanol, 2-(9-octadecenyloxy)-",
2-Ethyl-3-hydroxypropionic acid,
"2,3,4-Trihydroxybutyric acid tetrakis",
Arachidonic acid,
2-Hydroxy-5-methoxybenzaldehyde,
"2,5-Piperazinedione, 3-benzyl-6-isopropyl-",
3'-Hydroxyacetophenone,
Pimelic acid,
10-Heptadecenoic acid,
"Erythrono-1,4-lactone, (Z)-",
"3beta,4beta-Bis(trimethylsiloxy)cholest-5-ene",
Heptadecanoic acid,
Butylmethylamine,
"cis-4,5-Dihydroxy-o-dithiane, 2O-",
Indole-5-carboxylic acid,
Butanedioic acid,
12-Oxooctadecanoate,
Dinoseb ,
"L-Tryptophan, N-acetyl-1",
Palmitelaidic acid,
DL-Glyceraldehyde,
Phenylalanine,
"2-Hexenoic acid, 2-[(trimethylsilyl)oxy]-",
Dodecanoic acid,
Ethyl alpha-D-glucopyranoside,
L-Glutamic acid,
1-Monoacetin,
Campesterol,
D-(-)-Citramalic acid,
S-Methyl-L-cysteine,
"1-(2,4-Dimethoxyphenyl)-propan-2-one",
"2,5-Dimethoxyphenol",
"3-Methylpiperazine-2,5-dione, (R)-",
"6,8-Dioxapentadecane",
"Stigmast-5-ene, 3beta-",
Isofucosterol,
"1-Methyl-N,N-bis(trimethylsilyl)-4-[(trimethylsilyl)oxy]-1H-imidazol-2-amine",
Benzophenone,
"1H-Pyrazole, 3,4-bis(trimethylsilyl)-",
Palmitic Acid,
2-Butenedioic acid,
Ethanolamine,
"3-Cyclohexyl-L-alanine amide, N,N,N'N'-tetramethyl-",
Propylamine,
"Benzimidazole, 5-trifluoromethyl-2-methyl-",
cis-4-Trimethylsilyloxy-cyclohexyl(trimethylsilyl)carboxylate,
"Dimethyl hexopyranosiduronate, alpha-D-",
Fenitrothion,
Ornithine,
3-Methyladenine,
Acetoacetic acid,
"5-Androsten-17alpha-methyl-3beta,17beta-diol",
Desmosterol,
Doconexent,
Cyclohexanol,
Pentadecanoic acid,
4-Hydroxybutanoic acid,
"2,6-Dimethyl-N-[3-(trimethylsilyl)-1,3-thiazinan-2-ylidene]aniline",
Deoxycholic Acid,
Metanephrine,
"2,5-Dimethoxy-4-methylamphetamine",
L-Alanine,
"Cholest-22-ene-21-ol, 3,5-dehydro-6-methoxy-, pivalate",
Cholesterol,
Malic acid,
1-Deoxypentitol,
"1,2-Butadiene, 1,1,4-triphenyl-3-trimethylsilyl-4-trimethylsilyloxy-",
4-Hydroxybenzaldehyde,
Niacin,
"2,4-Diamino-6,7-dimethylpteridine",
"Benzoic acid, pentadecyl ester",
"1,3,5-Trimethyl-1H-pyrazol-4-amine",
alpha-Tocopherol,
alpha-Linolenic acid,
Bis(trimethylsilyl)histidine,
Delorazepam,
"Octane, 1-propoxy-",
13-Docosenamide,
"2,5-Dimethoxybenzhydrazide",
3-Hexenedinitrile,
"2-(2,5-Dimethoxy-phenyl)-propionaldehyde",
3-Nonen-1-ol,
Neostigmine ,
4-Methylvaleric acid,
phenoxyethanol,
3-Amino-5-morpholinomethyl-2-oxazolidinone,
DL-Ornithine,
"2-(Decanoyloxy)propane-1,3-diyl dioctanoate",
2-Ketoisocaproic acid,
Phosalone,
Hexanoic acid,
"Propanetriol, 2-methyl-",
Benzeneacetic acid,
"(R*,S*)-2,3-Dihydroxybutanoic acid",
7-(Trimethylsilyl)amino-4-methylcoumarin,
Urea,
2-Acetyl-5-chloro-3-methylbenzo(b)thiophene,
Salsoline,
Aceturic acid,
"3beta-TRIMETHYLSILOXY-5alpha,6alpha-EPOXYCHOLESTANE",
Niacinamide,
4-Methoxyphenol,
"beta-D-Galactofuranose, 1,2,3,5,6-pentakis-O-(trimethylsilyl)-",
"Glycine, N-(N-DL-leucylglycyl)-",
Hydroquinone,
"Inosose-2, 1,3,4,5,6-pentakis-",
Butylated Hydroxytoluene,
"2-Allyl-1,4-dimethoxybenzene",
Isoxaben,
1-Octanol,
"Cyclopentaneacetic acid, 3-oxo-2-pentyl-",
"D-Isoleucine, N-acetyl-",
"3-Hydroxy-2,3-dihydromaltol",
L-Aspartic acid,
"Cyclohexanone, 3,3,5-trimethyl-",
"2-Amino-4,6-dihydroxypyrimidine",
"Arabinofuranose, 1,2,3,5-tetrakis-O-",
"Benzene, 4-ethenyl-1,2-dimethoxy-",
Indole-3-lactic acid,
Nonadecanoic acid,
Nonanal,
"Furan, 2-pentyl-",
L-5-Oxoproline,
L-Tyrosine,
Pantolactone,
Niclosamide,
"Cholesta-3,5-dien-7-one",
"7,9-Di-tert-butyl-1-oxaspiro(4,5)deca-6,9-diene-2,8-dione",
"2,4-Decadienal",
L-Glutamine,
Tris(trimethylsilyl)carbamate,
1-Cyclopentylethanol,
D-Proline,
Docosyl octyl ether,
Dihydrouracil,
n-Butylamine,
"1,4-Butanediol",
"Benzene, 1,1'-(1,2-cyclobutanediyl)bis-",
l-Histidine ethyl ester,
"Benzenemethanamine, 2,3-dimethoxy-",
"Acetamide, 2,2,2-trifluoro-",
"Acetamide, N,N-diethyl-",
5-Hydroxytryptophan,
"Acetic acid, bis[(trimethylsilyl)oxyl]-",
3-Indoleacetic acid,
"D-(+)-Ribono-1,4-lactone (R,S,R)-",
Octan-2-yl palmitate,
"1-Propanamine, N,N-diethyl- ",
"3-Buten-2-one, 4-(4-methoxyphenyl)-",
"D-(+)-Talofuranose, pentakis",
4-Cumylphenol,
Methyl-3-methoxy-5-methyl benzoate,
Glucose,
N-Isobutyl-sec-butylamine,
Dimethyl fumarate,
Itaconic acid,
"1,2-Benzenedicarboxylic acid",
Levulinic acid,
Methylmalonic monoamide,
Phenol,
"5alpha-Pregnane-3,20-dione",
4-Hydroxyphenyllactic acid,
Glyoxime,
"Dodecanamide, N-(2-hydroxyethyl)-",
Uracil,
5-Henicosylresorcinol,
"1,3-bis[(Trimethylsilyl)ethynyl]benzene",
"1,2,3,10,11,11a-Hexahydro-6,7,8-trimethoxy-3-oxo-5H-dibenzo(a,d)cycloheptene",
"N,O-Bis(trimethylsilyl)carbamate",
"2,2,4-Trimethyl-1,3-pentanediol diisobutyrate",
"6,7,4'-Trihydroxyisoflavone",
9-Hexadecenoic acid,
Trimethylsilyl 3-((trimethylsilyl)thio)propanoate,
Diphenyl ether,
3-Aminobenzoic acid,
Hexanedioic acid,
Galactopyranose,
Heptanoic acid,
"1-Octanol, 2-butyl-",
"1-(1-Hydroxybutyl)-2,5-dimethoxybenzene ",
Cinnamic acid,
Butyrovanillone,
2-Hydroxybutyric acid,
"beta-d-Fructopyranose, 1-deoxy-1-(4-morpholinyl)-2,3,4,5-tetrakis-O-(trimethylsilyl)-",
1-Aminocyclopropanecarboxylic acid,
5-Hydroxyquinoline,
N-Isovaleroylglycine,
"1,3-Dioxane-4-methanol, 4,5-dimethyl-",
L-Ornithine,
Picolinic acid,
"5-Cholesten-3beta, 7alpha-bis[(trimethylsilyl)oxy]- ",
"4-Fluoroaniline, N-trimethylsilyl-",
"3,4-Dihydrocoumarin, 4,4-dimethyl-6-dimethylamino-",
"Benzo[b]fluorene, 5-amino-7-methyl-1,2,3,4,6,7,8,9-octahydro-11-thia-10-aza-",
D-Arabinose,
"N,N-Diethyl-2-aminoethanol",
Supraene,
"1,5-Anhydroglucitol",
"N,N-Dimethyl-2-cyclohexyloxyethylamine",
"1-Octene, 2-methyl-",
D-Fructose,
4-(Trimethylsilyoxy)-3-penten-2-one,
"1-Piperazineethanol, 4-dibenzo[b,f][1,4]thiazepin-11-yl-",
3-Hydroxyisovaleric acid,
L-Valine,
Phenylpropanolamine,
Suberic acid,
9-Octadecenoic acid,
2-Pyrrolidinone,
"Benzene, 3-cyclohexen-1-yl-",
D-Threitol,
"3-(3-Cyclohexylaminopropionylamino)-5-ethylthiophene-2-carboxylic acid, ethyl ester",
N-(Trimethylsilyl)hexanamide,
Nonanoic acid,
Norketamine,
"(9H-fluoren-9-yl)methanol, O-methoxycarbonyl-",
Phloroglucinol,
"3,5-Dimethylpyrazole",
"2-Propanone, bis(1-methylethyl)hydrazone",
L-Isoleucine,
Allylescaline ,
(pm)-Norketamine,
"3-Buten-2-one, 3-trimethylsilyloxy-",
"2,5-Cyclohexadiene-1,4-dione, 2,6-bis(1,1-dimethylethyl)-",
Phenoxyacetic acid,
"Tacrine, N-trimethylsilyl-",
"3-Methyl-2-butenoic acid, tridec-2-ynyl ester",
Myristic acid,
3-Methylvaleric acid,
Benzoic Acid,
"D-Erythro-Pentofuranose, 2-deoxy-1,3-bis-O-",
Pipecolic acid,
"2,5-Di-tert-butyl-4-((trimethylsilyl)oxy)phenol",
"7-Isoquinolinol, 1,2,3,4-tetrahydro-1-[(4-hydroxyphenyl)methyl]-6-methoxy-",
3-Hydroxybutyric acid,
"Benzeneethanamine, N-[(pentafluorophenyl)methylene]-4-[(trimethylsilyl)oxy]-",
Glycolic acid,
L-Proline,
Tributyl acetylcitrate,
"Pentanedioic acid, 3-methyl-3-[(trimethylsilyl)oxy]-",
4-Hydroxybenzeneacetic acid,
"Aziridine, 1-(2-buten-2-yl)-",
"Benzene, 1,3-bis(1,1-dimethylethyl)-",
beta-Lyxopyranose,
Hydroquinidine,
"Oxalic acid, allyl octyl ester",
Benzyl alcohol,
Erythritol,
1-Octadecanol,
(CH3)2C=NC2H558,
Valylglycine,
"2,2-Diallylpyrrolidine",
3-Aminobutanoic acid,
Azatadine,
Octanoic acid,
Nitrosothymol,
Pentanoic acid,
"2,3-Butanediol",
"Isoquinoline, 3,4-dihydro-6,7-dimethoxy-1-[4-hydroxybenzyl]-",
1-Phenethylamine,
"2',2,3,6'-Tetramethoxychalcone",
"Cyclopentanone, 2,2,4-trimethyl-",
N-Acetyl-L-glutamic acid,
Adipoyl-L-carnitine,
"Ethanone, 1-(2,5-dimethoxyphenyl)-",
Hydracrylic acid,
2-Isopropyl-5-methyl-1-heptanol ,
2-Methylglutaconic acid,
"L-Lysine, ethyl ester ",
Phenanthridin-6-ol ,
L-Methionine,
Oxalic acid,
Hexanoylglycine,
Citric acid,
Benzenepropanoic acid,
Tetradecanenitrile,
"Dodecanoic acid, 1-methylethyl ester",
Sertraline carbamoyl glucuronide,
"Piperidine, 1-(1-methylpentyl)-",
3'-(Trimethylsilyl)oxy-beta-naphthoflavone,
Pyroglutamic acid,
Phlorizin,
Aspartic acid,
"N-(Trifluoroacetyl)-N,O,O'-tris(trimethylsilyl)normetanephrine",
"7-Acetyl-6-ethyl-1,1,4,4-tetramethyltetralin ",
"9,12-Octadecadienoic acid",
(pm)-alpha-Tocopherol acetate,
L-Tryptophan,
L-Lysine,
Boric acid,
5-Ethyluracil,
Cyclo(L-prolyl-L-valine) ,
"3,5-di-tert-Butyl-4-hydroxyacetophenone",
Pyrrole-2-carboxylic acid,
4-(Methoxycarbonyl)phenol,
"Pregn-16-en-20-one, 3,18-bis(acetyloxy)-14,15-epoxy-, (3beta,5alpha,14beta,15beta)-",
12-Hydroxyoctadecanoic acid,
"1,4-diazabicyclo[4.3.0]nonan-2,5-dione, 3-methyl ",
Isonicotinic Acid,
3-Amino-2-piperidone,
Hydantoic acid,
"6-Methoxy-1-methyl-1,2,3,4-tetrahydroisoquinolin-7-ol ",
Syringaldehyde,
Trisaminol,
3-(2-Hydroxyethyl)imidazole-2-thione,
"Quinolin-4-one, 1-[2-(3,4-dimethoxyphenyl)ethyl]-octahydro-",
Alloxanic acid,
Hippuric acid,
"Cyclohexene, 3-butyl-3-methyl-1-trimethylsilyloxy-",
Atrazine desethyl,
4-Hydroxybenzoic acid,
Dodecylcyclohexane,
Ketamine ,
2-(Bis[2-(trimethylsilyl)oxyethyl]amino)acetic acid,
"Phenol, 3,5-bis(1,1-dimethylethyl)-",
2-Aminobutanoic acid,
Ethyl cis-2-trimethylsilyl-cyclopropane-1-carboxylate,
Carfentrazone-ethyl,
DL-Phenylalanine,
"Dodecane, 4,6-dimethyl-",
"1H-Indole, 1-(trimethysilyl)-2,5-bis[(trimethylsilyl)oxy]-",
4-Pyridinol,
Trimidox,
L-Leucine,
Serine,
"Glycine, N-[4-[(trimethylsilyl)oxy]benzoyl]-",
Lactic Acid,
Dehydronorketamine,
cyclobutanecarboxylic acid,
Glyceric acid,
"Glycine, N-(1-oxobutyl)-",
"2,6-Dimethoxybenzylamine",
"1,2,2-Trimethyl-1-aza-spiro[2.3]hexane",
N-Valerylglycine,
"Thiazolo[4,5-f]quinoline, 2,9-dimethyl-",
"(2S,3R)-3-[(4E,7E)-Nona-4,7-dienoyl]-N,N-bis(trimethylsilyl)oxirane-2-carboxamide ",
"9(E),11(E)-Conjugated linoleic acid",
beta-Methylphenethylamine,
Cadaverine,
"D-Psicofuranose, pentakis",
Methyl alpha-Lyxofuranoside,
N-alpha-Acetyl-L-Lysine,
"Ribonic acid, 2,3,4,5-tetrakis-",
1-Phenylethanol,
2-Hydroxy-2-methylbutyric acid,
"5,10-Diethoxy-2,3,7,8-tetrahydro-1H,6H-dipyrrolo[1,2-a:1',2'-d]pyrazine ",
"9H-Purine, 9-(trimethylsilyl)-2,6,8-tris[(trimethylsilyl)oxy]-",
"Acetohydrazide, 2-(2-isopropyl-5-methylphenoxy)-N2-benzylideno-",
"Carbonic acid, eicosyl vinyl ester ",
"DL-Proline, 5-oxo-",
"Ethanamine, N,N-diethyl-2,2-dimethyl-2-[(3,5-dimethoxy)phenyl]-",
"N-isobutyl-2-(trimethylsilyloxy]-4,5-dihydro-1H-imidazole-1-carboxamide",
"Trimethylsilyl (5-benzyl-3,6-dioxopiperazin-2-yl)acetate",
"1,3-Cyclohexanebis(methylamine)",
Arabinaric acid,
D-Ornithine,
Stearic acid,
"9H-Fluorene, 9-methylene-",
"Benzoic acid, methyl ester",
Eicosapentaenoic acid,
Naphthofluorescein,
Sinomenin,
2-Amino-4-methylphenol,
"D-(-)-Lyxose, tetrakis",
Luteolin ,
(pm)-N-Propylamphetamine,
"1-Pentene, 3,3-dimethyl-",
"1H-Inden-1-one, 2,3-dihydro-7-hydroxy-3-methyl- ",
2-Pentenoic acid,
Trimethylsilyl oct-2-enoate ,
Arsenous acid,
"Morpholine, 4-[2,3,4,6-tetrakis-O-(trimethylsilyl)-alpha-d-mannopyranosyl]-",
"Cyclohexene, 3,3-dimethyl-1-(trimethylsilyloxy)-",
Indole-3-carboxaldehyde,
Vanillylmandelic acid,
1-(4-Hydroxybenzylidene)acetone,
"2,4-Imidazolidinedione, 5,5-dimethyl-",
"3,4-dimethyl-5-(3,4-methylenedioxy)phenyloxazolidine",
"5,6-Dihydro-5-methyluracil",
Benzeneacetamide,
"Cetaben, N,O-bis(trimethylsilyl)-",
"2,2'-Biphenyldiol",
N-Acetyltyrosine,
"Pentanedioic acid, 2-[(trimethylsilyl)oxy]-",
1-Hydroxy-3-methoxy-6-methylanthraquinone,
"2,2,8,8-Tetramethyl-3,7-dioxa-4-aza-2,8-disilanon-4-ene",
D-Fucitol,
"Propiophenone, 3',4'-dimethoxy-",
"Pentanedioic acid, 2,4-bis[(trimethylsilyl)oxy]",
Petroselinic acid,
1-(3-Methylphenyl)piperazine,
"1-Cyclohexanone, 3-butyl-3-methyl-",
1-Tetradecanol,
4-Hydroxy-5-(hydroxymethyl)oxolan-2-one,
"O-Methyl-N,N'-diisopropylisourea ",
"2,5-Dimethoxymandelic acid",
Dobutamine,
L-Cysteine,
Ribitol,
Succinic anhydride,
Xylazine,
"3,4,5-Trihydroxypentanoic acid, tetrakis(trimethylsilyl)-",
D-Leucylglycylglycine,
"4-[2-(4,7-Dimethoxy-2H-1,3-benzodioxol-5-yl)ethenyl]-2-methoxyphenol",
5-(2-Aminopropyl)-2-methylphenol,
D-Ribose,
Dopamine,
"Pyrazine, 3,6-dihydro-3,6-dimethyl-",
2-Furoic acid,
"2-Heptanone, 4,6-dimethyl-",
3-Ethylphenol,
"5,6-Dimethyl-4-phenyl-3-cyanopyridine-2(1H)-thione",
6-Hydroxyflavone-beta-D-glucoside,
"alpha-L-Galactopyranoside, methyl 6-deoxy-, (R,R,R,S,S)-",
"Azetidine, 1-acetyl-2-methyl-",
"1,2-Dimethoxy-4-(1-methoxyethenyl)benzene",
"Benzene, 1-acetoxy-2,6-dimethoxy-4-(2-propenyl)-",
"Propanoic acid, 2-oxo-",
"1-Decene, 8-methyl-",
Bis(trimethylsilyl)acetylene,
5-Aminovaleric acid,
Cyclo-(l-leucyl-l-phenylalanyl) ,
L-Norleucine,
"Methanone, [1-(4-chloropentyl)-1H-indol-3-yl](2,2,3,3-tetramethylcyclopropyl)-",
1-Hexadecanol,
"Cholesta-3,5-diene ",
Methyl isovanillate,
Xylitol,
1-Hexanol,
3-Methoxysalicylic acid,
"4,4,5,8-Tetramethyl-chroman-2-one",
"Butanal, 2,3,4-tris[(trimethylsilyl)oxy]-, O-methyloxime, [R-(R*,R*)]-",
L-Hydroxyproline,
"Butanoic acid, 2-methyl-3-[(trimethylsilyl)oxy]-",
Ecgonine,
"2,3,4,5-Tetrahydroxypentanoic acid-1,4-lactone",
Ammeline,
"2-Pentenedioic acid, 3-methyl-",
Tricine,
"2,5-Dimethoxybenzonitrile",
2-Oxooctanoic acid,
"Benzenepropanoic acid, 3,5-bis(1,1-dimethylethyl)-4-hydroxy-",
beta-Hydroxypyruvic acid,
"D-Xylofuranose, 1,2,3,5-tetrakis-O-",
Mirin,
"Cephalotaxine, 3-deoxy-3,11-epoxy-, (3alpha,11alpha)-",
Quazodine,
"1,2-Butanediol",
"2,5-Di-tert-butylhydroquinone",
n-Pentadecanol,
L-Threonine,
meso-Erythritol,
"2-Acetyl-3-(1-methyl-2-pyrrolyl)-1,4-benzenediol",
"3-Methoxyamphetamine, 4-Trimethylsilyloxy, N,N-bis(Trimethylsilyloxy)-",
beta-D-Glucopyranose,
Glucopyranose,
"2,5-Piperazinedione, 3-methyl-6-(phenylmethyl)-",
Guanabenz,
D-Mannose,
"1,4-Dioxaspiro[4.5]decane",
Xylose,
Benzoin,
N-Isobutyrylglycine,
Phthalazin-1-one,
"Pyrazine, 3,6-dimethyl-2,5-bis(trimethylsilyloxy)-",
"Talonic acid, gamma-lactone",
"D-(-)-Fructofuranose, pentakis",
"D-(-)-Ribofuranose, tetrakis",
"2,5-Dimethyl-1-aza-bicyclo[2.2.1]heptane",
2-Aminoadipic acid,
"2-Propenamide, 3-phenyl-N-2-propenyl-",
Albizziin,
2-Hydroxy-3-methylbutyric acid,
Octopamine,
Pentylone,
Dicyclohexylamine,
"3,5-Dimethyl-1,4-diallylpyrazole",
"Ethanone, 1-(5-methoxy-2-methyl-3(1H)-indolyl)-",
Latanoprost lactone diol,
Thymidine,
"3,4-Dihydroxymandelic acid, ethyl ester",
Gln-Ala,
9-Octadecenamide,
"N,9-bis(Trimethylsilyl)-6-[(trimethylsilyl)oxy]-9H-purin-2-amine",
