NAME,935_CTR_LPS_CSF_070224,936_CTR_LPS_CSF_070224_2,937_CTR_LPS_CSF_070224,941_CTR_LPS_CSF_070224,942_CTR_LPS_CSF_070224,943_CTR_LPS_CSF_070224
,LPS_CTRL,LPS_CTRL,LPS_CTRL,LPS_CTRL,LPS_CTRL,LPS_CTRL
"(2,5-Dimethoxyphenyl)acetone",15.53459923470448,15.481194353381854,16.047987391250597,16.43264256436115,15.657098856806401,16.081098131478914
"(2R)-Pyrrolidine-1,2-dicarboxylic acid, bis(tert-butyldimethylsilyl) ester",18.10828358014644,18.23845861032338,18.816714495781042,18.129169960814533,19.378245670806074,20.346946688363023
(4-Fluorophenyl)phenylmethanol,0.0,0.0,19.116493207671,0.0,0.0,0.0
"(9H-fluoren-9-yl)methanol, O-methoxycarbonyl-",27.252986353145282,27.92583676075515,27.6261899123108,26.3900754817137,23.584959239926413,27.450375559422117
"3,4,5-Trimethoxyamphetamine",24.469656151895567,25.17332150303924,24.474219725933477,17.43478106693641,10.678243053855681,24.336115632023393
Oxypeucedanin,0.0,0.0,0.0,0.0,0.0,0.0
"1-(1-Hydroxybutyl)-2,5-dimethoxybenzene ",0.0,24.194616617578447,24.468783976199493,0.0,26.735922892089505,27.606518766994164
"1-(2,4-Dimethoxyphenyl)-propan-2-one",18.424822958437606,0.0,18.680562271837122,18.501921549780175,17.949115942978995,18.458383807794775
"1-(2,5-Dimethoxyphenyl)-1-[(trimethylsilyl)oxy]propan-2-amine",25.57755239006384,25.571858144082277,26.115913493129195,25.98456477347379,25.076848232924846,25.368574555746985
"1-(4-Methoxyphenyl)-4,6-dimethyl-2(1H)-pyrimidinone",19.1465309371001,22.037705771852156,21.251325351616263,17.98375723043321,21.50800605617158,22.207445158249154
1-(Cyclohexylmethyl)-4-piperidinylamine,15.362287443107215,9.312331904330229,12.779608531719932,0.0,13.227349895214237,13.763008422309337
1-(tert-Butyldimethylsilyl)-4-methyl-1H-pyrazole,18.563615801749215,18.322017900386804,19.085352974826247,19.52872712242319,18.098573422402744,18.53419702679633
"1,2,4-Butanetriol, (S)",0.0,17.37741569815235,0.0,0.0,0.0,0.0
"1,2-Benzenedicarboxylic acid, butyl octyl ester",0.0,0.0,0.0,0.0,0.0,0.0
"1,2-Bis(trimethylsiloxy)cyclohexene",0.0,0.0,0.0,0.0,0.0,0.0
"1,2-Cinnolinedicarboxylic acid, 1,2,3,5,6,7,8,8a-octahydro-4-trimethylsilyloxy-, diethyl ester",0.0,0.0,0.0,10.591241515433017,0.0,0.0
"1,2-Cyclohexanediol, (Z)",17.1950020848116,17.209127257343837,17.78009784560411,17.24639821279154,16.707043498578496,17.080011325170037
"1,3-Butanediamine",0.0,0.0,0.0,0.0,0.0,0.0
"1,3-Oxazolidine, 2,5-diphenyl-4-methyl-, trans-",27.885941891604983,27.385443638776355,28.19005206315088,29.46857247584472,28.1590514797743,28.19748787072684
"1,3-Propanediol",0.0,0.0,0.0,0.0,0.0,0.0
10-Undecynoic acid,16.763521497823707,0.0,0.0,0.0,0.0,0.0
"13-Docosenamide, (Z)",16.309859343365932,0.0,0.0,0.0,16.347456353134984,17.326800437966302
1-Butanol,26.679178393276228,26.0942122174271,0.0,0.0,0.0,0.0
"1-Heptanol, 2-propyl-",20.988819181574375,20.481554705862724,20.64162584623271,20.971425390370637,20.15132068901116,20.473777693934032
1-Hexacosanol,0.0,0.0,0.0,0.0,0.0,0.0
1-Octadecanol,9.77293512777173,10.993141441012776,9.422375180348816,11.269155034726124,9.776850058099054,0.0
"1-Octanol, 2-butyl-",25.091744045004145,25.185715357457912,25.697399707886206,26.983045364878507,25.44061030510432,25.087498557355833
"1-Pentene, 1,3-diphenyl-1-(trimethylsilyloxy)-",0.0,0.0,0.0,36.238666376240154,37.02364433176335,0.0
"2(1H)-Quinolinone, 3-[3-(4-methoxyphenyl)-1-oxo-2-propen-1-yl]-4-phenyl",0.0,0.0,0.0,0.0,5.970848453774321,0.0
"2(5H)-Furanone, 4-(hydroxymethyl)",18.691257603429857,19.02406965448606,19.15232284348532,18.309629512598377,18.954706192053898,19.63885146280124
"2-(Ethylamino)ethanol, N-acetyl",31.479774844397568,31.555504531018137,31.76665646156414,32.400101058781104,31.22380330129278,31.458504607016312
2-(Methylamino)ethanol,26.488984407958995,26.41249041977524,26.66781300995909,27.236451847424643,26.12180794536348,18.164955312365983
"2,2'-Bipyridine",21.084790877216403,21.08203641413786,21.52558425326391,21.69263280444796,20.70903306076998,20.88010854352021
"2,3-Butanediol, O-(trimethylsilyl)-, monoacetate",17.417254757382075,18.212568843956266,18.068392529657572,0.0,17.70097147236181,18.187786360069207
"2,3-Dihydroxybutanoic acid",31.264972246470105,0.0,31.506929433757527,30.96458918867956,31.06547803362041,0.0
"2',3'-Di-O-acetyladenosine",0.0,4.801396748501166e-05,3.566514460720396e-05,0.0,0.0,8.368196447584346e-05
"2,4,4'-Trihydroxybenzophenone",19.002812411233002,19.444247861401664,19.701331982887673,21.258042486383076,19.45613437470027,19.430402652494458
"2,4,6-Cycloheptatrien-1-one",0.0,0.0,0.0,27.432457097058755,21.659359700351917,23.150866504842355
"2,4-Dihydroxyacetophenone",0.0,0.0,0.0,0.0,0.0,0.0
"2,4-Dimethoxybenzaldoxime",17.94011521236495,19.818057777171546,0.0,0.0,0.0,0.0
"2,4-Di-tert-butylphenol",0.0,0.0,0.0,19.82050752970741,0.0,0.0
"2,4-Imidazolidinedione, 5,5-dimethyl",20.369795357799262,19.297820953005818,20.747197743313908,22.83727865583102,18.65522603045292,19.085861938258358
"2,5-Bis((tert-butyldimethylsilyl)oxy)-4,4-dimethyl-4H-imidazole",20.42470922139825,18.751617332488216,21.261281860157556,21.473939753153072,18.082766152977555,17.18735768261774
"2,5-Dimethoxybenzhydrazide",23.4900294503373,24.776140743686877,25.329266059343094,24.375306213684027,25.24082104463623,25.83813155781874
"2,5-Dimethoxybenzonitrile",19.164252852779434,20.47107429638914,20.63470416169878,19.79289995070058,20.266279043551442,20.754185794790924
"2,5-Dimethoxyphenol",22.557684600542206,22.66768872526515,24.01831525045924,23.86543227971186,23.567515527226238,24.203270419032666
"2',5'-Dimethoxypropiophenone",24.45571852205572,25.749915290242143,25.61704680935054,24.799673380491278,25.39977288963408,25.996029564679876
"2,6-di-tert-Butyl-4-(dimethylaminomethyl)phenol",21.328116205704955,20.84237960964521,21.635955603201072,21.642449890436005,0.0,0.0
"2-Allyl-1,4-dimethoxybenzene",25.50242541464524,25.69712058840925,25.95978682416886,26.027803260676727,25.0093300051616,25.602981961906476
2-Amino-4-methylbenzophenone,16.717031507665762,18.43860633069697,19.28548253531151,0.0,18.585871881384584,19.847784078760895
2-Aminoquinolin-8-ol,0.0,0.0,0.0,0.0,0.0,24.435467903715466
2-Butanol,0.0,0.0,0.0,0.0,0.0,0.0
2-Buten-1-ol,0.0,0.0,0.0,21.15907032150826,0.0,21.21691143552735
"2-Butene-1,4-diol",17.034106188328828,17.661654156066525,0.0,17.40587288054862,16.545746500796707,0.0
2-Butenedioic acid,26.770346855881996,24.906367543755053,25.049008198706623,26.589300889199695,26.245356588595183,25.544801562591953
"2-Butenoic acid, 3-[(tert-butyldimethylsilyl)oxy]",25.884352672680734,26.14564604227105,26.76674713432566,25.54132631217991,26.236266434615917,26.826329041953294
2-Butoxyethanol,4.922558932328516,14.814041464487921,15.035455892501853,15.481966819663784,14.27912082164193,14.459125141470532
2-Cyanobenzaldehyde,25.033351389860314,26.02846983490953,25.471436871049892,26.65528538991175,0.0,26.131464376596288
"2-Cyclohexen-1-one, 3-methyl-6-(1-methylethyl)",19.413108323906798,0.0,19.950594947962358,20.523374617160638,18.752187232085447,18.79197332737597
"2-Cyclohexen-1-one, 3-methyl-",20.325511136083065,21.091430820686803,21.282812781185353,20.241748231219066,21.48284320935598,21.668730204491467
2-Decanol,18.71346844660171,0.0,19.084741441788772,19.340701708605266,18.223459870586034,18.352266404273642
2-Ethyl-1-butanol,0.0,21.144927164853307,21.679528844706237,0.0,0.0,21.532456406175022
2-Ethylhexanoic acid,26.55099035051872,26.70493815489257,27.0894645268288,27.132519754674433,26.191230831392854,26.60860637064647
2-Ethylhexanol,0.0,0.0,0.0,20.15981933036564,0.0,0.0
"2-Furancarbodithioic acid, methyl ester",0.0,0.0,0.0,0.0,0.0,0.0
2-Furoic acid,0.0,17.53432975717236,17.924096654049123,16.922005848746732,0.0,16.528636948046376
2-Hexanol,25.787252850738195,0.0,26.30294955061093,0.0,25.82024093815226,26.456100480033697
"2'-Hydroxy-2,4,4',5-tetramethoxychalcone",9.755639214733907,11.209528024383998,11.47124341668523,10.440711287656496,10.041382994198626,11.19057938989915
"2-Hydroxy-2',4',6'-trimethoxychalcone",0.0,0.0,9.365187985074082,10.650729357280216,0.0,0.0
2-Hydroxy-3-methylbutyric acid,8.95669420979846,9.642625484159419,9.73399904376786,1.7187666401260204,8.864115341574207,9.521485106661112
"2-Hydroxymethyl-17alpha-methylandrosta-1,4-diene-11alpha,17beta-diol-3-one",0.0,0.0,0.0,0.0,0.0,0.0
2-Isopropyl-5-methyl-1-heptanol,0.0,0.0,0.0,0.0,0.0,0.0
"2-Methyl-1,3-butanediol",23.029841945070494,22.53697742416346,23.2437612087246,22.78663178609337,22.007868081522645,22.73476307964673
2-Methyl-3-pentanol,16.177145815769133,16.99544366734957,16.20815251443936,0.0,17.14615155558615,17.252005369521083
"2-Methylcyclohexanol, (Z)",16.09103373291336,16.84812173640483,16.337884804225666,16.365871870440376,14.520571846222397,15.50541766530678
"2-Methylcyclohexylamine, tert.-butyldimethylsilyl ether",21.825120701980783,0.0,22.632136633894785,0.0,21.881610401155918,22.183864720551462
2-Naphthol,16.74472513077817,16.481265413509778,17.248928887338625,17.75329660363436,15.815272114893792,16.508825531370835
2-Norbornanemethanol,24.378729641754003,23.152092267614705,0.0,0.0,0.0,0.0
"2-Oxiraneethanol, 2-t-butyldimethysilyloxymethyl- acetate",19.064001747553185,0.0,0.0,0.0,0.0,0.0
2-Pentadecanone,5.270600262826063,5.57569447473868,6.34331410928212,6.482368642255816,4.575782209044429,5.978495868268916
"2-Pivaloyl-1,3-indandione",0.0,0.0,0.0,0.0,0.0,0.0
2-Propyl-1-pentanol,20.772638008565018,18.497953126351106,23.55555668595684,24.06084165307349,22.964505272224688,23.25772771986685
2-Pyrrolidone-5-carboxylic acid,29.14867911242964,30.270707617057536,29.577945792147684,28.220259457616194,29.33319885779893,30.112401223277317
"2-Thiophenecarboxylic acid, 4-cyanophenyl ester",0.0,0.0,0.0,0.0,0.0,0.0
"3-(4,7-Dimethoxy-2H-1,3-benzodioxol-5-yl)-2-methylprop-2-enal",20.079251286382,21.003508442442353,21.71375454740098,20.619278847480906,21.499452999766607,22.05325798321256
3-(4-Methoxyphenyl)coumarin,21.30818626670108,0.0,19.476836646575205,17.442802052559337,0.0,0.0
"3,3-Bis{4-[(trimethylsilyl)oxy]phenyl}-2-benzofuran-1(3H)-one",0.0,0.0,34.14975571149616,0.0,0.0,0.0
"3,3-Dimethylacrylic acid",0.0,0.0,22.22713638737642,22.745723555665382,0.0,0.0
"3,4-Dihydroxybenzaldehyde",0.0,0.0,0.0,0.0,0.0,0.0
"3,4-Methylenedioxyamphetamine",0.0,28.081083727998855,27.19525028064719,0.0,18.525502204087765,14.062523525500843
"3,5-Dimethoxy-4-(tert.-butyldimethylsilyl)oxybenzaldehyde",0.0,0.0,0.0,0.0,0.0,0.0
"3,5-Dimethylphenol",0.0,15.901131251032002,14.72062147543191,15.279638762585858,14.06322937420198,14.37921748799194
3-Amino-5-methylisoxazole,22.314699202153253,21.557545018060804,22.93502740668349,23.955243114462405,22.562975812617307,22.54158679293877
3-Aminobenzoic acid,23.83550387920339,23.654731582645606,24.824895381198928,25.013112107496575,20.962775750563374,21.906434856012552
3-Buten-2-one,17.230115831099077,17.956006432887985,17.802661474234206,18.288780373761913,17.317113671059488,17.64286317881938
3-Heptanol,23.759737174503908,22.811762965402593,23.61454662629542,22.65623164562815,22.188513009470135,22.818877048320413
"3-Hydroxy-7,3',4',5'-tetramethoxyflavone",0.0,0.0,0.0,9.753344465000055,0.0,0.0
3-Hydroxymethyl-2-trimethylsilyloxypentane,0.0,13.855470377365736,14.515402617664977,13.769118999381663,14.037707920956427,14.865164298739133
3-Methyl-3-buten-1-ol,14.473889558512788,0.0,16.390620347265468,0.0,16.184528719816075,16.757840566331808
3-Nonene,0.0,20.147473725494475,0.0,0.0,0.0,0.0
3-Phenyl oxindole,0.0,0.0,0.0,0.0,0.0,0.0
"4,4'-Dichlorobenzophenone",0.0,0.0,0.0,0.0,0.0,0.0
"4,5-Dihydro-1H-pyrazole",0.0,0.0,0.0,29.610172469636492,0.0,0.0
"4-[2-(4,7-Dimethoxy-2H-1,3-benzodioxol-5-yl)ethenyl]-2-methoxyphenol",21.689308296652,19.649725493242613,21.972801988937846,21.911033913681166,21.0949592004109,19.932588593667237
4-Aminobutanoic acid,17.43461021338143,18.103665514009077,17.04725853741275,16.741863874397026,13.555009287092524,17.65010510905398
4-Hydroxybutanoic acid,0.0,0.0,0.0,0.0,0.0,0.0
4-Methoxyphenol,0.0,0.0,28.746523639805112,29.055162873121912,28.223885676612564,27.770175740154887
"4-Methylquinoline-2,7-diol",0.0,0.0,0.0,0.0,0.0,0.0
4-Methylvaleric acid,19.216514542685914,0.0,19.743945975995533,20.57333916046177,19.22587572420105,19.68158309344892
4-Oxohexanoic acid,19.22886872418958,20.033675240592064,0.0,19.07570422450877,18.746957508619182,0.0
"4-Phenyl-2,3-dihydro-1H-1,5-benzodiazepin-2-one",0.0,0.0,0.0,0.0,0.0,0.0
4-tert-Butyldimethylsiloxy-3-penten-2-one,25.537882560093944,0.0,25.953249522446242,26.80349674334264,0.0,25.73633586395052
5-Aminovaleric acid,0.0,0.0,0.0,0.0,0.0,0.0
5-Azacytosine,17.938046803253826,18.448697900060797,18.634014474262663,18.399944467809778,18.007768430397316,18.6352272620888
"5-Chlorovaleric acid, nonyl ester",24.162661630338462,23.253303306170437,23.813607601634978,24.332438741596388,23.381445519594028,23.54345919844044
"5-Ethyl-1,3-dioxane-5-methanol, tert-butyldimethylsilyl ether",23.243724781063165,24.107829307936008,23.218418842960286,0.0,0.0,20.120650762418414
5-Ethyl-5-methylnonadecane,0.0,0.0,0.0,0.0,0.0,0.0
5-Hydroxy-7-methoxy-2-methyl-3-phenyl-4-chromenone,22.92751872278904,23.983276619765775,34.112554348014655,36.14071783685793,34.990715129807434,34.21278535588373
5-Nitroso-8-quinolinol,0.0,0.0,0.0,0.0,23.194682075507714,23.586129435420492
"5-Nonanol, tert-butyldimethylsilyl ether",19.589656475570926,19.261673047087783,19.678220334498995,20.208135779687293,19.16329276639133,19.316443833101665
5-Oxohexanoic Acid,19.04524209303951,18.920234919475792,19.410864506731016,20.024926475468593,18.94094856298811,19.106095574733118
"6,7,4'-Trihydroxyisoflavone",16.954446113056623,16.824156309081733,17.14879822223167,18.097684071847574,16.77376807823429,16.80960359206499
"6-Aminocaproic acid, N-(tert.-butyldimethylsilyl)",15.283219469779622,15.45257944120542,15.912647353745498,16.74123241351736,0.0,0.0
"6-Methoxy-1-methyl-1,2,3,4-tetrahydroisoquinolin-7-ol ",25.411333869335575,0.0,0.0,26.246096600653626,25.739680009988707,26.188793907313492
6-Methyluracil,19.811237134137492,18.854492472601162,20.19558903154731,21.086535106383593,17.107893976093568,17.411638769801087
6-Nitroveratryl alcohol,0.0,0.0,14.525740791693647,0.0,18.186639735855557,18.27021509349478
6-Oxoheptanoic acid,21.02659350939035,21.13458964789071,21.467547691238426,21.96686175750161,21.104126716276784,21.37940409585958
"7(S),17(S)-Dihydroxy-8(E),10(Z),13(Z),15(E),19(Z)-docosapentaenoic acid",0.0,0.0,0.0,0.0,0.0,0.0
7-Hydroxy-4-(methoxymethyl)coumarin,0.0,6.745675794760499,6.427140220679075,0.0,6.3391952122026485,0.0
8-Acetyl-7-hydroxycoumarin,0.0,0.0,0.0,0.0,0.0,0.0
8-Methylnonanoic acid,23.56917759379049,23.624430708770554,24.088774823388693,24.19804690694763,23.460461639566674,23.877370336018135
"9,12-Octadecadienoic acid (Z,Z)",20.616317179873068,0.0,0.0,0.0,0.0,0.0
9-Ethyl-N-(trimethylsilyl)-9H-carbazol-3-amine,0.0,0.0,0.0,0.0,0.0,0.0
"9H-Xanthen-9-one, 1-hydroxy-3,5,6-trimethoxy",0.0,0.0,0.0,0.0,0.0,0.0
"9Z-Octadecenoic acid, (2S)-3-[(hydroxymercaptophosphinyl)oxy]-2-methoxypropyl ester ",20.430107775453084,18.376201624203073,0.0,16.131190177285237,19.69659608833377,17.972670397200627
Acetic acid,35.68457139562494,36.253831598689224,36.90303353809306,35.70749646729397,35.93521458878173,35.830010824602745
Aceturic acid,22.92649996415853,23.93773064580443,22.40084928177872,24.21942063746365,22.98460822222232,24.545772594214217
Aconitic acid,24.289541337572828,25.655924359620393,24.644305196040776,24.673676797119516,24.612391504396825,24.416392022220283
Adenine,14.919865914850773,14.30511955898442,15.426469120822679,16.655490814823533,13.787243072363715,14.331052977034759
Adipic acid,0.0,0.0,0.0,0.0,0.0,0.0
Adipoyl-L-carnitine,22.59439260752836,22.907280603942585,0.0,25.438818899456347,0.0,0.0
alpha-Hydroxyisobutyric acid,12.895262597170898,13.492804127467673,13.619823833182215,11.496908622718802,13.55645914716124,14.345069351317852
Allylescaline,29.609900767240667,30.561495565983016,30.60702273100378,31.3742261106392,30.72883251469701,31.162028139727276
Aminoguanidine,0.0,0.0,0.0,0.0,0.0,0.0
Aniline,18.456480284839838,18.63804003175324,18.92824381624768,19.73890437925568,18.479141689678993,19.000000412758304
Azelaic acid,15.180930015706211,17.698002028208343,18.125040455285262,18.83712896875317,17.706270754748076,18.318102010137224
"Aziridine, 1-(2-buten-2-yl)",0.0,0.0,0.0,0.0,0.0,0.0
"Benz[a]anthracene-1,7,12(2H)-trione, 3,4-dihydro-8-hydroxy-3-methyl-, (3S)",0.0,0.0,0.0,0.0,0.0,0.0
"Benz[c]acridine, 5,10-dimethyl",0.0,0.0,0.0,0.0,0.0,0.0
"Benzaldehyde, 2,5-dimethoxy",36.75709882678095,36.63435000677484,37.17963511047364,37.47413194530552,36.67690150475024,36.94847476826959
"Benzene, 1,4-dimethoxy",21.726610356946015,21.89027985554813,22.10377871957381,22.09693622456916,21.612886492810812,21.987631567167092
"Benzene, 1-acetoxy-2,6-dimethoxy-4-(2-propenyl)",0.0,0.0,0.0,0.0,0.0,0.0
"Benzene, 1-ethyl-3,5-dimethyl",21.78177362766498,0.0,0.0,0.0,22.410378391627358,0.0
Benzeneacetic acid,21.26589870114047,0.0,17.71195779258175,19.543765849616655,0.0,0.0
Benzenepropanoic acid,23.543680654709117,23.811930594924753,24.195359649073705,24.548011063923372,23.36778533770012,23.90668945361003
"Benzenesulfonamide, N-butyl",14.160051180867054,14.01759427010356,14.720542602127908,14.689411158475103,13.741703904537104,14.170300864859597
"Benzoic acid, 2-hydroxy-3-[(2-hydroxy-4-methoxy-6-propylbenzoyl)oxy]-4-methoxy-6-propyl-, methyl ester ",28.708675522131692,28.4481652958732,29.161849392429637,30.097690046757513,28.910238356725525,29.199587639139253
"Benzoic acid, methyl ester",15.897554725647744,19.69744477476994,19.485255709419388,24.573804116981844,23.262223034444915,23.436364298897114
Benzoic Acid,29.25987291179812,28.946750100041303,29.41653451002705,29.89464711679912,28.891055795342147,29.049121080904705
Benzophenone,15.228557496972337,15.493433205626163,15.705472717485197,14.847486650909444,15.38353655660161,15.509961172208683
Benzyl alcohol,25.244866768656372,24.879492318621455,25.337016945396428,25.884389326469655,24.471941302958157,24.685805987188072
Biphenyl,22.13668394375918,21.665977777734163,22.164269292203933,22.02224958335164,21.417927866985767,21.778320768101885
Butachlor ESA,0.0,0.1191013955176792,0.46892472955016334,0.0,0.3427738717089067,0.31274589601168684
Butanedioic acid,27.700434280171716,30.131350833275565,28.52441855030527,28.69646630046262,29.8668226285503,30.30670951698558
Butylmethylamine,24.220042631835398,22.438946177030758,24.287210235001563,24.474707369997997,23.24539087522966,23.9146909019413
Butyric Acid,26.963604982505416,26.75134352950326,27.452236923303825,27.81913649093519,26.68692175972701,26.9302098430904
Chlorobenzilate ,0.0,0.0,24.541634488105135,20.224956955550443,0.0,0.0
Cholesterol,24.163104196206298,23.410523712750553,24.48833443744892,26.517094787511546,19.65557476519644,23.17016132798178
cis-2-Decenoic acid,0.0,14.823195155358029,0.0,0.0,0.0,14.832288312459342
Citramalic acid,15.114919385544848,14.233764800956662,13.953343845023781,14.148678008383522,0.0,15.25968404291816
Crotonic acid,22.58012491837283,22.43487132020801,22.959299756824944,23.060478512167858,22.290048557773606,22.519382477990405
Curcumin,16.91113874492331,16.487098841605636,17.356043727469604,17.867650786788897,16.88771385581745,17.1770983978735
Cyclobutylamine,25.04259078385561,24.85192873270811,25.51057372121982,26.030072810801492,24.951549240306704,25.174654153925932
Cyclocurcumin,0.0,0.0,0.0,0.0,0.0,0.0
Cycloheptanol,22.450924554036376,22.370651639492543,22.803944611232012,23.4359985985872,22.11655507943135,22.731600034153413
"Cyclohexanone, 3,3,5-trimethyl",22.07439438160145,0.0,21.578207611916394,22.199066299816483,22.847363650155017,23.034253450256518
Cyclooctylamine,23.32422800905729,24.142327691748722,24.623784194756464,22.434984957415082,24.21106662589627,24.78649601774074
"Cyclopentaneacetic acid, 3-oxo-2-pentyl-, methyl ester",19.448471529845616,18.975645824207263,19.60144127640999,20.338492332712743,18.843084805757982,19.421860051997715
"Cytosine, N-(tert-butyldimethylsilyl)-",13.965794834331001,13.90276681820957,14.313972723981655,14.551752354575582,13.531962487625563,13.751055149292805
Desmethylverapamil,0.0,0.0,0.0,0.0,0.0,0.0
Diacetyl monoxime,17.427827734686055,17.25972210226771,17.657043767015473,18.30727567120045,16.865986561046824,17.590104173253028
Dibutyldodecylamine,0.0,0.0,0.0,22.745629552126676,0.0,0.0
Diclofenac,0.0,0.0,0.0,0.0,0.0,17.505288231682208
Diethylamine,18.33547444155444,18.491044802219676,18.910277130754267,18.451183301443667,18.82364243591743,19.257286966446614
DL-Glyceraldehyde,26.36778477525163,26.134375540745765,26.865056797306135,26.54746912166748,26.51032829926116,26.912456604664147
DL-p-Hydroxyphenyllactic acid,17.415796308933952,17.971958516066874,18.36484872835169,0.0,17.550498207150248,17.754005972066167
"Dodecanoic acid, 1-methylethyl ester",12.727942186269544,11.936875677764197,12.074611814061509,13.016415126353639,11.67707873572517,12.068626929792405
Dodecanoic acid,23.673601544199983,23.648505485079763,23.82999527960182,24.210082839477163,23.206341103782076,23.470083089695127
"D-Streptamine, O-6-amino-6-deoxy-alpha-D-glucopyranosyl-(1-4)-O-(3-deoxy-4-C-methyl-3-(methylamino)-beta-L-arabinopyranosyl-(1-6))-2-deoxy-",6.323422963546845,8.871914866885094,8.380325052255495,6.541601045781418,6.492496921382068,8.646796602922043
Durapan,17.755230291968335,16.858671842528135,18.49120641317359,19.216612479220846,14.34517696319717,15.097732064822589
"Erythrono-1,4-lactone",23.317829758045434,23.608526923294693,22.63061173948245,23.29533628845838,23.530505823448493,24.164709701180954
Ethanolamine,27.388715070014367,27.58187252463901,27.617252432377732,27.839498772620885,27.406985034551436,27.59019290517407
Formamide,31.17558895814162,30.795891071626794,31.355516237580073,31.77468012365798,30.880566189527073,31.110090321910153
Frangulin,8.624658490727933,10.247384636458765,9.127725588518626,0.0,10.013991984480564,0.0
Glabridin,0.0,0.0,0.0,0.0,19.033723003837828,0.0
Glyceric acid,0.0,0.0,0.0,0.0,25.28078087165937,0.0
Glycerol,16.435117101242675,16.578063765036877,17.136581932780615,17.584665814728336,16.396799120545687,16.78480118626087
Glycine,26.02525213956466,26.429033674022183,26.39495519697896,26.902808296494975,25.647499594379713,25.988241775870204
"Glycine, tert.-butyldimethylsilyl ester",28.09143675688754,28.580324713723655,28.375519131795482,28.96965465335143,28.079991460384996,28.397471293054437
Glycolic acid,27.867389751233997,28.573770400172428,28.381285357895226,27.789043271245184,27.85730654630917,28.395957797644517
Guanosine,18.558533877920915,16.41317634997457,18.390664170235247,0.0,18.045855838557067,0.0
Heptanedioic acid,0.0,0.0,0.0,13.389883704128355,0.0,0.0
Heptanoic acid,24.645502971572988,24.76364946992975,25.05831335158763,25.090021031311107,24.354150382801674,24.60152370295018
Heptylamine,0.0,10.905143174970007,14.571572266911057,15.60303008554711,12.760248977640716,12.996420043412678
Hexacosanoic acid,13.244511581738381,10.438398973392914,13.13160710714003,12.607387461143853,10.532178782440452,0.0
Hexanoic acid,26.414706408553172,26.460939438156633,26.74899154563147,27.060100396863582,26.177981992746076,26.482880042438133
Hydracrylic acid,23.315489891771715,24.410991877597898,24.273436253312042,23.49370949263833,23.742780782427314,24.309756346799432
Hydroxylamine,0.0,0.0,0.0,0.0,0.0,0.0
"Hymexazole, tert-butyldimethylsilyl ether",25.60172707126948,25.066202894950436,26.27207987937534,26.818860005822167,23.803362239015826,24.0850169474092
Hypoxanthine,26.786787363398005,27.6719884702489,27.612972504431937,26.124349522424684,23.966974430011543,26.212707790114823
Iminodiacetic acid,6.61446045051453,7.358382376161064,8.430974408863467,4.196140402034308,7.7972984715194835,9.169587972561981
Indoprofen,0.0,0.0,0.0,0.0,0.0,0.0
Isobutanol,17.244944590106243,17.702943423672835,19.074221136351277,15.79783426102044,19.019590254387136,19.733797954497902
Isonicotinic Acid,25.958455144628097,25.92498585306176,26.2691217718879,26.75371014842903,25.69034106600726,25.984050146471468
Isopropyl palmitate,10.99608894902188,11.055286540532226,11.517449919418201,11.667782155536308,11.134238579880849,11.652178748851043
Isopropylamine,24.687979351969705,23.645040374077094,26.494297513302904,27.10799081108187,24.950064848588863,25.33580751887657
Isosorbide,0.0,0.0,0.0,0.0,0.0,0.0
Ketamine,30.69396127330719,31.764776529037192,31.59673593052811,32.04932653277967,30.07448472098219,30.067389560583912
"Kojic acid, bis(tert-butyldimethylsilyl) ether",19.77667257516839,18.838835348590234,20.601370280359017,22.103244755221304,18.624372654042634,18.913685241304137
L-(+)-Threose,21.03147826924501,0.0,27.9772973973774,0.0,28.739036155024664,0.0
Lactic acid,29.009723670971976,29.062037199357057,30.078547847513267,30.58700632464882,30.106751934580558,28.23640969116428
L-Alanine,7.415815226846033,8.560480332017127,8.438513166829257,7.904866363245477,7.250035237799094,7.638907400910068
L-Asparagine,0.0,0.0,0.0,0.0,0.0,0.0
L-gamma-Glutamyl-L-glutamic acid,0.0,0.0,0.0,0.0,0.0,15.998209531730971
Leucylglycine,24.559745735276312,20.165553575102514,21.89519305016941,18.95078903014884,18.66240678927666,23.847765515917786
Levulinic acid,24.140610841653704,23.870282493892997,24.134888403181883,24.534578532168986,23.752113156762896,23.895548860056778
L-Glutamic acid,0.0,18.0656356079719,0.0,0.0,15.827742612083652,18.482707874005637
L-Glutamine,7.3792537093683555,7.589662318042839,7.601882186158471,7.538654099134584,7.541234202778105,7.706849843329384
"L-Histidine, N,1-bis(tert-butyldimethylsilyl)-",24.521695966779006,24.742300368383184,25.151702958048116,25.410870856965335,24.54678497602924,25.13968465177393
Lignoceric acid,16.046627323049428,16.558245403929096,15.798734713074293,15.356045910595183,15.168419015212072,15.002794293854302
L-Leucine,19.660271262325967,19.362603909305488,19.43606261770031,20.66573378122496,18.70943169810634,19.109559923127
"l-Leucine, n-butoxycarbonyl-N-methyl-, hexadecyl ester",0.0,0.0,0.0,0.0,0.0,0.0
L-Lysine,23.858642353787555,24.061175798432668,23.95509961772646,24.927812512001445,23.651574295631622,23.759973596188384
L-Norleucine,29.794287033507118,30.835993269236454,28.581852691883526,23.147771425865077,0.0,28.373430118775595
"l-Norvaline, n-propargyloxycarbonyl-, isohexyl ester",28.693989414265058,27.580678630187688,0.0,29.299197647413973,28.683250258971892,29.453516062847356
L-Ornithine,0.0,18.81405931713744,0.0,0.0,0.0,0.0
L-Pyroglutamic acid,0.0,25.954593639668822,0.0,0.0,22.388745139316022,23.1234747292525
L-Serine,0.0,29.36340134802348,0.0,0.0,0.0,0.0
L-Threonine,21.284233846028,22.382298361865473,22.58226252080447,21.91483714926557,0.0,0.0
L-Tryptophan,14.369534553464327,14.812183265746352,15.577306849410359,15.82831207778468,13.485067104847827,13.239028248913055
L-Tyrosine,24.54719596182852,26.726855978684622,26.86239371467629,26.664351694377576,26.04630434710216,0.0
Luciferin,0.0,0.0,0.0,0.0,0.0,8.140141692404402
Lupinine,20.572735313972334,20.91088716137973,21.268322056903294,0.0,19.93699047724103,21.77268709251222
L-Valine,21.247703692415914,23.22263805380951,23.294027121266282,22.124317311730486,21.600250319792348,23.177339423249588
L-Val-L-Leu,0.0,30.228143624504916,27.232710547652893,31.106385304267594,0.0,0.0
Malic acid,21.999752425211106,23.16086178581344,22.569561487932138,22.626339852473272,20.140534622883887,21.12254312425398
Maltol,0.0,0.0,0.0,0.0,0.0,0.0
Methanesulfonic acid,23.22993155067478,22.973365854254507,24.233620079736138,25.062463886820048,19.44514675767227,20.39473850659029
Methyl lactate,18.0076538179097,17.844224018302548,18.466086473436885,18.996022643401563,17.76104788619834,18.47071095031942
Methylsuccinic acid,0.0,0.0,0.0,0.0,0.0,0.0
Methylthiouracil,23.357872783544575,21.753729533486265,23.924001418474145,25.156276848972922,20.30762315500915,20.73777614960149
Mevalonolactone,18.98360261406825,16.512691295170494,18.376753377279293,17.853906549819158,19.39417598566673,20.644400136640698
Monocaproin,27.304387820204326,26.03576617347651,0.0,29.268446025016374,0.0,0.0
m-Toluic acid,17.754527919832334,16.48135019915442,17.665428458323497,17.31284850106541,17.124674531730843,17.6205357785869
Myristic acid,19.988711304132536,20.224442155828665,20.569328388123793,20.525309417359477,19.7419265451105,20.303097488245886
"N,N-Dimethyl-2-aminoethanol",30.310560308392233,30.07418767844098,31.054703666337947,31.607068142948854,29.495686930875127,30.419880099498993
"N-[(3,4,5-Trimethoxyphenyl)methylidene]hydroxylamine",23.859154282179404,0.0,0.0,0.0,23.733108025949303,23.823507145651487
N-Acetylaminoethanol,29.9796660756388,30.902500828506103,30.88916994296146,30.441966516173007,30.994750449027276,31.656571135738027
N-Acetylaspartic acid,19.444067294764654,19.753946572202793,18.632014387433347,17.99728362139627,0.0,18.534372711904584
N-Acetyl-L-alanine,19.018382238339314,19.198833254278917,19.466928548887807,19.670741960698326,18.931768424431862,19.4117635002305
"Naringenin 4',7-dimethylether",17.21701641296939,17.63959449988714,17.98592529594035,17.335407243730124,17.641336707312586,0.0
N-Caffeoyl-O-methyltyramine,0.32634015138508765,7.6895371981606795,10.748693483581139,8.690645941784314,8.149444437258984,10.969550602921927
N-Ethylamphetamine,26.851718242047035,25.64979201757094,27.31791966622785,27.942213271587757,26.664939712356084,27.022316390886967
N-Ethyldiethanolamine,22.405648294161626,22.374103517019215,22.660862638372883,23.69471067036446,22.48867554356262,22.65401253875413
Niacin,16.093460981386052,15.94557818315567,16.45634290398603,17.258587725677295,0.0,16.106061004840427
Niacinamide,26.873574736555916,27.033811121783344,27.555131036697116,27.11444020846593,26.36520358458855,27.120336344603025
N-Isobutyrylglycine,25.6260172975368,25.916446773589424,26.697192394051797,25.034364073061234,25.53811886672407,26.263582134844718
N-Methyl-1-[(trimethylsilyl)oxy]-1-{4-[(trimethylsilyl)oxy]phenyl}propan-2-amine,14.253462860524298,13.40867439649009,0.0,0.0,13.876282983658855,14.045120013804523
N-Methylacetamide,25.82707341411466,26.06460717425818,26.404162783871662,27.47079395849644,26.227909539165044,26.51124235725293
Nonanoic acid,28.29705636379875,0.0,29.197787928052033,29.11487294692543,28.252388243319825,28.57668653322803
Norephedrine,28.238723550819515,29.09780517505942,29.113356768138157,0.0,0.0,0.0
Norketamine,8.072009920152123,7.877195152773503,8.92305629328991,8.82026588249213,7.783018616115013,8.162075483457595
"Norleucine, N-trimethylsilyl-",0.0,0.0,0.0,0.0,0.0,32.0090454827768
Octacosanol,23.648315646316437,23.19053348589625,0.0,23.393742481765408,0.0,24.870138293388365
"Octadecanoic acid, octyl ester",0.0,0.0,0.0,0.0,0.0,0.0
Octadecanoic acid,0.0,0.0,0.0,0.0,0.0,0.0
Octanoic acid,24.188632583613163,0.0,24.47411500543749,0.0,24.260008120805406,24.279973474798496
Octocrylene,0.0,0.0,0.0,0.0,0.0,0.0
Oleamide,24.85000078941913,22.91462315260248,28.122690840962566,24.476406599340446,23.75215520069228,23.716379782173515
Oleic Acid,0.0,0.0,0.0,0.0,0.0,0.0
Olomoucine,0.0,0.0,0.0,0.0,0.0,0.0
Oxalic acid,29.20094686364442,29.921459086478592,29.302444399630257,29.267652504427197,29.177998841494283,29.832392907420004
"Oxalic acid, di(cyclohexylmethyl) ester",0.0,13.17992045632388,0.0,0.0,0.0,0.0
"Oxymorphone, bis(trimethylsilyl) ether",27.296563065616752,27.650001239251107,28.207481621048,30.046566260656103,27.815350926521248,27.9748706034097
Palmitic Acid,26.92525126413151,0.0,27.10627121190278,0.0,26.416942400791584,26.64542271730745
Pentadecanoic acid,0.0,0.0,0.0,0.0,0.0,0.0
Pentanedioic acid,21.516750462752707,22.280972852946835,21.843424986319693,21.209179193060198,21.67483005101547,21.71175791162896
Pentanoic acid,23.64981595360563,23.45360708967991,23.820295490474567,24.20524343391778,23.19923107210131,23.436392180563807
"Phenol, 2,4-bis(1-methyl-1-phenylethyl)-",22.565225098493947,22.517382179254728,22.342253737928623,20.567289013344492,21.575176958523333,21.910564959923665
Phenol,0.0,25.517557963775,27.31006507454591,27.517124456206506,26.97266984147547,27.306504084645645
Phenoxyethanol,23.54299447425103,23.3678582968725,23.92307198778661,25.327552925377912,22.939281825839057,23.3572957991978
Phosphoserine,0.0,0.0,0.0,0.0,0.0,0.0
Phthalazin-1-one,0.0,0.0,35.26454867893099,0.0,32.9326078363179,33.89241025336964
Phthalimide,0.0,0.0,0.0,0.0,0.0,0.0
Phytanic acid,20.67029245069745,20.692142726065974,21.38465164477256,21.550570074474958,20.39354290926269,21.121073535144852
Picolinic acid,27.751617938071213,27.554665896384282,27.564441571927034,27.755630170290186,27.77634436213261,28.485858341575828
Pinosylvin,18.18704117608057,17.602544910138526,19.7190886051126,20.920142940008006,15.12630225666615,16.53075938366324
Pipecolic acid,18.696208618311385,20.23680257062782,19.33215935588142,18.1247297447369,19.725282029432627,20.267790094241654
"Piperazine, 1-(4-acetylphenylsulfonyl)-4-methyl-",0.0,0.0,0.0,0.0,0.0,0.0
Praziquantel,0.0,0.0,0.0,0.0,0.0,8.180765499135502
Pro-Ala-Lys,0.0,0.0,0.0,0.0,0.0,0.0
Prometryne,0.0,0.0,38.06682694277453,33.58695921803637,0.0,0.0
"Propanoic acid, 3-[(tert-butyldimethylsilyl)oxy]-2-methyl-",23.081934067362976,24.724775546158174,24.26192890642804,23.348597929421302,22.965612311750338,23.832176714995118
"Propanoic acid, dimethyl(isopropyl)silyl ester",17.210279899733585,17.57533213113346,17.934339653727033,18.779726115837178,17.083385371458817,21.905417971072037
Propanoic acid,21.846487844646266,0.0,21.67483517426016,21.702485380968714,21.13112126388873,21.359148171602023
"Propionic acid, 3-iodo-, octadecyl ester",0.0,0.0,0.0,0.0,0.0,0.0
Propylene glycol,17.908593266198636,17.943076733792072,18.534263318837038,19.18166180179788,17.817739962667044,18.344208067309037
Prostaglandin,16.123953466361275,0.0,16.195397188458514,0.0,0.0,0.0
"Pyrazole[4,5-b]imidazole, 1-formyl-3-ethyl-6-beta-d-ribofuranosyl-",0.0,0.0,0.0,0.0,0.0,0.0
"Quinoxaline, 2,3-diphenyl- ",0.0,0.0,0.0,0.0,33.69215208439777,0.0
Salsoline,0.0,20.795287484312095,22.954597925709784,15.531000366584115,22.51995110118499,0.0
Sarcosine,0.0,21.582846127120032,0.0,0.0,0.0,21.51036994097078
Simetryn,0.0,0.0,0.0,0.0,0.0,0.0
Spiroxamine,20.969767443951508,17.92804729085465,0.0,21.298771610489794,21.400651631172128,21.748906948500146
Stearic acid,27.406496244114383,28.533714790593965,0.0,29.848747161321032,0.0,27.756145407995184
Suberic acid,18.91846622610961,19.08349610786142,19.369569930646467,16.762763401581196,18.776804303278034,19.13507588260339
Succinamide,0.0,0.0,22.092906178925343,0.0,0.0,22.388489319699705
Sulindac,18.126405022864848,19.197211445435546,0.0,16.188966852284427,0.0,0.0
Supraene,20.48879925270868,0.0,22.54977575220752,21.182579257301068,21.659724291387565,21.46292585599582
Synephrine,20.035786234770836,19.449727224852452,20.037592718438255,20.617367999827167,19.06100520483186,19.790581934444564
Taurine,0.0,0.0,16.952996513429362,0.0,0.0,0.0
tert-butyl(dimethyl)silyl-2-([tert-butyl(dimethyl)silyl]oxy)hex-2-enoate,16.955655955066664,17.81389178170082,0.0,16.451925288059837,0.0,18.024684891241456
tert-Butylamine,0.0,0.0,0.0,0.0,0.0,0.0
"Tetrahydro[2,2']bifuranyl-5-one",0.0,0.0,0.0,0.0,0.0,0.0
Tetrahydro-solasodine triacetate,18.305360011828483,17.876965669201507,18.628621983302526,19.37215488113034,18.31223879475639,18.52269510584146
Theobromine,0.0,0.0,0.0,0.0,0.0,0.0
Thymol,17.169227168090632,16.83147028258648,17.189237258884233,17.638641341564767,16.732713559615835,0.0
Triethyl citrate,15.32080339810283,0.0,0.0,16.413566841918062,15.095216129358082,15.26858753811589
Trimethylolpropane,14.969599155233162,15.275159498147564,0.0,15.730311892711805,14.35675691159101,15.85240057228276
Tromethamine,0.0,16.473957870917122,16.98318470776554,20.32271431517767,17.83750406881424,15.47308967665921
Tyr-Val,0.0,0.0,0.0,0.0,0.0,0.0
Uracil,25.24034180189017,25.87535132042622,26.13391660003202,26.49341961134038,24.566373251444073,25.121391577997894
Urea,30.90890465020994,30.17256479970797,28.52185415504709,31.355310395565592,28.274339476641746,30.067522997859797
Vanillylmandelic acid,9.75399114132641,8.681232636417255,8.72180851087127,8.715913828139387,2.6881170664245886,0.0
"Weberine, 5-desmethoxy-",0.0,0.0,0.0,0.0,0.0,0.0
Xylazine,21.05607605590775,21.57463304662585,22.19878121935077,21.983652879584117,21.392108872222714,21.12740587571019
Yangonin,15.9676333119129,16.107950275236362,16.605233726634374,17.104935656322358,15.353560239914081,15.88267984649923
