Matt Node 1,Matt Node 2,Ananya Node 1,Ananya Node 2
1110035H17Rik,Cox18,,
1500002F19Rik,Tnfsf13os,,
1700007L15Rik,Csnk1a1,,
1700017B05Rik,Arhgef37,,
2310014F06Rik,Abraxas1,,
2500002B13Rik,Map3k8,,
2500002B13Rik,Usp48,,
2810408A11Rik,Igdcc4,,
4921504A21Rik,Bdh2,,
4930444P10Rik,Vstm4,,
4930556M19Rik,Zfp27,,
5330425B07Rik,Zpbp,,
9230116N13Rik,Tppp3,,
9330151L19Rik,Ro60,,
9330151L19Rik,Ttf1,,
9330160F10Rik,Atp7a,,
9430002A10Rik,Dynlt2b,,
9430002A10Rik,Mcfd2,,
9430002A10Rik,Nek8,,
9430002A10Rik,Polr1c,,
9430002A10Rik,Ptger1,,
9430002A10Rik,Suclg2,,
9430002A10Rik,Tceanc,,
A230083G16Rik,Atf6b,,
A230083G16Rik,Tmem259,,
A2m,Hmmr,,
A330040F15Rik,Spen,,
A430108G06Rik,Rpl12,,
AU041133,Serpinb8,,
Aasdhppt,Rbpms2,,
Acly,Wdr38,,
Acot6,Morrbid,,
Acox1,Ogg1,,
Ada,Ctdspl2,,
Adam15,Ccn4,,
Adam15,Edrf1,,
Adamtsl1,Prkcd,,
Adck1,Gin1,,
Adck2,Ccn4,,
Adck2,Irf2bp2,,
Adcy9,Zdhhc15,,
Agbl3,Ube2v2,,
Agrn,Cdh19,,
Alx3,Cks1b,,
Alx3,Fastkd5,,
Alx3,Glis1,,
Alx3,Itga5,,
Alyref,Sema3g,,
Amfr,Psmg3,,
Amfr,S100a9,,
Ankra2,Mrpl17,,
Ankra2,Psmd8,,
Ankrd34c,Ctsc,,
Ankrd34c,Nfe2l2,,
Ano8,Rbpms2,,
Ap1g2,Slc7a6os,,
Ap1g2,Tbrg4,,
Ap1g2,Tmem231,,
Ap3s2,Emp2,,
Apc2,Cyren,,
Apc2,St6galnac4,,
Arf2,Iqsec3,,
Arhgap10,Mtmr2,,
Arhgef7,Robo2,,
Arid2,Gm19391,,
Arl2bp,Nsun4,,
Armcx2,Capg,,
Arrdc4,Fzd10,,
Ascl4,Tmem80,,
Ash1l,Prkaca,,
Atp1a3,Dnajc13,,
Atp1a3,Rif1,,
BC065397,Insm1,,
BC065397,Smarca1,,
Baiap2,Birc2,,
Baiap2,Ndfip1,,
Batf3,Nit2,,
Bdh2,Itch,,
Bdh2,Pi4ka,,
Bdh2,Setbp1,,
Bdh2,Tmem203,,
Bhlhe41,Dnm1l,,
Bloc1s1,Crebrf,,
Bltp3a,Gm17530,,
Btg3,Fastk,,
Btk,Cerox1,,
C130021I20Rik,Gpr162,,
C130021I20Rik,Rab5c,,
C130021I20Rik,Thra,,
C1qtnf7,Zmat5,,
C3,Kmt5b,,
Cables2,Casd1,,
Capg,Ccdc18,,
Capg,Kpna4,,
Capg,Ube2q2,,
Casd1,Cyyr1,,
Casd1,Fhl1,,
Casd1,Mansc4,,
Ccdc148,Gm37390,,
Ccdc148,Pacsin1,,
Ccdc162,Cebpa,,
Ccdc162,Parp3,,
Ccdc30,Zmat5,,
Ccdc96,Niban1,,
Ccn4,Gm15408,,
Ccn4,Ibtk,,
Ccn4,Tnfrsf1b,,
Cd47,Glmp,,
Cd47,Pus7l,,
Cdc42ep4,St8sia2,,
Cdh24,Zfp768,,
Cdk20,Plekhn1,,
Cdr2l,Pfdn2,,
Cdr2l,Vstm4,,
Cebpa,Gbx2,,
Cebpd,Samsn1,,
Cep41,Dcaf15,,
Cfap53,Silc1,,
Chchd3,Samd14,,
Chi3l1,Gm6117,,
Chi3l1,Ppil3,,
Clec5a,Kif2a,,
Clec5a,Thyn1,,
Clec5a,Vangl1,,
Cog8,Sntb2,,
Col9a2,Rassf10,,
Crebrf,Lrguk,,
Crnkl1,Mpp2,,
Cse1l,Mfsd2a,,
Cse1l,Pheta1,,
Cse1l,Silc1,,
Csnk1a1,Lgr4,,
Csnk1a1,Morn4,,
Csnk1a1,Ripk4,,
Cstf2,Gm9905,,
Cstf2,S100a9,,
Ctdspl2,Ro60,,
Ctdspl2,Xpc,,
Ctnnal1,Dock10,,
Ctr9,Fermt1,,
Cul7,Htr1d,,
Cyld,Shc1,,
Cyld,Tppp3,,
Cyp2j9,Wdr74,,
Cyyr1,Ptx4,,
Cyyr1,Rtn4r,,
D630036H23Rik,Ndufb11,,
Dcaf12l1,Dcaf15,,
Dcaf15,Inpp5a,,
Dcbld1,Ncoa5,,
Dcbld1,Tceanc,,
Dchs2,Lepr,,
Dcp2,Rbpms2,,
Dcp2,S1pr5,,
Dcxr,Rnf144a,,
Dcxr,Vwa5a,,
Ddb1,Glmp,,
Ddit4,Emp2,,
Ddit4,Rbms2,,
Dhx34,Ergic2,,
Dhx34,Mpi,,
Dhx34,Pdcd4,,
Dhx36,Prkaca,,
Diablo,Icam4,,
Dlgap4,Zbtb3,,
Dnajc13,Glul,,
Dok1,Hs3st3b1,,
Dok1,Pctp,,
Dpp10,Lonp2,,
Dr1,Pank3,,
Dusp1,Glul,,
Dync2i2,Stau1,,
Edrf1,Gm15408,,
Eid2b,Uevld,,
Elmo2,Pomt2,,
Emc10,Emp2,,
Emp2,Gm25517,,
Emp2,Psmd8,,
Enpp5,Prkaca,,
Entpd3,Slc6a13,,
Epas1,Pard6a,,
Epha5,Prkn,,
Etohd2,Fgf7,,
Fance,Id2,,
Fermt1,Plgrkt,,
Fermt1,St6galnac4,,
Fndc3a,Rpl12,,
Fyb1,Usp48,,
Galnt15,Kifc3,,
Galnt15,Ncs1,,
Galnt15,Ptx4,,
Gbx2,Nicol1,,
Gbx2,Strada,,
Gbx2,Txnrd2,,
Gcnt1,Kpna4,,
Gcnt4,Inpp4a,,
Gem,Gsta3,,
Glul,Lmtk3,,
Glul,Pbx1,,
Gm10657,Ifi30,,
Gm1976,Psmg3,,
Gm19817,Ogg1,,
Gm19817,Zbtb43,,
Gm2445,Slc35g1,,
Gm25517,Pacsin1,,
Gm27184,Itch,,
Gm37219,Ulk3,,
Gmip,mt-Tl1,,
Gpr12,Niban1,,
Gpr12,Tnfrsf1b,,
Gpr139,Slc11a2,,
Gpr19,Or8b53,,
Gsta3,Robo2,,
Gxylt1,Tanc1,,
Gxylt1,Vwa3a,,
Gxylt2,Zfp219,,
Gxylt2,Zfp768,,
H2az2,Nlrp3,,
Hkdc1,Ktn1,,
Hmmr,Ppil3,,
Hps6,Mrps18a,,
Hs3st3b1,Pomgnt1,,
Hsd17b2,Tomm34,,
Hspg2,Ofd1,,
Hspg2,Poglut1,,
Id1,Pkd2l1,,
Id2,Tubgcp2,,
Ide,Rbms2,,
Ifi30,Klf8,,
Ift172,Npas3,,
Igdcc4,Zfp27,,
Igf2bp2,Polr1c,,
Igf2bp2,Prxl2c,,
Ilvbl,S100a9,,
Ints10,Lrrc43,,
Ints10,Rasgef1c,,
Itga11,Spmip6,,
Jrkl,Nfe2l2,,
Junb,Niban1,,
Kif1b,Lrguk,,
Kif21b,Slc35g1,,
Klf8,Lrrc75b,,
Kras,Zmat3,,
Lactb2,Mtf1,,
Las1l,Poln,,
Lgr4,Prkcd,,
Lgr4,Usp13,,
Lrguk,Smarcc1,,
Lrp2bp,Zfp280b,,
Lrrc8c,Tmem88b,,
Mall,Pura,,
Mall,Sec62,,
Mall,Slc27a1,,
Mall,Tmem229b,,
Mall,Zbtb7a,,
Mef2a,Spink8,,
Mkrn3,Zbtb34,,
Mospd3,Zbtb34,,
Mpi,Tomm40,,
Mpp2,Niban3,,
Mpp2,Rap1gds1,,
Mrpl17,Ttll6,,
Mrps24,Rom1,,
Mrps24,Ttll6,,
Mterf4,Pus7l,,
Mtor,Spink8,,
Myof,Prkcd,,
Myof,Spink8,,
Nalf1,Rpl18a,,
Nicol1,Spink8,,
Nipbl,Prkaca,,
Nop16,Slc1a5,,
Nsun4,Prkaca,,
Ofd1,Oxsm,,
Ofd1,Usp43,,
Olfm2,Samsn1,,
Osgepl1,Tomm40,,
Pacsin1,Rassf4,,
Pak2,Smarca1,,
Pank2,Smurf1,,
Parp3,Pllp,,
Pcdhb18,Tmem204,,
Pebp4,Zmat3,,
Pfas,Rbm14,,
Phactr2,Prkaca,,
Pheta1,Pomt2,,
Pheta1,Rspo1,,
Pheta1,Slc35g1,,
Pheta1,Tmem231,,
Pigyl,Zbtb43,,
Plppr3,Zfp513,,
Polr1c,Rpl12,,
Ppfibp1,Ring1,,
Ppp1r3c,Rplp1,,
Ppp1r3c,Sema6a,,
Ppp5c,Usp13,,
Prkaca,Ptges2,,
Prkaca,Qser1,,
Prkaca,Smc6,,
Prkaca,Srcin1,,
Prkaca,Usp9x,,
Prkaca,Ylpm1,,
Prkaca,Zhx1,,
Psmg3,Ptges2,,
Psmg3,Zfp654,,
Qrfpr,Slc16a7,,
Qrfpr,Zfp358,,
Rab1b,Rassf2,,
Rab5a,Zbtb3,,
Rabepk,Tpgs1,,
Rad50,Tmem217rt,,
Rbm14,Stag2,,
Rgs7,Sdccag8,,
Rimklb,Tmem229b,,
Ro60,S100a3,,
Rora,Zfp41,,
Rps12,Smyd2,,
S100a3,Tmem62,,
Slc66a2,Smurf1,,
Smarca1,Snora35,,
Smarca1,Tet1,,
Spink8,Wbp11,,
Sppl3,Tmem88b,,
St8sia2,Tpst1,,
Sympk,Zfand2b,,
Tnrc18,Utp4,,
Tspo,Zswim5,,
UNKNOWN,Vwa3a,,
