,LPS934_150124,LPS935_150124,LPS936_150124,LPS939_150124,LPS940_150124,LPS941_150124,LPS942_150124
Label,LPS_CTRL,LPS_CTRL,LPS_CTRL,LPS_CTRL,LPS_CTRL,LPS_CTRL,LPS_CTRL
"(2S,3R)-3-[(4E,7E)-Nona-4,7-dienoyl]-N,N-bis(trimethylsilyl)oxirane-2-carboxamide ",-0.30303865,,,-0.29300371,-0.29974763,-0.30970959,
(6S)-5-Methyltetrahydrofolic acid,,4.2891282,,4.1892139,,,
"(7a-Isopropenyl-4,5-dimethyloctahydroinden-4-yl)methanol",,,,0.60385477,,0.4370336,
"(9H-fluoren-9-yl)methanol, O-methoxycarbonyl-",-0.086531406,-0.319847281,-0.312962718,-0.387655549,-0.107822402,-0.231411976,-0.09833483
(CH3)2C=NC2H558,0.78087514,0.72926149,0.6945531,0.45110039,0.81214552,0.79226287,0.98415985
(pm)-alpha-Tocopherol acetate,,-0.19838577,,,,-0.19836595,
(pm)-N-Propylamphetamine,0.58,0.953,,,,0.0755,
(pm)-Norketamine,0.43724997,0.21233178,-0.43229616,-0.12185477,0.31533764,-0.21986382,1.4458536
(pm)-Phenylpropanolamine,0.6524309,-0.873637305,-0.167663531,-0.114805942,0.999724301,0.442853946,0.946153408
"(R*,S*)-2,3-Dihydroxybutanoic acid",1.4822571,1.3166718,1.5063029,,1.95053,,2.2277639
"(S,S)-(-)-Hydrobenzoin",0.02217652,2.439415469,1.353984089,0.271178656,0.965992102,-0.095129289,-0.361909585
"1-(1-Hydroxybutyl)-2,5-dimethoxybenzene ",0.108050186,-0.386695859,-0.420429744,-0.537139425,-0.543979122,,
"1-(2,4-Dimethoxyphenyl)-propan-2-one",0.68114048,0.75757827,0.8251766,0.70972502,0.93106294,0.86173404,1.28729255
1-(3-Methylphenyl)piperazine,0.7044447,1.12742657,0.59481799,0.50041386,0.56532819,0.63177417,1.62075975
1-(4-Hydroxybenzylidene)acetone,0.6057019,0.47286016,0.8624672,,,,
"1-(4-Methoxyphenyl)-4,6-dimethyl-2(1H)-pyrimidinone",,,,,,,-0.20324042
1-Aminocyclopropanecarboxylic acid,-0.36755332,-0.37757417,-0.36937827,-0.37417245,-0.35866469,-0.36452256,-0.35703863
"1-Butanamine, N,N-diethyl-",0.157413971,-0.098393458,-0.028518833,-0.165461036,0.102786303,-0.021355991,0.232071193
"1-Cyclohexanone, 3-butyl-3-methyl-",,,,,,,
1-Cyclopentylethanol,-0.72493285,-0.5845153,-0.57276032,-0.67473166,-0.50693919,-0.64626583,-0.45880984
"1-Decanol, 2-methyl-",,,,,,,
"1-Decene, 8-methyl-",,,-0.38506773,,,,
1-Deoxypentitol,2.805913277,2.221639076,2.167689587,1.823239689,1.321266986,-0.706882118,1.269904512
1-Hexadecanol,,4.03192603,0.99907779,4.79474212,,,
1-Hexanol,-0.69140641,0.98889572,-0.04699377,0.90758996,0.87399513,0.43014511,0.18970974
1-Hydroxy-3-methoxy-6-methylanthraquinone,-0.38258594,,,-0.37082734,-0.3074202,-0.32597668,-0.34615851
"1-Methyl-N,N-bis(trimethylsilyl)-4-[(trimethylsilyl)oxy]-1H-imidazol-2-amine",-0.247133136,-0.420143591,-0.170809693,-0.407347166,-0.3546765,-0.446818993,-0.425162345
1-Monoacetin,-0.30636396,-0.30694838,-0.29593586,-0.33830547,-0.27917757,,-0.27501008
1-Octadecanol,0.24936675,-0.08039183,-0.17836712,-0.12869513,-0.08985412,-0.24865177,-0.20604535
"1-Octanol, 2-butyl-",0.003425689,-0.085657676,-0.652339982,-0.112257989,0.447042132,-0.409823026,2.286787936
1-Octanol,,-0.819595346,-0.120247471,-0.895853202,-0.169546194,0.413718228,0.701346154
"1-Octene, 2-methyl-",0.443671095,0.857676921,1.104805737,0.836035033,2.330172563,2.21132436,2.586119436
"1-Pentene, 3,3-dimethyl-",,,,,3.277350527,,
1-Phenethylamine,,-0.415832104,-0.42086572,,-0.410187025,-0.421473638,-0.393583373
"1-Phenyl-1,2-ethanediol",0.314388,1.53359141,-0.15180714,1.2849217,1.9523262,1.26203477,2.15193354
1-Phenylethanol,,,,,,,
"1-Piperazineethanol, 4-dibenzo[b,f][1,4]thiazepin-11-yl-",0.32356733,0.64914336,0.67651558,0.37843422,0.62866472,0.52261956,0.69240079
"1-Propanamine, N,N-diethyl- ",0.187122786,-0.043494855,0.070891893,-0.104254554,0.19308562,0.141251715,0.296801425
1-Tetradecanol,,,,2.747680452,,2.554842534,
"1,1'-Biphenyl, 3,4-diethyl-",,-0.50769505,,,-0.51652421,-0.5261721,-0.51512604
"1,2-Benzenedicarboxylic acid",2.36338313,1.31346352,1.06634351,1.14014828,1.75562175,1.73898867,1.89041185
"1,2-Butadiene, 1,1,4-triphenyl-3-trimethylsilyl-4-trimethylsilyloxy-",1.138416174,-0.236316867,0.422102948,0.973283079,,,1.649764221
"1,2-Butanediol",,,,7.075866757,,,
"1,2-Cyclohexanedicarboxylic acid, dinonyl ester",,,,,,,
"1,2-Dimethoxy-4-(1-methoxyethenyl)benzene",3.11692705,2.98567381,3.10595218,2.80800419,5.02062504,,
"1,2,2-Trimethyl-1-aza-spiro[2.3]hexane",-0.589125851,0.835777423,0.027484417,0.738080407,0.831141992,,
"1,2,3-Butanetriol",3.440400429,,,,,,
"1,2,3,10,11,11a-Hexahydro-6,7,8-trimethoxy-3-oxo-5H-dibenzo(a,d)cycloheptene",,,,-0.594447289,-0.511349748,-0.066901081,-0.55941328
"1,3-bis[(Trimethylsilyl)ethynyl]benzene",1.73020484,1.51739459,1.61107914,0.73749949,1.84967199,0.47170471,2.11414814
"1,3-Cyclohexanebis(methylamine)",,,,,,,
"1,3-Dioxane-4-methanol, 4,5-dimethyl-",,,,-0.17419538,,,
"1,3,5-Benzetriol",-0.0859849,0.0390684,-0.195132347,-0.007272541,,-0.150966802,-0.068380771
"1,3,5-Trimethyl-1H-pyrazol-4-amine",0.164183394,-0.094045556,0.007224216,-0.015978609,0.040929588,-0.028570201,0.044667555
"1,4-Butanediol",,,,1.0936213,,1.5191651,1.5071754
"1,4-diazabicyclo[4.3.0]nonan-2,5-dione, 3-methyl ",,,-0.15319145,-0.16191095,,,-0.30564147
"1,4-Dioxaspiro[4.5]decane",,,,,,-0.28951747,
"1,5-Anhydroglucitol",-0.34178302,,-0.38650397,-0.39885951,-0.35357521,-0.37058722,-0.58835811
10-Heptadecenoic acid,,,,,,,
10-Nonadecenoic acid,,,,,,,
12-Hydroxyoctadecanoic acid,-0.172906577,,,,,,
12-Oxooctadecanoate,-0.133559865,-0.115832966,-0.214999405,,-0.01652407,-0.045093356,-0.066389721
13-Docosenamide,0.13502563,-0.7575419,0.25982961,0.35978072,0.19861732,0.16673464,0.2397364
"15-Oxo-11Z,13E-eicosadienoic acid",-0.478632388,-0.481100765,-0.47939344,-0.478884681,-0.486741238,-0.480733414,-0.480645291
"1H-Inden-1-one, 2,3-dihydro-7-hydroxy-3-methyl- ",,,,,,,
"1H-Indole, 1-(trimethysilyl)-2,5-bis[(trimethylsilyl)oxy]-",0.602365971,0.659385345,1.578111016,1.460848351,1.730572312,-0.073680345,1.382725552
"1H-Pyrazole, 3,4-bis(trimethylsilyl)-",0.83170739,0.80642189,0.42784569,0.16933611,0.72880092,0.08778971,0.60235389
"2-(2,5-Dimethoxy-phenyl)-propionaldehyde",0.36318756,-0.44549912,-0.48654651,-0.4324906,-0.47931781,-0.53584909,-0.47418578
2-(Bis[2-(trimethylsilyl)oxyethyl]amino)acetic acid,,-0.39958192,-0.39826741,,-0.39506366,-0.40240426,-0.39399807
"2-(Decanoyloxy)propane-1,3-diyl dioctanoate",,-0.111430151,-0.111426337,-0.111470817,,,
"2-Acetyl-3-(1-methyl-2-pyrrolyl)-1,4-benzenediol",,,,,,,1.704429684
2-Acetyl-5-chloro-3-methylbenzo(b)thiophene,-0.024660721,-0.141077579,0.002142083,-0.306117982,-0.347856914,-0.487555412,-0.482049302
"2-Allyl-1,4-dimethoxybenzene",-0.371523356,-0.381121627,-0.39335984,-0.425688096,-0.426228601,-0.448864559,-0.449589638
2-Amino-4-methylphenol,0.07635508,-0.22957318,-0.20817803,-0.13007705,-0.11808195,-0.21006158,-0.2253764
"2-Amino-4,6-dihydroxypyrimidine",0.41767496,1.06876262,1.16711537,0.73140449,0.5028913,0.79309874,0.49912501
2-Aminoadipic acid,,,-0.308175887,-0.358260189,,,-0.344771657
2-Aminobutanoic acid,,,,-0.489513404,,,
2-Butenedioic acid,-0.464960525,-0.490569247,-0.291148261,-0.496660938,-0.520581396,-0.56418169,-0.502821946
"2-Butenoic acid, 2-[(trimethylsilyl)oxy]-",,,,,,,
2-Ethyl-3-hydroxypropionic acid,0.58722413,0.441102927,0.511761824,0.298983283,0.633043765,0.410571534,0.760396831
2-Furoic acid,,,,1.3403284,,,
"2-Heptanone, 4,6-dimethyl-",,,,,,,
2-Heptenoic acid,0.5158637,0.37018271,0.26643264,0.25274165,0.25011251,,0.58544534
2-Hexen-1-ol,0.637035998,0.395037291,0.394554157,0.354235351,0.254498236,0.274811535,0.467944111
"2-Hexenoic acid, 2-[(trimethylsilyl)oxy]-",1.422180334,0.929188957,0.788187749,1.03680671,0.60016773,0.755965091,1.564385102
2-Hydroxy-2-methylbutyric acid,-0.31218714,-0.35980686,-0.38350594,-0.53849392,-0.49532718,-0.56190309,-0.56383862
2-Hydroxy-3-methylbutyric acid,-0.2914013,-0.2840168,-0.2830915,,,,-0.2878369
2-Hydroxy-5-methoxybenzaldehyde,-0.483655391,-0.528922758,-0.578419146,-0.586115821,-0.579259069,-0.572536691,-0.490363286
2-Hydroxybutyric acid,0.93675361,0.75545376,-0.20181899,,0.36713661,0.25546915,
2-Imidazolidinone,,,,,,,
2-Isopropyl-5-methyl-1-heptanol,,,,,,,
2-Ketoisocaproic acid,1.74439769,1.27701023,1.39971512,1.29489189,1.46728231,1.33279349,
2-Methyl-4-pentenoic acid,-0.49716666,-0.33626023,-0.34626374,-0.55361643,,-0.46090929,0.91910107
2-Methyl-E-7-hexadecene,,,,,,,0.32276361
2-Methylglutaconic acid,0.225718198,-0.139485441,1.116648261,0.957971556,0.032951476,1.166214994,0.153062535
2-Naphthol,0.508323778,0.256922018,0.266223804,0.03230556,0.676449267,0.1161658,0.709781526
2-Oxooctanoic acid,,,,,,0.674461802,
"2-Pentenedioic acid, 3-methyl-",,,2.2667662,,2.4980322,,
2-Pentenoic acid,,0.93966455,1.00091048,,,-0.16903604,1.2348089
2-Piperidinone,,-0.12016117,-0.11253087,,,,
"2-Propanone, bis(1-methylethyl)hydrazone",,,,,2.3461274,,
"2-Propenamide, 3-phenyl-N-2-propenyl-",-0.137788113,,-0.070711204,-0.139996027,,-0.121119329,-0.131153279
"2-Propenoic acid, 2-[(trimethylsilyl)oxy]-3-[4-[(trimethylsilyl)oxy]phenyl]-",,,,,,,
"2-Propenoic acid, 2,3,3-tris[(trimethylsilyl)oxy]-",,,,,,,
2-Pyrrolidinone,-0.402793372,-0.404840675,-0.405737454,-0.403885555,-0.403461403,-0.403318743,-0.402565696
2-Trimethylsilyloxysebacic acid,,,,,,,-0.117917351
"2,2-Diallylpyrrolidine",-0.188995692,-0.102371199,-0.024336804,,-0.190770384,-0.000923161,
"2,2,4-Trimethyl-1,3-pentanediol diisobutyrate",0.491559243,0.521433529,0.200542615,0.299058584,0.450697479,0.157993294,0.95543155
"2,2,8,8-Tetramethyl-3,7-dioxa-4-aza-2,8-disilanon-4-ene",,0.068341918,-0.012951075,-0.059043134,,,-0.250648258
"2,2'-Biphenyldiol",,,,,,,
"2,3-Butanediol",1.01289901,2.01263051,0.862487343,1.170334909,0.886686653,0.999447047,1.129049614
"2,3,4-Trihydroxybutyric acid tetrakis",-0.122511734,0.099027438,0.008301937,-0.097965551,-0.156786155,-0.007214048,-0.338942429
"2,3,4,5-Tetrahydroxypentanoic acid-1,4-lactone",-0.492140665,,,,-0.364256371,-0.307509698,
"2,4-Decadienal",-0.888684581,-0.897075633,-0.920077947,0.170380224,0.163878583,0.307560116,0.094731395
"2,4-Diamino-6,7-dimethylpteridine",0.4904573,0.21941226,0.28398515,-1.07963593,0.40498674,0.25012395,0.50930108
"2,4-Imidazolidinedione, 5,5-dimethyl-",,0.04331236,,,1.1810787,1.07928297,1.2226911
"2,5-Cyclohexadiene-1,4-dione, 2,6-bis(1,1-dimethylethyl)-",1.191471041,0.7146883,0.873491795,0.498627467,0.575330196,0.437995455,1.241430893
"2,5-di-tert-Butyl-1,4-benzoquinone",0.343418907,,,,3.687219996,-0.150960051,
"2,5-Di-tert-butyl-4-((trimethylsilyl)oxy)phenol",-0.09850763,0.30953815,0.25894278,0.02502464,0.29791346,0.05983555,0.55382071
"2,5-Di-tert-butylhydroquinone",3.43156737,2.63506519,,1.99018415,,,1.93871382
"2,5-Dimethoxy-4-(n)-propylphenethylamine",,,,0.59222622,-0.29491641,,
"2,5-Dimethoxy-4-methylamphetamine",2.50080389,0.87799934,0.61200156,0.24166902,0.03116347,-0.25814276,0.26169
"2,5-Dimethoxybenzhydrazide",-0.270786493,-0.261415617,-0.267049364,-0.32286326,-0.296469797,-0.329613264,-0.328555116
"2,5-Dimethoxybenzonitrile",0.922778875,,,-0.323445113,,-0.055041,-0.080052571
"2,5-Dimethoxymandelic acid",1.15,-0.311,0.411,-0.55,,4.69e-05,0.421
"2,5-Dimethoxyphenol",-0.26356711,-0.3089619,-0.35398237,-0.42119671,-0.53015748,-0.52749465,-0.38347046
"2,5-Dimethyl-1-aza-bicyclo[2.2.1]heptane",0.18984759,,0.59289005,,0.17572984,,
"2,5-Piperazinedione, 3-(phenylmethyl)-",,0.3000228,,,0.19752993,,
"2,5-Piperazinedione, 3-benzyl-6-isopropyl-",0.8034562,0.9381492,0.9731272,0.7538099,1.0297345,0.9322327,1.3895427
"2,5-Piperazinedione, 3-methyl-6-(phenylmethyl)-",,-0.17422776,-0.17759077,,,-0.12755603,-0.13577075
"2,6-Bis[2-[2-S-thiosulfuroethylamino]ethoxy]pyrazine",0.067667538,-0.509241917,,-0.191362638,-0.451451837,-0.422251432,-0.397546422
"2,6-Dimethoxybenzylamine",0.582707015,,,0.399343256,,,
"2,6-Dimethoxyhydroquinone",,,,,,,
"2,6-Dimethyl-N-[3-(trimethylsilyl)-1,3-thiazinan-2-ylidene]aniline",1.045360379,0.112330028,0.84363432,1.09237585,0.588806759,1.774959768,0.378429757
"2,6,10-Trimethyltridecane",,,,,,-0.2995792,
2'-Deoxyribolactone,-0.43329675,-0.43919398,,,,,
"2',2,3,6'-Tetramethoxychalcone",,0.316538429,0.276416521,0.272419041,0.101088285,0.294611596,-0.805375133
3-(2-Hydroxyethyl)imidazole-2-thione,1.540893072,0.36992099,1.080859467,0.408029415,3.410797267,0.562577163,2.361708167
"3-(3-Cyclohexylaminopropionylamino)-5-ethylthiophene-2-carboxylic acid, ethyl ester",,,-0.30694259,-0.43231011,-0.34492755,-0.26465045,-0.30083789
3-Amino-2-piperidone,-0.389828797,-0.394456511,-0.385968113,-0.384746246,-0.37366642,-0.367243227,-0.353514597
3-Amino-5-morpholinomethyl-2-oxazolidinone,-0.495856001,-0.496158999,-0.49604603,-0.496534645,-0.497548022,-0.494091402,
3-Aminobenzoic acid,,,-0.3206906,,,-0.30684905,-0.27765486
3-Aminobutanoic acid,0.750374916,1.236537857,1.369511437,0.675561744,1.505291416,0.930254082,1.54268636
"3-Buten-2-one, 3-trimethylsilyloxy-",-0.066934033,-0.255980615,-0.182722987,-0.03963707,-0.091688977,0.078879877,0.13112873
"3-Buten-2-one, 4-(4-methoxyphenyl)-",-0.415924,-0.39730637,-0.3792139,-0.45851539,-0.39674738,-0.47429593,-0.52144437
"3-Cyclohexyl-L-alanine amide, N,N,N'N'-tetramethyl-",-0.472774012,-0.475479952,-0.477844959,-0.478453872,-0.467565194,-0.466545049,-0.467112795
3-Ethylphenol,1.82659186,,,,,,
3-Hexenedinitrile,0.418439849,0.238165819,0.326384075,0.237855221,0.356137365,0.305033174,0.507241693
"3-Hydroxy-2,3-dihydromaltol",-0.355264739,-0.350605383,-0.303187836,-0.356925092,-0.362315684,-0.369313859,-0.361181597
3-Hydroxybutyric acid,-0.13958226,0.61369291,0.05060278,-0.11279801,-0.28126541,-0.41486386,-0.33639717
3-Hydroxyisovaleric acid,1.47170974,1.10440196,1.23566209,0.91848157,1.29262536,0.97262389,1.42253592
3-Indoleacetic acid,-0.3792292,0.59324598,0.5078018,0.50860137,1.83461485,1.88410193,1.02787718
3-Indolepropionic acid,,,,,,,
"3-Methoxyamphetamine, 4-Trimethylsilyloxy, N,N-bis(Trimethylsilyloxy)-",0.407535716,0.266369993,0.332639808,0.287859442,0.371958901,0.244417852,0.382059894
3-Methoxysalicylic acid,,,,0.86247305,0.14700979,0.61310919,
"3-Methyl-1-(tetrahydropyrrolo[1,2-c]oxazol-3-ylidene)-butan-2-one",,,2.37130312,,,,
3-Methyl-2-butanol,,-0.331752606,,,,,0.107337717
"3-Methyl-2-butenoic acid, tridec-2-ynyl ester",0.887447118,0.767117874,0.762991272,0.760236668,1.110013422,0.785425644,
3-Methyladenine,0.89035165,0.50881063,0.67020451,0.4846599,0.80723512,3.06176408,0.6974069
"3-Methylpiperazine-2,5-dione, (R)-",,,,,,,
3-Methylvaleric acid,1.914617413,1.441894689,2.388447065,1.079899086,1.351796109,1.387700829,1.379455621
3-Nonen-1-ol,-0.125455061,-0.178096927,-0.173149116,-0.226125431,-0.171440659,-0.297862426,
3-Ureidopropionic acid,-0.501568999,0.766967026,2.680568808,0.677126925,-0.405750568,2.723598002,-0.486202184
"3,4-Dihydrocoumarin, 4,4-dimethyl-6-dimethylamino-",,-0.534135554,-0.50619403,-0.54445686,-0.544811678,-0.547547583,-0.535922302
"3,4-Dihydroxymandelic acid, ethyl ester",-0.62578799,0.41578931,-0.61879659,0.11484814,0.87736952,0.18144481,0.49170638
"3,4-dimethyl-5-(3,4-methylenedioxy)phenyloxazolidine",1.04031354,0.90398129,1.72384675,2.01569783,-0.28606996,3.46544755,-0.16248876
"3,4,5-Trihydroxypentanoic acid, tetrakis(trimethylsilyl)-",0.242907609,,,,1.104861461,0.672709674,0.840124254
"3,5-Di-tert-butyl-2-trimethylsilyloxybenzaldehyde",,,,,,,
"3,5-di-tert-Butyl-4-hydroxyacetophenone",1.070676624,0.957633584,,1.052632934,,0.338480569,1.394480528
"3,5-Dimethyl-1,4-diallylpyrazole",0.632269554,0.019286869,0.174629102,0.227140779,0.009574548,-0.216266336,0.364574119
"3,5-Dimethylpyrazole",-0.2240476,-0.2548572,-0.2463938,-0.2577371,-0.2273008,-0.2653833,-0.2006486
3'-(Trimethylsilyl)oxy-beta-naphthoflavone,,,-0.05331858,0.25481334,,,
3'-Hydroxyacetophenone,,2.150510888,,,,,
"3beta-TRIMETHYLSILOXY-5alpha,6alpha-EPOXYCHOLESTANE",-0.269773844,-0.272806846,,-0.276084412,-0.272449908,-0.27647939,-0.271860878
"3beta,4beta-Bis(trimethylsiloxy)cholest-5-ene",-0.507061632,-0.413356354,-0.332364775,-0.616379585,-0.227067813,-0.102908369,-0.066642477
4-(Methoxycarbonyl)phenol,0.960486744,0.628656035,1.248171985,0.785950026,4.686096352,2.239214271,0.165881564
"4-(tert-Butylamino)-6-ethylamino-5H-1,3,5-triazin-2-one",,,3.94704437,3.45054754,,,
4-(Trimethylsilyoxy)-3-penten-2-one,-0.070966299,-0.151954683,-0.174068085,-0.799734495,-0.121570972,-0.158694771,0.083725198
"4-[2-(4,7-Dimethoxy-2H-1,3-benzodioxol-5-yl)ethenyl]-2-methoxyphenol",,,,,,,
4-Cumylphenol,0.74383148,,,,0.85496291,,0.7919884
"4-Fluoroaniline, N-trimethylsilyl-",-0.177292436,-0.252654724,-0.382692896,-0.373207465,-0.401748836,-0.359543487,0.065751419
4-Hydroxy-5-(hydroxymethyl)oxolan-2-one,0.05742297,0.63925431,0.16533279,0.20493387,0.21867635,0.66185544,-0.22561651
4-Hydroxybenzaldehyde,-0.591911694,-0.592413412,-0.590154991,-0.574558011,-0.572276264,-0.572156665,-0.539180811
4-Hydroxybenzeneacetic acid,-0.41978132,-0.42246354,-0.09634478,-0.33342652,-0.43766068,-0.37470918,-0.52393744
4-Hydroxybenzoic acid,-0.45356358,-0.4615151,-0.45117866,-0.45127695,-0.46135982,-0.44707742,-0.46151468
4-Hydroxybutanoic acid,0.563226653,2.198415874,0.221388921,0.561981221,-0.041679575,,
4-Hydroxyphenyllactic acid,0.7143156,0.69831476,0.02615606,1.09638798,1.24053128,0.66134952,1.08253735
4-Methoxyphenol,-0.16923201,-0.150812608,-0.301669447,-0.335547627,-0.39525241,-0.286033164,-0.14921835
"4-Methylethcathinone, N-acetyl-",,,,,-0.11679808,,
4-Methylvaleric acid,-0.203022385,-0.122716691,-0.085851582,-0.153232716,-0.17040228,0.014755229,0.344027173
4-Pyridinol,-0.199429053,-0.197994543,-0.316170197,-0.321192332,-0.439384502,-0.470856991,-0.247989834
"4,4,5,8-Tetramethyl-chroman-2-one",,,,,,,
5-(2-Aminopropyl)-2-methylphenol,,-0.329985394,-0.330185335,,,-0.330359464,
5-Aminovaleric acid,,,,,,,
"5-Androsten-17alpha-methyl-3beta,17beta-diol",-0.257479702,,-0.239481255,-0.254557463,,-0.244390052,-0.257889171
"5-Cholesten-3beta, 7alpha-bis[(trimethylsilyl)oxy]- ",-0.339336621,-0.341590388,-0.343468907,-0.343510178,-0.344636034,-0.346001527,-0.341926419
5-Ethyluracil,,1.37183637,,,1.58172942,1.5592688,1.82689618
5-Henicosylresorcinol,1.113889667,0.716495623,1.168518288,0.943729312,0.757698526,1.36777608,1.351086468
5-Hydroxy-L-tryptophan,,-0.23973792,,,,,
5-Hydroxyquinoline,-0.36227565,-0.362201831,,-0.362195634,-0.362204825,-0.362238052,-0.362155685
5-Hydroxytryptophan,-0.07846154,-0.01143482,0.04058894,-0.16224484,0.28872685,0.01392538,0.40441149
5-Methyluridine,,6.25088631,,,5.52962882,,
"5,10-Diethoxy-2,3,7,8-tetrahydro-1H,6H-dipyrrolo[1,2-a:1',2'-d]pyrazine ",,,,,,,-0.305080564
"5,6-Dihydro-5-methyluracil",,,0.733516105,0.161418103,0.248165656,0.138657965,0.235669874
"5,6-Dimethyl-4-phenyl-3-cyanopyridine-2(1H)-thione",,,,0.577479584,0.476467191,0.102380898,1.798338502
"5alpha-Pregnane-3,20-dione",-0.14664579,,,-0.12504487,,,
6-Hydroxyflavone-beta-D-glucoside,,,,,,0.76424485,
6-Hydroxyflavone,-0.432415952,,,,,,
"6-Methoxy-1-methyl-1,2,3,4-tetrahydroisoquinolin-7-ol ",0.806315145,,0.774800936,2.448686124,2.559986977,,
"6,7,4'-Trihydroxyisoflavone",0.07616021,-0.32712093,-0.3043902,,-0.28164647,-0.2554695,-0.26679737
"6,8-Dioxapentadecane",,,-0.351859717,,-0.351789068,,-0.351725486
"7-(Trimethylsilyl)-2,6-bis[(trimethylsilyl)oxy]-7H-purine",,,,,,,
7-(Trimethylsilyl)amino-4-methylcoumarin,0.780104962,0.812585904,,,2.147773246,1.542467042,0.734706447
"7-Acetyl-6-ethyl-1,1,4,4-tetramethyltetralin ",-0.331931588,0.388692656,0.015540519,2.058381668,0.672139023,-0.040837359,0.870334288
"7-Isoquinolinol, 1,2,3,4-tetrahydro-1-[(4-hydroxyphenyl)methyl]-6-methoxy-",-0.245028995,-0.334236084,-0.187528816,-0.386946847,-0.3785422,-0.459886428,-0.459190107
"7-Keto-3alpha,12-alpha-dihydroxycholanic acid",,,,-0.18038969,,,-0.23193042
"7,9-Di-tert-butyl-1-oxaspiro(4,5)deca-6,9-diene-2,8-dione",-0.32971249,-0.58404032,-0.65086728,-0.44698121,-0.4688625,-0.47142757,0.03162794
8-Heptadecene,,,,,,,
8-Hydroxy-5-(hydroxymethyl)quinoline,,,,,,,
9-Hexadecenoic acid,0.597644622,-0.12471914,0.205125642,-0.501603281,-0.395790169,,-0.50350117
9-Octadecenamide,,0.197238,0.93690826,-0.2446882,,0.37499505,-0.2631014
9-Octadecenoic acid,0.56730833,1.19080842,0.29702,0.57025351,0.51455028,0.72420833,0.58329549
"9,12-Octadecadienoic acid",-0.426870237,-0.4290597,-0.428133591,-0.429440476,,,
"9(E),11(E)-Conjugated linoleic acid",-0.4046324,-0.3890882,,,-0.38524,-0.3878768,
"9H-Fluorene, 9-methylene-",0.98075118,0.78403008,0.73297847,,,,1.19496403
9H-Purin-6-ol,,,,,,,
"9H-Purine, 9-(trimethylsilyl)-2,6,8-tris[(trimethylsilyl)oxy]-",-0.218113243,0.033363712,-0.007880701,-0.014219493,0.095334046,0.444809438,-0.294625949
"Acetamide, 2,2,2-trifluoro-",0.01775977,-0.26414409,-0.25371428,-0.22146135,-0.06957767,-0.44076835,-0.16746843
"Acetamide, N,N-diethyl-",0.357021488,0.064313608,0.124440828,-0.083014696,0.21054906,0.085161518,0.350715923
"Acetic acid, bis[(trimethylsilyl)oxyl]-",0.7942224,0.7620254,0.9290231,0.7045039,1.0153443,1.0434177,1.2837549
"Acetin, bis-1,3-trimethylsilyl ether",1.24009574,0.89578977,1.11977266,,1.19408875,0.99263506,1.19916786
Acetoacetic acid,,-0.397660125,-0.397432304,-0.398371035,,-0.397012272,-0.396268203
"Acetohydrazide, 2-(2-isopropyl-5-methylphenoxy)-N2-benzylideno-",,,,,,,
Aceturic acid,-0.401416247,-0.323909768,,-0.35844195,-0.334217704,-0.316136933,-0.341795458
Aconitic acid,,,,,,,3.25895612
Adipoyl-L-carnitine,,,,,,,
Albizziin,,,,,,-0.36886889,
Alloxanic acid,,-0.40894698,,-0.39391578,-0.40337455,,
Allylescaline,,,,,,,
alpha-D-Mannopyranose,-0.185107493,,,,,,
"alpha-L-Galactopyranoside, methyl 6-deoxy-, (R,R,R,S,S)-",,,,,-0.18734897,,-0.12500112
alpha-Linolenic acid,0.40195227,0.424569401,0.375104084,0.286864673,0.237327686,,-0.137357856
alpha-Tocopherol,-0.316972156,-0.320992346,-0.417480964,-0.395730671,0.299729235,0.128936482,-0.051018485
Ammeline,0.520819306,0.385089087,0.384082306,0.258464328,0.909777831,0.538389733,0.709245232
"androst1-2,4,6,16-tetraene-3,6,17-triol",,,,,,,
Arabinaric acid,,,0.910998098,0.961261684,3.749189372,,
"Arabinofuranose, 1,2,3,5-tetrakis-O-",-0.48671935,-0.50101873,-0.5138794,-0.49234188,-0.50938048,-0.4926426,-0.46118309
"Arabinonic acid, 2,3,5-tris-O-(trimethylsilyl)-, gamma-lactone",,,,,,,
Arachidonic acid,-0.251686821,-0.251700696,-0.25170962,-0.251708197,-0.251676207,-0.25168292,-0.251665651
Arsenous acid,2.9957343,,-0.28401701,,-0.09917789,,
Aspartic acid,,1.08908835,0.79273849,0.59711035,0.60773305,0.51094325,
Atrazine desethyl,2.6727134,3.27076441,2.34423833,0.85023476,0.25734532,0.21676028,0.03907992
Azatadine,2.185439624,2.113874636,2.286493842,1.435970434,1.576548386,1.438513101,1.352825151
"Azetidine, 1-acetyl-2-methyl-",-0.19281708,,,-0.19821633,,,
"Aziridine, 1-(2-buten-2-yl)-",,0.13516606,-0.27726971,,0.85765886,2.34961789,1.01087116
"Benzaldehyde, 2,5-dimethyl-",,,,,,,
"Benzene, 1-acetoxy-2,6-dimethoxy-4-(2-propenyl)-",1.200596,,,,1.9509857,,2.5310394
"Benzene, 1,1'-(1,2-cyclobutanediyl)bis-",-0.41990572,0.84090939,-0.55938249,0.90506221,0.17751593,-0.82354409,1.67061788
"Benzene, 1,3-bis(1,1-dimethylethyl)-",-0.08507447,-0.08123622,-0.23482125,-0.16364842,-0.14664214,-0.05613166,-0.0389433
"Benzene, 3-cyclohexen-1-yl-",-0.05218399,0.88014939,0.41968147,2.27527095,-0.47355984,1.09736021,1.50175522
"Benzene, 4-ethenyl-1,2-dimethoxy-",0.877406047,2.273502449,1.046104918,0.944445541,0.939791571,0.743666291,1.124266544
Benzeneacetamide,,,3.285654174,3.104573014,0.943606603,,0.808134859
Benzeneacetic acid,-0.55033315,-0.5417071,-0.48609883,-0.54116856,-0.45767248,-0.53803472,-0.5926254
"Benzeneethanamine, N-[(pentafluorophenyl)methylene]-4-[(trimethylsilyl)oxy]-",0.37389509,0.74369388,,1.04649129,,0.42264074,0.30410158
"Benzenemethanamine, 2,3-dimethoxy-",1.15013348,1.16118243,1.33451119,0.97344656,1.72022428,1.28087902,1.42793374
"Benzenepropanoic acid, 3,5-bis(1,1-dimethylethyl)-4-hydroxy-",,0.065547606,,,,,
Benzenepropanoic acid,0.433262546,0.392730761,0.712659058,0.627833301,0.723319819,-0.363496876,0.399469927
"Benzimidazole, 5-trifluoromethyl-2-methyl-",0.497,0.271,0.601,0.204,0.772,1.01,0.659
"Benzo[b]fluorene, 5-amino-7-methyl-1,2,3,4,6,7,8,9-octahydro-11-thia-10-aza-",1.75097947,,1.468628075,0.497660881,,0.712275106,
"Benzoic acid, methyl ester",,0.164314807,0.493161875,-0.172796746,,-0.108248866,
"Benzoic acid, pentadecyl ester",0.40297836,0.559824807,0.507480537,0.155957534,0.582719957,0.347367314,0.699786735
Benzoic Acid,-0.28257629,-0.27678524,-0.31961557,-0.34669352,-0.26789837,-0.31691475,-0.10896807
Benzoin,2.9169707,2.70913561,0.84816141,0.22210659,,,
Benzophenone,0.647455566,0.605307237,0.393126408,0.349791554,0.679120136,0.16784009,0.926035619
Benzyl alcohol,0.83205486,0.41759882,0.9184607,-0.10969893,1.80315085,0.82545623,0.40431962
"beta-d-Fructopyranose, 1-deoxy-1-(4-morpholinyl)-2,3,4,5-tetrakis-O-(trimethylsilyl)-",,,,,,,-0.253920775
"beta-D-Galactofuranose, 1,2,3,5,6-pentakis-O-(trimethylsilyl)-",-0.043451204,-0.024266062,-0.006143663,-0.023571786,0.012021017,-0.080278563,-0.02836679
beta-D-Glucopyranose,-0.40484125,-0.40484122,-0.40484126,-0.40484126,-0.4048412,,-0.40484118
beta-Hydroxypyruvic acid,0.422728482,0.56946543,-0.236909184,-0.250990442,-0.200932584,-0.233814923,-0.268991104
beta-Lyxopyranose,-0.3303144,-0.317677,-0.3285512,-0.3380972,-0.3243855,-0.3401965,-0.345853
beta-Methylphenethylamine,-0.141708153,-0.08830313,-0.10056765,-0.081203891,,-0.155085367,
5-Hydroxyhexanoic acid,,,,,,,
Bis(trimethylsilyl)acetylene,1.17844377,0.9586607,0.62771502,0.61796066,2.39090576,1.65023527,1.65065363
Bis(trimethylsilyl)histidine,-0.192174596,-0.179837869,-0.19943634,-0.286561359,-0.29641197,-0.298573464,-0.255478768
Boric acid,0.475270061,0.36694759,0.60790924,0.122453857,0.685826313,0.425812984,0.969515687
"Butanal, 2,3,4-tris[(trimethylsilyl)oxy]-, O-methyloxime, [R-(R*,R*)]-",,0.81499547,,0.20892241,,3.05669329,0.59954881
Butanedioic acid,-0.06872488,-0.702844044,0.608054372,0.008344516,-0.286908094,-0.256984819,-0.576134153
"Butanoic acid, 2-methyl-3-[(trimethylsilyl)oxy]-",0.24522911,,0.71834063,0.16335875,,0.48833805,
"Butanoic acid, 2,4-bis[(trimethylsilyl)oxy]-",-0.166713,-0.16671286,-0.16671115,-0.16672067,-0.16670979,-0.16671019,-0.16670442
Butylated Hydroxytoluene,1.509527452,0.606961634,0.94828027,0.41266199,0.560738267,0.380674586,0.547532498
Butylmethylamine,,1.18336649,1.07605579,,,,1.22182438
Butyrovanillone,,0.60406315,,,,0.33524646,
Cadaverine,-0.33205511,,-0.33205409,,-0.33205509,-0.33205552,
Campesterol,0.236559161,0.354656995,-0.241612141,-0.112992328,0.811502449,-0.587920328,0.528384257
"Carbonic acid, eicosyl vinyl ester ",-0.602948764,-0.536370621,-0.191478542,-0.552745907,-0.601895108,-0.549599302,-0.253862365
"Carbonic diamide, N,N'-dibutyl-N'-methyl-",,,,0.21723983,,,0.10392432
Carfentrazone-ethyl,,,-0.43874832,-0.34074635,-0.33812782,,-0.36561402
"Cephalotaxine, 3-deoxy-3,11-epoxy-, (3alpha,11alpha)-",1.310902889,,,,,,
"Cetaben, N,O-bis(trimethylsilyl)-",,-0.022827687,,,,,
"Cholest-22-ene-21-ol, 3,5-dehydro-6-methoxy-, pivalate",,,,,,-0.23125739,
"Cholest-5-ene, 3-(1-oxobuthoxy)-",,,,0.199664291,,0.368472086,
"Cholest-7-en-3-ol, (3beta,5alpha)-",0.891099565,0.14855443,0.103490651,1.149042138,0.635852212,-0.413719257,
"Cholesta-2,4-diene",,,,,,,
"Cholesta-3,5-dien-7-one",-0.22834824,,-0.22834824,-0.22834824,,-0.22834824,-0.22834823
"Cholesta-3,5-diene ",-0.301759579,-0.30523366,-0.310552431,-0.279586129,-0.281624081,-0.312701033,-0.233216866
"Cholesterol, pentafluoropropionate",,,,,,,
Cholesterol,0.16214281,-0.55424219,-0.16313186,-0.03522708,-0.45202152,-0.79939886,-0.47712777
Cinnamic acid,5.17019143,,,0.26942523,0.362497371,0.497449639,
cis-4-Trimethylsilyloxy-cyclohexyl(trimethylsilyl)carboxylate,0.54140325,1.017238463,1.398503494,1.012207155,0.647695523,1.932987323,0.715666043
"cis-4,5-Dihydroxy-o-dithiane, 2O-",0.153001496,-0.170419621,-0.104545923,-0.335534721,0.205096413,-0.231192323,0.158940488
Citric acid,-0.31751359,-0.28746185,-0.24906161,-0.35958994,-0.33317415,-0.3553908,-0.3849605
Cyclo-(l-leucyl-l-phenylalanyl),,,,,,,
Cyclo(L-prolyl-L-valine),,,,,,,
cyclobutanecarboxylic acid,-0.226688255,-0.238299947,,-0.256400524,-0.235879804,-0.260108622,-0.15521464
Cyclobutanol,0.180623194,,0.112640572,1.671122512,,,
Cyclohexanol,0.0586397,0.02178721,0.06887002,-0.09177163,0.19810759,0.03063438,0.30532779
"Cyclohexanone, 3,3,5-trimethyl-",0.47988938,0.13943722,0.20574653,-0.0209656,0.26273632,0.16192929,0.37608889
"Cyclohexene, 3-butyl-3-methyl-1-trimethylsilyloxy-",-0.1465622,-0.14552947,-0.14786303,-0.14832177,-0.15134414,,-0.15145404
"Cyclohexene, 3,3-dimethyl-1-(trimethylsilyloxy)-",,,,,,,
"Cyclopentaneacetic acid, 3-oxo-2-pentyl-",0.441422257,0.225305215,0.167376981,-0.266974035,0.032421543,-0.121280607,-0.198337558
"Cyclopentanone, 2,2,4-trimethyl-",-0.16907507,-0.16968051,-0.16836354,-0.16966937,-0.16692525,-0.16821994,
D-(-)-Citramalic acid,,,,,1.426201618,0.119208241,1.755048427
"D-(-)-Fructofuranose, pentakis",-0.372755204,0.01944539,-0.720235812,-0.334262685,-0.259231887,-0.796959325,-0.830381559
"D-(-)-Lyxose, tetrakis",,,,,,,-0.91896012
"D-(-)-Ribofuranose, tetrakis",-0.17879298,-0.03086905,-0.24419833,0.06506083,-0.18750709,-0.26138466,0.33396344
D-(+)-Glucosamine,,,,,,,-0.30667608
"D-(+)-Ribono-1,4-lactone (R,S,R)-",-0.25746604,-0.006615549,-0.241130831,-0.075644988,-0.094814121,0.181876426,-0.387074541
"D-(+)-Talofuranose, pentakis",3.190430792,4.53038771,4.341140903,3.840228637,2.018633132,2.677055436,1.019128282
"D-(+)-Xylose, tetrakis",,,,,,,
D-Arabinose,1.01244702,2.3081506,1.58485568,1.873066671,1.666831967,1.739904932,-0.005473926
"D-Erythro-Pentofuranose, 2-deoxy-1,3-bis-O-",-0.031588562,-0.665331856,-0.227806538,-0.473012769,0.092260811,0.194416388,-0.133316303
D-Fructose,-0.5910082,-0.5890159,-0.5328805,-0.6575651,-0.618223,-0.5277157,-0.6439298
D-Fucitol,,,,,,,
"D-Isoleucine, N-acetyl-",1.103334644,0.93703561,1.176230257,-0.059054961,0.111453753,-0.207041961,0.331438935
D-Leucylglycylglycine,0.054524416,0.26264749,0.212645589,-0.073727906,0.083013971,0.088825942,0.230501671
D-Mannose,0.29135869,0.98863984,0.89190843,0.34076162,0.30448349,1.57139432,2.16844123
D-Ornithine,,-0.186561133,,,,,
D-Proline,0.258081927,0.638808326,,-0.232877829,,0.242508359,-0.366705257
"D-Psicofuranose, pentakis",1.494785146,1.606820787,1.250969137,1.241033757,1.561706848,2.28320357,0.728167429
D-Ribose,-0.38611951,,,,,,
D-Threitol,-0.3596984,-0.42083291,-0.38593737,-0.50343886,-0.41182812,-0.45903639,-0.41226306
"D-Xylofuranose, 1,2,3,5-tetrakis-O-",-0.37924361,-0.39853449,-0.37727293,-0.37638381,-0.37846142,-0.37567702,-0.37169966
Decanoic acid,1.3618826,1.1523007,0.7253493,1.0902665,1.3963218,1.4895227,1.8100392
Dehydronorketamine,-0.166077221,0.159374451,,-0.428789721,0.069340456,-0.324003921,0.54934831
Delorazepam,-0.809435295,0.127810157,-0.14463832,-0.032170057,1.421464746,0.841258653,0.510825803
Deoxycholic Acid,,,,,-0.310161967,-0.291954268,-0.286350799
Desmosterol,-0.489393679,0.000885265,1.233276431,-0.628714276,-0.664221484,-0.445309731,-0.519876959
Dicyclohexylamine,0.525406308,,0.018114977,,0.559481449,0.047154142,0.100951225
Dihydrouracil,-0.63996889,-0.651483,-0.61588167,-0.63585881,-0.63816659,-0.5931903,-0.6652109
Dimethyl fumarate,-0.58990389,0.312854298,0.263854776,0.2970482,0.393341855,0.231004022,0.483795904
"Dimethyl hexopyranosiduronate, alpha-D-",1.177722141,2.721331337,1.012174972,1.322491316,1.037362708,1.905416118,-0.07199136
Dinoseb,,,,,,,
Diphenyl ether,0.164082569,0.268070456,0.142945674,0.146517639,0.375889626,0.031320678,0.629073926
DL-Glyceraldehyde,-0.30403552,-0.29788898,-0.31632851,-0.3013693,-0.30207488,-0.3257784,-0.27520177
DL-Ornithine,-0.401959431,-0.373130565,-0.349286004,-0.39882877,,-0.386098699,-0.363485336
DL-Phenylalanine,-0.444508656,-0.372359227,-0.384687332,-0.452822096,-0.423625611,-0.424337361,-0.407427099
"DL-Proline, 5-oxo-",1.111991512,-0.016735602,,0.374190413,0.313016827,2.33899888,
Dobutamine,1.01376829,0.69167329,0.90447646,,1.1496092,0.15445154,1.28170905
Doconexent,-0.71157362,-0.20421177,-0.5327822,-0.46578832,-0.11661439,-0.35541332,-0.31233252
Docosyl octyl ether,0.84955871,0.08344332,,-0.03503002,0.86665216,-0.287914,-0.41369772
Dodecanamide,,,,,,,
"Dodecanamide, N-(2-hydroxyethyl)-",-0.10703453,0.391125882,-0.380703834,-0.128470138,1.074193808,-0.030036932,1.709760905
"Dodecane, 4,6-dimethyl-",-0.362,-0.39,-0.413,-0.389,-0.0482,-0.366,-0.411
"Dodecanoic acid, 1-methylethyl ester",,-0.143908033,,-0.917100077,0.927779479,,1.009870709
Dodecanoic acid,0.08329257,0.06486732,-0.01976201,-0.06800808,0.27326823,0.10234497,0.30134264
Dodecylcyclohexane,0.94273182,0.962602,0.97558079,0.74667727,1.12473559,0.9264846,1.24741848
Dopamine,,-0.091799744,-0.14422157,,,-0.216907742,
Ecgonine,,,,,,,
Eicosapentaenoic acid,,,,,,,
Erythritol,0.32274775,0.05816552,0.51182971,0.16496606,-0.02696813,0.10659582,-0.38051281
"Erythrono-1,4-lactone, (Z)-",-0.42158339,-0.43432435,-0.41013303,-0.46462285,-0.45869604,-0.49521032,-0.46795134
"Ethanamine, N,N-diethyl-2,2-dimethyl-2-[(3,5-dimethoxy)phenyl]-",,,,,,,
"Ethanol, 2-(9-octadecenyloxy)-",-0.60161302,3.38647598,-0.60749965,,,-0.15701951,2.12925282
Ethanolamine,-0.51349846,-0.50643428,-0.49790428,-0.53097532,-0.52324099,-0.5521372,-0.56625334
"Ethanone, 1-(2,5-dimethoxyphenyl)-",2.39,1.69,3.39,,2.49,3.71,2.38
"Ethanone, 1-(5-methoxy-2-methyl-3(1H)-indolyl)-",1.97734122,1.73720854,2.11225381,2.44909238,2.6536847,0.44116492,1.81137445
Ethyl alpha-D-glucopyranoside,0.3084794,0.381793636,-0.587876577,0.515733467,0.293601697,0.53884966,-0.175154965
Ethyl cis-2-trimethylsilyl-cyclopropane-1-carboxylate,0.18734012,-0.44187664,-0.36192655,,-0.4088831,0.01493142,0.03983663
Fenitrothion,1.456897248,-0.404386026,-0.289493214,-0.360984356,-0.196434385,-0.26281467,1.766188274
"Furan-2-carboxaldehyde, 5-(1-piperidyl)-",,,,,,,
"Furan, 2-pentyl-",0.26212555,0.130403583,0.109114314,0.052790563,0.062093632,0.06887217,0.12319228
Galactopyranose,-0.13749405,0.56143316,-0.51357122,-0.03917062,0.49270547,0.8417019,0.44840956
Gln-Ala,-0.101103599,-0.101087936,-0.101108427,-0.101148301,-0.101152554,-0.101178485,-0.101159689
Glucopyranose,-0.256805175,-0.256802026,-0.256793891,-0.25680006,-0.256804902,-0.256804668,-0.256804466
Glucose,-0.27771032,-0.25919922,-0.26197817,-0.27566684,-0.26806118,-0.25792111,-0.27575034
Glyceric acid,-0.271781333,-0.271702365,-0.271722345,-0.271755221,-0.271733346,-0.271740432,-0.271784085
Glycine,-0.319561061,-0.287069639,-0.272674994,-0.271735714,-0.09507522,-0.134536089,0.019600526
"Glycine, N-(1-oxobutyl)-",-0.177716363,0.007974745,-0.143913613,-0.069207001,-0.229843732,-0.215749868,-0.239433604
"Glycine, N-(N-DL-leucylglycyl)-",-0.12168666,-0.11951442,-0.1188016,-0.1264467,-0.10709711,-0.1218807,-0.11551125
"Glycine, N-[4-[(trimethylsilyl)oxy]benzoyl]-",,,-0.320617655,,-0.322459278,,-0.320612194
Glycolic acid,-0.04190486,-0.01416833,-0.01338417,-0.27321429,-0.42268675,-0.21299877,-0.39623289
Glycyl-l-glutamine,,,,0.32516555,,,
Glyoxime,-0.5217012,-0.5488304,-0.5692381,,-0.5681373,-0.5229613,
Guanabenz,1.06131347,0.74024923,0.83806596,0.63661353,0.83598243,0.77456854,0.94415487
"Guanidine, N,N-dimethyl-",0.6213211,0.84618551,0.6238674,-0.43619437,0.88979631,0.70571715,0.3515544
"Gulonic acid, gamma-lactone",,,2.071441376,,,,
Heptadecanoic acid,-0.397486316,-0.4737,-0.468372152,-0.464342283,-0.246362379,-0.272432242,-0.115911352
Heptanoic acid,1.304820109,0.769226944,0.593552632,0.446456338,1.210690828,0.893101408,
Hexanedioic acid,-0.295006907,-0.43878891,-0.393367895,-0.44770839,-0.69899855,,-0.469560123
Hexanoic acid,0.351951019,0.084621404,0.091198114,-0.129264917,0.284776847,0.086170724,0.403510575
Hexanoylglycine,-0.33643031,0.5633001,-0.35595128,-0.09022067,-0.47018476,-0.56455989,-0.43350601
Hippuric acid,0.08979765,-0.16534466,-0.40562625,0.8799352,0.31827654,-0.31512817,0.40676995
Homocysteine thiolactone,,,0.50420535,0.51666379,,,
Hydantoic acid,-0.382767376,-0.383354477,-0.382129044,-0.382390667,-0.385773091,-0.382735663,
Hydracrylic acid,-0.16487441,-0.02984032,-0.04433798,-0.15395821,-0.44536788,-0.03756103,-0.48579576
Hydroquinidine,0.005072136,1.270113765,2.190217714,-0.305782344,-0.280200875,1.485635763,-0.256791824
Hydroquinone,,-0.438941611,-0.010349277,-0.118196272,,-0.309529989,-0.086568769
Indole-3-carboxaldehyde,-0.227798029,,,,-0.350850491,,-0.245734225
Indole-3-lactic acid,-0.5051372,-0.50476728,-0.50503559,-0.50496439,-0.50426311,-0.50448958,-0.50469541
Indole-5-carboxylic acid,-0.5407377,-0.54414066,,-0.5615451,-0.52046026,,-0.51281017
"Inosose-2, 1,3,4,5,6-pentakis-",-0.5815348,-0.5818125,-0.5810134,-0.5826637,-0.5810901,-0.5827186,-0.5819549
Isofucosterol,-0.33933209,-0.32121369,-0.39379818,-0.49958542,-0.21633801,-0.48637755,-0.26748897
Isonicotinic Acid,-0.68430131,-0.67212196,-0.22299542,-0.37351,0.41467856,0.25982147,0.53334753
Isopropyl palmitate,1.067555142,0.443477067,0.588580338,0.396751005,0.589552623,0.564852893,0.681485968
"Isoquinoline, 3,4-dihydro-6,7-dimethoxy-1-[4-hydroxybenzyl]-",-0.45640946,-0.45641052,-0.4564097,-0.45640977,-0.45641,-0.45641008,
Isoxaben,,-0.44723462,,-0.42917282,-0.44778236,-0.44603005,-0.44659671
Itaconic acid,-0.109850194,-0.072826101,-0.049974288,-0.077752501,2.942886605,0.041661896,-0.026496934
Ketamine,,,,,,,
L-(+)-Threose,,,,,,,
L-5-Oxoproline,-0.46820143,-0.48242873,-0.45679601,-0.50804776,-0.52558869,-0.50211299,-0.50542176
L-Alanine,0.749065645,0.708092987,2.392091446,0.591284614,0.764991126,-0.693988,-1.058488762
L-Asparagine,-0.48874958,-0.49481354,,-0.49108975,-0.49044449,,-0.49560142
L-Aspartic acid,-0.53475941,-0.54992909,-0.5280128,-0.54748678,-0.53130438,-0.54097814,-0.53181078
L-Citrulline,,,,,,,
L-Cysteine,1.75510887,1.591037738,1.257523749,0.961517539,1.654569499,0.985323922,1.263013868
L-Glutamic acid,-0.402502282,-0.481216542,-0.355580597,-0.427479569,-0.451918801,-0.514824637,-0.407057834
L-Glutamine,0.85730046,0.78735987,0.60525184,1.12686179,-0.39244901,0.74706084,0.93883773
l-Histidine ethyl ester,0.85981257,0.19453164,0.88257418,0.23567148,1.36799139,0.6140184,1.26331191
L-Hydroxyproline,-0.209641983,-0.206254279,-0.210423812,,,-0.206197902,-0.205210635
L-Isoleucine,-0.423375768,-0.207783915,-0.314605351,-0.36892081,-0.482619957,-0.443989156,-0.474257719
L-Leucine,0.084512849,0.108427754,-0.227503949,-0.90507984,-0.071267261,-0.277525125,0.20395385
L-Lysine,0.952663999,0.568230216,0.823163457,0.143729724,0.355976109,0.399995418,0.759045252
"L-Lysine, ethyl ester ",,,,,,,
L-Methionine,-0.395275126,-0.400663169,-0.38808662,-0.402973519,-0.400070226,-0.406986575,-0.391026434
L-Norleucine,,,,,,,
L-Ornithine,-0.20235908,-0.3699971,-0.26524202,-0.38273454,-0.38571682,-0.39318877,-0.27047715
L-Proline,-0.6271693,-0.62914044,-0.62162219,-0.62787003,-0.62536162,,-0.62624915
L-Threitol,1.93882193,1.99313334,1.71101528,1.36202848,0.84672288,0.9129974,0.77364929
L-Threonine,,,,,-0.16027264,-0.17332416,-0.22486273
L-Tryptophan,-0.86610607,-0.57528816,-0.48134021,-0.29382642,0.04928136,0.27901598,0.28315175
"L-Tryptophan, N-acetyl-1",-0.513882795,-0.235415762,0.105957841,0.095655131,0.720927516,0.236501702,0.405595585
L-Valine,-0.44152916,-0.50806789,,,,-0.56350956,-0.56381731
Lactic Acid,,-0.79844478,-0.63001452,,-0.58068399,-0.58373715,
Latanoprost lactone diol,,1.19293308,1.24305887,1.06454917,,1.6061896,
Leucylglycine,,,,,,,
Levulinic acid,0.536613618,0.163333803,0.088330834,-0.080276886,0.440145984,0.719989908,0.652843506
Luteolin,,,,,,,
Malic acid,-0.43505292,-0.410677458,0.188412968,-0.352700626,-0.419603927,-0.424378273,-0.548919773
meso-Erythritol,0.023018826,0.965428325,0.791763754,0.619135296,0.06214801,,0.613316677
Metanephrine,,,,,,-0.14203339,
"Methanone, [1-(4-chloropentyl)-1H-indol-3-yl](2,2,3,3-tetramethylcyclopropyl)-",,,,,,,
"Methanone, [1-(5-chloropentyl)-1H-indol-3-yl](4-methyl-1-naphthalenyl)-",,-0.15179915,,,,,-0.15092493
"Methyl (3,4-dimethoxyphenyl)(hydroxy)acetate",-0.609431824,-0.551298699,-0.63612062,-0.513456271,-0.781050634,-0.634523801,-0.477419225
"Methyl 2,4-dihydroxybenzoate",,,,,,,
Methyl alpha-Lyxofuranoside,-0.094977766,0.947475301,-0.145526885,,0.121454225,-0.269431186,0.634005574
Methyl aminoacetate,-0.43777991,-0.44613521,-0.39800045,-0.4847423,-0.38946964,-0.47444915,-0.31878718
"Methyl galactoside (1R,2S,3S,4R,5R)-",,,,,-0.50485363,,
Methyl isovanillate,,1.91756828,5.67928529,1.10232216,1.86451283,2.14062425,3.6678456
Methyl leucinate,,,,,,,
Methyl-3-methoxy-5-methyl benzoate,,-0.25976914,-0.25978132,-0.25981365,-0.25981455,-0.25984192,-0.25981234
Methylmalonic monoamide,-0.459451683,,-0.460752855,-0.445816885,-0.452207197,-0.416092373,-0.459711611
Methylsuccinic acid,,,,-0.3153518,,-0.3153112,
Mirin,,,-0.25259071,-0.25258773,,,
Mitoxantrone,,,,,,,
"Morpholine, 4-(2,6-dimethoxybenzoyl)-2,6-dimethyl-",,,,,,,
"Morpholine, 4-[2,3,4,6-tetrakis-O-(trimethylsilyl)-alpha-d-mannopyranosyl]-",,0.62368816,,0.71898412,0.56415135,,
Myristic acid,0.49083913,0.32989681,0.12983251,0.09216778,0.47456894,0.29937078,0.40791375
"N-(Trifluoroacetyl)-N,O,O'-tris(trimethylsilyl)normetanephrine",-0.298293261,,0.161186581,,,0.100594649,-0.424996307
N-(Trimethylsilyl)hexanamide,,,2.5589141,2.5388907,2.6677194,2.7482118,3.5372784
N-Acetyl-D-galactosamine,0.60967062,,,,,,
N-Acetyl-L-glutamic acid,-0.05287234,-0.015075701,-0.10654429,-0.050767846,-0.034775455,-0.01997194,0.120873855
N-Acetyl-L-phenylalanine,,,,,,,
N-Acetyltyrosine,-0.363336742,0.399190338,,0.334705412,,,
N-alpha-Acetyl-L-Lysine,-0.32465231,-0.32930307,-0.31930778,,-0.32061996,-0.32437591,-0.32527205
n-Butylamine,1.19004275,0.49652434,0.83173047,0.48473213,1.16375774,0.70573729,1.24997434
"N-isobutyl-2-(trimethylsilyloxy]-4,5-dihydro-1H-imidazole-1-carboxamide",,2.1799422,,0.38410814,,2.36293141,1.38590805
N-Isobutyl-sec-butylamine,1.2869821,,1.0293067,0.910725,1.2092918,,1.3154536
N-Isobutyrylglycine,,,,,-0.24028499,,
N-Isovaleroylglycine,-0.167488937,-0.235299577,-0.148768574,-0.063603123,-0.203701926,-0.208083071,-0.266113318
N-Methyl-N-(tetrahydro-2-furanylmethyl)-4-piperidinamine,0.380983881,0.908962629,0.309384435,1.020910763,,0.052914335,1.573059284
n-Pentadecanol,-0.13029128,-0.368865324,0.205100167,,1.111321778,-0.202594339,-0.393220626
N-Valerylglycine,0.31489219,1.255305891,0.627883095,1.522191228,,-0.352393853,0.106728593
"N,9-bis(Trimethylsilyl)-6-[(trimethylsilyl)oxy]-9H-purin-2-amine",,,-0.09404129,-0.14229552,-0.13828641,-0.16438398,-0.12947684
"N,N-Diethyl-2-aminoethanol",-0.3096877,-0.310012,-0.3105609,-0.3099653,-0.308412,-0.309754,-0.3085726
"N,N-Dimethyl-2-cyclohexyloxyethylamine",0.066689714,-0.202484568,-0.129739745,0.258214015,-0.298354023,-0.232004264,-0.19939504
"N,N'-Bis(trimethylsilyl)trifluoroacetamidine",,,,,,,
"N,O-Bis(trimethylsilyl)carbamate",-0.212816165,-0.211384146,-0.20731732,,-0.194935038,-0.215747047,
Naphthofluorescein,1.2902725,3.826984,,,,4.5203362,
Neostigmine,,,,,,,
Niacin,-0.37429466,-0.379115049,-0.433910924,-0.383844844,0.099028594,-0.281875148,0.166147836
Niacinamide,0.350091198,0.402549631,-0.03939011,-0.207920408,-0.121344618,-0.588047119,0.217552167
Niclosamide,-0.619411506,-0.643415322,-0.595212722,-0.579967246,-0.163279998,0.103839165,-0.130743382
Nitrosothymol,,,,,,-0.197376501,
Nonadecanoic acid,,-0.46771592,-0.5411984,-0.49057245,-0.42478755,,-0.29202499
Nonanal,0.97062857,0.52781512,0.3392895,0.33232371,0.58503867,0.58566905,0.54687484
Nonanoic acid,,-0.60420578,-0.60409103,-0.60426965,-0.6067633,-0.60676304,
Norketamine,-0.030695022,0.215334011,-0.111868362,-0.092925058,0.166970504,-0.29302859,0.849461049
"O-Methyl-N,N'-diisopropylisourea ",,,,,,,1.37697807
Oct-1-en-3-ol,,,,,,-0.001440072,
"Octadecanamide, N-(2-methylpropyl)-N-nitroso-",,,-0.19135563,,,,-0.18800532
Octan-2-yl palmitate,,2.678796598,,1.651301377,2.723868483,1.475980889,2.60037235
"Octanamide, N-(2-hydroxyethyl)-",,,,,,,
"Octane, 1-propoxy-",-0.09318549,0.6853278,-0.30804914,0.59402,1.45891916,1.33127634,1.44289007
Octanoic acid,1.17902059,0.80987446,0.30953123,0.46654045,1.06657694,0.92146013,1.47276844
Octocrylene,1.175268839,0.873211392,-0.235133431,,1.438362405,,1.322963867
Octopamine,0.222092607,1.667621667,,2.641409395,2.474061013,,2.455480609
Ornithine,,,,0.73474847,,,
Oxalic acid,0.60429119,0.46433426,0.56832877,0.42487448,0.78367695,0.38658572,1.3530929
"Oxalic acid, allyl octyl ester",,,,,,,
p-Hydroxydiisopropylbenzene,-0.070538857,-0.255042669,-0.258829285,-0.315302538,-0.058054885,-0.178812412,-0.653065365
p-Toluic acid,-0.505928457,-0.511689752,-0.522384037,-0.516327727,,-0.550300612,-0.499348291
Palmitelaidic acid,-0.55033355,0.4101444,-0.73577614,-0.54871546,-0.14974737,-0.51585358,-0.20823301
Palmitic Acid,-0.303223429,0.002809993,-0.328373133,-0.404364211,0.075484594,-0.409556131,-0.401905742
Pantolactone,0.261903596,0.072817285,0.280325213,0.001088299,0.518071715,0.389457616,0.565567642
Pantothenic acid,,,,,,,
Pentacosanoic acid,,,,,,,
Pentadecanoic acid,,-0.174252794,-0.250935551,,0.061086566,-0.138684457,0.114908163
"Pentanedioic acid, 2-[(trimethylsilyl)oxy]-",,,,,,,
"Pentanedioic acid, 2,4-bis[(trimethylsilyl)oxy]",,-0.0951478,-0.16093874,-0.20124638,,,
"Pentanedioic acid, 3-methyl-3-[(trimethylsilyl)oxy]-",0.001766275,-0.169989351,-0.135354689,-0.147326359,-0.115642659,-0.102781837,-0.068318374
Pentanoic acid,0.74776496,-0.2389277,0.03506398,-0.30252552,-0.12323292,-0.5201926,-0.37971012
"Pentenoic acid, 4-[(trimethylsilyl)oxy]-",1.4200633,1.7948413,1.3478434,-0.1894705,1.2008967,1.3042863,1.5409561
Pentylone,-0.23245751,,,,,,
Petroselinic acid,,,,,,,
Phenanthridin-6-ol,,,,,,,
"Phenol, 3,5-bis(1,1-dimethylethyl)-",,,,,,1.9796629,-0.11735981
Phenol,1.58819656,0.92220498,1.1181867,0.62983714,1.53283781,0.98136793,1.58588126
Phenoxyacetic acid,0.130418931,0.085892681,0.10528521,0.060960477,0.118624462,0.130551949,0.207523617
phenoxyethanol,0.103270373,-0.112255062,0.029385063,-0.296358938,0.030484626,-0.257064902,0.080625021
Phenylalanine,-0.197702079,-0.191792384,-0.232591937,-0.384350455,-0.178881908,-0.255212284,-0.091955469
Phenylpropanolamine,0.23305844,0.44104972,0.52886691,-0.48524893,0.81347725,0.93854203,1.04865687
Phlorizin,0.635908052,,,0.403011048,,,0.748958298
Phloroglucinol,0.88116493,0.71114435,0.71589039,0.47789982,0.97978309,0.86179494,1.14832777
Phosalone,1.92346245,2.09657592,3.08481894,1.15390181,1.21977442,0.36226019,0.70801085
Phthalazin-1-one,,,,,,,
Picolinic acid,-0.54201498,-0.57887129,-0.91918712,-0.6129414,-0.48492536,-0.52047574,-0.37336618
Pimelic acid,,-0.40685263,,-0.38237925,-0.48505576,-0.33072211,-0.3100163
Pipecolic acid,-0.27132032,-0.26909507,-0.26919056,-0.2755678,-0.27865313,-0.27691587,-0.27855842
"Piperidine, 1-(1-methylpentyl)-",,,,,,4.78306964,
"Pregn-16-en-20-one, 3,18-bis(acetyloxy)-14,15-epoxy-, (3beta,5alpha,14beta,15beta)-",-0.73231841,1.36491643,0.99112283,0.95187747,1.03235299,0.98590719,-0.16337514
"Propanetriol, 2-methyl-",-0.201204679,-0.267470277,-0.374822892,-0.488746794,-0.061153842,-0.109040771,-0.097686086
"Propanoic acid, 2-methyl-",0.90781779,0.58111739,0.6801057,0.51657092,0.80783566,0.57623803,0.917103
"Propanoic acid, 2-oxo-",0.78721058,,0.82680577,,,,0.93108617
"Propiophenone, 3',4'-dimethoxy-",-0.327567946,-0.332437179,-0.351920448,,,,
Propylamine,0.17875807,0.014268744,0.036228214,-0.036770724,0.11429522,0.091940684,-0.089180866
"Pyrazine, 3,6-dihydro-3,6-dimethyl-",,,,,,,
"Pyrazine, 3,6-dimethyl-2,5-bis(trimethylsilyloxy)-",-0.235502842,-0.113477887,-0.27090242,-0.287294301,,,-0.280612686
"Pyrimidine, 5-methyl-2,4-bis[(trimethylsilyl)oxy]-",-0.508204471,-0.409092163,-0.37311066,-0.557610542,-0.582477878,-0.494978321,-0.568429587
Pyroglutamic acid,,-0.393231912,-0.395371402,,-0.401009051,-0.397883538,-0.400768063
Pyrrole-2-carboxylic acid,0.083127909,-0.073352997,-0.223806415,-0.062226658,-0.371647786,-0.192291797,0.112023081
"Pyrrolo[1,2-a]pyrazine-1,4-dione, hexahydro-3-(2-methylpropyl)",,,,,,-0.27032928,
"Pyrrolo[1,2-a]pyrazine-3-propanamide, 2,3,6,7,8,8a-hexahydro-1,4-dioxo-",,,,,,,
Quazodine,,,,0.295235626,,-0.163997842,
"Quinolin-4-one, 1-[2-(3,4-dimethoxyphenyl)ethyl]-octahydro-",-0.16337511,-0.22187885,-0.23640392,-0.47066749,-0.45798453,-0.5237153,-0.49390484
"Quinoline, 2,4-dimethyl-",,,,,,,
Ribitol,-0.53196792,,-0.52734485,,-0.53932669,,-0.54289522
"Ribonic acid, 2,3,4,5-tetrakis-",-0.529777708,0.705654411,-0.617001948,-0.113902533,-0.325103427,,-0.848160765
S-Methyl-L-cysteine,1.24777866,0.87052034,0.97180147,0.84940599,1.11167127,1.09650866,1.34179784
Salsoline,0.274986089,-0.095106552,-0.006666848,-0.09213433,0.17094936,0.036466446,0.385160688
Sedoheptulose anhydride,,,,,1.43961787,,
Ser-Leu,0.373947859,0.296742064,-0.060216813,0.213843586,0.18077051,0.207400652,0.429987064
Serine,,,,,-0.39936927,,-0.39133744
Sertraline carbamoyl glucuronide,-0.512103223,,,-0.512103224,,-0.512103225,-0.512103223
Sinomenin,,,,,,,
"Spiro[cyclopenta[d]-1,3,2-dioxaborin-4(5H),1'-cyclopentane], 2-ethyl-6,7-dihydro-",0.120697878,-0.090850892,-0.088171217,-0.012863126,-0.019171549,0.130666889,0.212035189
Spironolactone,4.40399398,,,,,,
Stearic acid,-0.28826663,-0.45111653,-0.44881129,,-0.45043049,-0.4484856,-0.16727878
"Stigmast-5-ene, 3beta-",0.19974071,0.24462905,-0.16518897,-0.19705673,0.68302137,-0.54347686,0.44215403
Suberic acid,-0.38227767,-0.40353675,-0.39535617,-0.41096592,-0.44294614,-0.32690357,-0.31761083
Succinic anhydride,0.65015322,0.46687206,0.5077428,-0.0981056,1.36363282,-0.04007211,0.0950129
Supraene,-0.332704454,-0.391160544,-0.409656905,,-0.33134695,-0.379273052,-0.287560044
Syringaldehyde,-0.176932038,-0.181286022,-0.271326336,-0.295696728,-0.389100563,-0.263005618,-0.108895004
"Tacrine, N-trimethylsilyl-",-0.370362642,,-0.328901491,-0.261365886,-0.281484598,-0.17360343,-0.25358463
"Talonic acid, gamma-lactone",,,,,,,
Tartronic acid,1.5606188,1.2043892,2.5544618,1.2377813,2.6579897,1.313749,1.5414725
Tetradecanenitrile,,,,0.76388593,,,
"Thiazolo[4,5-f]quinoline, 2,9-dimethyl-",1.7029026,1.3533894,1.4759638,1.2739834,1.5071714,1.2299682,1.6612679
Thymidine,,,,,,,
"Thymine, 1,3-dimethyl-6-(trimethylsilyloxymethyl)-",,,-0.33863084,,-0.33831766,,
Tributyl acetylcitrate,0.697508735,1.182185629,0.631922217,0.651914396,1.060902501,1.640059246,0.426454752
Tricine,,-0.16656393,,,,,
Triethanolamine,-0.3965536,-0.5503673,-0.5687724,-0.5955058,-0.5622212,-0.5741938,-0.5632172
"Trimethylsilyl (5-benzyl-3,6-dioxopiperazin-2-yl)acetate",,,,,,,
Trimethylsilyl 3-((trimethylsilyl)thio)propanoate,-0.537737816,-0.467274787,-0.626638221,-0.608910106,-0.468939095,-0.520622877,-0.430177102
Trimethylsilyl oct-2-enoate,,,,,,,
Trimidox,1.328563342,0.680672644,0.231685129,-0.173421464,,-0.055818954,
Tris(trimethylsilyl)carbamate,0.2397991,0.01971069,-0.25726686,-0.01255624,0.08618608,-0.03295956,0.32613989
Trisaminol,0.812603048,0.955645053,0.97338461,0.768458616,0.0102143,0.612959337,0.464286152
L-Tyrosine,0.154559271,-0.042630636,0.081014468,0.023802575,0.225678578,0.086168582,0.439937863
Undecanedioic acid,,,,,,,
Uracil,-0.008353281,0.286089524,0.27056342,-0.077462664,-0.308501254,-0.136672049,-0.586639483
Urea,0.180006887,0.502787847,0.633831512,-0.217967105,2.399558594,-0.159052466,0.335239085
Uridine,-0.20662466,0.06159163,0.057199,-0.25768398,-0.37525358,-0.20095545,-0.53455698
Valylglycine,1.09975398,1.16842108,1.10814801,0.94052361,1.33404411,1.14092018,1.45948076
Vanillylmandelic acid,,,,,1.52552679,,2.18718858
Xylazine,0.1841829,-0.285258617,0.14607861,-0.034299233,-0.363010189,0.36643057,-0.442487751
Xylitol,2.8980861,2.56567103,2.3495455,1.4390565,2.02417942,2.12403219,1.71878918
"Xylonic acid, 2,3,4-tris-O-(trimethylsilyl)-, delta-lactone",,,,,,,
Xylose,1.0841764,1.9485451,,,,1.43457727,0.85079441
