,pls_74_12012022,pls_71_a_12012022,pls_106_13012022,pls_104_13012022,pls_102_13012022,pls_100_13012022,pls_103_14012022,pls_101_REP_14012022,pls_75_13012022,DSS73_REP_190124,DSS76_REP_190124,DSS77_REP_190124,DSST0.7_180124
Label,DSS_T0,DSS_T0,DSS_T0,DSS_T0,DSS_T0,DSS_T0,DSS_T0,DSS_T0,DSS_T0,DSS_T0,DSS_T0,DSS_T0,DSS_T0
"(2S,3R)-3-[(4E,7E)-Nona-4,7-dienoyl]-N,N-bis(trimethylsilyl)oxirane-2-carboxamide ",-0.18207942,-0.14893893,1.00393503,,0.1998013,0.14234806,0.07300218,0.104982,-0.25516905,2.75717915,3.15359744,2.4371981,
(6S)-5-Methyltetrahydrofolic acid,,,,,,0.7095405,,,,,0.1073074,,
"(7a-Isopropenyl-4,5-dimethyloctahydroinden-4-yl)methanol",-0.54817957,-0.49621329,-0.0157845,-0.44936523,-0.20929566,0.21719673,-0.43933672,-0.5437976,-0.46023001,0.39619286,-0.29611196,,
"(9H-fluoren-9-yl)methanol, O-methoxycarbonyl-",-0.815687949,-0.988191585,-0.915198825,-1.144611935,-0.453718424,-0.711834909,-0.76046341,-1.150847774,-1.000600619,-0.779505405,-0.615331351,,1.117348805
(CH3)2C=NC2H558,-1.17638125,-1.23936054,-1.07762146,-1.25151953,-0.57413314,-0.5879506,-0.90144056,-1.34950188,-1.08345885,-1.26495605,-1.32551877,-1.09201089,0.83791363
(pm)-alpha-Tocopherol acetate,-0.13469142,-0.08014017,-0.06273883,-0.12966564,-0.12341288,0.03163657,-0.11705081,-0.13448022,-0.02807031,-0.0887858,0.2578896,0.72275044,
(pm)-N-Propylamphetamine,,,,-0.464,5.58,5.02,,,1.29,1.74,2.21,,
(pm)-Norketamine,-0.5685084,-1.10588949,-0.94112696,-1.22259846,-0.87139552,-0.8072226,-1.02130477,-1.25925755,-0.68228107,-0.13583707,0.42359558,-0.16756914,0.06099773
(pm)-Phenylpropanolamine,0.055241334,0.023079904,-0.525556639,-0.842531715,0.815121447,0.055242985,-0.187940449,-0.697761425,,-0.649980683,,-0.927441601,2.356948353
"(R*,S*)-2,3-Dihydroxybutanoic acid",-0.3970884,,,-0.43722,-0.1989683,2.262849,-0.1857858,-0.377988,,,,,
"(S,S)-(-)-Hydrobenzoin",-0.505149576,-0.583411956,,0.386961646,,,-0.630946825,-0.623652266,-0.550563892,3.489003511,1.163229893,,
"1-(1-Hydroxybutyl)-2,5-dimethoxybenzene ",-0.047479343,-0.531072101,-0.557206832,-0.560154866,0.033902855,-0.535887951,-0.52899882,-0.275781629,-0.558971927,-0.246606007,-0.226283911,1.654875812,-0.039654935
"1-(2,4-Dimethoxyphenyl)-propan-2-one",-0.69382926,-0.56404768,-0.11663893,-1.0605,-0.25525083,0.03397732,0.05065678,-0.51082216,-0.82223696,,,,
1-(3-Methylphenyl)piperazine,-0.68891445,-0.66326261,,-0.04990396,,,,,-0.79021617,,,,1.39440878
1-(4-Hydroxybenzylidene)acetone,,0.30197485,,,,,,,,,,-0.38463679,-0.33620711
"1-(4-Methoxyphenyl)-4,6-dimethyl-2(1H)-pyrimidinone",-0.24984213,-0.31152653,-0.14314703,-0.71343485,-0.21710376,-0.02238406,-0.07347316,-0.21709434,-0.42321116,0.59897686,0.41923709,0.73025568,-0.24961561
1-Aminocyclopropanecarboxylic acid,-0.25253008,-0.19063898,-0.33639807,-0.01121025,-0.344749,-0.27755519,-0.20292007,-0.37860439,-0.24453522,4.45824968,2.84802842,-0.39451898,0.37233369
"1-Butanamine, N,N-diethyl-",-0.907438004,-1.047947119,-0.879086061,-1.075839791,-0.439261509,-0.671775768,-0.754850478,-1.136651602,-1.018387541,-0.805531654,-0.803118118,-0.42427411,1.853816872
"1-Cyclohexanone, 3-butyl-3-methyl-",,-0.26405272,,0.0340998,,,,-0.31888657,-0.33210028,-0.41814152,-0.4197077,-0.42029463,
1-Cyclopentylethanol,-0.45537412,-0.76794932,-0.4990764,-0.91125455,-0.22565927,,,-0.84156643,,-0.44643504,-0.53055456,-0.24675762,2.03927894
"1-Decanol, 2-methyl-",-0.18132862,-0.21280988,-0.16062098,-0.25869678,-0.12108715,-0.14701004,-0.16842698,-0.26747824,-0.20717352,,,,
"1-Decene, 8-methyl-",0.63536952,,-0.05996181,-0.33896772,-0.23253605,0.7226082,,-0.32991088,-0.29036007,,,-0.39574097,
1-Deoxypentitol,,,,,,,,-0.680571055,,-0.203668658,-0.421633297,0.066896124,0.005740185
1-Hexadecanol,-0.22942235,-0.14889911,-0.24579229,-0.27230928,-0.0408589,-0.07519852,-0.22664162,-0.28019814,-0.15652407,,,,
1-Hexanol,,1.21738923,,-0.08323024,-0.29888938,,0.11104189,,,-0.43103938,-0.47500972,,
1-Hydroxy-3-methoxy-6-methylanthraquinone,,,,,,,,,,,,-0.48094827,-0.48015421
"1-Methyl-N,N-bis(trimethylsilyl)-4-[(trimethylsilyl)oxy]-1H-imidazol-2-amine",-0.724036222,-0.196231969,-0.469801564,-0.663449898,-0.353951854,-0.269634093,-0.201417234,-0.378944729,-0.698665528,1.191691643,1.485557565,1.731327368,0.39953117
1-Monoacetin,-0.26908774,-0.07592413,-0.19816699,0.2147433,-0.45682946,-0.13248357,-0.12521871,-0.30060585,-0.25689887,1.58033235,1.39263325,1.93450407,
1-Octadecanol,-1.11092708,-0.48883414,-1.07562141,-1.15053612,-0.79981711,-0.30888926,-0.89095308,,-0.71336043,-0.93226678,-0.78320078,-0.96692364,0.78336142
"1-Octanol, 2-butyl-",-1.057545332,-0.455994172,-0.025012311,-0.475889965,,0.365665151,,-0.690652359,-0.409330311,-0.912305997,-0.960122456,-1.025614274,0.677420128
1-Octanol,-0.515467152,-0.552592082,-0.472706723,-0.615491139,-0.286304837,-0.312463826,-0.441108615,-0.55696173,-0.571430511,,-0.877139168,,2.687380357
"1-Octene, 2-methyl-",-0.48900094,-0.612570364,-0.540080296,-0.66512815,-0.249701855,-0.322160535,-0.713315581,-0.697977451,-0.529478508,,-0.788832762,,0.123938065
"1-Pentene, 3,3-dimethyl-",,,,0.320009844,,,,,,1.091237105,0.301887076,0.170659938,
1-Phenethylamine,-0.160390144,,-0.003759761,-0.332690837,-0.137506223,-0.060322397,-0.235257921,-0.164997475,-0.069038562,2.02645009,0.969993266,1.795920263,
"1-Phenyl-1,2-ethanediol",-0.82659214,-0.49584494,-0.7903296,-0.89526015,0.07725814,-0.11606023,-0.78736373,-0.90581643,-0.35430911,,,,-0.53474551
1-Phenylethanol,,-0.18159204,,,,,,-0.14720266,,-0.26806059,,,
"1-Piperazineethanol, 4-dibenzo[b,f][1,4]thiazepin-11-yl-",,,,0.19937957,,,,-0.65691273,-0.69419318,,,,
"1-Propanamine, N,N-diethyl- ",-0.928386672,-1.064804723,-0.961614119,-1.186501173,-0.631239416,-0.676658503,-0.84722835,-1.234031025,-1.017850359,-0.870975134,-0.912758075,-0.614863564,1.835792018
1-Tetradecanol,-0.163134587,-0.200548888,-0.03945287,-0.138022423,-0.007782374,-0.238310966,-0.168919897,-0.196387014,-0.194954411,0.222480328,,0.356952371,
"1,1'-Biphenyl, 3,4-diethyl-",-0.27620219,-0.36567847,-0.40488502,-0.37181791,-0.32018992,-0.16174847,-0.31288848,-0.42000701,-0.42105201,0.4408339,-0.04278446,,1.37564822
"1,2-Benzenedicarboxylic acid",-0.55599798,-0.3188622,-0.61144008,-0.61638412,-0.09037847,-0.04487259,-0.5282807,-0.6475556,-0.34993767,-0.80760401,-0.80761355,-0.80756583,-0.80755492
"1,2-Butadiene, 1,1,4-triphenyl-3-trimethylsilyl-4-trimethylsilyloxy-",,,,1.031712086,,,,,,0.691986728,,,
"1,2-Butanediol",,,,,0.013680151,0.07490675,,-0.114920255,-0.009743967,,-0.137846217,,
"1,2-Cyclohexanedicarboxylic acid, dinonyl ester",,,,,,,,,,,,,0.5221661
"1,2-Dimethoxy-4-(1-methoxyethenyl)benzene",-0.24089454,-0.23960437,-0.0680779,-0.27987644,-0.04369559,0.15203697,0.23204305,-0.25375182,-0.31005056,,,,
"1,2,2-Trimethyl-1-aza-spiro[2.3]hexane",-0.781207661,-0.688256305,,-0.709069962,0.152204391,-0.63467913,-0.454748646,-0.663918304,-0.695827237,,,,
"1,2,3-Butanetriol",,-0.297562183,,,,-0.479589162,-0.439485745,-0.268494807,-0.145053755,-0.359376051,-0.26461959,-0.397437681,-0.464328622
"1,2,3,10,11,11a-Hexahydro-6,7,8-trimethoxy-3-oxo-5H-dibenzo(a,d)cycloheptene",-0.271266865,-0.443124318,-0.325722205,-0.593137696,-0.181152248,-0.133867819,-0.31313468,-0.522772958,-0.273359484,1.516638017,-0.009937454,1.345685963,2.238534997
"1,3-bis[(Trimethylsilyl)ethynyl]benzene",-0.72556354,-0.71779351,-0.84593827,0.09855041,-0.86811627,-0.86091991,-0.75846899,-0.83072711,-0.76299826,-0.96321662,,,
"1,3-Cyclohexanebis(methylamine)",,,-0.420125426,1.035598608,,,,-0.324983908,-0.238065213,1.54286911,1.17322505,2.551686157,0.394836956
"1,3-Dioxane-4-methanol, 4,5-dimethyl-",-0.172513491,-0.028648186,-0.18264757,-0.225005227,0.221016078,0.162528401,-0.164707848,-0.230428345,-0.0005823,1.668497448,5.390379319,1.25829324,
"1,3,5-Benzetriol",,,,-0.204448527,,-0.760086412,,,-0.708882117,,0.697776986,1.660226124,1.37269512
"1,3,5-Trimethyl-1H-pyrazol-4-amine",-0.167848866,-0.203116422,-0.176731748,-0.187726094,-0.255128103,-0.168643287,-0.176043091,-0.186761423,-0.16348918,-0.273722959,-0.273864644,-0.273933625,
"1,4-Butanediol",-0.706127,,0.3835664,0.1152631,-0.7881843,-0.2136321,,,-0.5319666,-0.7130921,-0.7641111,,
"1,4-diazabicyclo[4.3.0]nonan-2,5-dione, 3-methyl ",-0.27649687,-0.21618962,-0.30704019,0.24083983,,-0.31883874,-0.28147813,-0.30012438,-0.32792238,3.99789122,1.03413802,2.38634351,
"1,4-Dioxaspiro[4.5]decane",0.34594323,,,,,,,0.11203993,,,,,-0.2988805
"1,5-Anhydroglucitol",-0.314552,-0.40535711,,-0.45211376,-0.29414281,-0.27612362,-0.3365785,-0.47446185,-0.4045949,0.2333143,0.25067933,0.39558455,0.68604137
10-Heptadecenoic acid,-0.109139711,-0.080861823,-0.089766638,-0.264685653,-0.153124541,-0.043773239,-0.000750746,-0.18145195,-0.098717743,0.76019789,0.866317182,0.238356557,0.319640628
10-Nonadecenoic acid,-0.06798255,,0.08577982,,-0.20316769,0.21721191,,,,1.56574473,1.245237,1.02129592,
12-Hydroxyoctadecanoic acid,,-0.295271246,-0.224022799,-0.360195207,,-0.068573472,-0.185453853,-0.363888195,-0.238815742,2.159401865,1.473098467,,
12-Oxooctadecanoate,-0.234656914,-0.245406865,-0.474998752,-0.306743661,-0.087225617,-0.148645273,,,-0.20505047,-0.351715275,-0.363900701,-0.336376536,0.061262566
13-Docosenamide,-0.55762473,-0.41960676,-0.60663683,-0.14912065,-0.53737741,-0.45406161,-0.44166976,-0.54576615,-0.53294105,-0.76166553,-0.7611919,,
"15-Oxo-11Z,13E-eicosadienoic acid",-0.321566205,-0.46147354,,-0.013056384,-0.43733799,,,,-0.099709751,0.080656574,0.110116745,0.519946302,3.423005452
"1H-Inden-1-one, 2,3-dihydro-7-hydroxy-3-methyl- ",-0.42866863,-0.3605185,0.4360218,-0.40520233,,-0.17598127,-0.14923856,-0.4105117,-0.38341324,,,,
"1H-Indole, 1-(trimethysilyl)-2,5-bis[(trimethylsilyl)oxy]-",,0.060338364,0.391610223,,,,0.584264061,0.042878043,,-0.141518043,1.197584849,0.551821753,
"1H-Pyrazole, 3,4-bis(trimethylsilyl)-",,-0.22518458,,-0.33047215,-0.38798046,-0.37820154,-0.23878572,-0.27000086,-0.36240603,0.18406998,,,2.03851072
"2-(2,5-Dimethoxy-phenyl)-propionaldehyde",-0.71423649,-0.85907308,-0.31692645,-0.76915255,-0.3854281,-0.41710589,-0.60001734,-0.69591456,-0.29539239,0.22436986,-0.03380685,0.46172175,-0.55018684
2-(Bis[2-(trimethylsilyl)oxyethyl]amino)acetic acid,-0.30623091,-0.29920556,-0.33564205,-0.35369062,-0.24517131,-0.29235868,-0.22384993,-0.34413733,-0.36115319,,,,0.57676566
"2-(Decanoyloxy)propane-1,3-diyl dioctanoate",,,0.006431348,,,,,-0.070697739,0.014204545,,,,
"2-Acetyl-3-(1-methyl-2-pyrrolyl)-1,4-benzenediol",-0.3374599,0.006662402,-0.360442742,-0.320088404,-0.318311258,,-0.223268803,-0.235840333,-0.352871166,,,,
2-Acetyl-5-chloro-3-methylbenzo(b)thiophene,,2.90164655,,,,,0.080738808,,,0.646811548,0.573830886,0.048312499,-0.133647011
"2-Allyl-1,4-dimethoxybenzene",-0.478677612,,,,,,-0.487598554,,,1.068161844,0.789470491,1.47499299,-0.111463061
2-Amino-4-methylphenol,-0.13008669,-0.17275229,-0.24055882,,-0.05596175,-0.07337212,0.02926831,-0.21758046,-0.07990271,,,,
"2-Amino-4,6-dihydroxypyrimidine",-0.71893886,-0.52660539,,0.01230674,-0.38374734,-0.70804854,,,,-0.74922014,,,
2-Aminoadipic acid,-0.041551194,-0.007666626,-0.042891034,-0.094483344,0.234878668,0.063272209,0.15630176,-0.106659271,-0.231588527,0.003288349,0.113887923,-0.092077335,0.903531848
2-Aminobutanoic acid,-0.309932698,0.284573626,-0.261709001,0.43612507,-0.475900729,-0.359757464,-0.275266506,-0.367475162,-0.29724108,1.044365481,0.345831769,-0.214862017,2.035109587
2-Butenedioic acid,-0.410527871,-0.29649804,-0.091210475,-0.164118406,0.196003267,-0.419363212,-0.183746892,-0.250885125,-0.360022724,2.857472153,1.775403284,1.185799417,-0.371390231
"2-Butenoic acid, 2-[(trimethylsilyl)oxy]-",-0.21019124,-0.2190735,-0.20314223,-0.23301806,-0.16705475,-0.18525877,-0.1773309,-0.2484076,-0.22308134,,,1.97428294,4.64816394
2-Ethyl-3-hydroxypropionic acid,,-0.458641077,-0.324926249,-1.087122266,0.469167506,-0.730068586,-0.578905446,-0.529071768,-0.262793455,,,,-0.827519863
2-Furoic acid,0.29365558,0.21290042,,0.83687985,,,-0.21837057,-0.35964931,,,,,2.59178397
"2-Heptanone, 4,6-dimethyl-",,-0.223758251,-0.071966693,,-0.179809846,-0.006541672,-0.198427651,-0.123995249,-0.100476651,,,,
2-Heptenoic acid,-0.43033166,0.50820218,-0.10825231,-0.41446255,-0.20019286,-0.31875664,-0.2957217,0.13316401,-0.36234552,,3.18012414,,
2-Hexen-1-ol,-1.033043811,-0.987928146,1.812983591,,-0.699678337,0.325099299,-0.722202307,-0.139589979,-1.038675831,-0.239206464,0.014098145,-0.366730958,-0.291270245
"2-Hexenoic acid, 2-[(trimethylsilyl)oxy]-",,-0.492830651,2.38568471,,0.094132312,,0.049681044,0.117157521,,,,,
2-Hydroxy-2-methylbutyric acid,,,,,-0.31950204,,,,,1.20847528,-0.31043024,-0.6182129,1.34538511
2-Hydroxy-3-methylbutyric acid,-0.16143,-0.1853332,-0.1873296,-0.2600618,-0.1679162,-0.1687826,-0.1789404,-0.2420823,-0.1625761,,0.3375161,,2.7200819
2-Hydroxy-5-methoxybenzaldehyde,-0.525906007,-0.638367367,-0.485981927,-0.778341551,-0.347999844,-0.355719723,-0.407225957,-0.584641696,-0.498546046,0.607327337,0.461312806,0.943797082,0.860178114
2-Hydroxybutyric acid,-0.3707499,-0.19522118,-0.96224102,-0.74511225,-1.07113708,,,-0.75171221,,1.11730192,0.22143911,1.40777754,1.85922509
2-Imidazolidinone,-0.2381771,,-0.279969,-0.2368217,,-0.2229419,-0.2196139,-0.2951476,-0.2675512,,,,
2-Isopropyl-5-methyl-1-heptanol,,,,,,,,,,,,,
2-Ketoisocaproic acid,,-0.58088872,0.10985805,,-0.40026915,,-0.29186074,-0.03798452,-0.3955554,-0.51056083,-0.53918026,-0.74662186,
2-Methyl-4-pentenoic acid,-0.79393859,-0.84953793,-0.69745181,-0.91158789,-0.46678762,-0.69847232,-0.84238804,-1.00794762,-0.97284628,-0.39299303,-0.17286472,-0.2619943,0.34440852
2-Methyl-E-7-hexadecene,,-0.40708871,,,,,,,,,,,
2-Methylglutaconic acid,-1.041480276,-1.08581382,-1.054332232,-0.139021172,-0.25022126,-0.988468229,-0.772951065,-1.042323174,-0.983016035,-0.910563429,-0.872533601,-0.435113941,2.638987983
2-Naphthol,-0.608666491,-1.004243156,-1.033284823,-0.816280967,-1.103289273,-0.391725705,-0.907784476,-1.138855747,-0.703493097,,-0.817116286,-0.782880163,1.584621001
2-Oxooctanoic acid,-0.35535169,-0.170179795,-0.399464808,0.123540859,-0.395873607,-0.392845631,-0.377048395,-0.268896927,-0.406082123,-0.40700326,-0.4067724,-0.407027758,
"2-Pentenedioic acid, 3-methyl-",,,-0.3196124,0.1028126,,0.1695458,,,,-0.4276306,-0.433543,-0.431397,
2-Pentenoic acid,-0.27924797,-0.32987947,-0.04918552,-0.43552974,-0.19633132,-0.13237036,-0.15768207,-0.27498966,-0.33044809,,,-0.32254424,
2-Piperidinone,-0.18164666,-0.04504892,-0.14821418,-0.08000052,-0.19532239,-0.14970091,-0.17443653,,-0.13259519,3.32054287,7.46321643,,
"2-Propanone, bis(1-methylethyl)hydrazone",-0.2018011,-0.2192428,-0.1884293,-0.2425456,-0.1046129,-0.1342403,-0.1754202,-0.2467745,-0.2192096,,0.8564331,,4.3243999
"2-Propenamide, 3-phenyl-N-2-propenyl-",-0.144167049,-0.180915783,-0.177716577,-0.036570364,,,-0.174211315,-0.151349083,-0.172400462,,,0.196923329,
"2-Propenoic acid, 2-[(trimethylsilyl)oxy]-3-[4-[(trimethylsilyl)oxy]phenyl]-",,,-0.07798937,-0.13774817,-0.06972271,-0.10833869,,-0.06846685,-0.11255304,,,,
"2-Propenoic acid, 2,3,3-tris[(trimethylsilyl)oxy]-",,,,,,,,-0.231291838,,,-0.232103733,,
2-Pyrrolidinone,-0.206031315,-0.101885186,-0.159589956,-0.236678274,-0.166647355,-0.120667015,-0.07343381,-0.150645051,-0.192459271,2.822602093,5.201543629,1.880454152,-0.131318316
2-Trimethylsilyloxysebacic acid,,0.769858754,,,,,,0.008139542,,,,,
"2,2-Diallylpyrrolidine",-0.146910946,-0.118698044,-0.167639071,-0.104489095,-0.1594641,-0.188320386,-0.163317897,-0.185262645,-0.026413653,,2.107802854,,
"2,2,4-Trimethyl-1,3-pentanediol diisobutyrate",,-0.927246382,-1.138668105,,-0.065887514,-0.073692649,-1.297088408,-1.463212773,-0.602458758,-0.879378203,-0.972259599,-0.796791564,1.387277729
"2,2,8,8-Tetramethyl-3,7-dioxa-4-aza-2,8-disilanon-4-ene",1.178518279,1.127476911,1.560088253,0.532253219,,,,,2.424567383,3.688196791,2.063701978,2.626852508,
"2,2'-Biphenyldiol",-0.08939381,-0.13049959,-0.18053974,-0.12571181,-0.05981248,-0.03322832,-0.05594162,-0.17388098,-0.11158499,9.39282583,0.31537201,,
"2,3-Butanediol",-0.514897893,-0.100437832,-0.420512201,0.537235752,3.398547625,-0.941374429,-0.712123958,-0.987560457,-0.949370338,,,-0.099928173,
"2,3,4-Trihydroxybutyric acid tetrakis",,,1.884560993,,,,,,,0.88644894,0.781189234,1.16998046,0.758035625
"2,3,4,5-Tetrahydroxypentanoic acid-1,4-lactone",,,,,,,,,,1.10734477,1.037699953,1.500727105,0.003338022
"2,4-Decadienal",-0.642554419,-0.704909878,-0.589555925,,-0.669567111,-0.514572061,-0.435085426,-0.687717565,-0.61368973,0.365246643,0.621602376,0.166223924,2.642598646
"2,4-Diamino-6,7-dimethylpteridine",-0.87078357,-1.02764846,-0.91997581,-1.09464148,-0.53847428,-0.61578177,-0.80398584,-1.17901445,-0.97003191,-0.75497235,-0.76242798,-0.56967973,1.86989908
"2,4-Imidazolidinedione, 5,5-dimethyl-",-0.48444685,-0.46195892,-0.44961214,-0.11076073,1.24399921,,-0.35680206,-0.4032075,-0.54180419,,,,2.1084522
"2,5-Cyclohexadiene-1,4-dione, 2,6-bis(1,1-dimethylethyl)-",-0.70297926,-0.785569513,-0.895843316,,1.007456672,0.525854776,-0.530030644,-1.104372374,-0.626829272,,-1.368462337,-1.459462369,0.319534277
"2,5-di-tert-Butyl-1,4-benzoquinone",-0.239663059,,-0.09139387,-0.036572769,0.415513767,0.163144196,0.172939279,-0.060322294,,4.763595571,4.015019037,,
"2,5-Di-tert-butyl-4-((trimethylsilyl)oxy)phenol",-1.27113485,-1.14867734,-0.94645646,-1.34144476,-0.73246108,-0.76568726,-0.88910444,-1.14853577,-1.01690157,1.16508233,0.71971868,0.69572308,1.3364842
"2,5-Di-tert-butylhydroquinone",-0.20907183,-0.29092409,-0.22109715,-0.35594692,-0.28071179,-0.25947451,-0.24349797,-0.333482,-0.33894494,,,,-0.47716741
"2,5-Dimethoxy-4-(n)-propylphenethylamine",,,,,,,,,-0.38752781,,-0.40994524,,
"2,5-Dimethoxy-4-methylamphetamine",-0.75656115,-0.85500265,-0.41441531,-1.17614167,-0.17144891,-0.12126966,-0.54892954,-0.91984694,-0.75025812,-0.28902355,-0.34781773,-0.30933815,0.37358085
"2,5-Dimethoxybenzhydrazide",-0.222718772,-0.140382075,0.226004965,-0.43856124,0.090958532,0.129843843,0.071529633,-0.130936085,-0.302482738,0.5872266,0.661561517,0.716794456,0.012843239
"2,5-Dimethoxybenzonitrile",-0.586129227,0.059212059,0.138502431,-0.652175874,0.311348621,0.21029967,0.113626928,-0.201054161,-0.336004039,0.78854541,-0.048026436,0.150693141,
"2,5-Dimethoxymandelic acid",-0.426,-0.37,-0.183,-0.604,-0.0754,-0.19,-0.0753,-0.209,-0.375,-0.653,-0.653,-0.653,-0.653
"2,5-Dimethoxyphenol",-0.54003427,-0.58001398,-0.08834085,-0.98818983,-0.22062211,-0.07939454,-0.1554458,-0.42283406,-0.65727381,0.68315075,0.53594616,0.72010192,1.14944794
"2,5-Dimethyl-1-aza-bicyclo[2.2.1]heptane",-0.28814369,-0.05842387,-0.04895051,-0.28953003,0.33806128,-0.19095009,-0.05153608,0.09465536,-0.26559319,-0.27304695,-0.27715825,,
"2,5-Piperazinedione, 3-(phenylmethyl)-",,,,-0.266238057,,,,,,,,,1.855056472
"2,5-Piperazinedione, 3-benzyl-6-isopropyl-",,,,-0.6835968,,,,,,,,,
"2,5-Piperazinedione, 3-methyl-6-(phenylmethyl)-",,,,-0.1798079,,,,,,6.86771884,-0.01141826,4.8471964,
"2,6-Bis[2-[2-S-thiosulfuroethylamino]ethoxy]pyrazine",-0.548008348,-0.57186341,-0.343809193,,-0.534863377,-0.515415297,,,,-0.239143464,-0.382764165,,
"2,6-Dimethoxybenzylamine",-0.387009658,0.034760702,-0.453665364,0.091425284,-0.003621118,-0.382224498,-0.106842286,-0.317752091,-0.444379216,,,,
"2,6-Dimethoxyhydroquinone",-0.321933776,-0.30448437,0.040057942,-0.595366394,-0.185196915,-0.061128089,-0.027633614,-0.234124087,-0.382030236,0.896904517,0.613367931,0.587931225,-0.140208172
"2,6-Dimethyl-N-[3-(trimethylsilyl)-1,3-thiazinan-2-ylidene]aniline",-1.346300937,-1.420402956,-0.744385952,-0.693998429,0.016073229,-1.227446238,-1.410567488,-1.174344604,0.013645377,-0.34031465,-0.972928321,-0.44455877,1.07108594
"2,6,10-Trimethyltridecane",-0.07084188,,,,,,-0.3596573,-0.24822544,,,,,
2'-Deoxyribolactone,-0.52848261,,-0.47463272,-0.49820093,,,-0.30874471,,-0.52748401,2.97917485,1.40910513,1.75045539,
"2',2,3,6'-Tetramethoxychalcone",-0.442800609,-0.523187087,0.065270709,-0.834206804,0.003175075,0.133402221,-0.197790656,-0.587644956,-0.485114513,,,,2.145398479
3-(2-Hydroxyethyl)imidazole-2-thione,-0.205102736,-0.940359522,-0.689701089,-0.674820161,-0.510174503,-0.36406455,-0.058940138,-0.790312723,-0.614319795,-1.128312297,-1.135982925,-1.129285434,-0.52568916
"3-(3-Cyclohexylaminopropionylamino)-5-ethylthiophene-2-carboxylic acid, ethyl ester",-0.36760636,-0.31064199,-0.45730421,0.24799023,-0.43471881,-0.43284979,-0.37818055,,-0.36815379,0.69083405,0.31635211,1.63233982,3.5269179
3-Amino-2-piperidone,-0.369949308,-0.349263748,-0.349166333,0.076481831,-0.380105721,-0.388064973,-0.390018713,-0.325706888,-0.251764254,5.01408218,2.825803072,2.59367562,-0.208336878
3-Amino-5-morpholinomethyl-2-oxazolidinone,,,0.844512502,,1.31888884,0.346519816,,,,-0.120688758,-0.226076209,0.116768618,2.808219412
3-Aminobenzoic acid,-0.40098065,-0.31445168,-0.38987652,-0.59428456,-0.31503769,-0.29794279,-0.34291393,-0.41571033,-0.46224493,-0.16642792,-0.11420172,0.03201109,4.12858264
3-Aminobutanoic acid,,-0.5208089,,1.879200054,,,,,,-1.091368129,-0.955237637,-0.945115532,1.726362833
"3-Buten-2-one, 3-trimethylsilyloxy-",-0.753537023,-0.965847678,-0.966964192,-1.3443334,-0.784538997,-0.558676707,-0.994559408,-1.201141038,-0.874369523,-0.795930483,-0.712984025,-0.640065242,1.295474439
"3-Buten-2-one, 4-(4-methoxyphenyl)-",-0.31098838,-0.43183328,0.18569623,-0.65060043,-0.09411764,-0.12249558,-0.12693354,-0.19131383,-0.2855253,1.43178295,0.97652595,1.66367459,-0.61114724
"3-Cyclohexyl-L-alanine amide, N,N,N'N'-tetramethyl-",-0.293379605,-0.223850074,-0.378484148,0.077544523,-0.418282438,-0.409838095,-0.380258687,-0.275200258,-0.280360474,3.8771178,3.046001941,3.096900727,-0.134869444
3-Ethylphenol,-0.3652236,-0.45396336,-0.23060772,-0.5519664,-0.27139954,-0.33419937,-0.48546114,-0.54263072,0.12047975,,-0.37882072,,
3-Hexenedinitrile,-1.001888333,-0.906187071,-0.382946765,-0.971085868,0.045882165,-0.079707745,-0.895881527,-0.778837607,-1.058497315,-0.335125573,-0.327504426,-0.019320766,1.971599016
"3-Hydroxy-2,3-dihydromaltol",,-0.262298297,,3.441603002,,-0.337347004,-0.0488636,-0.312657711,,1.505009393,1.315001006,1.808613437,-0.221138096
3-Hydroxybutyric acid,-0.67334276,-0.75753517,-0.66089497,-0.79890522,0.43149966,-0.57134706,-0.38342933,-0.76594756,-0.77067675,1.45418187,0.66772739,1.23788263,1.92214652
3-Hydroxyisovaleric acid,-0.53177511,-0.33801146,-0.58138056,-0.80547868,-0.21397259,-0.48829637,-0.41494726,-0.76139878,-0.38400101,-1.02220932,-1.06893361,,-1.0461957
3-Indoleacetic acid,,-0.70722624,-0.73122019,-0.29396034,,,-0.66240329,-0.54041385,-0.57979339,,,,
3-Indolepropionic acid,-0.417984805,-0.555782934,-0.568833956,-0.098262777,-0.517488482,-0.543108879,-0.511689181,-0.250591985,-0.481695651,,,,
"3-Methoxyamphetamine, 4-Trimethylsilyloxy, N,N-bis(Trimethylsilyloxy)-",-0.271241278,-0.337297521,-0.443530718,-0.387950165,-0.366924886,-0.307690616,-0.251358942,-0.359229577,-0.287914809,,,,
3-Methoxysalicylic acid,-0.05173896,,0.15612211,-0.32776285,-0.29111791,-0.14153812,,-0.0501257,-0.20914241,,,,-0.35153146
"3-Methyl-1-(tetrahydropyrrolo[1,2-c]oxazol-3-ylidene)-butan-2-one",-0.285471513,-0.22677894,-0.312114893,0.007891767,-0.310844084,-0.316130628,-0.290300802,-0.196230484,-0.26978911,-0.176779945,-0.244465524,-0.262354939,
3-Methyl-2-butanol,-0.104879941,,-0.270229613,-0.226834859,-0.189015029,-0.006270674,,-0.399621536,-0.14492517,,,1.025917914,2.750999727
"3-Methyl-2-butenoic acid, tridec-2-ynyl ester",-0.687221572,-0.427488905,,-0.64813005,-0.129741615,-0.42055371,0.063520423,-0.425062179,-0.524392727,,,,2.06100485
3-Methyladenine,-0.73111761,-0.67663672,-0.71974443,-0.65356868,,-0.71476932,-0.7337163,-0.70150277,-0.7724473,-0.71964479,-0.75622348,,
"3-Methylpiperazine-2,5-dione, (R)-",-0.30247592,-0.1378938,-0.27708203,0.16692487,-0.31601066,-0.3168722,-0.30048269,-0.17362445,-0.27927227,4.64819398,4.27692991,2.43340894,
3-Methylvaleric acid,-0.001910217,-0.129768107,-0.286939297,,-0.377552388,-0.384917267,0.004394931,-0.744230694,0.133458902,-0.903584987,-0.925056022,-0.908159618,
3-Nonen-1-ol,,0.039388855,0.269829615,,,0.257855674,,-0.116596262,0.102089678,3.952319267,6.273419945,,
3-Ureidopropionic acid,,,-0.012265722,,1.759959061,,,,,-0.607954173,-0.538402946,-0.375281966,0.866049722
"3,4-Dihydrocoumarin, 4,4-dimethyl-6-dimethylamino-",-0.248001704,-0.256107393,-0.003748831,-0.537849426,-0.05451797,0.122282936,0.018459297,-0.184754493,-0.309531356,0.925189791,0.606386837,0.870846739,-0.157570723
"3,4-Dihydroxymandelic acid, ethyl ester",,-0.68747303,,,,,,,,,,,
"3,4-dimethyl-5-(3,4-methylenedioxy)phenyloxazolidine",,,,-0.14581293,3.7048373,,,,,-0.36080726,-0.37325973,-0.35379797,-0.28063719
"3,4,5-Trihydroxypentanoic acid, tetrakis(trimethylsilyl)-",-0.206313776,,0.561061754,,,-0.210122125,-0.118856052,0.272144697,,,-0.420044505,-0.404343152,-0.479298672
"3,5-Di-tert-butyl-2-trimethylsilyloxybenzaldehyde",-0.4077553,,-0.46593437,-0.28373196,-0.38027514,-0.47938975,,,0.21238599,1.63987147,1.09932745,,
"3,5-di-tert-Butyl-4-hydroxyacetophenone",-0.643876571,1.006723843,,-0.809339838,-0.72905901,-0.792719821,,,-0.92719007,,-0.820512474,,0.384167778
"3,5-Dimethyl-1,4-diallylpyrazole",-0.311287724,-0.372241744,-0.446545155,-0.147566339,-0.084863048,-0.105778486,-0.271560239,-0.550640237,-0.284839334,,,,-0.670641841
"3,5-Dimethylpyrazole",-0.4090204,-0.427312,-0.4014542,,-0.3341284,-0.3480058,,-0.4597973,-0.4112524,0.5256848,,0.3874732,
3'-(Trimethylsilyl)oxy-beta-naphthoflavone,-0.30899632,-0.36493025,,,-0.44367915,-0.44302198,,-0.37149597,-0.38970439,0.06278955,,0.30581426,1.85796163
3'-Hydroxyacetophenone,-0.468468986,0.122136744,-0.583088238,-0.73458923,-0.558892065,-0.414224301,-0.598895035,-0.602792436,-0.544057749,0.293087805,1.80375997,-0.033155392,0.777073851
"3beta-TRIMETHYLSILOXY-5alpha,6alpha-EPOXYCHOLESTANE",-0.246250213,-0.04961103,0.082066157,,-0.131539047,0.065171261,-0.085265603,0.066617972,-0.213918244,-0.047473319,0.895742976,-0.147422073,-0.189209002
"3beta,4beta-Bis(trimethylsiloxy)cholest-5-ene",-0.740957041,-0.51852737,-0.361745878,-0.670265951,-0.369070735,-0.576977048,-0.543425986,-0.603582032,-0.615600081,-0.30550057,0.342812538,-0.329711956,3.534350432
4-(Methoxycarbonyl)phenol,-0.179222857,-0.974799049,-0.78986211,-0.712186931,0.733935801,-0.234634544,-0.033286901,-0.52040332,-0.688470489,-0.933296708,-1.03488715,-1.065840939,0.356544096
"4-(tert-Butylamino)-6-ethylamino-5H-1,3,5-triazin-2-one",-0.06910081,-0.04479476,-0.23382049,-0.25146066,-0.06790151,0.07011416,-0.0470355,-0.22449731,-0.18255342,1.59922098,-0.10873072,,
4-(Trimethylsilyoxy)-3-penten-2-one,-1.175151297,-0.935929423,-0.955786897,-1.381809162,-0.563862123,-0.575646873,-0.594013414,-1.11912682,-0.985867998,-0.423129876,-0.301388549,-0.20382347,0.098757196
"4-[2-(4,7-Dimethoxy-2H-1,3-benzodioxol-5-yl)ethenyl]-2-methoxyphenol",-0.10208176,-0.14356101,-0.11044323,-0.1445883,-0.07840005,-0.08359173,-0.11393014,-0.13712813,-0.12452091,,,,
4-Cumylphenol,,,-0.99569336,-0.57474443,,,-1.01054448,-1.02270046,-0.94251391,,,-0.24688218,1.71603824
"4-Fluoroaniline, N-trimethylsilyl-",-0.921641076,-1.007253744,-0.722553616,-1.295091512,-0.807860966,-0.873134249,-0.868638107,-0.969713158,-0.979763216,0.52411379,0.537774455,0.475083271,2.627272968
4-Hydroxy-5-(hydroxymethyl)oxolan-2-one,,,,1.44276997,2.19311733,,,,,0.21302026,-0.5618378,0.46735832,0.95893537
4-Hydroxybenzaldehyde,-0.448372678,-0.403594354,-0.270473034,-0.449923571,-0.316628069,-0.420502172,-0.269735039,-0.285477249,-0.417930158,3.375602458,2.400588613,2.441176301,0.22617907
4-Hydroxybenzeneacetic acid,,,,-0.13174841,,,,,,2.28612693,1.90890195,1.31284294,0.05714718
4-Hydroxybenzoic acid,-0.24244777,-0.19043528,-0.20937152,-0.23127845,1.04962708,-0.07177612,-0.05378626,-0.14388675,-0.24703872,2.38970801,2.78443949,1.89344652,-0.21019379
4-Hydroxybutanoic acid,-0.662304317,-0.692490382,-0.510346142,-0.568952984,1.30536921,-0.51259497,-0.207860968,-0.376128062,-0.6257206,1.100284414,0.214955285,0.4591903,
4-Hydroxyphenyllactic acid,-0.63524356,-0.85156734,-0.74597336,-0.74722457,-0.55754418,-1.09589754,-0.60067126,-0.5464137,-0.67591322,0.59044121,,0.30491959,0.66872693
4-Methoxyphenol,-0.577343076,-0.713197475,-0.653036848,-0.826846085,-0.332798549,-0.435321775,-0.538564962,-0.83208924,-0.687123161,0.413633249,0.346579521,0.843396197,2.664027904
"4-Methylethcathinone, N-acetyl-",0.05352598,-0.10658266,-0.18450578,0.02972921,-0.18375409,-0.23649664,-0.12584815,-0.27308265,-0.2665579,,,,
4-Methylvaleric acid,-1.332262896,-1.173499849,-0.777286,-1.249318976,-0.222831303,-1.156934133,-0.886231942,-0.721323474,-0.262641346,-0.577198772,-0.587763487,-0.31224232,1.854137164
4-Pyridinol,-0.487202456,-0.51912735,0.062529685,-0.947319648,-0.056306685,-0.005896834,-0.105883677,-0.384441503,-0.606406268,0.733792208,0.602568138,0.314796692,0.954688741
"4,4,5,8-Tetramethyl-chroman-2-one",-0.09876569,-0.15208836,,0.05659225,-0.10815408,-0.08334063,-0.16693341,,-0.10071354,,,,
5-(2-Aminopropyl)-2-methylphenol,-0.045779192,-0.068241675,0.055484482,-0.25023023,-0.066584871,0.148045936,0.053739466,-0.073285881,-0.029666329,-0.014026299,0.572896294,-0.171424634,
5-Aminovaleric acid,,,,,,,,,,0.09350217,0.15788328,-0.0795074,
"5-Androsten-17alpha-methyl-3beta,17beta-diol",,,-0.266784945,,2.150897069,,-0.259632575,-0.268042387,-0.267271112,-0.237880102,-0.263086017,-0.262990861,7.135110804
"5-Cholesten-3beta, 7alpha-bis[(trimethylsilyl)oxy]- ",-0.308478227,0.135602523,-0.194996348,-0.323966483,-0.212960377,-0.259892431,-0.242690197,0.060126064,-0.303670053,-0.118696281,1.764027787,-0.274398803,0.054173826
5-Ethyluracil,,-0.52537749,,0.65182828,,,,-0.51877759,-0.5391327,,,-0.42139202,
5-Henicosylresorcinol,-0.724536071,,,-0.736260408,,-0.713722439,,,-0.785282356,-0.971163209,,,-0.9664638
5-Hydroxy-L-tryptophan,-0.15873404,-0.11173011,-0.23319285,-0.19009832,-0.06173718,-0.04458606,0.10593185,-0.06834033,-0.14640529,5.07992241,3.38308187,0.96954527,
5-Hydroxyquinoline,-0.184089712,-0.080731676,-0.176371742,-0.321868929,-0.169654271,-0.075579003,-0.130842935,-0.230031422,-0.089753869,1.001951619,2.503251475,1.397650757,
5-Hydroxytryptophan,-1.47872359,-0.28671624,1.14190775,-1.07765527,,-0.90081066,-0.5444747,,-1.38543934,-0.55791641,-0.57731207,-0.56527993,1.67698954
5-Methyluridine,-0.14299364,,-0.10461892,-0.06997433,-0.05029921,,-0.09380662,-0.0861264,-0.10085555,,,,
"5,10-Diethoxy-2,3,7,8-tetrahydro-1H,6H-dipyrrolo[1,2-a:1',2'-d]pyrazine ",0.190091702,-0.249834634,,1.334831307,-0.251143361,-0.251059424,-0.167445817,,-0.170061952,4.360071157,1.793743308,2.377169962,
"5,6-Dihydro-5-methyluracil",,-0.297393531,-0.283802404,0.511058591,-0.424481759,,-0.382546182,,-0.265629993,,,,
"5,6-Dimethyl-4-phenyl-3-cyanopyridine-2(1H)-thione",0.082398462,0.13448094,,,0.116304948,,,,,,-0.489691989,-0.498880699,
"5alpha-Pregnane-3,20-dione",,,0.74448679,,1.05361931,,0.39548939,1.42324751,,4.01115993,1.60782252,1.37780152,
6-Hydroxyflavone-beta-D-glucoside,0.24552737,,0.67254133,-0.57954751,,0.89453375,,0.71423943,,2.92186163,0.99838894,2.91259608,
6-Hydroxyflavone,-0.192001051,-0.114487575,-0.201677961,-0.09741245,0.840205414,0.623836289,0.728977872,,0.085073316,,,,
"6-Methoxy-1-methyl-1,2,3,4-tetrahydroisoquinolin-7-ol ",-0.175756042,-0.168848323,-0.098785899,-0.18733067,-0.028015011,-0.006478848,,-0.257570229,,3.81493388,0.533310688,2.437433257,
"6,7,4'-Trihydroxyisoflavone",0.11647335,2.69120002,,-0.02508292,1.12126164,0.35080309,,,,2.77641355,2.42545836,2.17977213,-0.12576101
"6,8-Dioxapentadecane",-0.277389152,-0.065306506,,,0.121065737,0.15964082,-0.261699502,,0.007647974,0.623957784,,0.706353898,1.636773927
"7-(Trimethylsilyl)-2,6-bis[(trimethylsilyl)oxy]-7H-purine",,-0.09451707,,,3.86998495,,,,,,,10.29068518,
7-(Trimethylsilyl)amino-4-methylcoumarin,-0.592622324,,-0.641013793,1.24629087,,,,-0.607413798,-0.631207437,1.526350227,2.524533228,1.429446706,
"7-Acetyl-6-ethyl-1,1,4,4-tetramethyltetralin ",-0.030761933,0.085770663,-0.622882392,-0.446791767,-0.572867318,0.085952051,-0.317997891,-0.472323151,-0.508559611,-0.577629394,-0.60280662,-0.583548364,-0.415460763
"7-Isoquinolinol, 1,2,3,4-tetrahydro-1-[(4-hydroxyphenyl)methyl]-6-methoxy-",-0.337930669,-0.386674959,-0.484219368,-0.591227383,0.1571187,-0.109901133,0.273626973,-0.141779414,-0.3970492,0.89685522,1.19700149,0.699750958,0.058289867
"7-Keto-3alpha,12-alpha-dihydroxycholanic acid",,,,,-0.22843012,,,0.85461179,-0.22386078,,,-0.03851672,0.46384638
"7,9-Di-tert-butyl-1-oxaspiro(4,5)deca-6,9-diene-2,8-dione",-0.54513175,-0.67547147,-0.63588575,-0.77279791,-0.27702661,-0.40610161,-0.52166831,-0.76877165,-0.62165244,2.67960992,2.27633433,0.68500929,2.44045631
8-Heptadecene,,0.857779,0.88141003,,1.36147368,,0.10890952,-0.13964514,,,-0.26204074,,
8-Hydroxy-5-(hydroxymethyl)quinoline,-0.080713636,-0.122550418,,-0.18142062,0.208123261,0.164391966,0.085456468,0.013163274,-0.151407053,2.707559135,,10.20311247,
9-Hexadecenoic acid,-0.723446027,-0.780769937,0.486701647,-0.859899303,,,0.411955163,-0.124763275,-0.868771678,-0.307855499,-0.348969076,,2.63061688
9-Octadecenamide,-0.34500888,-0.25278905,-0.26441744,-0.28055847,-0.25178976,-0.18037913,-0.26259354,-0.26984491,-0.05876467,,-0.40505493,,
9-Octadecenoic acid,0.98127295,,,,,,7.57068317,,,-0.66751225,-0.52083925,-0.59057643,-0.43765842
"9,12-Octadecadienoic acid",-0.267677086,-0.281465387,-0.22898184,-0.340547402,-0.254423557,-0.316125779,-0.337191353,-0.33499448,-0.286564743,-0.000706906,-0.401951075,0.03105384,-0.403542182
"9(E),11(E)-Conjugated linoleic acid",,0.5546117,,1.4541374,1.5870839,,,1.2503092,,,,,
"9H-Fluorene, 9-methylene-",-0.16300677,-0.17401734,,-0.37859854,-0.33898897,0.40236612,-0.28237838,-0.4847074,-0.45200713,,,-0.69649601,
9H-Purin-6-ol,,-0.11266003,-0.02697128,,,-0.19365285,,-0.18611315,,0.22449783,0.05529909,0.07315499,
"9H-Purine, 9-(trimethylsilyl)-2,6,8-tris[(trimethylsilyl)oxy]-",,,,-0.372158499,,0.220558936,0.016825038,0.768151222,,0.627480817,-0.258775606,,0.410991705
"Acetamide, 2,2,2-trifluoro-",0.11007705,1.0379808,,,,,,,,-0.81137451,-0.79757011,-0.7583881,0.69738037
"Acetamide, N,N-diethyl-",-1.079792622,-1.143934826,-1.549528316,-1.086361566,-0.138933742,-0.808516019,-1.340207845,-1.123769015,-0.965202512,-0.757525774,-0.791592622,-0.63582753,1.766068404
"Acetic acid, bis[(trimethylsilyl)oxyl]-",-0.823026,-0.336336,-0.2878319,-0.9531315,1.1879187,-0.4788324,-0.3592786,-0.2927286,-0.7364787,-0.9611178,-1.0537749,-1.0069363,
"Acetin, bis-1,3-trimethylsilyl ether",-0.15502197,-0.24284035,-0.1354729,-0.36217141,-0.93982465,,-0.93916469,-0.28269107,-0.95133504,,,,
Acetoacetic acid,-0.171116254,0.011167167,-0.159206026,-0.230187858,-0.022411808,-0.141244351,0.065148958,-0.239359092,-0.15665608,2.115126827,1.431706032,2.85734019,-0.010500092
"Acetohydrazide, 2-(2-isopropyl-5-methylphenoxy)-N2-benzylideno-",-0.32379762,,,-0.3347418,,-0.26344287,,,,,,,-0.18248547
Aceturic acid,-0.438434516,-0.379518354,0.416458243,,-0.177017196,-0.376075753,-0.408441824,-0.369571036,-0.219698504,2.545930868,3.06853089,2.022142108,
Aconitic acid,0.24912901,,,,2.28762054,,,,,,,,
Adipoyl-L-carnitine,-0.21116581,-0.19361801,-0.08999261,-0.28797447,-0.01224316,-0.14956046,-0.04415539,-0.07018529,-0.21463069,-0.31861991,-0.3186171,,
Albizziin,-0.134323093,-0.21372605,-0.104415678,-0.374965495,-0.300179965,-0.165777537,-0.231613861,-0.130874372,-0.333441815,1.027514829,,,1.982325591
Alloxanic acid,-0.31071119,,-0.34008453,-0.0770401,-0.21029937,-0.19296523,,,-0.05961301,,,0.64055755,1.45946985
Allylescaline,,,,,,,,,,,,,
alpha-D-Mannopyranose,,,,,,,,,,,,,-0.066106086
"alpha-L-Galactopyranoside, methyl 6-deoxy-, (R,R,R,S,S)-",-0.17548363,-0.1913949,-0.13000971,-0.19827897,-0.22249105,-0.13210796,-0.14050451,-0.14130456,-0.13572676,,,,0.6525634
alpha-Linolenic acid,-0.373665223,-0.415600783,-0.192136881,-0.576615345,-0.387684831,,-0.166949749,-0.399869732,-0.306578849,,,,
alpha-Tocopherol,-0.610657359,-0.764073425,-0.505468944,0.762322483,-0.485018434,-0.447237846,-0.316216042,-0.740832154,-0.620146099,-0.366345386,-0.71156849,-0.326012581,0.553448041
Ammeline,-0.432623448,-0.413502922,-0.00042491,-0.467086523,0.494259658,0.091491038,,-0.120016219,,0.148147377,0.852007618,,
"androst1-2,4,6,16-tetraene-3,6,17-triol",,,,,0.95968717,,,,,,,,
Arabinaric acid,0.248531683,,,,,,,-0.312485909,0.249130823,4.247461048,3.319355068,2.444094666,
"Arabinofuranose, 1,2,3,5-tetrakis-O-",-0.34232144,-0.40931963,-0.34147208,-0.40466752,-0.34309294,-0.32793395,-0.31783835,,-0.32102769,0.78233949,0.20501026,-0.34471347,1.74111073
"Arabinonic acid, 2,3,5-tris-O-(trimethylsilyl)-, gamma-lactone",,-0.16096008,,,,0.27452997,,,,,,,
Arachidonic acid,-0.068482516,-0.054460081,,-0.14255742,-0.106076469,-0.023194327,,-0.166276177,,-0.251112211,-0.251247206,-0.097998784,-0.223571943
Arsenous acid,,,-0.46077655,,,,,-0.48003662,-0.27381741,-0.45767343,-0.17825211,3.78943734,
Aspartic acid,-0.1232961,-0.214633,-0.21010178,-0.29665057,-0.15490636,-0.19487867,-0.14270474,-0.27701918,-0.23894244,,,,
Atrazine desethyl,,-0.515605,,-0.03537032,,,,-0.54792124,-0.55225648,-0.57134493,-0.57452109,-0.57409299,-0.58048845
Azatadine,1.667929196,1.564630764,,0.462666574,,1.190010447,,,,-0.845249642,,-0.85254375,
"Azetidine, 1-acetyl-2-methyl-",-0.14003773,-0.14720633,-0.15473412,-0.14417137,-0.13024639,-0.06814137,-0.16419425,-0.15381182,-0.14314289,0.25109642,0.0130072,,4.93152698
"Aziridine, 1-(2-buten-2-yl)-",-0.44893224,-0.40485493,-0.4793246,-0.1423844,-0.4924888,-0.48800427,-0.46644738,-0.4231495,-0.45196263,,,,
"Benzaldehyde, 2,5-dimethyl-",0.02571516,0.08931749,-0.2983581,-0.42296422,-0.11925877,-0.3965659,-0.22509494,-0.02209091,-0.28000486,1.13165079,0.97237713,1.53865145,0.04652937
"Benzene, 1-acetoxy-2,6-dimethoxy-4-(2-propenyl)-",,,,,,,,,,0.1119646,0.5710643,,
"Benzene, 1,1'-(1,2-cyclobutanediyl)bis-",-0.29761382,-0.27437441,,-0.56929628,,0.24396869,-0.56518727,-0.86390341,-0.71455469,-0.45217604,-0.95404589,-0.96245226,0.33958521
"Benzene, 1,3-bis(1,1-dimethylethyl)-",,,,,,,,,-0.75543347,,-0.37310529,,1.02135562
"Benzene, 3-cyclohexen-1-yl-",-0.12281455,-0.39144776,-0.40623313,-0.56189609,-0.43859703,-0.08158387,-0.54556512,-0.50831299,-0.25850604,-0.72303469,-0.71752105,-0.7422684,
"Benzene, 4-ethenyl-1,2-dimethoxy-",-0.535045511,-0.678640495,-0.348271195,-0.786888947,-0.363500753,-0.32350801,-0.57338182,-0.115719736,-0.539615043,0.473197713,-0.18756448,,0.326612906
Benzeneacetamide,,,,,,-0.377229647,-0.339986423,-0.29526978,,-0.036507953,-0.038000477,-0.324966138,
Benzeneacetic acid,-0.52633959,-0.2818488,-0.49673375,-0.58265354,-0.20932585,-0.74789276,-0.38900351,-0.48338801,-0.35402825,3.81183175,3.49872006,1.4652863,0.41515423
"Benzeneethanamine, N-[(pentafluorophenyl)methylene]-4-[(trimethylsilyl)oxy]-",-0.71437719,,,1.20350597,,,-0.80454636,-0.80920659,-0.6236764,2.62526743,1.11105932,-0.17241847,
"Benzenemethanamine, 2,3-dimethoxy-",,,,,,-0.57576188,,-0.75933426,,-0.96288776,-0.96335086,,
"Benzenepropanoic acid, 3,5-bis(1,1-dimethylethyl)-4-hydroxy-",-0.219971428,-0.193112455,-0.220198045,-0.241309957,0.113974792,-0.137943827,-0.185855331,-0.251713352,-0.251755407,0.007452832,-0.11501346,,
Benzenepropanoic acid,-0.56904212,-0.588352574,-0.325287191,,1.234840416,-0.413232207,0.032726181,-0.076798064,-0.525660374,-0.670866422,-0.670068122,-0.65087471,
"Benzimidazole, 5-trifluoromethyl-2-methyl-",-0.836,-1.24,-1.19,-0.888,-0.349,-0.58,-0.962,-1.33,-0.951,-1.11,-1.06,-0.73,2.05
"Benzo[b]fluorene, 5-amino-7-methyl-1,2,3,4,6,7,8,9-octahydro-11-thia-10-aza-",-0.659432361,-0.505145715,,,-0.622574307,-0.595773896,-0.473826896,-0.340645566,-0.543260627,-0.707222973,-0.694309183,-0.718095208,
"Benzoic acid, methyl ester",-0.303281672,-0.377070887,-0.348390728,-0.436239576,-0.153496589,-0.23007051,-0.293225467,-0.40015676,-0.343395952,-0.325235456,0.859176622,0.299760869,0.677525431
"Benzoic acid, pentadecyl ester",-1.543190627,-0.761950653,-1.306162966,-1.382034422,-0.074468057,-0.264019675,-1.356851791,,-0.652009477,-0.543868418,-0.744401328,-0.565176789,1.744516794
Benzoic Acid,-0.36263444,-0.33839475,-0.37279687,-0.41922782,-0.23250976,-0.25945396,-0.35893701,-0.40511009,-0.23620744,-0.39167836,-0.39004903,-0.34932799,3.6973327
Benzoin,,,,0.62205204,,,,,,-0.01975195,,,
Benzophenone,-1.562140925,-1.550844147,-1.63931733,-0.847320145,-0.768751233,-0.212555064,-0.581446856,-1.339121142,-1.607486341,-0.662089254,-0.672749493,-0.586193359,1.48162471
Benzyl alcohol,-1.08001703,-1.22793998,-1.13669459,-1.24242011,-0.92839511,-0.97217457,-1.07570188,-1.37749988,-1.23704207,-1.1725878,-1.12687592,-1.03433805,0.62817549
"beta-d-Fructopyranose, 1-deoxy-1-(4-morpholinyl)-2,3,4,5-tetrakis-O-(trimethylsilyl)-",-0.165491473,-0.155572398,0.159864984,-0.254553217,-0.148028576,,-0.018861453,0.162817285,-0.15006431,0.752695474,,0.752701181,
"beta-D-Galactofuranose, 1,2,3,5,6-pentakis-O-(trimethylsilyl)-",-0.251973167,,-0.246126411,-0.201625193,-0.054509364,,-0.275494734,-0.285366243,-0.105833506,,,,1.709825069
beta-D-Glucopyranose,-0.02333138,-0.20180879,0.43374887,,,-0.16680512,0.03160237,-0.0982617,-0.03719797,,,,-0.33284282
beta-Hydroxypyruvic acid,-0.247177,-0.244009103,-0.320516184,-0.285497856,-0.291121994,-0.309192369,-0.182572591,-0.27922767,-0.139537707,,,,
beta-Lyxopyranose,,,,,-0.1729797,,-0.3679532,,,,-0.3502595,,1.0600195
beta-Methylphenethylamine,-0.231789717,-0.225070157,-0.24592664,-0.20094972,-0.065008337,,-0.018641103,-0.229853195,,,1.893565426,,
5-Hydroxyhexanoic acid,,,,,,,,,,,,,
Bis(trimethylsilyl)acetylene,0.12233485,,,-0.23389726,,,-0.04518682,-0.47422702,,-0.65804371,-0.66606488,-0.64041049,
Bis(trimethylsilyl)histidine,,,,,,,,,,,2.787693242,1.804638031,1.238218327
Boric acid,0.540416702,4.616005917,-0.824726334,,0.532617092,-0.054605156,1.227852546,-1.230412733,-1.14934991,-1.100124159,-1.098891359,-1.089302763,1.431594925
"Butanal, 2,3,4-tris[(trimethylsilyl)oxy]-, O-methyloxime, [R-(R*,R*)]-",,,,,,,,,,,,,
Butanedioic acid,-0.775549819,-0.799824575,,-0.309951508,-0.122301898,-0.642234821,-0.464286474,-0.365064166,-0.765929331,0.56659005,-0.185300326,0.394267919,0.246507452
"Butanoic acid, 2-methyl-3-[(trimethylsilyl)oxy]-",,-0.51353519,-0.32653724,0.03816554,0.86796556,-0.5030069,0.52700173,-0.22120253,-0.50627555,,-0.21194958,,3.13985071
"Butanoic acid, 2,4-bis[(trimethylsilyl)oxy]-",-0.06809891,-0.06350533,-0.04319295,-0.11066897,-0.0628644,-0.02874216,-0.05326658,-0.09492358,-0.05725591,,,,
Butylated Hydroxytoluene,-0.979490903,-1.060039105,-0.980976374,-1.57577441,-0.384936876,-0.576293195,-0.619541921,-0.78878525,-0.599212516,-0.731740803,-0.929792542,2.174819804,0.941291238
Butylmethylamine,-0.25951609,-0.19926897,-0.38409754,-0.47367679,-0.24619971,-0.41174746,-0.03132931,-0.55940667,-0.62390886,,,,2.43689555
Butyrovanillone,,0.41829646,,,,,-0.36300365,,,0.70651962,,,
Cadaverine,-0.15890129,,,,,-0.14925128,,,,3.4241185,1.42052184,1.60837582,
Campesterol,-0.792622513,-1.02001402,-0.677914878,-0.700968825,-0.89754062,-1.246694193,-0.588702036,-0.947666637,-0.983121503,-0.687433615,-0.182150652,-0.021418818,1.846011015
"Carbonic acid, eicosyl vinyl ester ",,,,,,,,-0.334712484,,1.248145852,0.541069865,0.277575123,0.258890223
"Carbonic diamide, N,N'-dibutyl-N'-methyl-",-0.21453516,-0.20062096,-0.20552084,-0.21665682,-0.04607106,-0.04864494,-0.12062054,-0.25070507,-0.18452683,4.96904522,,6.67028688,
Carfentrazone-ethyl,,0.7091275,,,,,,0.65733137,,0.88522108,0.56361419,0.90169393,
"Cephalotaxine, 3-deoxy-3,11-epoxy-, (3alpha,11alpha)-",-0.172171541,0.001692926,-0.183698616,-0.265852342,-0.215219839,-0.158533004,0.051021464,-0.041666303,-0.209836333,-0.227409365,-0.25115841,-0.26722198,
"Cetaben, N,O-bis(trimethylsilyl)-",-0.115713169,,-0.108212126,-0.102145248,0.067236642,-0.056586818,-0.173163331,-0.162085849,0.029379155,,,,3.005996211
"Cholest-22-ene-21-ol, 3,5-dehydro-6-methoxy-, pivalate",-0.14239378,-0.18182123,-0.10330424,-0.13210135,,-0.0615253,-0.19617976,-0.20645828,-0.10449355,,,-0.12009457,0.78776756
"Cholest-5-ene, 3-(1-oxobuthoxy)-",,,,,,,,,,,,0.09497871,
"Cholest-7-en-3-ol, (3beta,5alpha)-",-0.776928198,-0.780585624,-0.29231714,0.199547877,-0.808625235,-0.550466112,-0.679438154,-0.725132216,-0.691311394,,-0.479757015,,-0.605693116
"Cholesta-2,4-diene",-0.10924827,,-0.07579113,-0.07135752,-0.07440224,-0.04195636,-0.05389688,,-0.08808418,,-0.16622822,-0.17381623,-0.13827554
"Cholesta-3,5-dien-7-one",-0.22376798,0.35701573,-0.12019601,-0.22657904,-0.10334712,-0.20707907,-0.16257457,0.04414832,-0.21565231,-0.16416153,1.28890559,,
"Cholesta-3,5-diene ",-0.260502123,-0.257396375,-0.212856788,-0.229576332,-0.153587064,-0.182430221,-0.202882986,-0.274407866,-0.321280969,0.490843912,-0.299222219,0.003686937,-0.242544108
"Cholesterol, pentafluoropropionate",,,0.0232311,,,,-0.13991041,0.08310463,,,-0.17041062,-0.12308814,
Cholesterol,-0.62055465,-0.46242391,-0.68922429,-0.40222293,-0.71163346,-0.64747591,-0.5569087,-0.72280793,-0.74763596,-0.28685686,-0.39957046,-0.02706802,3.5978394
Cinnamic acid,-0.421052847,-0.468319493,0.022972679,-0.608310551,0.858911399,0.038631804,,,-0.375884967,,0.287633901,0.650517671,
cis-4-Trimethylsilyloxy-cyclohexyl(trimethylsilyl)carboxylate,,0.24175075,-0.474695042,,-0.489683407,,,-0.289535631,,,,-0.58476848,
"cis-4,5-Dihydroxy-o-dithiane, 2O-",-0.948790012,-1.053495344,-0.92070557,-1.029581502,-0.855700044,-0.641656707,-0.796095873,-1.112651823,-0.907991681,-0.821274943,-0.68122105,-0.553492956,1.556097074
Citric acid,,,,,,,,-0.30245985,,0.4975524,0.60908058,0.63689963,2.20616848
Cyclo-(l-leucyl-l-phenylalanyl),,,,,,,,,,,,,
Cyclo(L-prolyl-L-valine),,,,,,,,,,,,,
cyclobutanecarboxylic acid,-0.398907701,-0.030981028,-0.244578257,-0.434925843,-0.292943307,-0.341153731,-0.40855909,-0.007311112,-0.406231439,0.426703344,3.407403552,-0.083462624,0.739434508
Cyclobutanol,-0.323533303,-0.413916532,-0.364662706,-0.436986442,-0.183992523,-0.27821748,-0.31528733,-0.451202624,-0.428216683,,0.139228421,,4.094857065
Cyclohexanol,-0.95787775,-1.05266923,-0.94091801,-1.12520932,-0.65914095,-0.81687159,-0.985515,-1.25622265,-1.15490114,-0.97439678,-0.95489327,-1.11103212,2.246387
"Cyclohexanone, 3,3,5-trimethyl-",-0.92144577,-0.9136485,-0.96209417,-1.14962522,-0.72405063,-0.53629236,-0.81578939,-1.33805886,-0.64887136,-0.97744468,-0.94688577,-0.41986687,1.74384633
"Cyclohexene, 3-butyl-3-methyl-1-trimethylsilyloxy-",0.22897019,0.05031284,,-0.10905904,,0.34832948,,0.05393719,,,,,
"Cyclohexene, 3,3-dimethyl-1-(trimethylsilyloxy)-",-0.12112242,-0.16830824,-0.19583799,-0.13587931,-0.20742178,-0.17708197,-0.18365298,-0.1484928,-0.16406713,,,,
"Cyclopentaneacetic acid, 3-oxo-2-pentyl-",-0.74512874,-0.374539946,-0.596410833,-0.617788366,0.060350218,0.051366788,,-0.671600989,-0.239882978,-0.46140192,-0.501193522,,1.338312363
"Cyclopentanone, 2,2,4-trimethyl-",-0.09629166,-0.11232003,-0.10176922,-0.11772831,-0.06326398,-0.07478402,-0.09411561,-0.12729856,-0.10677498,,,,
D-(-)-Citramalic acid,,,,,3.456823689,,,,,-0.000362657,,,
"D-(-)-Fructofuranose, pentakis",,,,,,,,,,-0.054073639,-0.506207845,,
"D-(-)-Lyxose, tetrakis",,-0.66722919,-0.21702603,-0.93692008,,,0.12963828,,-0.4878608,-0.57007833,-0.61908821,-0.89784211,-0.84693223
"D-(-)-Ribofuranose, tetrakis",-0.31849629,-0.56178039,-0.13283866,-0.52601471,-0.07878027,,-0.11152263,-0.11334028,,0.34169109,,,0.31622864
D-(+)-Glucosamine,,-0.04901635,,,,0.17274537,,,,3.09940727,1.01393409,2.00246229,
"D-(+)-Ribono-1,4-lactone (R,S,R)-",,-0.258376208,-0.475134465,0.369146489,,1.701944991,,,,,,,0.358394088
"D-(+)-Talofuranose, pentakis",-0.504333436,,,-0.520708092,,,-0.574750402,,-0.405343953,-0.452041803,-0.473733132,-0.338325293,0.857953947
"D-(+)-Xylose, tetrakis",,-0.14495809,-0.08186515,-0.0390856,-0.15765825,,-0.04586734,-0.14700935,-0.07993518,,,,-0.19352581
D-Arabinose,,,,,,,,,,-0.827024149,,-0.826493723,-0.714784573
"D-Erythro-Pentofuranose, 2-deoxy-1,3-bis-O-",-0.878941651,-1.401499858,1.444431396,-1.445151893,-1.093113322,-0.5481302,-1.392239554,-0.389411147,-0.023614291,-0.413005847,0.001757239,0.007542654,0.882350164
D-Fructose,-0.3874335,-0.4639399,-0.2967373,-0.6724603,-0.329655,-0.2855113,-0.4485094,-0.3394262,-0.3070689,1.1350304,0.7255514,1.4426836,1.2747552
D-Fucitol,-0.11984493,-0.19240639,-0.04647525,-0.0854374,-0.18815063,-0.11931433,-0.14518985,-0.19389231,-0.04672883,,,,
"D-Isoleucine, N-acetyl-",-0.903660087,-0.941496137,-0.450409791,-0.638741312,-0.743625125,-1.053770672,-0.027671627,-0.211238095,-0.712515721,1.46606025,0.458858526,0.616585522,-0.057241547
D-Leucylglycylglycine,,,,2.796625024,,,,,,2.336075467,,-0.082975188,
D-Mannose,0.87498646,0.21603659,1.24038108,,,,,0.34136942,0.25433173,,,,-0.74648633
D-Ornithine,,,,0.594116089,,,,,,1.138206432,1.114942703,0.556701317,1.252628396
D-Proline,-0.281887472,-0.22374073,,0.207720783,,,-0.216130076,,,,,,
"D-Psicofuranose, pentakis",-0.540251738,-0.834935654,-0.73290852,-0.850172562,-0.907542279,-0.716844694,-0.286531812,-0.719725354,-0.771682286,,,,-1.080877795
D-Ribose,-0.33767074,-0.3089975,-0.03013466,,0.00659846,-0.1633319,,-0.18082125,-0.32030913,1.04381589,,-0.14463232,0.88287739
D-Threitol,-0.5786182,-0.6151999,,,,,,,,1.56500746,4.15543898,1.49299964,1.07225415
"D-Xylofuranose, 1,2,3,5-tetrakis-O-",0.15575063,-0.15119369,-0.25903672,0.05848594,0.39240108,0.39362698,0.34700646,-0.17459928,-0.25067341,1.40691999,1.26471352,3.32652691,-0.02745853
Decanoic acid,-0.7048183,-0.5891145,-0.7208743,-0.6817363,-0.494687,-0.2566389,-0.6567388,-0.7694654,-0.6097231,,,-1.0752466,
Dehydronorketamine,-0.66006022,-0.781426804,-0.688498253,-0.782439674,,-0.097147999,-0.700759414,,-0.543656597,,,,
Delorazepam,,-1.001680754,,0.502891532,,,-1.004397093,,,-0.615320838,,-0.707548494,0.25524571
Deoxycholic Acid,,-0.408813355,-0.393421475,,2.601013359,,-0.405418519,-0.417062563,-0.37230023,-0.276681871,-0.34712944,-0.32979909,4.672794044
Desmosterol,-0.880476719,-0.957617908,-0.548713347,-0.809897609,-0.956726973,-0.652601427,-0.701874405,-0.86998488,-0.643023529,,-0.686574513,-0.683173951,0.277469093
Dicyclohexylamine,,,0.347223401,,,,0.079563373,,,-0.514286171,,,1.798487751
Dihydrouracil,-0.44377764,-0.36330636,-0.42767025,-0.3631631,-0.39405115,-0.44647947,-0.42065635,-0.43498896,-0.44361675,2.42413643,1.56324921,1.29730955,1.18063814
Dimethyl fumarate,-0.662249718,-0.602497216,0.02658881,,-0.228373208,-0.21111799,-0.302187118,-0.424405806,-0.670192108,-0.374986152,-0.379354173,,
"Dimethyl hexopyranosiduronate, alpha-D-",,,,,,-0.698189319,,,0.02479437,-0.307069686,-0.323068151,1.21608049,-0.417070407
Dinoseb,,,,,,,,,,,,,
Diphenyl ether,-1.155081915,-1.152198065,-0.745587949,-0.882534161,-0.939735595,-0.332536451,-0.951942878,-1.103554783,-1.261682936,-0.707531926,-0.831616332,-0.610810699,1.736953482
DL-Glyceraldehyde,0.36548397,0.29401968,1.31559555,,1.09872853,1.49333265,1.54047441,,,5.46315927,3.0433818,,
DL-Ornithine,0.186728965,-0.197810055,-0.237580855,-0.253655575,-0.209353049,-0.099849022,-0.044103685,-0.284009607,-0.25362361,1.884698409,3.922310131,1.365562904,1.054844899
DL-Phenylalanine,-0.368511136,-0.289629795,-0.422023804,-0.043924057,-0.191125047,-0.374839947,-0.180902061,-0.335829333,-0.401023797,1.131781618,1.109082892,0.755301673,1.336405451
"DL-Proline, 5-oxo-",,,,0.317387392,,,,,,-0.389427716,-0.37054749,-0.364580793,-0.292733508
Dobutamine,,,-0.53145555,,-0.41302924,-0.60688787,,-0.57521559,-0.50281597,-0.69620063,-0.65362137,,
Doconexent,-0.53885669,-0.57776082,-0.3064278,-0.64126303,-0.53413866,-0.37662042,-0.35323594,-0.69521306,-0.44107324,1.62161561,1.84720579,3.98918417,
Docosyl octyl ether,,,,,,,0.34602831,-0.04034754,-0.36341352,-0.25903518,-0.20018867,-0.33618617,0.22109385
Dodecanamide,-0.236075355,-0.211169329,-0.209670475,0.006047141,0.033317511,-0.254982496,-0.031704901,-0.233402397,-0.222611752,,3.011212255,,
"Dodecanamide, N-(2-hydroxyethyl)-",-0.374891762,-0.499325888,-0.433268867,-0.495682284,-0.38782248,-0.241383854,-0.358857525,-0.546131642,-0.371763687,,,,
"Dodecane, 4,6-dimethyl-",,,,,,-0.189,,,1.38,1.91e-05,-0.0359,-0.111,0.461
"Dodecanoic acid, 1-methylethyl ester",-0.307934669,-0.584108299,,-0.573722044,-0.622082568,,-0.474189981,-0.664160576,,,,1.438798953,0.331307271
Dodecanoic acid,-0.71917392,-0.86710911,-1.01022732,-0.29859852,-0.25102906,,-0.64151362,-0.87829751,-0.82008233,-0.72207474,-0.57835363,-0.60912658,1.45819996
Dodecylcyclohexane,,,-0.1538905,,1.02949547,,0.23371628,,-0.23040252,,,,
Dopamine,0.740788907,0.335632468,0.492675961,0.277531432,0.362438146,-0.372013657,0.332851539,0.637775787,,0.065837329,,2.979835158,
Ecgonine,-0.210031504,-0.207887925,-0.233488156,,,-0.225966607,,-0.212818523,-0.226089884,,,,
Eicosapentaenoic acid,-0.207563132,,,,,,,,,-0.205937974,,-0.169794374,
Erythritol,-0.35324647,-0.66981188,-0.43338313,-0.85671538,-1.30608958,-0.37731148,-0.37559956,-1.27765401,-0.38759741,,1.12429923,0.92249477,0.17307413
"Erythrono-1,4-lactone, (Z)-",-0.32165539,-0.31042372,-0.27572815,-0.46889949,-0.15066323,-0.0864028,0.19808074,-0.21992649,-0.39565124,1.05469623,0.77396513,1.23114035,-0.03317653
"Ethanamine, N,N-diethyl-2,2-dimethyl-2-[(3,5-dimethoxy)phenyl]-",0.20659323,,,,,,0.30274924,0.1838464,,,,,
"Ethanol, 2-(9-octadecenyloxy)-",-0.26051624,-0.41066041,-0.36689675,-0.44752402,-0.18831388,-0.16650293,-0.64951414,-0.489517,,-0.40197929,-0.55696807,-0.53313516,
Ethanolamine,-0.4972755,-0.42354508,-0.47599845,-0.69856784,-0.22785572,-0.42582683,-0.36693338,-0.37619704,-0.44075375,1.94879828,0.65892382,2.03656067,0.24507611
"Ethanone, 1-(2,5-dimethoxyphenyl)-",-0.211,-0.298,-0.122,-0.515,-0.0783,-2.47e-05,-0.125,-0.162,-0.29,0.044,0.0271,-0.0549,-0.339
"Ethanone, 1-(5-methoxy-2-methyl-3(1H)-indolyl)-",-0.49164842,-0.31305018,-0.08942357,,-0.15853824,0.01693724,-0.10360221,-0.19873286,-0.30391839,,,,1.28445023
Ethyl alpha-D-glucopyranoside,,,1.994639946,,8.141519104,,,,-0.018273313,-0.570773388,-0.525178533,,
Ethyl cis-2-trimethylsilyl-cyclopropane-1-carboxylate,-0.27043035,-0.41931995,-0.28036517,-0.38786653,-0.19871239,-0.17163756,-0.22859102,-0.36815388,-0.2405445,-0.24495384,-0.44894788,-0.35422945,0.17036033
Fenitrothion,-0.855867706,-0.725455166,-0.567051302,-0.855885565,-0.312940629,-0.416785258,-0.213040299,-0.535194055,-0.663740885,-0.504451033,-0.563289115,-0.931306119,-0.434024394
"Furan-2-carboxaldehyde, 5-(1-piperidyl)-",,,,-0.019706989,,,,,,,,,-0.321694778
"Furan, 2-pentyl-",,0.248321196,0.158452226,-0.480473783,0.307664328,,-0.059638238,0.005318406,,,2.216621461,,
Galactopyranose,-0.45001626,-0.33177822,-0.32943038,-0.49830074,0.13444201,-0.31753017,-0.3163517,-0.32758652,-0.45059625,-0.66434636,-0.6747916,-0.13837187,0.20180052
Gln-Ala,,,0.029494041,-0.078892244,,,,,,,,,
Glucopyranose,,,,,,,,,-0.22662629,1.781326203,1.536364365,2.931544147,7.355401705
Glucose,-0.23076018,-0.29596375,1.37894219,,-0.27981409,-0.28368701,-0.29148974,0.17580719,-0.10504449,,0.48875107,2.22753857,
Glyceric acid,-0.11414141,0.020211593,-0.055976991,-0.171950125,-0.155195459,-0.052150879,0.078649853,-0.003321082,-0.102634091,,,,
Glycine,-0.566011793,-0.566592587,-0.566830116,-0.513767823,-0.567361369,-0.566960624,-0.566821099,-0.562996619,-0.565651632,-0.165549956,-0.26517308,-0.385321641,0.666188749
"Glycine, N-(1-oxobutyl)-",-0.284174041,-0.296295568,-0.11550889,-0.130123965,-0.180238081,-0.219219623,0.289710898,0.292173993,-0.276344952,0.130258681,-0.118928028,0.373153634,-0.212703644
"Glycine, N-(N-DL-leucylglycyl)-",,,,,,-0.11720557,,,-0.08231332,,,,
"Glycine, N-[4-[(trimethylsilyl)oxy]benzoyl]-",-0.217934724,-0.234083967,0.006702661,-0.088096936,,0.055705525,0.257565585,0.047542544,-0.190439216,1.250500827,1.118387778,1.434375982,0.257097542
Glycolic acid,-0.6502774,-0.68957025,-0.62060248,-0.85318114,-0.4919685,-0.43926254,-0.59959781,-0.82945231,-0.63358908,1.19154822,0.93896719,1.5458829,0.48933617
Glycyl-l-glutamine,,-0.2045941,,-0.19454443,,,,,,1.81333579,2.08322615,0.91462369,
Glyoxime,-0.4717983,-0.3739451,-0.3778609,-0.6281147,-0.3220019,-0.3135681,-0.346251,-0.4300015,-0.4495651,0.5351559,0.6408826,0.5099853,1.3084817
Guanabenz,-0.4148735,-0.12279054,-0.45875405,-0.20035903,-0.09455815,-0.55507264,-0.26952346,-0.58307095,-0.640436,,,,1.98752946
"Guanidine, N,N-dimethyl-",-0.77603159,-0.81952508,-1.02935883,-1.11267255,-0.62521466,-0.86682759,-0.64500695,-1.4146827,-1.22078416,-1.15404313,-1.03852636,-0.87687547,1.4487674
"Gulonic acid, gamma-lactone",,,,0.966995246,,,-0.197567822,0.754175216,,,,,
Heptadecanoic acid,-0.782762946,-0.97689689,-0.854751429,-1.07115571,-0.532637573,-0.49287137,-0.654796231,-0.942001797,-0.96276202,-0.040470343,0.294557797,0.384730872,1.646970668
Heptanoic acid,-0.962391802,-0.354277922,-1.214875957,-1.232650744,-0.574975367,-0.073892556,-1.214255747,-1.117897373,-1.106736314,-1.224796219,-0.851783878,-0.897341356,0.941896741
Hexanedioic acid,-0.637841054,-0.626623149,-0.704614321,-0.802894312,1.287725768,-0.033624965,-0.64759161,-0.659349469,-0.619153736,0.000879479,0.109763833,0.352328711,0.188385275
Hexanoic acid,-1.200787582,0.51780387,-0.882271057,-1.272809708,-0.487235721,-0.982955626,-1.029307484,-0.642507167,-1.132525825,-0.672099191,0.616810791,-0.42155405,1.815272141
Hexanoylglycine,-0.60018976,-0.57218883,-0.1586746,-0.42217964,-0.17270179,-0.55083939,0.06371702,0.04838946,-0.42504816,0.85075794,0.11719653,0.32926618,-0.05985358
Hippuric acid,-0.71912637,-0.84299652,-0.19975035,-0.98166064,-0.25892206,0.2763721,-0.45320676,-0.60402827,-0.84563645,0.13840184,0.33573845,0.33647257,0.88629129
Homocysteine thiolactone,-0.35388944,-0.294439,-0.31465713,-0.02924916,-0.32727209,-0.30655771,-0.29986055,-0.33336543,-0.1931489,6.84433465,5.14142342,3.07221456,
Hydantoic acid,,,,,,,,,0.133652381,2.966378967,,3.308637083,
Hydracrylic acid,-0.5850718,-0.80897949,-0.50599001,-1.01495139,-0.22643501,-0.6169904,-0.39998726,-0.82893566,-0.6076667,1.64287174,0.70468139,1.50381363,0.62050697
Hydroquinidine,-0.549813885,-0.060136389,-0.58787676,-0.38679079,,-0.586678001,-0.505187279,-0.23734599,-0.626658387,,-0.436733276,-0.443003519,
Hydroquinone,-0.277150026,-0.134291047,-0.27470734,-0.501760553,-0.248725633,-0.054592035,-0.224161886,-0.361303597,-0.302476234,1.019993069,1.882231967,,
Indole-3-carboxaldehyde,,,,,,,-0.560110671,-0.454890399,0.147797758,4.05801628,2.056206691,3.12625431,
Indole-3-lactic acid,-0.34679024,-0.46603037,-0.48247125,-0.18002287,-0.44981081,,-0.45398055,-0.35252883,-0.36711761,0.43671101,,,2.09697154
Indole-5-carboxylic acid,-0.40852101,-0.68294187,-0.31615757,-0.51060367,0.03723856,0.03837351,-0.63468707,-0.42665603,-0.09234868,1.95724844,2.6480272,1.81950995,
"Inosose-2, 1,3,4,5,6-pentakis-",-0.1489575,-0.2678034,-0.4296703,-0.2640381,-0.0441395,-0.1583744,-0.1213449,-0.2814928,-0.299986,0.3244363,0.4642389,0.8309447,1.5379129
Isofucosterol,,,-0.15684291,,-0.32018753,-0.13062748,,-0.32847607,-0.39143723,-0.45106519,0.18308868,0.34180154,3.17836127
Isonicotinic Acid,-0.38272236,-0.44670777,-0.3963348,-0.50883571,-0.24515565,-0.26287113,-0.35244985,-0.51025096,-0.41332389,-0.78349246,,-0.78304965,
Isopropyl palmitate,,,-0.445185682,-0.378567627,1.948154003,,,,0.419345615,-0.862615315,-0.797917371,-0.569838819,1.512785685
"Isoquinoline, 3,4-dihydro-6,7-dimethoxy-1-[4-hydroxybenzyl]-",-0.04599977,-0.21922204,-0.20743278,-0.33090669,0.43524368,0.0408315,-0.27047959,-0.32793473,-0.1673293,2.25930745,1.65834687,3.74602487,-0.11548446
Isoxaben,,0.14204779,0.42254017,,-0.04458631,0.35448663,0.44879944,0.21306615,-0.16087078,1.88508453,1.29637497,2.90432885,-0.30759406
Itaconic acid,-0.195997472,-0.181921815,-0.149984543,-0.283985667,-0.055603437,0.01472255,-0.102185312,-0.240068371,-0.135737229,-0.137458248,0.412627282,,
Ketamine,,,,,,,,,,,,,
L-(+)-Threose,0.03329181,-0.11793591,-0.08513449,,-0.22320121,,,,0.03456247,,2.15731092,,
L-5-Oxoproline,-0.36661213,,0.26546019,1.51040284,,-0.43290207,,,,2.87537391,2.33175878,2.8608993,0.4107665
L-Alanine,-0.990701263,-0.947369008,-0.890029095,-1.041078508,-0.583396244,-0.768381762,-1.108871666,-1.042343879,-1.026098293,-1.276325699,-0.89974824,-1.445821054,0.415373733
L-Asparagine,,,,,-0.41710214,-0.45170597,,,,1.82405423,2.61629823,1.73628905,0.85347142
L-Aspartic acid,-0.52708298,-0.42121922,-0.49979759,-0.3731611,-0.51693478,-0.5158018,-0.33716176,-0.39295268,-0.52771721,0.35114039,0.50856072,0.624372,2.16969719
L-Citrulline,,,,0.26169646,,,,-0.03192073,-0.27264234,0.5657192,0.50590037,2.66014352,
L-Cysteine,-1.004928748,-1.092701094,-1.063683335,-0.040406485,-1.060568861,-1.056357236,-1.012014754,-0.911309169,-1.005823931,-0.503182982,,-1.068862642,0.232604851
L-Glutamic acid,-0.463085255,-0.373187855,-0.387778519,-0.289870772,-0.008282634,-0.367830969,-0.198866861,-0.331677519,-0.455318779,1.848707598,1.536915976,4.054164439,-0.098743903
L-Glutamine,-1.18368126,-1.21291425,-1.12291005,-0.89151791,-1.13941397,-1.2105895,-1.20459608,-1.20572025,-0.61283134,-0.24686237,-0.77723349,-0.61639723,-0.80404595
l-Histidine ethyl ester,-0.59977551,,-0.77027166,0.35691016,-0.53175738,-0.83278465,,-0.73946103,-0.72146661,1.06552836,2.55839012,0.77652309,
L-Hydroxyproline,0.161522591,0.307539257,0.529346956,-0.137518867,0.514024362,0.221400902,-0.029793265,0.127234021,-0.098521654,5.102087543,,,
L-Isoleucine,-0.190389466,-0.214502051,-0.319598138,-0.181359792,-0.149375496,-0.318542445,-0.057618564,-0.323629268,-0.28956429,0.746163227,,0.55159728,0.906977074
L-Leucine,-0.876626404,-0.760312326,-0.868184427,-0.494280822,-0.805461109,-0.788462181,-0.676101722,-0.766040565,-0.75443872,,-1.089554027,0.410912994,0.644089724
L-Lysine,-0.707216231,-1.023103401,-0.878855187,-1.031802646,-0.813745679,-0.70376841,-1.027766564,-0.844988822,0.319793564,-0.571570407,0.374564913,-0.183327105,1.0894807
"L-Lysine, ethyl ester ",-0.323487188,-0.30716684,-0.350116817,-0.028571893,-0.346992861,-0.331092048,-0.309035902,-0.25421387,-0.289576891,,,,1.194186316
L-Methionine,-0.298458464,-0.352818748,-0.384208793,0.002058277,-0.399159814,-0.39542681,-0.261509814,-0.379471758,-0.296459171,3.599883846,2.772380337,1.486567267,-0.002264956
L-Norleucine,,,,,,,,,,2.737127481,3.369012386,1.21788038,
L-Ornithine,-0.35612091,-0.37888044,-0.51307858,-0.77813175,-0.27291539,-0.28253298,-0.19769468,-0.43741826,-0.33958064,2.0235749,0.66837614,0.09336869,
L-Proline,-0.42849799,-0.40859933,-0.43670275,-0.46919405,-0.26457165,-0.37889637,-0.25276877,-0.38459709,-0.36284449,1.83472344,1.84824356,1.87786103,1.57337235
L-Threitol,1.83017242,1.28563627,,1.35492938,-0.56144237,3.22724415,,,1.61828027,,,,
L-Threonine,-0.1756394,-0.1644081,-0.18891083,-0.14581149,-0.20201848,-0.17679123,-0.10626508,-0.20338841,-0.21022353,2.32091357,,4.44293698,-0.13314878
L-Tryptophan,-0.88722105,-1.24871913,-1.13897871,0.38337719,-0.8578587,-1.21816017,-1.10475025,-0.91915608,-0.79346038,2.47172149,1.64934106,-0.09925421,1.14504895
"L-Tryptophan, N-acetyl-1",-0.589600957,,-0.81878105,-0.719220848,-0.952938476,,-1.005716608,-0.51101967,-0.461754099,-0.076555483,-0.3594518,-0.329796784,2.800423987
L-Valine,-0.19972796,-0.17342099,-0.36630116,-0.24944362,-0.18411139,-0.2951685,-0.04957851,-0.24879164,-0.30278493,1.50742646,1.2218091,2.13570035,0.73549833
Lactic Acid,-0.33161185,-0.40217533,-0.18522026,-0.46858777,-0.18087353,-0.1077616,-0.31112173,-0.43222473,-0.50858646,-0.70313361,-0.77709863,-0.51920892,-0.65754321
Latanoprost lactone diol,,-0.60539244,,0.01962265,,,,,,0.07681168,-0.25463979,-0.29253507,
Leucylglycine,,,,,,,,,,8.64734491,,,
Levulinic acid,-1.022672259,-0.975112288,-0.902641475,-1.229802051,-0.312999575,-0.413128163,-0.782216352,-1.076771362,-0.643856839,-0.852885572,-0.612864974,-0.579967504,1.927901535
Luteolin,,,,,,,,,,,,,
Malic acid,-0.466663528,-0.298739217,-0.26974181,-0.441732479,-0.734148529,-0.433642235,0.046828407,-0.262642941,-0.375731255,2.155980488,0.060529759,1.700402294,0.163716155
meso-Erythritol,-0.149151445,-0.163172812,-0.165348416,0.023797609,-0.09812711,,,,,-0.117037794,,,
Metanephrine,-0.01925492,-0.11279462,-0.01112797,-0.14087611,-0.0713329,,-0.11032419,-0.1316477,-0.12197529,,,,
"Methanone, [1-(4-chloropentyl)-1H-indol-3-yl](2,2,3,3-tetramethylcyclopropyl)-",0.08833323,,0.14104256,,,-0.05874445,-0.0509443,0.1083875,-0.09291862,2.55620738,0.80294721,,
"Methanone, [1-(5-chloropentyl)-1H-indol-3-yl](4-methyl-1-naphthalenyl)-",,,,,,,,,,,,,
"Methyl (3,4-dimethoxyphenyl)(hydroxy)acetate",-0.109288822,-0.350498001,-0.705545537,-0.770089,-0.662569064,-0.585690024,0.039186626,-0.605405541,-0.690555467,3.040715576,0.509981179,3.772866073,1.370812261
"Methyl 2,4-dihydroxybenzoate",-0.308653143,-0.475645348,-0.027479817,-0.459348805,-0.277835921,-0.053049717,-0.417158958,,-0.02711538,1.360749345,1.154344053,0.999817402,0.381087689
Methyl alpha-Lyxofuranoside,,,,,,,,,,0.368146352,0.545774726,-0.225181705,
Methyl aminoacetate,-0.22102553,-0.92794615,-0.02497022,,-0.01913834,0.34722956,0.15093445,0.30607654,-0.34228309,1.77913638,1.36422183,0.69974167,1.171674
"Methyl galactoside (1R,2S,3S,4R,5R)-",-0.4615635,-0.50299616,,,-0.44916698,,-0.48485031,-0.39822794,-0.48307917,0.8993917,0.73265568,1.17926227,1.87915718
Methyl isovanillate,-0.2693691,-0.26715036,0.0364169,0.19177088,-0.10138721,-0.33702645,0.20034328,0.26910964,-0.27344871,-0.39543786,,,
Methyl leucinate,3.54295859,,,,1.29970509,,,,,6.81317743,,6.9688487,
Methyl-3-methoxy-5-methyl benzoate,-0.23664955,-0.23989714,-0.2459923,0.13919067,-0.21346183,-0.2169085,-0.24070482,,-0.23147747,,,,
Methylmalonic monoamide,-0.321619153,-0.232693862,-0.298680417,-0.196802744,-0.257045424,-0.293026936,-0.27491351,-0.323981724,,2.337751046,2.48333203,2.050273281,
Methylsuccinic acid,-0.2284679,-0.227832,-0.2000642,-0.1933413,-0.1034323,-0.1567402,-0.1476444,-0.1409024,-0.2419961,,1.1438182,,4.028755
Mirin,-0.10067821,-0.17961711,-0.10520255,-0.14143322,-0.01128921,-0.24775117,-0.06733995,-0.1573668,-0.11747895,,,,
Mitoxantrone,-0.232104694,-0.203094157,,0.749941126,-0.212161717,,-0.189738801,-0.222761334,-0.24093831,,1.078034415,,
"Morpholine, 4-(2,6-dimethoxybenzoyl)-2,6-dimethyl-",-0.138693302,-0.147035198,-0.02376053,-0.253112429,0.007522996,0.022269072,0.031332954,-0.181578601,-0.196430855,,,,
"Morpholine, 4-[2,3,4,6-tetrakis-O-(trimethylsilyl)-alpha-d-mannopyranosyl]-",,,,2.16257278,,,,,,,0.40210949,,
Myristic acid,-0.85538654,-0.98222105,-0.9859175,-1.24447654,-0.48056599,-0.80937131,-0.84976881,-1.20251828,-1.06194187,-0.7663053,-0.69899369,-0.53804571,1.6868493
"N-(Trifluoroacetyl)-N,O,O'-tris(trimethylsilyl)normetanephrine",,,,,,,,0.10165283,,3.022237313,5.110051315,,
N-(Trimethylsilyl)hexanamide,-0.3117847,-0.2558266,-0.3732912,-0.1900957,-0.396773,-0.384969,-0.3573384,-0.3343999,-0.3511585,-0.1490445,-0.2468896,-0.2929122,
N-Acetyl-D-galactosamine,-0.21017205,,0.09073419,,0.12130965,-0.05853746,-0.12762715,-0.06329539,,,,,
N-Acetyl-L-glutamic acid,,-0.325543648,,-0.415001483,,,,,,0.867785132,0.089987898,0.600847213,
N-Acetyl-L-phenylalanine,-0.4045331,-0.4036611,-0.2903795,-0.3367806,-0.2346831,-0.3226861,-0.3728407,-0.378216,,,,,1.6307331
N-Acetyltyrosine,,,,0.577803048,,,,,-0.37489343,5.093107988,2.310045939,1.469815679,
N-alpha-Acetyl-L-Lysine,-0.22542083,,,0.86834111,,,,-0.19023899,,5.18743157,2.06300808,0.40884197,
n-Butylamine,0.16280128,-1.19742543,-0.95493779,-0.5419844,-0.44031809,-0.61526729,-1.01336703,-1.00563781,-0.0817079,-1.09541064,-1.56610401,-0.90181632,0.86623203
"N-isobutyl-2-(trimethylsilyloxy]-4,5-dihydro-1H-imidazole-1-carboxamide",,,,,,,,-0.40411093,-0.17349726,1.46254381,-0.08243105,0.15787973,
N-Isobutyl-sec-butylamine,-0.2861985,-0.3337631,-0.2787507,-0.3893051,-0.1316235,-0.1262181,-0.1958766,-0.394661,-0.3055416,0.8054295,-0.5472214,,
N-Isobutyrylglycine,-0.36377098,-0.37478927,0.18874145,-0.20585121,0.28248787,-0.24210173,-0.18013016,,-0.03686008,,-0.38996668,,
N-Isovaleroylglycine,-0.25944425,-0.279205447,-0.109650145,-0.38669308,-0.417149733,-0.268153584,-0.097370277,-0.107738681,-0.217161558,1.467495933,0.027994524,1.204063718,
N-Methyl-N-(tetrahydro-2-furanylmethyl)-4-piperidinamine,,,,,,-0.242678319,,,,,,,-0.773193325
n-Pentadecanol,,0.127000214,,,1.247233441,,0.949147861,,,-0.586878736,-0.586824768,,-0.585573624
N-Valerylglycine,-0.450502106,-0.474300181,-0.304647417,-0.179155602,-0.139422136,-0.375618485,0.255987827,0.199883834,-0.42090949,0.174587057,,0.47245629,
"N,9-bis(Trimethylsilyl)-6-[(trimethylsilyl)oxy]-9H-purin-2-amine",-0.12207658,-0.11714178,0.07658157,,0.1750588,0.02458446,-0.01992051,-0.11763306,-0.14151585,0.51842395,0.56677421,,
"N,N-Diethyl-2-aminoethanol",,,,0.8516826,,,,,,4.6729111,2.076229,0.5766083,
"N,N-Dimethyl-2-cyclohexyloxyethylamine",-0.500400593,-0.596693384,-0.649901567,-0.698063851,-0.420509644,-0.402715698,-0.641870359,-0.717714089,-0.551658796,,,,
"N,N'-Bis(trimethylsilyl)trifluoroacetamidine",,,,,,,,,,-0.150167351,,,
"N,O-Bis(trimethylsilyl)carbamate",-0.086976624,-0.118807376,-0.135889694,-0.195129789,-0.180980446,-0.081163923,-0.173821088,-0.207875243,-0.133808976,-0.187408309,-0.131216612,-0.202038682,0.123484075
Naphthofluorescein,,,,,,,,,,,,,
Neostigmine,,,,,,,,,,,,,
Niacin,-1.07554492,-0.479525664,0.815384589,-1.228059528,-0.481250479,-0.558428865,-0.727789903,-0.838795987,-1.047457845,-0.014772976,0.292581141,-0.183038414,0.693916338
Niacinamide,-1.091346555,-0.798058148,-0.53741004,-1.057145943,-0.230011068,-0.718857639,-0.523280463,-0.87096879,-1.018051757,0.347982721,1.059160035,0.587774444,0.231657436
Niclosamide,-0.292710459,-0.620148207,-0.556806394,-0.594303599,-0.852034551,-0.371465236,-0.531788495,-0.698824065,-0.736075273,-0.368051436,0.134451178,0.431722545,2.147120816
Nitrosothymol,,,0.11773802,,-0.1670368,-0.125050367,,-0.2507124,-0.156530353,,,,2.611863861
Nonadecanoic acid,-0.61777311,-0.62681401,-0.54966511,-0.74203307,,-0.3320548,-0.38943929,-0.68118175,-0.59249655,0.1542228,0.90975719,1.33154107,1.02475852
Nonanal,-0.84646083,-1.00113082,-0.74523631,-1.10828092,-0.86248979,-0.55206142,-0.70559148,-0.85620166,-1.04920352,-0.94041815,-0.80814788,-1.31397252,-0.23978343
Nonanoic acid,-0.43795835,-0.37128189,-0.41019771,-0.41312075,-0.33257563,-0.1685061,-0.41013005,-0.43935909,-0.38711204,0.13472547,0.12644746,0.236616,1.99040116
Norketamine,-0.650347994,-0.718045507,-0.654887059,-1.220235481,-0.554929381,-0.524170179,-0.631313939,-0.880461846,-0.689547649,1.007154331,1.204591285,0.907879606,1.494907529
"O-Methyl-N,N'-diisopropylisourea ",-0.39675423,-0.39376506,0.13379374,,,,0.89731196,0.42614578,-0.38849193,5.40179017,,-0.02933234,
Oct-1-en-3-ol,-0.172776837,-0.203596506,-0.065735912,-0.235866143,-0.181429088,-0.088824277,-0.094444067,-0.183868377,-0.142569359,-0.095786073,-0.109230278,-0.070506703,
"Octadecanamide, N-(2-methylpropyl)-N-nitroso-",,,-0.1884234,,,,,,,,,,
Octan-2-yl palmitate,-0.772739874,-0.783083858,-0.730174799,-0.728719658,0.06062194,-0.009941027,-0.738892854,-0.910727086,-0.354516822,-0.882400976,,,-0.256614579
"Octanamide, N-(2-hydroxyethyl)-",,0.39827506,,,,,,-0.13543909,,,1.19713715,,
"Octane, 1-propoxy-",0.97721212,0.43802167,-0.53981167,-0.01293138,-0.36154205,-0.76052047,,,-0.70693559,,,,
Octanoic acid,-1.08770198,-0.90515963,-1.14078521,-1.40377463,-0.65414429,-0.26506087,-1.23180562,-1.3923515,-0.75055502,-0.99552368,-0.91846267,-0.90190702,1.7272597
Octocrylene,-0.703422885,-0.147975621,,-0.492419643,-0.382345163,,-0.414483396,,-0.154531,,,,1.523136832
Octopamine,0.309229928,-0.002518882,0.317117468,-0.068427649,-0.088549119,,0.159001755,0.241627153,,,-0.440984466,-0.423086668,
Ornithine,-0.38316616,-0.34497707,-0.3823301,0.79723634,-0.37494467,-0.38959144,-0.36094069,-0.36481865,-0.3590229,3.23968797,-0.07812319,1.69347782,
Oxalic acid,-1.49479,-0.97276439,-1.01384418,-1.09975446,-1.30295118,-1.4174417,-0.77683817,-1.32688107,-0.89782671,-0.99813367,-1.13956826,-1.12115914,0.08241001
"Oxalic acid, allyl octyl ester",-0.19376587,-0.2788072,-0.18757395,-0.35097707,,-0.55701349,-0.07569993,,-0.1539292,,-0.61466236,,-0.52590844
p-Hydroxydiisopropylbenzene,-1.207274789,-0.748670199,-1.167909299,-1.011380524,-0.600058951,-0.177251892,-1.231716471,-1.219168883,-0.424020843,-0.147376596,-0.407790605,-0.06848768,1.739347157
p-Toluic acid,-0.287129914,-0.268467263,-0.398049229,-0.166034544,-0.012921409,-0.149853075,-0.104190049,-0.356202444,-0.315931572,1.548419186,1.506264572,1.331275741,0.48339063
Palmitelaidic acid,-0.52019773,-0.62662178,-0.5374013,-1.07433996,-0.59292409,-0.58504117,-0.42979246,-0.79221958,-0.60259316,0.29504582,-1.09774103,1.32908054,2.93330746
Palmitic Acid,,,-0.393251808,-0.395947323,-0.401944369,-0.379201577,,-0.297882703,-0.380760904,0.361624029,0.528792958,-0.07696904,3.248150781
Pantolactone,-0.902020339,-1.011702451,-1.20450344,-1.075746923,-0.506947338,-0.537162353,-0.801963179,-1.307407935,-1.188251913,-0.915821192,-0.793713421,-0.736260874,1.965657115
Pantothenic acid,,,,,,,,,,,,,
Pentacosanoic acid,,,,,1.1495356,,,,,,,,-0.2049597
Pentadecanoic acid,-0.865420631,-0.917539545,-0.8738697,-1.112047762,-0.622043078,-0.807198201,-0.829417879,-1.016138142,-0.922020649,-0.414436764,-0.105982929,0.313033222,1.630987757
"Pentanedioic acid, 2-[(trimethylsilyl)oxy]-",-0.134857283,-0.121698493,-0.120850559,-0.09569166,,-0.129347577,-0.079439716,-0.071625163,-0.125962557,,,,
"Pentanedioic acid, 2,4-bis[(trimethylsilyl)oxy]",-0.15411561,,-0.1322844,-0.18715616,,-0.12462318,-0.13693523,-0.13668512,-0.1354483,,,,
"Pentanedioic acid, 3-methyl-3-[(trimethylsilyl)oxy]-",-0.3389627,-0.27120077,-0.017080324,1.388621221,1.957934862,,0.048538751,0.708878768,-0.24727864,6.113695448,3.821369292,,
Pentanoic acid,,-1.04256332,-0.28398153,,0.40248921,-0.57824458,,-0.56655359,,-1.02580729,-1.01519625,-1.24440262,0.423469
"Pentenoic acid, 4-[(trimethylsilyl)oxy]-",-0.6171186,-0.750774,-0.1061619,-0.6403023,-0.3607471,-0.3486705,-0.5255321,-0.8147115,-0.6421969,-0.163559,,-0.2869101,
Pentylone,-0.19819533,,-0.2262848,-0.05841541,-0.08177484,-0.12095333,-0.19551211,0.66113567,0.30561272,-0.23074529,-0.2298105,0.05685716,
Petroselinic acid,-0.16039444,,-0.09672082,,,-0.1576044,2.65143601,-0.22645422,-0.08639495,,,,-0.13280477
Phenanthridin-6-ol,,,,,,,,,,,,,
"Phenol, 3,5-bis(1,1-dimethylethyl)-",-0.38308492,-0.34300405,-0.35785659,-0.51177009,0.28362048,-0.1463062,-0.16554874,-0.68517093,-0.37180292,-0.67689532,-0.72425791,-0.02169054,-0.60568329
Phenol,-0.43845934,-0.97129035,-0.93241916,-1.38010405,-1.03090779,-0.28746108,-1.07534641,-1.30772931,-0.71866246,-1.26017881,-1.2434832,-1.15777431,0.13835589
Phenoxyacetic acid,,-0.521647686,,-0.53418301,,5.797984186,-0.534292545,,-0.53815252,,,,
phenoxyethanol,-1.291745437,-1.245962302,-1.139518533,-1.378681692,-1.135494051,2.506182469,5.138082646,-1.3632061,-1.319363764,-0.546256937,0.138017179,-0.484070294,0.934296989
Phenylalanine,-1.083832547,-1.099555998,-1.046650888,-0.396990267,-0.753761089,,-0.997993037,-1.091661997,-0.790444479,2.561037451,1.035040112,1.477050885,1.238901877
Phenylpropanolamine,-0.19132653,-0.48103309,0.28634919,,-0.06175085,0.75540184,0.01998916,-0.45281192,,,,,0.69542141
Phlorizin,,,,,,,,,,-0.014075991,-0.101371709,-0.164971499,
Phloroglucinol,-0.6560117,-0.91798941,-0.70479725,0.25553572,0.3329674,-0.76327716,-0.51968981,-0.79928599,-0.80584749,-0.21586526,1.4521564,0.15571074,
Phosalone,,,,1.28578975,,,,,,,,,
Phthalazin-1-one,-0.085871502,-0.223472638,-0.108639496,-0.13554744,0.057625489,-0.00854143,-0.184649502,-0.233139361,-0.149371435,0.66318669,1.832745363,0.057185409,-0.062402142
Picolinic acid,-0.70936007,-0.66557458,-0.48706242,-0.83545727,-0.34240252,-0.3905452,-0.4985128,-0.69454452,-0.64337331,0.54834983,0.42376958,0.55256717,1.48367055
Pimelic acid,-0.44275765,-0.19197546,-0.38225026,-0.4888247,-0.14200993,-0.49903428,-0.32608266,-0.2975527,-0.51628692,0.4207884,1.00803804,0.14403475,0.54085364
Pipecolic acid,-0.23457271,-0.22791651,-0.23451202,0.09801903,-0.2708993,-0.2492826,-0.27903872,-0.26795352,-0.14503992,1.45168984,4.54170847,-0.25707567,-0.22047548
"Piperidine, 1-(1-methylpentyl)-",-0.13400383,-0.17083919,-0.14993321,-0.18505317,-0.05159192,-0.08570028,-0.12444909,-0.20805384,-0.16398254,-0.25332802,,-0.27370667,
"Pregn-16-en-20-one, 3,18-bis(acetyloxy)-14,15-epoxy-, (3beta,5alpha,14beta,15beta)-",0.08479189,,-0.37768079,-0.67302189,,-0.04393373,,-0.29676869,-0.14564967,,-0.19050323,0.27984576,
"Propanetriol, 2-methyl-",0.832784411,0.003022117,-0.642932297,-0.817767453,-0.255755564,-0.344385085,-0.032888479,-0.608913741,-0.033911278,0.114419266,0.31155247,1.163037318,2.014302732
"Propanoic acid, 2-methyl-",-0.70505456,-0.95965669,-0.57989935,-1.26473301,-0.69092825,-0.63940737,-0.61106626,-0.70663087,-0.74565595,0.55373478,-0.0997686,0.85867431,-0.66430955
"Propanoic acid, 2-oxo-",-0.39424963,-0.37646439,-0.24026219,-0.4455873,-0.2129557,-0.37112718,-0.25668393,-0.33860935,-0.4915328,,,,2.70920723
"Propiophenone, 3',4'-dimethoxy-",0.055628665,-0.129087114,-0.052690311,-0.205442336,-0.032984053,0.073731511,-0.220542714,-0.040551472,-0.036206155,1.773502083,3.486680011,2.406892366,
Propylamine,5.195217233,-0.504681312,-1.17535485,1.771511844,-0.439649084,0.206953265,-0.830647336,,,-0.499352925,-0.480313215,-0.135380023,1.591872961
"Pyrazine, 3,6-dihydro-3,6-dimethyl-",-0.2594214,-0.2609911,-0.1782007,-0.2477357,-0.2390562,-0.2606213,-0.2579365,-0.2563451,-0.1972875,,,,
"Pyrazine, 3,6-dimethyl-2,5-bis(trimethylsilyloxy)-",-0.335658587,-0.259958961,-0.347779671,0.182037253,-0.362854626,-0.349237103,-0.351149145,-0.26854677,-0.307544477,,4.317585585,3.467871028,
"Pyrimidine, 5-methyl-2,4-bis[(trimethylsilyl)oxy]-",,-0.380836555,-0.317711511,-0.295978662,-0.026605222,-0.48173644,-0.276396581,-0.388981965,-0.513165734,1.02698328,0.561850343,0.120835187,0.082863101
Pyroglutamic acid,-0.194685667,-0.195504225,-0.192703201,0.004828215,-0.147934901,-0.204556008,-0.058878476,-0.149323379,-0.202206623,3.642669826,2.377069249,2.268303126,-0.088518712
Pyrrole-2-carboxylic acid,-0.910554591,-1.251308951,-0.084938992,-1.467914034,-0.33537549,-0.228608989,-0.314377711,-0.689331135,-1.024955446,0.043472881,-0.155253292,-0.142267789,1.949627426
"Pyrrolo[1,2-a]pyrazine-1,4-dione, hexahydro-3-(2-methylpropyl)",-0.27985769,-0.25955664,-0.30218844,0.13875433,-0.31873564,-0.30692096,-0.25433793,-0.28937772,-0.3162189,3.44922172,0.52740741,1.90907942,
"Pyrrolo[1,2-a]pyrazine-3-propanamide, 2,3,6,7,8,8a-hexahydro-1,4-dioxo-",,,,-0.23034515,,,,,,,,,
Quazodine,-0.268618338,-0.264329849,-0.1982284,-0.208426722,,-0.198159158,-0.257375356,-0.238208895,-0.094148845,,,,
"Quinolin-4-one, 1-[2-(3,4-dimethoxyphenyl)ethyl]-octahydro-",-0.39488568,-0.44345251,0.24583034,,-0.05527847,-0.07010874,-0.15596531,-0.22979942,-0.41174219,,0.36365156,0.55446287,-0.26206049
"Quinoline, 2,4-dimethyl-",-0.050640949,-0.091310421,-0.044045232,-0.097778505,0.10417533,0.003330964,0.008202385,-0.126919572,-0.063366725,3.920433789,4.612277461,2.286775762,
Ribitol,-0.17962803,-0.39130631,,0.02483609,0.50472238,,0.35637751,,,0.51598589,0.01345614,0.6415071,1.19630637
"Ribonic acid, 2,3,4,5-tetrakis-",-0.381562623,-0.778232569,-0.772252906,-0.766520249,-0.688745009,-0.341065128,-0.73345822,-0.407693259,-0.336968016,-0.544207117,0.051010612,0.22816987,-0.7788547
S-Methyl-L-cysteine,,,,,,0.54666362,,5.77730987,2.00785617,,,,
Salsoline,-0.727554793,-0.542643322,-0.339703021,,,-0.712924823,0.003630031,-0.381906326,-0.787179293,-0.556530262,-0.494628058,-0.350148022,0.929747703
Sedoheptulose anhydride,-0.20775274,-0.24564943,-0.10768055,-0.24148953,-0.24800932,-0.05417785,-0.06529405,-0.20105066,-0.25395113,,,,
Ser-Leu,-0.946235495,-0.484729644,-1.337566647,-0.27064721,,,-1.268960649,-1.010881972,-1.048104425,-0.365262823,0.424915585,-0.178614558,1.705185223
Serine,-0.33764762,-0.3042384,-0.32553884,-0.21513898,-0.22364546,-0.28334107,-0.27384013,-0.30262562,-0.24104856,4.56837789,,,0.96738597
Sertraline carbamoyl glucuronide,-0.34893998,,-0.351502423,,0.141341833,-0.219912045,-0.291337423,,-0.245316825,-0.04502176,,-0.048960295,4.363486665
Sinomenin,,-0.13401633,,,0.1642453,0.60631584,,,,,,,
"Spiro[cyclopenta[d]-1,3,2-dioxaborin-4(5H),1'-cyclopentane], 2-ethyl-6,7-dihydro-",-0.404441549,,-0.553679056,-0.617941803,-0.646239895,-0.554191272,,-0.071452156,-0.22358013,,-0.612007815,,
Spironolactone,,,,0.30123112,,,,,,,,,
Stearic acid,,,,,,,,,,-0.45029273,-0.40468247,-0.36353246,-0.27638991
"Stigmast-5-ene, 3beta-",-0.51097989,,-0.3693098,-0.64037353,-1.1415532,-0.53680449,-0.66350932,-0.95612958,-0.44515214,-0.38384699,0.08306213,0.16454731,2.00507426
Suberic acid,,0.16487963,-0.20031155,-0.34154523,-0.09473149,-0.42017112,-0.38575741,-0.21548398,-0.2492142,-0.02566457,0.70613034,,0.15130343
Succinic anhydride,-0.34567665,-0.32135748,-0.5398422,-0.39174901,,-0.51516987,-0.48657847,-0.52565689,-0.44532887,-0.26116816,-0.36645978,-0.37258578,
Supraene,,,,,,,,,,-0.417033957,-0.379781272,,2.668451469
Syringaldehyde,-0.762772475,-0.86485642,-0.53783035,-1.176674165,-0.506029383,-0.535721264,-0.487398103,-0.720449326,-0.781501772,0.716979723,0.488516119,1.274407306,2.419071709
"Tacrine, N-trimethylsilyl-",-0.367341718,-0.3347165,-0.386796917,0.363010105,-0.378851709,-0.388920788,-0.362218504,-0.26949454,-0.332027768,4.590736774,3.026826831,1.596356411,
"Talonic acid, gamma-lactone",0.16835237,-0.26716351,-0.25421332,-0.23957982,-0.01382385,-0.01668432,-0.13493325,-0.32524299,-0.17408476,3.2870434,,,0.49524301
Tartronic acid,-0.4316363,-0.5352716,-0.3712283,-0.1014916,-0.2822714,-0.4395801,-0.1695502,-0.1708915,-0.2672017,-0.6523746,-0.6565017,-0.657738,-0.6661908
Tetradecanenitrile,-0.41325042,-0.33280927,,0.0479069,,,-0.43848466,-0.34674184,-0.42967291,,0.26903746,0.35105589,
"Thiazolo[4,5-f]quinoline, 2,9-dimethyl-",,,0.2648739,0.3104735,,-0.4328609,,0.2576785,,,,,
Thymidine,-0.185312279,-0.16174745,-0.016543665,-0.064735976,0.293856411,0.059532588,0.003356822,-0.120933869,-0.055271471,1.376194904,2.161827042,0.994045358,
"Thymine, 1,3-dimethyl-6-(trimethylsilyloxymethyl)-",-0.06616138,-0.16585428,,0.36345907,,,,,,3.93519081,1.18075279,2.45484141,
Tributyl acetylcitrate,-0.62769373,-0.254186253,-0.530757229,-0.634701444,-0.330606372,-0.009842981,-0.383350581,-0.683151832,0.007074374,,-0.020098516,6.186293853,
Tricine,-0.13702819,-0.19538534,-0.13428011,-0.22445192,-0.07073277,-0.12016413,-0.14530429,-0.17597911,-0.1566902,,,,
Triethanolamine,-0.5483158,-0.1389239,-0.4083903,-0.5352206,-0.1858445,-0.3716573,-0.3888017,-0.4321071,-0.2819824,0.8689157,0.8015064,0.4591668,2.858861
"Trimethylsilyl (5-benzyl-3,6-dioxopiperazin-2-yl)acetate",-0.34530755,,,0.20768473,,-0.3846416,,,-0.18161681,0.62575007,0.01555426,-0.23884919,
Trimethylsilyl 3-((trimethylsilyl)thio)propanoate,-0.306327498,-0.578046215,-0.325525151,-0.659936225,-0.661576043,-0.536193294,-0.591277306,,-0.376681829,0.6471963,0.604013076,0.610916489,3.267912268
Trimethylsilyl oct-2-enoate,,,,,,,,,,,,,
Trimidox,-0.401226391,-0.43722897,-0.13369698,-0.535739332,-0.177518694,-0.197790389,-0.203014443,-0.104849954,-0.414271351,,,,
Tris(trimethylsilyl)carbamate,-1.03770256,-1.11737188,-0.86857639,-1.31511803,-0.67231107,-0.59017603,-0.72806637,-1.21949126,-0.95184337,-0.39260914,-0.56198374,-1.19981868,1.35119787
Trisaminol,-1.081536503,,0.019208395,-0.741491584,-1.009475425,-1.082908884,-0.715908905,-0.975705979,-1.138775933,-1.020814865,-0.247301824,-0.088855473,-0.177725607
L-Tyrosine,,,,,,,,,,-0.90700455,-0.675296079,-0.563836491,0.926240349
Undecanedioic acid,-0.111653329,,,,-0.064441148,-0.023304289,-0.107836477,,,,,,
Uracil,-0.737032708,-0.75757061,-0.459283577,-0.137030866,0.502838062,-0.611563925,0.280242395,-0.033959228,-0.662113578,0.826571326,0.338297192,0.470805304,0.042376437
Urea,,-0.771968683,-0.990327051,-0.95805892,-0.953572216,-0.97758986,-0.926243416,-0.984502191,-0.997815974,-0.824974076,-0.857807474,-0.663242695,-0.959509928
Uridine,-0.49869318,-0.32383352,-0.59997477,-0.02404263,-0.4565937,-0.56372577,-0.49815623,-0.49934069,-0.52152508,-0.09755291,0.3623318,1.57238211,-0.22741097
Valylglycine,-0.69347746,-0.44633284,-0.8430788,0.03377525,,,-0.7719777,-0.77233753,-0.84473729,-0.92303894,-0.92160578,-0.91661613,
Vanillylmandelic acid,,-0.29652248,-0.41254335,,,,6.32034236,-0.35221705,,,,,0.17892662
Xylazine,-0.561104528,-0.994370706,-0.537644226,-0.832703465,0.69476113,-0.871315782,-0.462336733,-0.127266396,-0.781667244,0.203184023,-0.391367281,0.155156274,3.283300529
Xylitol,,-0.47391078,-0.11073764,-0.67689024,-0.69234824,,-0.28597775,-0.27468239,-0.31424526,,,,
"Xylonic acid, 2,3,4-tris-O-(trimethylsilyl)-, delta-lactone",-0.23267866,-0.25445053,0.11896141,-0.38346873,-0.1750774,-0.11527328,-0.0411001,-0.06156937,-0.24676795,1.15552934,1.28704369,1.50225867,-0.0632881
Xylose,,,,,-0.45298843,,,,,0.72265352,,,1.73158315
