node,num_votes,up_votes,down_votes,frustration,removed_node_majority,removed_edges_layer1,removed_minority_edges,removed_same_level_edge,layer
ENSMUSG00000027374,,,,,False,False,False,False,
ENSMUSG00000042626,,,,,False,False,False,False,0.0
ENSMUSG00000055681,,,,,False,False,False,False,
ENSMUSG00000028412,,,,,False,False,False,False,
ENSMUSG00000054484,,,,,False,False,False,False,
ENSMUSG00000024425,,,,,False,False,False,False,
ENSMUSG00000032216,,,,,False,False,False,False,
ENSMUSG00000025979,,,,,False,False,False,False,
ENSMUSG00000051343,,,,,False,False,False,False,
ENSMUSG00000035443,,,,,False,False,False,False,
ENSMUSG00000028991,,,,,False,False,False,False,
ENSMUSG00000036948,,,,,False,False,False,False,
ENSMUSG00000033900,,,,,False,False,False,False,
ENSMUSG00000041936,,,,,False,False,False,False,
ENSMUSG00000034584,,,,,False,False,False,False,
ENSMUSG00000068921,,,,,False,False,False,False,
ENSMUSG00000049670,,,,,False,False,False,False,
ENSMUSG00000044224,,,,,False,False,False,False,0.0
ENSMUSG00000030216,,,,,False,False,False,False,0.0
ENSMUSG00000071072,,,,,False,False,False,False,
ENSMUSG00000021243,,,,,False,False,False,False,
ENSMUSG00000016495,,,,,False,False,False,False,
ENSMUSG00000026803,,,,,False,False,False,False,
ENSMUSG00000036188,,,,,False,False,False,False,0.0
ENSMUSG00000068284,,,,,False,False,False,False,
ENSMUSG00000033237,,,,,False,False,False,False,
ENSMUSG00000063894,,,,,False,False,False,False,0.0
ENSMUSG00000027536,,,,,False,False,False,False,
ENSMUSG00000069727,,,,,False,False,False,False,
ENSMUSG00000042118,,,,,False,False,False,False,
ENSMUSG00000094002,,,,,False,False,False,False,
ENSMUSG00000039253,,,,,False,False,False,False,
ENSMUSG00000031916,,,,,False,False,False,False,
ENSMUSG00000025477,,,,,False,False,False,False,
ENSMUSG00000036371,,,,,False,False,False,False,0.0
ENSMUSG00000094595,,,,,False,False,False,False,
ENSMUSG00000041126,,,,,False,False,False,False,
ENSMUSG00000034064,,,,,False,False,False,False,
ENSMUSG00000004591,,,,,False,False,False,False,
ENSMUSG00000035295,,,,,False,False,False,False,
ENSMUSG00000085558,,,,,False,False,False,False,
ENSMUSG00000057421,,,,,False,False,False,False,
ENSMUSG00000022781,,,,,False,False,False,False,
ENSMUSG00000030060,,,,,False,False,False,False,
ENSMUSG00000015112,,,,,False,False,False,False,
ENSMUSG00000042426,,,,,False,False,False,False,0.0
ENSMUSG00000027642,,,,,False,False,False,False,
ENSMUSG00000105382,,,,,False,False,False,False,0.0
ENSMUSG00000024081,,,,,False,False,False,False,
ENSMUSG00000079442,,,,,False,False,False,False,
ENSMUSG00000003184,,,,,False,False,False,False,
ENSMUSG00000005469,,,,,False,False,False,False,
ENSMUSG00000030094,,,,,False,False,False,False,
ENSMUSG00000024941,,,,,False,False,False,False,0.0
ENSMUSG00000049295,,,,,False,False,False,False,
ENSMUSG00000049097,,,,,False,False,False,False,
ENSMUSG00000070348,,,,,False,False,False,False,0.0
ENSMUSG00000046711,,,,,False,False,False,False,0.0
ENSMUSG00000034647,,,,,False,False,False,False,
ENSMUSG00000002319,,,,,False,False,False,False,
ENSMUSG00000020108,,,,,False,False,False,False,0.0
ENSMUSG00000026273,,,,,False,False,False,False,
ENSMUSG00000022246,,,,,False,False,False,False,
ENSMUSG00000020308,,,,,False,False,False,False,
ENSMUSG00000050910,,,,,False,False,False,False,
ENSMUSG00000061533,,,,,False,False,False,False,
ENSMUSG00000102840,,,,,False,False,False,False,
ENSMUSG00000058756,,,,,False,False,False,False,
ENSMUSG00000004698,,,,,False,False,False,False,
ENSMUSG00000033948,,,,,False,False,False,False,
ENSMUSG00000028655,,,,,False,False,False,False,
ENSMUSG00000106032,,,,,False,False,False,False,0.0
ENSMUSG00000086610,,,,,False,False,False,False,0.0
ENSMUSG00000026309,,,,,False,False,False,False,
ENSMUSG00000021903,,,,,False,False,False,False,
ENSMUSG00000037262,,,,,False,False,False,False,
ENSMUSG00000026603,,,,,False,False,False,False,
ENSMUSG00000005514,,,,,False,False,False,False,
ENSMUSG00000033808,,,,,False,False,False,False,
ENSMUSG00000015461,,,,,False,False,False,False,
ENSMUSG00000045128,,,,,False,False,False,False,0.0
ENSMUSG00000047146,,,,,False,False,False,False,
ENSMUSG00000070705,,,,,False,False,False,False,
ENSMUSG00000040795,,,,,False,False,False,False,0.0
ENSMUSG00000031511,,,,,False,False,False,False,
ENSMUSG00000024805,,,,,False,False,False,False,0.0
ENSMUSG00000029198,,,,,False,False,False,False,
ENSMUSG00000032482,,,,,False,False,False,False,
ENSMUSG00000021288,,,,,False,False,False,False,
ENSMUSG00000024151,,,,,False,False,False,False,
ENSMUSG00000023243,,,,,False,False,False,False,
ENSMUSG00000030591,,,,,False,False,False,False,
ENSMUSG00000052751,,,,,False,False,False,False,
ENSMUSG00000020389,,,,,False,False,False,False,
ENSMUSG00000028959,,,,,False,False,False,False,
ENSMUSG00000025474,,,,,False,False,False,False,0.0
ENSMUSG00000064370,,,,,False,False,False,False,
ENSMUSG00000005580,,,,,False,False,False,False,
ENSMUSG00000030663,,,,,False,False,False,False,
ENSMUSG00000035941,,,,,False,False,False,False,0.0
ENSMUSG00000036501,,,,,False,False,False,False,
ENSMUSG00000033411,,,,,False,False,False,False,0.0
ENSMUSG00000035934,,,,,False,False,False,False,
ENSMUSG00000003344,,,,,False,False,False,False,
ENSMUSG00000037608,,,,,False,False,False,False,
ENSMUSG00000026333,,,,,False,False,False,False,
ENSMUSG00000003527,,,,,False,False,False,False,
ENSMUSG00000058420,,,,,False,False,False,False,
ENSMUSG00000019907,,,,,False,False,False,False,
ENSMUSG00000025410,,,,,False,False,False,False,
ENSMUSG00000061718,,,,,False,False,False,False,0.0
ENSMUSG00000008690,,,,,False,False,False,False,
ENSMUSG00000092417,,,,,False,False,False,False,
ENSMUSG00000004895,,,,,False,False,False,False,
ENSMUSG00000025934,,,,,False,False,False,False,
ENSMUSG00000028273,,,,,False,False,False,False,
ENSMUSG00000026520,,,,,False,False,False,False,
ENSMUSG00000024193,,,,,False,False,False,False,
ENSMUSG00000083899,,,,,False,False,False,False,
ENSMUSG00000030879,,,,,False,False,False,False,0.0
ENSMUSG00000021585,,,,,False,False,False,False,
ENSMUSG00000026623,,,,,False,False,False,False,
ENSMUSG00000056215,,,,,False,False,False,False,0.0
ENSMUSG00000001964,,,,,False,False,False,False,0.0
ENSMUSG00000057367,,,,,False,False,False,False,
ENSMUSG00000036613,,,,,False,False,False,False,
ENSMUSG00000045100,,,,,False,False,False,False,
ENSMUSG00000031010,,,,,False,False,False,False,
ENSMUSG00000015839,,,,,False,False,False,False,
ENSMUSG00000038859,,,,,False,False,False,False,
ENSMUSG00000044296,,,,,False,False,False,False,
ENSMUSG00000032633,,,,,False,False,False,False,
ENSMUSG00000032724,,,,,False,False,False,False,
ENSMUSG00000024235,,,,,False,False,False,False,
ENSMUSG00000023236,,,,,False,False,False,False,
ENSMUSG00000026483,,,,,False,False,False,False,
ENSMUSG00000057738,,,,,False,False,False,False,
ENSMUSG00000032301,,,,,False,False,False,False,0.0
ENSMUSG00000010607,,,,,False,False,False,False,
ENSMUSG00000030862,,,,,False,False,False,False,0.0
ENSMUSG00000035505,,,,,False,False,False,False,
ENSMUSG00000022283,,,,,False,False,False,False,
ENSMUSG00000050989,,,,,False,False,False,False,0.0
ENSMUSG00000014195,,,,,False,False,False,False,
ENSMUSG00000036718,,,,,False,False,False,False,
ENSMUSG00000028885,,,,,False,False,False,False,
ENSMUSG00000021693,,,,,False,False,False,False,
ENSMUSG00000062044,,,,,False,False,False,False,
ENSMUSG00000028441,,,,,False,False,False,False,0.0
ENSMUSG00000005124,,,,,False,False,False,False,0.0
ENSMUSG00000043991,,,,,False,False,False,False,
ENSMUSG00000086825,,,,,False,False,False,False,
ENSMUSG00000019080,,,,,False,False,False,False,
ENSMUSG00000018199,,,,,False,False,False,False,
ENSMUSG00000041134,,,,,False,False,False,False,
ENSMUSG00000059495,,,,,False,False,False,False,0.0
ENSMUSG00000049624,,,,,False,False,False,False,
ENSMUSG00000102142,,,,,False,False,False,False,
ENSMUSG00000024170,,,,,False,False,False,False,
ENSMUSG00000030058,,,,,False,False,False,False,
ENSMUSG00000062421,,,,,False,False,False,False,0.0
ENSMUSG00000050822,,,,,False,False,False,False,0.0
ENSMUSG00000014075,,,,,False,False,False,False,
ENSMUSG00000023092,,,,,False,False,False,False,
ENSMUSG00000003099,,,,,False,False,False,False,
ENSMUSG00000028772,,,,,False,False,False,False,
ENSMUSG00000035133,,,,,False,False,False,False,
ENSMUSG00000041012,,,,,False,False,False,False,
ENSMUSG00000039275,,,,,False,False,False,False,
ENSMUSG00000025060,,,,,False,False,False,False,
ENSMUSG00000013858,,,,,False,False,False,False,0.0
ENSMUSG00000057722,,,,,False,False,False,False,
ENSMUSG00000020777,,,,,False,False,False,False,
ENSMUSG00000024150,,,,,False,False,False,False,
ENSMUSG00000043467,,,,,False,False,False,False,
ENSMUSG00000024921,,,,,False,False,False,False,
ENSMUSG00000030016,,,,,False,False,False,False,
ENSMUSG00000056531,,,,,False,False,False,False,
ENSMUSG00000020102,,,,,False,False,False,False,
ENSMUSG00000050493,,,,,False,False,False,False,
ENSMUSG00000043059,,,,,False,False,False,False,
ENSMUSG00000048200,,,,,False,False,False,False,
ENSMUSG00000024181,,,,,False,False,False,False,
ENSMUSG00000005510,,,,,False,False,False,False,0.0
ENSMUSG00000032615,,,,,False,False,False,False,
ENSMUSG00000035873,,,,,False,False,False,False,
ENSMUSG00000020496,,,,,False,False,False,False,
ENSMUSG00000024687,,,,,False,False,False,False,
ENSMUSG00000030008,,,,,False,False,False,False,
ENSMUSG00000021377,,,,,False,False,False,False,0.0
ENSMUSG00000032641,,,,,False,False,False,False,
ENSMUSG00000022711,,,,,False,False,False,False,
ENSMUSG00000038644,,,,,False,False,False,False,
ENSMUSG00000018322,,,,,False,False,False,False,
ENSMUSG00000056054,,,,,False,False,False,False,
ENSMUSG00000062937,,,,,False,False,False,False,0.0
ENSMUSG00000004040,,,,,False,False,False,False,
ENSMUSG00000018372,,,,,False,False,False,False,
ENSMUSG00000039804,,,,,False,False,False,False,0.0
ENSMUSG00000024740,,,,,False,False,False,False,0.0
ENSMUSG00000038836,,,,,False,False,False,False,
ENSMUSG00000006777,,,,,False,False,False,False,
ENSMUSG00000017405,,,,,False,False,False,False,
ENSMUSG00000064345,,,,,False,False,False,False,
ENSMUSG00000040158,,,,,False,False,False,False,
ENSMUSG00000039883,,,,,False,False,False,False,
ENSMUSG00000024253,,,,,False,False,False,False,
ENSMUSG00000019897,,,,,False,False,False,False,0.0
ENSMUSG00000031451,,,,,False,False,False,False,
ENSMUSG00000031751,,,,,False,False,False,False,
ENSMUSG00000029623,,,,,False,False,False,False,
ENSMUSG00000030691,,,,,False,False,False,False,
ENSMUSG00000036819,,,,,False,False,False,False,
ENSMUSG00000024290,,,,,False,False,False,False,
ENSMUSG00000017548,,,,,False,False,False,False,0.0
ENSMUSG00000032555,,,,,False,False,False,False,
ENSMUSG00000029178,,,,,False,False,False,False,
ENSMUSG00000035640,,,,,False,False,False,False,
ENSMUSG00000024168,,,,,False,False,False,False,
ENSMUSG00000001687,,,,,False,False,False,False,
ENSMUSG00000041438,,,,,False,False,False,False,0.0
ENSMUSG00000029790,,,,,False,False,False,False,
ENSMUSG00000030703,,,,,False,False,False,False,
ENSMUSG00000008140,,,,,False,False,False,False,
ENSMUSG00000035011,,,,,False,False,False,False,
ENSMUSG00000001855,,,,,False,False,False,False,0.0
ENSMUSG00000028826,,,,,False,False,False,False,
ENSMUSG00000007892,,,,,False,False,False,False,0.0
ENSMUSG00000036499,,,,,False,False,False,False,
ENSMUSG00000000305,,,,,False,False,False,False,
ENSMUSG00000026341,,,,,False,False,False,False,
ENSMUSG00000042010,,,,,False,False,False,False,
ENSMUSG00000021431,,,,,False,False,False,False,
ENSMUSG00000042729,,,,,False,False,False,False,
ENSMUSG00000047264,,,,,False,False,False,False,0.0
ENSMUSG00000036478,,,,,False,False,False,False,
ENSMUSG00000032238,,,,,False,False,False,False,
ENSMUSG00000039323,,,,,False,False,False,False,0.0
ENSMUSG00000030979,,,,,False,False,False,False,0.0
ENSMUSG00000020608,,,,,False,False,False,False,
ENSMUSG00000055150,,,,,False,False,False,False,
ENSMUSG00000022941,,,,,False,False,False,False,
ENSMUSG00000021244,,,,,False,False,False,False,
ENSMUSG00000022463,,,,,False,False,False,False,
ENSMUSG00000023030,,,,,False,False,False,False,
ENSMUSG00000026784,,,,,False,False,False,False,
ENSMUSG00000031027,,,,,False,False,False,False,
ENSMUSG00000036641,,,,,False,False,False,False,
ENSMUSG00000027690,,,,,False,False,False,False,
ENSMUSG00000072772,,,,,False,False,False,False,
ENSMUSG00000033487,,,,,False,False,False,False,
ENSMUSG00000029550,,,,,False,False,False,False,0.0
ENSMUSG00000096971,,,,,False,False,False,False,
ENSMUSG00000037664,,,,,False,False,False,False,
ENSMUSG00000106718,,,,,False,False,False,False,
ENSMUSG00000002455,,,,,False,False,False,False,
ENSMUSG00000106365,,,,,False,False,False,False,
ENSMUSG00000087368,,,,,False,False,False,False,
ENSMUSG00000024335,,,,,False,False,False,False,0.0
ENSMUSG00000030782,,,,,False,False,False,False,
ENSMUSG00000051074,,,,,False,False,False,False,
ENSMUSG00000055447,,,,,False,False,False,False,
ENSMUSG00000021025,,,,,False,False,False,False,
ENSMUSG00000049739,,,,,False,False,False,False,
ENSMUSG00000070858,,,,,False,False,False,False,
ENSMUSG00000024491,,,,,False,False,False,False,
ENSMUSG00000030079,,,,,False,False,False,False,
ENSMUSG00000055044,,,,,False,False,False,False,0.0
ENSMUSG00000091549,,,,,False,False,False,False,
ENSMUSG00000032372,,,,,False,False,False,False,0.0
ENSMUSG00000032009,,,,,False,False,False,False,
ENSMUSG00000023967,,,,,False,False,False,False,
ENSMUSG00000028041,,,,,False,False,False,False,
ENSMUSG00000031864,,,,,False,False,False,False,
ENSMUSG00000005131,,,,,False,False,False,False,
ENSMUSG00000060512,,,,,False,False,False,False,0.0
ENSMUSG00000030560,,,,,False,False,False,False,0.0
ENSMUSG00000053012,,,,,False,False,False,False,
ENSMUSG00000043639,,,,,False,False,False,False,
ENSMUSG00000029291,,,,,False,False,False,False,
ENSMUSG00000058492,,,,,False,False,False,False,0.0
ENSMUSG00000020080,,,,,False,False,False,False,
ENSMUSG00000040701,,,,,False,False,False,False,
ENSMUSG00000041408,,,,,False,False,False,False,
ENSMUSG00000026687,,,,,False,False,False,False,
ENSMUSG00000102687,,,,,False,False,False,False,
ENSMUSG00000026029,,,,,False,False,False,False,
ENSMUSG00000027706,,,,,False,False,False,False,
ENSMUSG00000071180,,,,,False,False,False,False,
ENSMUSG00000021254,,,,,False,False,False,False,
ENSMUSG00000064294,,,,,False,False,False,False,
ENSMUSG00000022312,,,,,False,False,False,False,
ENSMUSG00000019699,,,,,False,False,False,False,
ENSMUSG00000020477,,,,,False,False,False,False,
ENSMUSG00000023341,,,,,False,False,False,False,
ENSMUSG00000103657,,,,,False,False,False,False,0.0
ENSMUSG00000026896,,,,,False,False,False,False,
ENSMUSG00000020248,,,,,False,False,False,False,
ENSMUSG00000021482,,,,,False,False,False,False,
ENSMUSG00000023249,,,,,False,False,False,False,0.0
ENSMUSG00000087640,,,,,False,False,False,False,
ENSMUSG00000072704,,,,,False,False,False,False,
ENSMUSG00000020135,,,,,False,False,False,False,
ENSMUSG00000031657,,,,,False,False,False,False,
ENSMUSG00000046947,,,,,False,False,False,False,
ENSMUSG00000034930,,,,,False,False,False,False,
ENSMUSG00000022561,,,,,False,False,False,False,
ENSMUSG00000097626,,,,,False,False,False,False,
ENSMUSG00000031583,,,,,False,False,False,False,
ENSMUSG00000044317,,,,,False,False,False,False,
ENSMUSG00000001441,,,,,False,False,False,False,
ENSMUSG00000037742,,,,,False,False,False,False,
ENSMUSG00000001054,,,,,False,False,False,False,
ENSMUSG00000021886,,,,,False,False,False,False,
ENSMUSG00000031157,,,,,False,False,False,False,
ENSMUSG00000037326,,,,,False,False,False,False,
ENSMUSG00000046351,,,,,False,False,False,False,
ENSMUSG00000030605,,,,,False,False,False,False,0.0
ENSMUSG00000030108,,,,,False,False,False,False,
ENSMUSG00000042349,,,,,False,False,False,False,0.0
ENSMUSG00000037012,,,,,False,False,False,False,
ENSMUSG00000040640,,,,,False,False,False,False,
ENSMUSG00000039943,,,,,False,False,False,False,
ENSMUSG00000056598,,,,,False,False,False,False,
ENSMUSG00000037736,,,,,False,False,False,False,
ENSMUSG00000095677,,,,,False,False,False,False,
ENSMUSG00000004098,,,,,False,False,False,False,
ENSMUSG00000100075,,,,,False,False,False,False,
ENSMUSG00000031918,,,,,False,False,False,False,0.0
ENSMUSG00000035152,,,,,False,False,False,False,
ENSMUSG00000104339,,,,,False,False,False,False,0.0
ENSMUSG00000038717,,,,,False,False,False,False,
ENSMUSG00000019464,,,,,False,False,False,False,
ENSMUSG00000038990,,,,,False,False,False,False,
ENSMUSG00000025437,,,,,False,False,False,False,
ENSMUSG00000051224,,,,,False,False,False,False,0.0
ENSMUSG00000078485,,,,,False,False,False,False,
ENSMUSG00000021392,,,,,False,False,False,False,
ENSMUSG00000021686,,,,,False,False,False,False,
ENSMUSG00000044134,,,,,False,False,False,False,
ENSMUSG00000024975,,,,,False,False,False,False,
ENSMUSG00000002844,,,,,False,False,False,False,
ENSMUSG00000029270,,,,,False,False,False,False,
ENSMUSG00000029684,,,,,False,False,False,False,
ENSMUSG00000017697,,,,,False,False,False,False,
ENSMUSG00000022812,,,,,False,False,False,False,
ENSMUSG00000053749,,,,,False,False,False,False,
ENSMUSG00000025323,,,,,False,False,False,False,
ENSMUSG00000034863,,,,,False,False,False,False,
ENSMUSG00000068762,,,,,False,False,False,False,
ENSMUSG00000068335,,,,,False,False,False,False,
ENSMUSG00000021215,,,,,False,False,False,False,
ENSMUSG00000085197,,,,,False,False,False,False,
ENSMUSG00000091007,,,,,False,False,False,False,
ENSMUSG00000028133,,,,,False,False,False,False,
ENSMUSG00000031112,,,,,False,False,False,False,
ENSMUSG00000028700,,,,,False,False,False,False,
ENSMUSG00000032018,,,,,False,False,False,False,
ENSMUSG00000030304,,,,,False,False,False,False,
ENSMUSG00000054364,,,,,False,False,False,False,
ENSMUSG00000029878,,,,,False,False,False,False,
ENSMUSG00000057181,,,,,False,False,False,False,
ENSMUSG00000050321,,,,,False,False,False,False,
ENSMUSG00000021957,,,,,False,False,False,False,
ENSMUSG00000030265,,,,,False,False,False,False,
ENSMUSG00000052566,,,,,False,False,False,False,0.0
ENSMUSG00000030256,,,,,False,False,False,False,
ENSMUSG00000022361,,,,,False,False,False,False,
ENSMUSG00000028383,,,,,False,False,False,False,
ENSMUSG00000017221,,,,,False,False,False,False,
ENSMUSG00000021481,,,,,False,False,False,False,
ENSMUSG00000020752,,,,,False,False,False,False,
ENSMUSG00000041642,,,,,False,False,False,False,
ENSMUSG00000031147,,,,,False,False,False,False,
ENSMUSG00000038084,,,,,False,False,False,False,0.0
ENSMUSG00000066113,,,,,False,False,False,False,
ENSMUSG00000051043,,,,,False,False,False,False,
ENSMUSG00000042797,,,,,False,False,False,False,
ENSMUSG00000028030,,,,,False,False,False,False,
ENSMUSG00000028484,,,,,False,False,False,False,
ENSMUSG00000045817,,,,,False,False,False,False,
ENSMUSG00000031808,,,,,False,False,False,False,
ENSMUSG00000021676,,,,,False,False,False,False,
ENSMUSG00000027523,,,,,False,False,False,False,
ENSMUSG00000037716,,,,,False,False,False,False,
ENSMUSG00000070319,,,,,False,False,False,False,
ENSMUSG00000024472,,,,,False,False,False,False,0.0
ENSMUSG00000007476,,,,,False,False,False,False,
ENSMUSG00000041308,,,,,False,False,False,False,
ENSMUSG00000033436,,,,,False,False,False,False,
ENSMUSG00000034579,,,,,False,False,False,False,
ENSMUSG00000038545,,,,,False,False,False,False,
ENSMUSG00000042831,,,,,False,False,False,False,
ENSMUSG00000030217,,,,,False,False,False,False,
ENSMUSG00000065799,,,,,False,False,False,False,
ENSMUSG00000022085,,,,,False,False,False,False,
ENSMUSG00000029840,,,,,False,False,False,False,
ENSMUSG00000105970,,,,,False,False,False,False,
ENSMUSG00000021904,,,,,False,False,False,False,
ENSMUSG00000105607,,,,,False,False,False,False,
ENSMUSG00000033502,,,,,False,False,False,False,
ENSMUSG00000090877,,,,,False,False,False,False,
ENSMUSG00000044813,,,,,False,False,False,False,
ENSMUSG00000030268,,,,,False,False,False,False,
ENSMUSG00000031967,,,,,False,False,False,False,
ENSMUSG00000028977,,,,,False,False,False,False,
ENSMUSG00000090110,,,,,False,False,False,False,
ENSMUSG00000048106,,,,,False,False,False,False,
ENSMUSG00000026563,,,,,False,False,False,False,
ENSMUSG00000046157,,,,,False,False,False,False,
ENSMUSG00000047067,,,,,False,False,False,False,
ENSMUSG00000067928,,,,,False,False,False,False,
ENSMUSG00000047181,,,,,False,False,False,False,
ENSMUSG00000038880,,,,,False,False,False,False,
ENSMUSG00000034786,,,,,False,False,False,False,0.0
ENSMUSG00000053746,,,,,False,False,False,False,
ENSMUSG00000032740,,,,,False,False,False,False,
ENSMUSG00000028701,,,,,False,False,False,False,
ENSMUSG00000003360,,,,,False,False,False,False,0.0
ENSMUSG00000032172,,,,,False,False,False,False,
ENSMUSG00000041720,,,,,False,False,False,False,
ENSMUSG00000047371,,,,,False,False,False,False,0.0
ENSMUSG00000040761,,,,,False,False,False,False,
ENSMUSG00000085207,,,,,False,False,False,False,
ENSMUSG00000024190,,,,,False,False,False,False,
ENSMUSG00000061838,,,,,False,False,False,False,
ENSMUSG00000033453,,,,,False,False,False,False,
ENSMUSG00000032251,,,,,False,False,False,False,
ENSMUSG00000048118,,,,,False,False,False,False,
ENSMUSG00000020444,,,,,False,False,False,False,
ENSMUSG00000048175,,,,,False,False,False,False,0.0
ENSMUSG00000049744,,,,,False,False,False,False,
ENSMUSG00000047989,,,,,False,False,False,False,
ENSMUSG00000071253,,,,,False,False,False,False,
ENSMUSG00000045302,,,,,False,False,False,False,
ENSMUSG00000041841,,,,,False,False,False,False,
ENSMUSG00000070544,,,,,False,False,False,False,
ENSMUSG00000036435,,,,,False,False,False,False,
ENSMUSG00000039157,,,,,False,False,False,False,
ENSMUSG00000052534,,,,,False,False,False,False,
ENSMUSG00000015932,,,,,False,False,False,False,
ENSMUSG00000040612,,,,,False,False,False,False,
ENSMUSG00000067795,,,,,False,False,False,False,
ENSMUSG00000021010,,,,,False,False,False,False,
ENSMUSG00000004285,,,,,False,False,False,False,
ENSMUSG00000044927,,,,,False,False,False,False,
ENSMUSG00000027782,,,,,False,False,False,False,
ENSMUSG00000038064,,,,,False,False,False,False,
ENSMUSG00000005575,,,,,False,False,False,False,
ENSMUSG00000029034,,,,,False,False,False,False,
ENSMUSG00000034768,,,,,False,False,False,False,
ENSMUSG00000017802,,,,,False,False,False,False,
ENSMUSG00000032050,,,,,False,False,False,False,
ENSMUSG00000050856,,,,,False,False,False,False,
ENSMUSG00000028051,,,,,False,False,False,False,
ENSMUSG00000056952,,,,,False,False,False,False,
ENSMUSG00000047547,,,,,False,False,False,False,
ENSMUSG00000027598,,,,,False,False,False,False,
ENSMUSG00000060227,,,,,False,False,False,False,
ENSMUSG00000024576,,,,,False,False,False,False,
ENSMUSG00000030697,,,,,False,False,False,False,
ENSMUSG00000024191,,,,,False,False,False,False,
ENSMUSG00000030286,,,,,False,False,False,False,
ENSMUSG00000031970,,,,,False,False,False,False,
ENSMUSG00000091475,,,,,False,False,False,False,
ENSMUSG00000026509,,,,,False,False,False,False,
ENSMUSG00000035762,,,,,False,False,False,False,
ENSMUSG00000099689,,,,,False,False,False,False,0.0
ENSMUSG00000034377,,,,,False,False,False,False,
ENSMUSG00000039715,,,,,False,False,False,False,0.0
ENSMUSG00000098113,,,,,False,False,False,False,0.0
ENSMUSG00000007379,,,,,False,False,False,False,
ENSMUSG00000087083,,,,,False,False,False,False,
ENSMUSG00000023064,,,,,False,False,False,False,
ENSMUSG00000030554,,,,,False,False,False,False,
ENSMUSG00000037221,,,,,False,False,False,False,0.0
ENSMUSG00000006005,,,,,False,False,False,False,
ENSMUSG00000038608,,,,,False,False,False,False,
ENSMUSG00000104682,,,,,False,False,False,False,
ENSMUSG00000022023,,,,,False,False,False,False,
ENSMUSG00000041135,,,,,False,False,False,False,
ENSMUSG00000091183,,,,,False,False,False,False,
ENSMUSG00000026820,,,,,False,False,False,False,
ENSMUSG00000030352,,,,,False,False,False,False,
ENSMUSG00000034295,,,,,False,False,False,False,
ENSMUSG00000037646,,,,,False,False,False,False,
ENSMUSG00000040167,,,,,False,False,False,False,
ENSMUSG00000077767,,,,,False,False,False,False,
ENSMUSG00000055239,,,,,False,False,False,False,
ENSMUSG00000031489,,,,,False,False,False,False,0.0
ENSMUSG00000035093,,,,,False,False,False,False,
ENSMUSG00000032306,,,,,False,False,False,False,
ENSMUSG00000043535,,,,,False,False,False,False,0.0
ENSMUSG00000025869,,,,,False,False,False,False,
ENSMUSG00000007613,,,,,False,False,False,False,0.0
ENSMUSG00000049571,,,,,False,False,False,False,
ENSMUSG00000018983,,,,,False,False,False,False,
ENSMUSG00000024870,,,,,False,False,False,False,0.0
ENSMUSG00000043487,,,,,False,False,False,False,
ENSMUSG00000017831,,,,,False,False,False,False,
ENSMUSG00000024947,,,,,False,False,False,False,
ENSMUSG00000025478,,,,,False,False,False,False,
ENSMUSG00000028032,,,,,False,False,False,False,
ENSMUSG00000029772,,,,,False,False,False,False,0.0
ENSMUSG00000075704,,,,,False,False,False,False,
ENSMUSG00000028599,,,,,False,False,False,False,
ENSMUSG00000059820,,,,,False,False,False,False,
ENSMUSG00000085776,,,,,False,False,False,False,
ENSMUSG00000022426,,,,,False,False,False,False,
ENSMUSG00000011831,,,,,False,False,False,False,0.0
ENSMUSG00000064246,,,,,False,False,False,False,
ENSMUSG00000004085,,,,,False,False,False,False,0.0
ENSMUSG00000042686,,,,,False,False,False,False,
ENSMUSG00000028626,,,,,False,False,False,False,
ENSMUSG00000068196,,,,,False,False,False,False,
ENSMUSG00000030088,,,,,False,False,False,False,
ENSMUSG00000058351,,,,,False,False,False,False,
ENSMUSG00000007739,,,,,False,False,False,False,
ENSMUSG00000031590,,,,,False,False,False,False,
ENSMUSG00000025505,,,,,False,False,False,False,
ENSMUSG00000039194,,,,,False,False,False,False,0.0
ENSMUSG00000028863,,,,,False,False,False,False,
ENSMUSG00000002660,,,,,False,False,False,False,
ENSMUSG00000048612,,,,,False,False,False,False,
ENSMUSG00000005609,,,,,False,False,False,False,
ENSMUSG00000054720,,,,,False,False,False,False,0.0
ENSMUSG00000031246,,,,,False,False,False,False,0.0
ENSMUSG00000014603,,,,,False,False,False,False,
ENSMUSG00000031838,,,,,False,False,False,False,
ENSMUSG00000031922,,,,,False,False,False,False,
ENSMUSG00000045094,,,,,False,False,False,False,
ENSMUSG00000047141,,,,,False,False,False,False,0.0
ENSMUSG00000032288,,,,,False,False,False,False,0.0
ENSMUSG00000054717,,,,,False,False,False,False,0.0
ENSMUSG00000029438,,,,,False,False,False,False,0.0
ENSMUSG00000026895,,,,,False,False,False,False,0.0
ENSMUSG00000038555,,,,,False,False,False,False,0.0
ENSMUSG00000035293,,,,,False,False,False,False,
ENSMUSG00000022141,,,,,False,False,False,False,
ENSMUSG00000024002,,,,,False,False,False,False,
ENSMUSG00000048874,,,,,False,False,False,False,
ENSMUSG00000006476,,,,,False,False,False,False,
ENSMUSG00000066357,,,,,False,False,False,False,0.0
ENSMUSG00000038646,,,,,False,False,False,False,
ENSMUSG00000105729,,,,,False,False,False,False,0.0
ENSMUSG00000041570,,,,,False,False,False,False,
ENSMUSG00000045930,,,,,False,False,False,False,
ENSMUSG00000002324,,,,,False,False,False,False,
ENSMUSG00000030493,,,,,False,False,False,False,
ENSMUSG00000022199,,,,,False,False,False,False,
ENSMUSG00000052584,,,,,False,False,False,False,
ENSMUSG00000027108,,,,,False,False,False,False,
ENSMUSG00000023960,,,,,False,False,False,False,
ENSMUSG00000044365,,,,,False,False,False,False,0.0
ENSMUSG00000056735,,,,,False,False,False,False,
ENSMUSG00000012422,,,,,False,False,False,False,
ENSMUSG00000062040,,,,,False,False,False,False,
ENSMUSG00000028890,,,,,False,False,False,False,
ENSMUSG00000042129,,,,,False,False,False,False,
ENSMUSG00000069631,,,,,False,False,False,False,0.0
ENSMUSG00000040242,,,,,False,False,False,False,
ENSMUSG00000039959,,,,,False,False,False,False,
ENSMUSG00000020227,,,,,False,False,False,False,
ENSMUSG00000020297,,,,,False,False,False,False,
ENSMUSG00000061689,,,,,False,False,False,False,
ENSMUSG00000040586,,,,,False,False,False,False,
ENSMUSG00000051435,,,,,False,False,False,False,
ENSMUSG00000070527,,,,,False,False,False,False,
ENSMUSG00000022427,,,,,False,False,False,False,0.0
ENSMUSG00000020553,,,,,False,False,False,False,
ENSMUSG00000031198,,,,,False,False,False,False,
ENSMUSG00000061524,,,,,False,False,False,False,
ENSMUSG00000030403,,,,,False,False,False,False,
ENSMUSG00000023931,,,,,False,False,False,False,
ENSMUSG00000005045,,,,,False,False,False,False,
ENSMUSG00000089875,,,,,False,False,False,False,
ENSMUSG00000038390,,,,,False,False,False,False,
ENSMUSG00000002748,,,,,False,False,False,False,
ENSMUSG00000001089,,,,,False,False,False,False,
ENSMUSG00000034349,,,,,False,False,False,False,0.0
ENSMUSG00000027860,,,,,False,False,False,False,
ENSMUSG00000085890,,,,,False,False,False,False,
ENSMUSG00000001014,,,,,False,False,False,False,
ENSMUSG00000052056,,,,,False,False,False,False,
ENSMUSG00000020235,,,,,False,False,False,False,
ENSMUSG00000071637,,,,,False,False,False,False,
ENSMUSG00000097462,,,,,False,False,False,False,
ENSMUSG00000043263,,,,,False,False,False,False,
ENSMUSG00000019173,,,,,False,False,False,False,
ENSMUSG00000009076,,,,,False,False,False,False,
ENSMUSG00000054792,,,,,False,False,False,False,
ENSMUSG00000020491,,,,,False,False,False,False,
ENSMUSG00000018570,,,,,False,False,False,False,
ENSMUSG00000066800,,,,,False,False,False,False,0.0
ENSMUSG00000028053,,,,,False,False,False,False,
ENSMUSG00000032261,,,,,False,False,False,False,0.0
ENSMUSG00000029551,,,,,False,False,False,False,
ENSMUSG00000027210,,,,,False,False,False,False,
ENSMUSG00000017286,,,,,False,False,False,False,0.0
ENSMUSG00000027957,,,,,False,False,False,False,
ENSMUSG00000086851,,,,,False,False,False,False,
ENSMUSG00000056999,,,,,False,False,False,False,
ENSMUSG00000102101,,,,,False,False,False,False,
ENSMUSG00000051297,,,,,False,False,False,False,
ENSMUSG00000103731,,,,,False,False,False,False,
ENSMUSG00000078486,,,,,False,False,False,False,
ENSMUSG00000003190,,,,,False,False,False,False,
ENSMUSG00000051285,,,,,False,False,False,False,
ENSMUSG00000098098,,,,,False,False,False,False,0.0
ENSMUSG00000051510,,,,,False,False,False,False,
ENSMUSG00000037110,,,,,False,False,False,False,
ENSMUSG00000006281,,,,,False,False,False,False,
ENSMUSG00000022674,,,,,False,False,False,False,0.0
ENSMUSG00000027770,,,,,False,False,False,False,
ENSMUSG00000036815,,,,,False,False,False,False,0.0
ENSMUSG00000030677,,,,,False,False,False,False,
ENSMUSG00000097318,,,,,False,False,False,False,
ENSMUSG00000025789,,,,,False,False,False,False,
ENSMUSG00000025894,,,,,False,False,False,False,0.0
ENSMUSG00000030801,,,,,False,False,False,False,
ENSMUSG00000032763,,,,,False,False,False,False,
ENSMUSG00000038324,,,,,False,False,False,False,
ENSMUSG00000030201,,,,,False,False,False,False,
ENSMUSG00000033068,,,,,False,False,False,False,
ENSMUSG00000016018,,,,,False,False,False,False,
ENSMUSG00000074994,,,,,False,False,False,False,
ENSMUSG00000032560,,,,,False,False,False,False,
ENSMUSG00000022439,,,,,False,False,False,False,0.0
ENSMUSG00000045767,,,,,False,False,False,False,
ENSMUSG00000043241,,,,,False,False,False,False,
ENSMUSG00000015748,,,,,False,False,False,False,
ENSMUSG00000048330,,,,,False,False,False,False,
ENSMUSG00000020380,,,,,False,False,False,False,
ENSMUSG00000039145,,,,,False,False,False,False,
ENSMUSG00000041491,,,,,False,False,False,False,
ENSMUSG00000032459,,,,,False,False,False,False,0.0
ENSMUSG00000015363,,,,,False,False,False,False,
ENSMUSG00000027680,,,,,False,False,False,False,
ENSMUSG00000035539,,,,,False,False,False,False,
ENSMUSG00000045284,,,,,False,False,False,False,
ENSMUSG00000033054,,,,,False,False,False,False,
ENSMUSG00000064338,,,,,False,False,False,False,
ENSMUSG00000024873,,,,,False,False,False,False,0.0
ENSMUSG00000097537,,,,,False,False,False,False,0.0
ENSMUSG00000043614,,,,,False,False,False,False,
ENSMUSG00000027710,,,,,False,False,False,False,
ENSMUSG00000007570,,,,,False,False,False,False,
ENSMUSG00000052951,,,,,False,False,False,False,
ENSMUSG00000033021,,,,,False,False,False,False,
ENSMUSG00000067148,,,,,False,False,False,False,
ENSMUSG00000013663,,,,,False,False,False,False,0.0
ENSMUSG00000006800,,,,,False,False,False,False,
ENSMUSG00000022843,,,,,False,False,False,False,0.0
ENSMUSG00000039899,,,,,False,False,False,False,
ENSMUSG00000042557,,,,,False,False,False,False,
ENSMUSG00000038884,,,,,False,False,False,False,
ENSMUSG00000035692,,,,,False,False,False,False,
ENSMUSG00000063801,,,,,False,False,False,False,0.0
ENSMUSG00000059456,,,,,False,False,False,False,
ENSMUSG00000031637,,,,,False,False,False,False,0.0
ENSMUSG00000036202,,,,,False,False,False,False,
ENSMUSG00000043411,,,,,False,False,False,False,
ENSMUSG00000017670,,,,,False,False,False,False,
ENSMUSG00000014846,,,,,False,False,False,False,
ENSMUSG00000030611,,,,,False,False,False,False,0.0
ENSMUSG00000034563,,,,,False,False,False,False,
ENSMUSG00000010057,,,,,False,False,False,False,
ENSMUSG00000020886,,,,,False,False,False,False,0.0
ENSMUSG00000018171,,,,,False,False,False,False,0.0
ENSMUSG00000008348,,,,,False,False,False,False,
ENSMUSG00000042659,,,,,False,False,False,False,
ENSMUSG00000019647,,,,,False,False,False,False,
ENSMUSG00000021709,,,,,False,False,False,False,0.0
ENSMUSG00000086769,,,,,False,False,False,False,
ENSMUSG00000031617,,,,,False,False,False,False,
ENSMUSG00000071650,,,,,False,False,False,False,0.0
ENSMUSG00000024098,,,,,False,False,False,False,0.0
ENSMUSG00000046806,,,,,False,False,False,False,
ENSMUSG00000040661,,,,,False,False,False,False,
ENSMUSG00000040675,,,,,False,False,False,False,
ENSMUSG00000016487,,,,,False,False,False,False,0.0
ENSMUSG00000028967,,,,,False,False,False,False,
ENSMUSG00000036197,,,,,False,False,False,False,
ENSMUSG00000105302,,,,,False,False,False,False,
ENSMUSG00000028057,,,,,False,False,False,False,
ENSMUSG00000031513,,,,,False,False,False,False,0.0
ENSMUSG00000042198,,,,,False,False,False,False,
ENSMUSG00000022751,,,,,False,False,False,False,
ENSMUSG00000033585,,,,,False,False,False,False,
ENSMUSG00000038058,,,,,False,False,False,False,
ENSMUSG00000042745,,,,,False,False,False,False,
ENSMUSG00000026096,,,,,False,False,False,False,
ENSMUSG00000072662,,,,,False,False,False,False,
ENSMUSG00000023764,,,,,False,False,False,False,
ENSMUSG00000040483,,,,,False,False,False,False,
ENSMUSG00000033047,,,,,False,False,False,False,
ENSMUSG00000032602,,,,,False,False,False,False,
ENSMUSG00000064340,,,,,False,False,False,False,
ENSMUSG00000019971,,,,,False,False,False,False,
ENSMUSG00000031256,,,,,False,False,False,False,0.0
ENSMUSG00000023826,,,,,False,False,False,False,
ENSMUSG00000070643,,,,,False,False,False,False,
ENSMUSG00000022568,,,,,False,False,False,False,
ENSMUSG00000024548,,,,,False,False,False,False,
ENSMUSG00000050199,,,,,False,False,False,False,0.0
ENSMUSG00000057440,,,,,False,False,False,False,
ENSMUSG00000022010,,,,,False,False,False,False,0.0
ENSMUSG00000024083,,,,,False,False,False,False,
ENSMUSG00000072763,,,,,False,False,False,False,0.0
ENSMUSG00000030616,,,,,False,False,False,False,0.0
ENSMUSG00000003949,,,,,False,False,False,False,
ENSMUSG00000085184,,,,,False,False,False,False,
ENSMUSG00000066595,,,,,False,False,False,False,
ENSMUSG00000046714,,,,,False,False,False,False,
ENSMUSG00000004263,,,,,False,False,False,False,
ENSMUSG00000021929,,,,,False,False,False,False,
ENSMUSG00000074480,,,,,False,False,False,False,
ENSMUSG00000000127,,,,,False,False,False,False,
ENSMUSG00000075256,,,,,False,False,False,False,
ENSMUSG00000028811,,,,,False,False,False,False,
ENSMUSG00000025016,,,,,False,False,False,False,
ENSMUSG00000034957,,,,,False,False,False,False,
ENSMUSG00000025862,,,,,False,False,False,False,
ENSMUSG00000024800,,,,,False,False,False,False,
ENSMUSG00000025104,,,,,False,False,False,False,
ENSMUSG00000078201,,,,,False,False,False,False,0.0
ENSMUSG00000042506,,,,,False,False,False,False,0.0
ENSMUSG00000101059,,,,,False,False,False,False,0.0
ENSMUSG00000022629,,,,,False,False,False,False,
ENSMUSG00000049287,,,,,False,False,False,False,
ENSMUSG00000033792,,,,,False,False,False,False,
ENSMUSG00000018707,,,,,False,False,False,False,
ENSMUSG00000018293,,,,,False,False,False,False,
ENSMUSG00000026547,,,,,False,False,False,False,0.0
ENSMUSG00000026527,,,,,False,False,False,False,
ENSMUSG00000085945,,,,,False,False,False,False,0.0
ENSMUSG00000071369,,,,,False,False,False,False,
ENSMUSG00000015970,,,,,False,False,False,False,
ENSMUSG00000017314,,,,,False,False,False,False,
ENSMUSG00000051579,,,,,False,False,False,False,
ENSMUSG00000093606,,,,,False,False,False,False,
ENSMUSG00000049090,,,,,False,False,False,False,
ENSMUSG00000032307,,,,,False,False,False,False,
ENSMUSG00000062866,,,,,False,False,False,False,
ENSMUSG00000041685,,,,,False,False,False,False,0.0
ENSMUSG00000046807,,,,,False,False,False,False,
ENSMUSG00000027305,,,,,False,False,False,False,
ENSMUSG00000031715,,,,,False,False,False,False,
ENSMUSG00000005699,,,,,False,False,False,False,0.0
ENSMUSG00000042594,,,,,False,False,False,False,0.0
ENSMUSG00000071652,,,,,False,False,False,False,0.0
ENSMUSG00000019933,,,,,False,False,False,False,
ENSMUSG00000102664,,,,,False,False,False,False,
ENSMUSG00000020219,,,,,False,False,False,False,0.0
ENSMUSG00000052837,,,,,False,False,False,False,
ENSMUSG00000022774,,,,,False,False,False,False,
ENSMUSG00000031079,,,,,False,False,False,False,
ENSMUSG00000021149,,,,,False,False,False,False,
ENSMUSG00000039000,,,,,False,False,False,False,
ENSMUSG00000048776,,,,,False,False,False,False,
ENSMUSG00000035173,,,,,False,False,False,False,
ENSMUSG00000038780,,,,,False,False,False,False,
ENSMUSG00000026113,,,,,False,False,False,False,
ENSMUSG00000090247,,,,,False,False,False,False,
ENSMUSG00000009013,,,,,False,False,False,False,
ENSMUSG00000027349,,,,,False,False,False,False,
ENSMUSG00000026315,,,,,False,False,False,False,
ENSMUSG00000027646,,,,,False,False,False,False,
ENSMUSG00000038827,,,,,False,False,False,False,
ENSMUSG00000025231,,,,,False,False,False,False,
ENSMUSG00000020546,,,,,False,False,False,False,
ENSMUSG00000020330,,,,,False,False,False,False,
ENSMUSG00000019088,,,,,False,False,False,False,
ENSMUSG00000020074,,,,,False,False,False,False,0.0
ENSMUSG00000037408,,,,,False,False,False,False,
ENSMUSG00000023046,,,,,False,False,False,False,
ENSMUSG00000031776,,,,,False,False,False,False,
ENSMUSG00000020899,,,,,False,False,False,False,
ENSMUSG00000055022,,,,,False,False,False,False,
ENSMUSG00000024976,,,,,False,False,False,False,
ENSMUSG00000003199,,,,,False,False,False,False,
ENSMUSG00000039450,,,,,False,False,False,False,
ENSMUSG00000066057,,,,,False,False,False,False,
ENSMUSG00000041649,,,,,False,False,False,False,
ENSMUSG00000042699,,,,,False,False,False,False,
ENSMUSG00000032348,,,,,False,False,False,False,
ENSMUSG00000022177,,,,,False,False,False,False,0.0
ENSMUSG00000045098,,,,,False,False,False,False,
ENSMUSG00000024772,,,,,False,False,False,False,
ENSMUSG00000021000,,,,,False,False,False,False,0.0
ENSMUSG00000056938,,,,,False,False,False,False,
ENSMUSG00000060279,,,,,False,False,False,False,
ENSMUSG00000030557,,,,,False,False,False,False,
ENSMUSG00000023118,,,,,False,False,False,False,
ENSMUSG00000021583,,,,,False,False,False,False,
ENSMUSG00000021990,,,,,False,False,False,False,
ENSMUSG00000029265,,,,,False,False,False,False,
ENSMUSG00000036087,,,,,False,False,False,False,
ENSMUSG00000031479,,,,,False,False,False,False,
ENSMUSG00000039813,,,,,False,False,False,False,0.0
ENSMUSG00000044617,,,,,False,False,False,False,
ENSMUSG00000032796,,,,,False,False,False,False,
ENSMUSG00000038135,,,,,False,False,False,False,
"(2,5-Dimethoxyphenyl)acetone",3.0,0.0,3.0,0.0,False,False,False,True,1.0
1-Octadecanol,14.0,6.0,8.0,0.42857142857142855,True,False,False,False,
"2'-Hydroxy-2,4,4',5-tetramethoxychalcone",10.0,3.0,7.0,0.3,True,False,False,False,
2-Methyl-3-pentanol,13.0,1.0,12.0,0.07692307692307693,False,False,True,False,2.0
2-Naphthol,1.0,0.0,1.0,0.0,False,False,False,True,1.0
2-Propyl-1-pentanol,5.0,1.0,4.0,0.2,False,False,True,False,2.0
3-Buten-2-one,14.0,6.0,8.0,0.42857142857142855,True,True,False,False,
"6-Aminocaproic acid, N-(tert.-butyldimethylsilyl)",5.0,1.0,4.0,0.2,False,False,True,False,2.0
Adenine,14.0,4.0,10.0,0.2857142857142857,True,False,False,False,
Benzophenone,3.0,3.0,0.0,0.0,False,False,False,True,1.0
Butachlor ESA,3.0,0.0,3.0,0.0,False,False,False,True,1.0
Curcumin,9.0,3.0,6.0,0.3333333333333333,True,False,False,False,
Cycloheptanol,6.0,1.0,5.0,0.16666666666666666,False,True,True,True,2.0
"Cytosine, N-(tert-butyldimethylsilyl)-",9.0,3.0,6.0,0.3333333333333333,True,False,False,False,
Diethylamine,4.0,0.0,4.0,0.0,False,False,False,True,1.0
"Dodecanoic acid, 1-methylethyl ester",10.0,4.0,6.0,0.4,True,False,False,False,
"D-Streptamine, O-6-amino-6-deoxy-alpha-D-glucopyranosyl-(1-4)-O-(3-deoxy-4-C-methyl-3-(methylamino)-beta-L-arabinopyranosyl-(1-6))-2-deoxy-",12.0,4.0,8.0,0.3333333333333333,True,False,False,False,
Frangulin,9.0,4.0,5.0,0.4444444444444444,True,False,False,False,
Hexacosanoic acid,10.0,4.0,6.0,0.4,True,False,False,False,
Isobutanol,6.0,3.0,3.0,1.0,True,False,False,False,
L-Glutamine,12.0,4.0,8.0,0.3333333333333333,True,False,False,False,
L-Tryptophan,1.0,0.0,1.0,0.0,False,False,False,True,1.0
m-Toluic acid,1.0,0.0,1.0,0.0,False,False,False,True,1.0
"Naringenin 4',7-dimethylether",5.0,0.0,5.0,0.0,False,True,False,False,2.0
N-Caffeoyl-O-methyltyramine,10.0,4.0,6.0,0.4,True,False,False,False,
N-Methyl-1-[(trimethylsilyl)oxy]-1-{4-[(trimethylsilyl)oxy]phenyl}propan-2-amine,1.0,1.0,0.0,0.0,False,False,False,True,1.0
"Propanoic acid, dimethyl(isopropyl)silyl ester",1.0,0.0,1.0,0.0,False,False,False,False,1.0
Propylene glycol,8.0,2.0,6.0,0.25,True,False,False,False,
Tetrahydro-solasodine triacetate,6.0,1.0,5.0,0.16666666666666666,False,False,True,False,2.0
Triethyl citrate,11.0,6.0,5.0,0.45454545454545453,True,False,False,False,
Yangonin,9.0,3.0,6.0,0.3333333333333333,True,False,False,False,
"(2R)-Pyrrolidine-1,2-dicarboxylic acid, bis(tert-butyldimethylsilyl) ester",10.0,4.0,6.0,0.4,True,False,False,False,
"2(5H)-Furanone, 4-(hydroxymethyl)",8.0,2.0,6.0,0.25,True,False,False,False,
"2,5-Bis((tert-butyldimethylsilyl)oxy)-4,4-dimethyl-4H-imidazole",12.0,10.0,2.0,0.16666666666666666,False,False,True,True,2.0
"2,5-Dimethoxybenzhydrazide",2.0,0.0,2.0,0.0,False,False,False,True,1.0
"2,5-Dimethoxybenzonitrile",1.0,0.0,1.0,0.0,False,False,False,True,1.0
"3-(4,7-Dimethoxy-2H-1,3-benzodioxol-5-yl)-2-methylprop-2-enal",2.0,0.0,2.0,0.0,False,False,False,True,1.0
3-Aminobenzoic acid,5.0,1.0,4.0,0.2,False,True,True,True,2.0
6-Methyluracil,2.0,0.0,2.0,0.0,False,False,False,True,1.0
alpha-Hydroxyisobutyric acid,10.0,2.0,8.0,0.2,False,False,True,False,2.0
Cholesterol,1.0,1.0,0.0,0.0,False,False,False,True,1.0
Cyclooctylamine,2.0,0.0,2.0,0.0,False,False,False,True,1.0
Durapan,12.0,6.0,6.0,1.0,True,False,False,False,
"Hymexazole, tert-butyldimethylsilyl ether",3.0,0.0,3.0,0.0,False,False,False,True,1.0
Iminodiacetic acid,7.0,2.0,5.0,0.2857142857142857,True,False,False,False,
Ketamine,12.0,7.0,5.0,0.4166666666666667,True,False,False,False,
Methanesulfonic acid,13.0,6.0,7.0,0.46153846153846156,True,False,False,False,
Methylthiouracil,14.0,10.0,4.0,0.2857142857142857,True,False,False,False,
"N,N-Dimethyl-2-aminoethanol",1.0,0.0,1.0,0.0,False,False,False,True,1.0
Octacosanol,3.0,1.0,2.0,0.3333333333333333,True,False,False,False,
Phenol,5.0,2.0,3.0,0.4,True,True,False,False,
Phenoxyethanol,1.0,0.0,1.0,0.0,False,False,False,True,1.0
Pinosylvin,11.0,6.0,5.0,0.45454545454545453,True,False,False,False,
"(9H-fluoren-9-yl)methanol, O-methoxycarbonyl-",2.0,0.0,2.0,0.0,False,False,False,False,2.0
"2,3-Butanediol, O-(trimethylsilyl)-, monoacetate",3.0,0.0,3.0,0.0,False,False,False,False,1.0
"2-Allyl-1,4-dimethoxybenzene",5.0,1.0,4.0,0.2,False,True,True,False,2.0
"2-Methylcyclohexylamine, tert.-butyldimethylsilyl ether",2.0,1.0,1.0,1.0,True,False,False,False,
Ethanolamine,1.0,0.0,1.0,0.0,False,False,False,False,1.0
N-Acetylaspartic acid,1.0,0.0,1.0,0.0,False,False,False,True,2.0
"Phenol, 2,4-bis(1-methyl-1-phenylethyl)-",3.0,0.0,3.0,0.0,False,True,False,False,2.0
"3,4,5-Trimethoxyamphetamine",1.0,1.0,0.0,0.0,False,False,False,True,1.0
2-Ethyl-1-butanol,7.0,3.0,4.0,0.42857142857142855,True,False,False,False,
2-Pyrrolidone-5-carboxylic acid,1.0,0.0,1.0,0.0,False,False,False,True,1.0
Lactic acid,1.0,0.0,1.0,0.0,False,False,False,True,1.0
"1-(1-Hydroxybutyl)-2,5-dimethoxybenzene ",7.0,0.0,7.0,0.0,False,False,False,False,2.0
"2-Cyclohexen-1-one, 3-methyl-",2.0,0.0,2.0,0.0,False,False,False,False,1.0
"Benzoic acid, 2-hydroxy-3-[(2-hydroxy-4-methoxy-6-propylbenzoyl)oxy]-4-methoxy-6-propyl-, methyl ester ",1.0,0.0,1.0,0.0,False,False,False,True,1.0
"Benzoic acid, methyl ester",4.0,0.0,4.0,0.0,False,False,False,False,1.0
DL-Glyceraldehyde,1.0,0.0,1.0,0.0,False,False,False,False,2.0
"Erythrono-1,4-lactone",8.0,1.0,7.0,0.125,False,False,True,False,2.0
Mevalonolactone,2.0,0.0,2.0,0.0,False,False,False,True,1.0
Picolinic acid,2.0,0.0,2.0,0.0,False,False,False,True,1.0
"1-(2,4-Dimethoxyphenyl)-propan-2-one",1.0,0.0,1.0,0.0,False,False,False,False,2.0
1-(Cyclohexylmethyl)-4-piperidinylamine,2.0,1.0,1.0,1.0,True,False,False,False,
2-Ethylhexanoic acid,6.0,1.0,5.0,0.16666666666666666,False,False,True,False,3.0
Butyric Acid,2.0,1.0,1.0,1.0,True,False,False,False,
Heptylamine,1.0,0.0,1.0,0.0,False,False,False,True,1.0
Hexanoic acid,9.0,2.0,7.0,0.2222222222222222,True,True,False,False,
Pentanoic acid,4.0,0.0,4.0,0.0,False,False,False,False,2.0
Urea,2.0,0.0,2.0,0.0,False,False,False,False,3.0
"1-(2,5-Dimethoxyphenyl)-1-[(trimethylsilyl)oxy]propan-2-amine",1.0,1.0,0.0,0.0,False,False,False,False,1.0
2-Furoic acid,1.0,1.0,0.0,0.0,False,False,False,True,1.0
"3,5-Dimethylphenol",14.0,8.0,6.0,0.42857142857142855,True,False,False,False,
Benzoic Acid,2.0,2.0,0.0,0.0,False,False,False,False,1.0
Glycolic acid,9.0,4.0,5.0,0.4444444444444444,True,False,False,False,
Heptanoic acid,9.0,6.0,3.0,0.3333333333333333,True,False,False,False,
Isonicotinic Acid,3.0,2.0,1.0,0.3333333333333333,True,False,False,False,
Isopropylamine,2.0,0.0,2.0,0.0,False,False,False,True,1.0
Nonanoic acid,3.0,3.0,0.0,0.0,False,False,False,False,2.0
Propanoic acid,5.0,1.0,4.0,0.2,False,False,True,False,2.0
Salsoline,2.0,2.0,0.0,0.0,False,False,False,False,1.0
"1-(4-Methoxyphenyl)-4,6-dimethyl-2(1H)-pyrimidinone",15.0,4.0,11.0,0.26666666666666666,True,False,False,False,
"2,4-Imidazolidinedione, 5,5-dimethyl",10.0,5.0,5.0,1.0,True,False,False,False,
"2',5'-Dimethoxypropiophenone",1.0,0.0,1.0,0.0,False,False,False,True,1.0
2-Amino-4-methylbenzophenone,1.0,0.0,1.0,0.0,False,False,False,True,1.0
"2-Butenoic acid, 3-[(tert-butyldimethylsilyl)oxy]",5.0,3.0,2.0,0.4,True,False,False,False,
Aconitic acid,3.0,3.0,0.0,0.0,False,False,False,False,2.0
"Cyclohexanone, 3,3,5-trimethyl",1.0,0.0,1.0,0.0,False,False,False,True,1.0
Hydracrylic acid,1.0,0.0,1.0,0.0,False,False,False,True,1.0
"Kojic acid, bis(tert-butyldimethylsilyl) ether",10.0,5.0,5.0,1.0,True,False,False,False,
N-Acetylaminoethanol,3.0,1.0,2.0,0.3333333333333333,True,False,False,False,
2-Decanol,15.0,4.0,11.0,0.26666666666666666,True,False,False,False,
"5-Chlorovaleric acid, nonyl ester",5.0,2.0,3.0,0.4,True,False,False,False,
Formamide,4.0,2.0,2.0,1.0,True,False,False,False,
1-(tert-Butyldimethylsilyl)-4-methyl-1H-pyrazole,8.0,3.0,5.0,0.375,True,False,False,False,
"1,2-Cyclohexanediol, (Z)",1.0,1.0,0.0,0.0,False,False,False,True,1.0
"2,2'-Bipyridine",1.0,1.0,0.0,0.0,False,False,False,True,1.0
2-Butoxyethanol,9.0,4.0,5.0,0.4444444444444444,True,False,False,False,
2-Pentadecanone,11.0,3.0,8.0,0.2727272727272727,True,False,False,False,
5-Azacytosine,5.0,2.0,3.0,0.4,True,False,False,False,
Azelaic acid,14.0,0.0,14.0,0.0,False,False,False,False,1.0
Glycine,1.0,0.0,1.0,0.0,False,False,False,True,1.0
Isopropyl palmitate,8.0,3.0,5.0,0.375,True,False,False,False,
L-Leucine,4.0,1.0,3.0,0.25,True,False,False,False,
"l-Norvaline, n-propargyloxycarbonyl-, isohexyl ester",11.0,6.0,5.0,0.45454545454545453,True,False,False,False,
Vanillylmandelic acid,11.0,4.0,7.0,0.36363636363636365,True,False,False,False,
2-Hydroxy-3-methylbutyric acid,16.0,7.0,9.0,0.4375,True,False,False,False,
"2-Methylcyclohexanol, (Z)",1.0,1.0,0.0,0.0,False,False,False,True,1.0
4-Oxohexanoic acid,1.0,1.0,0.0,0.0,False,False,False,True,1.0
5-Hydroxy-7-methoxy-2-methyl-3-phenyl-4-chromenone,3.0,1.0,2.0,0.3333333333333333,True,False,False,False,
"5-Nonanol, tert-butyldimethylsilyl ether",12.0,6.0,6.0,1.0,True,False,False,False,
"Benzenesulfonamide, N-butyl",11.0,6.0,5.0,0.45454545454545453,True,False,False,False,
DL-p-Hydroxyphenyllactic acid,11.0,4.0,7.0,0.36363636363636365,True,False,False,False,
"Glycine, tert.-butyldimethylsilyl ester",7.0,2.0,5.0,0.2857142857142857,True,True,False,False,
L-Alanine,9.0,5.0,4.0,0.4444444444444444,True,False,False,False,
N-Acetyl-L-alanine,2.0,0.0,2.0,0.0,False,False,False,True,1.0
Norketamine,8.0,3.0,5.0,0.375,True,False,False,False,
Pentanedioic acid,11.0,3.0,8.0,0.2727272727272727,True,False,False,False,
Suberic acid,3.0,0.0,3.0,0.0,False,False,False,True,1.0
"1,3-Oxazolidine, 2,5-diphenyl-4-methyl-, trans-",2.0,0.0,2.0,0.0,False,False,False,False,1.0
"1-Octanol, 2-butyl-",2.0,0.0,2.0,0.0,False,False,False,False,1.0
"3,4-Methylenedioxyamphetamine",1.0,1.0,0.0,0.0,False,False,False,True,1.0
Cyclobutylamine,2.0,0.0,2.0,0.0,False,False,False,True,1.0
"6,7,4'-Trihydroxyisoflavone",5.0,1.0,4.0,0.2,False,True,True,True,2.0
Aniline,4.0,0.0,4.0,0.0,False,False,False,True,2.0
Benzyl alcohol,9.0,5.0,4.0,0.4444444444444444,True,False,False,False,
Citramalic acid,7.0,2.0,5.0,0.2857142857142857,True,False,False,False,
Diacetyl monoxime,7.0,2.0,5.0,0.2857142857142857,True,False,False,False,
Dodecanoic acid,4.0,0.0,4.0,0.0,False,False,False,True,2.0
Glycerol,1.0,0.0,1.0,0.0,False,False,False,True,1.0
Lignoceric acid,1.0,0.0,1.0,0.0,False,False,False,True,1.0
L-Valine,11.0,3.0,8.0,0.2727272727272727,True,True,False,False,
Malic acid,14.0,9.0,5.0,0.35714285714285715,True,False,False,False,
Myristic acid,1.0,0.0,1.0,0.0,False,False,False,True,1.0
Niacin,7.0,3.0,4.0,0.42857142857142855,True,False,False,False,
"Propanoic acid, 3-[(tert-butyldimethylsilyl)oxy]-2-methyl-",1.0,1.0,0.0,0.0,False,False,False,True,1.0
Stearic acid,5.0,4.0,1.0,0.2,False,True,True,True,2.0
Thymol,6.0,2.0,4.0,0.3333333333333333,True,False,False,False,
Uracil,1.0,0.0,1.0,0.0,False,False,False,True,1.0
3-Amino-5-methylisoxazole,4.0,0.0,4.0,0.0,False,False,False,False,2.0
Leucylglycine,2.0,2.0,0.0,0.0,False,False,False,False,1.0
N-Ethylamphetamine,3.0,2.0,1.0,0.3333333333333333,True,True,False,False,
Octanoic acid,8.0,2.0,6.0,0.25,True,False,False,False,
"2-(Ethylamino)ethanol, N-acetyl",3.0,1.0,2.0,0.3333333333333333,True,False,False,False,
"4-[2-(4,7-Dimethoxy-2H-1,3-benzodioxol-5-yl)ethenyl]-2-methoxyphenol",1.0,1.0,0.0,0.0,False,False,False,True,1.0
2-(Methylamino)ethanol,1.0,0.0,1.0,0.0,False,False,False,False,2.0
"Benzene, 1,4-dimethoxy",1.0,0.0,1.0,0.0,False,False,False,True,1.0
N-Isobutyrylglycine,2.0,2.0,0.0,0.0,False,False,False,False,2.0
"2-Methyl-1,3-butanediol",1.0,0.0,1.0,0.0,False,False,False,True,1.0
"6-Methoxy-1-methyl-1,2,3,4-tetrahydroisoquinolin-7-ol ",10.0,3.0,7.0,0.3,True,False,False,False,
6-Oxoheptanoic acid,5.0,3.0,2.0,0.4,True,False,False,False,
Benzenepropanoic acid,1.0,0.0,1.0,0.0,False,False,False,True,2.0
Guanosine,5.0,5.0,0.0,0.0,False,True,False,False,2.0
"2,3-Dihydroxybutanoic acid",1.0,0.0,1.0,0.0,False,False,False,True,1.0
"2,4,4'-Trihydroxybenzophenone",4.0,0.0,4.0,0.0,False,False,False,False,2.0
Crotonic acid,5.0,0.0,5.0,0.0,False,False,False,False,2.0
L-Tyrosine,2.0,0.0,2.0,0.0,False,False,False,True,1.0
Xylazine,3.0,0.0,3.0,0.0,False,False,False,False,1.0
"2,4,6-Cycloheptatrien-1-one",1.0,0.0,1.0,0.0,False,False,False,False,2.0
"2-Cyclohexen-1-one, 3-methyl-6-(1-methylethyl)",1.0,0.0,1.0,0.0,False,False,False,True,1.0
"2,4-Di-tert-butylphenol",7.0,1.0,6.0,0.14285714285714285,False,False,True,True,1.0
Hypoxanthine,7.0,1.0,6.0,0.14285714285714285,False,True,True,False,2.0
Oleamide,2.0,0.0,2.0,0.0,False,False,False,True,1.0
Pipecolic acid,1.0,0.0,1.0,0.0,False,False,False,True,1.0
N-Ethyldiethanolamine,2.0,1.0,1.0,1.0,True,False,False,False,
"2,5-Dimethoxyphenol",14.0,3.0,11.0,0.21428571428571427,True,False,False,False,
Trimethylolpropane,10.0,0.0,10.0,0.0,False,False,False,False,2.0
Biphenyl,3.0,2.0,1.0,0.3333333333333333,True,False,False,False,
Butanedioic acid,3.0,0.0,3.0,0.0,False,False,False,True,1.0
3-Heptanol,2.0,2.0,0.0,0.0,False,False,False,False,1.0
Aceturic acid,6.0,0.0,6.0,0.0,False,False,False,False,1.0
Palmitic Acid,2.0,2.0,0.0,0.0,False,False,False,False,1.0
"2,6-di-tert-Butyl-4-(dimethylaminomethyl)phenol",2.0,1.0,1.0,1.0,True,False,False,False,
4-Aminobutanoic acid,1.0,0.0,1.0,0.0,False,False,False,True,2.0
L-Lysine,1.0,1.0,0.0,0.0,False,False,False,True,1.0
8-Methylnonanoic acid,2.0,0.0,2.0,0.0,False,False,False,True,1.0
2-Butenedioic acid,1.0,0.0,1.0,0.0,False,False,False,False,1.0
L-Glutamic acid,1.0,1.0,0.0,0.0,False,False,False,False,2.0
"Cyclopentaneacetic acid, 3-oxo-2-pentyl-, methyl ester",2.0,2.0,0.0,0.0,False,False,False,False,2.0
"5-Ethyl-1,3-dioxane-5-methanol, tert-butyldimethylsilyl ether",1.0,1.0,0.0,0.0,False,False,False,True,1.0
Methyl lactate,1.0,0.0,1.0,0.0,False,False,False,True,1.0
Synephrine,1.0,0.0,1.0,0.0,False,False,False,False,2.0
4-Methoxyphenol,1.0,0.0,1.0,0.0,False,False,False,True,2.0
2-Hexanol,2.0,1.0,1.0,1.0,True,False,False,False,
Niacinamide,3.0,1.0,2.0,0.3333333333333333,True,True,False,False,
N-Methylacetamide,2.0,0.0,2.0,0.0,False,False,False,False,3.0
Supraene,5.0,2.0,3.0,0.4,True,False,False,False,
5-Oxohexanoic Acid,5.0,3.0,2.0,0.4,True,False,False,False,
Oxalic acid,1.0,0.0,1.0,0.0,False,False,False,True,1.0
"Oxymorphone, bis(trimethylsilyl) ether",1.0,0.0,1.0,0.0,False,False,False,False,2.0
Levulinic acid,6.0,2.0,4.0,0.3333333333333333,True,False,False,False,
4-Methylvaleric acid,1.0,1.0,0.0,0.0,False,False,False,False,2.0
Acetic acid,2.0,0.0,2.0,0.0,False,False,False,False,1.0
L-Threonine,4.0,3.0,1.0,0.25,True,False,False,False,
Monocaproin,3.0,0.0,3.0,0.0,False,False,False,False,2.0
Adipoyl-L-carnitine,2.0,1.0,1.0,1.0,True,False,False,False,
Phytanic acid,1.0,0.0,1.0,0.0,False,False,False,False,1.0
"L-Histidine, N,1-bis(tert-butyldimethylsilyl)-",1.0,0.0,1.0,0.0,False,False,False,False,1.0
Allylescaline,2.0,2.0,0.0,0.0,False,False,False,False,3.0
"Benzaldehyde, 2,5-dimethoxy",1.0,0.0,1.0,0.0,False,False,False,False,2.0
Butylmethylamine,2.0,2.0,0.0,0.0,False,False,False,False,2.0
Norephedrine,2.0,0.0,2.0,0.0,False,False,False,False,3.0
