node,direction,puc_value
Dehydronorketamine,-1,0.0
N-Isovaleroylglycine,-1,0.0
Arsenous acid,1,0.0
"1,5-Anhydroglucitol",1,0.0
Glyceric acid,-1,0.0
Ethanolamine,-1,0.0
3-Nonen-1-ol,1,0.0
Aceturic acid,-1,0.0
2-Hydroxybutyric acid,1,0.14285714285714285
"2-(Decanoyloxy)propane-1,3-diyl dioctanoate",-1,0.0
cis-4-Trimethylsilyloxy-cyclohexyl(trimethylsilyl)carboxylate,-1,0.0
4-(Methoxycarbonyl)phenol,1,0.0
"Benzene, 1-acetoxy-2,6-dimethoxy-4-(2-propenyl)-",1,0.0
"Tacrine, N-trimethylsilyl-",-1,0.0
"1,4-diazabicyclo[4.3.0]nonan-2,5-dione, 3-methyl ",1,0.0
"Ethanone, 1-(5-methoxy-2-methyl-3(1H)-indolyl)-",-1,0.0
"Benzoic acid, methyl ester",1,0.0
Adipoyl-L-carnitine,-1,0.0
10-Heptadecenoic acid,-1,0.0
Methyl-3-methoxy-5-methyl benzoate,-1,0.0
Latanoprost lactone diol,1,0.0
D-Fructose,-1,0.0
Levulinic acid,-1,0.0
"Thiazolo[4,5-f]quinoline, 2,9-dimethyl-",1,0.0
5-Hydroxyquinoline,-1,0.0
2-Hydroxy-3-methylbutyric acid,-1,0.0
Cyclobutanol,-1,0.0
Uracil,-1,0.0
cyclobutanecarboxylic acid,-1,0.0
Galactopyranose,1,0.0
"2,6-Dimethyl-N-[3-(trimethylsilyl)-1,3-thiazinan-2-ylidene]aniline",-1,0.0
Oxalic acid,1,0.0
"Cholest-7-en-3-ol, (3beta,5alpha)-",1,0.0
"Benzenemethanamine, 2,3-dimethoxy-",1,0.0
Cyclo-(l-leucyl-l-phenylalanyl) ,1,0.0
"Glycine, N-(1-oxobutyl)-",-1,0.0
Erythritol,-1,0.0
Malic acid,1,0.0
4-Hydroxybenzoic acid,-1,0.0
"Benzimidazole, 5-trifluoromethyl-2-methyl-",-1,0.0
"D-(+)-Talofuranose, pentakis",1,0.0
Niclosamide,-1,0.0
"Dodecane, 4,6-dimethyl-",-1,0.0
"2-Allyl-1,4-dimethoxybenzene",-1,0.0
Xylazine,-1,0.0
"N-isobutyl-2-(trimethylsilyloxy]-4,5-dihydro-1H-imidazole-1-carboxamide",-1,0.0
1-Deoxypentitol,-1,0.18181818181818182
"3-Hydroxy-2,3-dihydromaltol",-1,0.0
2-Methylglutaconic acid,-1,0.0
Glycine,-1,0.0
Acetoacetic acid,-1,0.0
Trisaminol,1,0.0
"2-Propenamide, 3-phenyl-N-2-propenyl-",-1,0.0
"Octane, 1-propoxy-",1,0.0
Tributyl acetylcitrate,1,0.0
Methylmalonic monoamide,-1,0.0
Azatadine,-1,0.0
"2,5-Cyclohexadiene-1,4-dione, 2,6-bis(1,1-dimethylethyl)-",1,0.0
Phenoxyacetic acid,-1,0.0
Ser-Leu,1,0.0
Hydantoic acid,-1,0.0
"1,3,5-Benzetriol",-1,0.2
Triethanolamine,-1,0.1111111111111111
DL-Glyceraldehyde,-1,0.0
2-Aminobutanoic acid,1,0.0
"6,7,4'-Trihydroxyisoflavone",-1,0.0
1-Hydroxy-3-methoxy-6-methylanthraquinone,1,0.16666666666666666
Trimidox,1,0.0
Atrazine desethyl,-1,0.0
"2,5-di-tert-Butyl-1,4-benzoquinone",1,0.0
Sertraline carbamoyl glucuronide,-1,0.0
12-Oxooctadecanoate,-1,0.0
"2,5-Dimethoxymandelic acid",1,0.0
Stearic acid,-1,0.0
9-Octadecenamide,-1,0.0
Pimelic acid,-1,0.125
"Inosose-2, 1,3,4,5,6-pentakis-",-1,0.0
Suberic acid,-1,0.0
4-Hydroxyphenyllactic acid,-1,0.0
Phosalone,1,0.0
2-Isopropyl-5-methyl-1-heptanol ,-1,0.0
Methyl aminoacetate,-1,0.0
Octocrylene,-1,0.0
"1-Decene, 8-methyl-",-1,0.0
Indole-5-carboxylic acid,-1,0.2
"3-Buten-2-one, 4-(4-methoxyphenyl)-",1,0.0
Phenylalanine,-1,0.0
"2,3-Butanediol",-1,0.0
2-Methyl-4-pentenoic acid,-1,0.0
"1-Octanol, 2-butyl-",1,0.0
Carfentrazone-ethyl,1,0.0
"L-Lysine, ethyl ester ",-1,0.0
Arachidonic acid,-1,0.0
beta-Lyxopyranose,-1,0.09090909090909091
"1,2,3,10,11,11a-Hexahydro-6,7,8-trimethoxy-3-oxo-5H-dibenzo(a,d)cycloheptene",-1,0.0
L-Tryptophan,-1,0.0
1-(3-Methylphenyl)piperazine,-1,0.0
"1,2-Butadiene, 1,1,4-triphenyl-3-trimethylsilyl-4-trimethylsilyloxy-",-1,0.0
Glucopyranose,-1,0.0
Hexanoic acid,-1,0.0
Dinoseb ,-1,0.0
Dihydrouracil,-1,0.16666666666666666
"Pentanedioic acid, 3-methyl-3-[(trimethylsilyl)oxy]-",-1,0.14285714285714285
3-Methoxysalicylic acid,1,0.16666666666666666
Ribitol,-1,0.0
"Pentenoic acid, 4-[(trimethylsilyl)oxy]-",-1,0.0
1-Aminocyclopropanecarboxylic acid,-1,0.0
"Acetic acid, bis[(trimethylsilyl)oxyl]-",1,0.0
"Glycine, N-(N-DL-leucylglycyl)-",-1,0.0
"Pyrimidine, 5-methyl-2,4-bis[(trimethylsilyl)oxy]-",-1,0.0
"alpha-L-Galactopyranoside, methyl 6-deoxy-, (R,R,R,S,S)-",-1,0.0
"Propiophenone, 3',4'-dimethoxy-",1,0.0
"2,6-Bis[2-[2-S-thiosulfuroethylamino]ethoxy]pyrazine",-1,0.0
"Erythrono-1,4-lactone, (Z)-",-1,0.2
Pipecolic acid,-1,0.0
L-Isoleucine,-1,0.0
2-Aminoadipic acid,-1,0.0
Hydroquinidine,-1,0.0
"1-Phenyl-1,2-ethanediol",-1,0.0
2-Ketoisocaproic acid,1,0.0
Propylamine,-1,0.0
"Ethanone, 1-(2,5-dimethoxyphenyl)-",-1,0.0
Nitrosothymol,-1,0.08333333333333333
"2-Heptanone, 4,6-dimethyl-",-1,0.0
Isofucosterol,-1,0.08333333333333333
L-Asparagine,-1,0.0
Benzophenone,-1,0.0
"Benzoic acid, pentadecyl ester",-1,0.0
"L-Tryptophan, N-acetyl-1",-1,0.0
Hydracrylic acid,-1,0.16666666666666666
"Propanoic acid, 2-methyl-",1,0.0
"Propanetriol, 2-methyl-",-1,0.0
"3-Cyclohexyl-L-alanine amide, N,N,N'N'-tetramethyl-",-1,0.0
Allylescaline ,-1,0.0
Benzyl alcohol,1,0.0
2-Amino-4-methylphenol,-1,0.0
"2-(2,5-Dimethoxy-phenyl)-propionaldehyde",1,0.0
Xylitol,1,0.0
Guanabenz,-1,0.0
"Furan, 2-pentyl-",-1,0.0
"Azetidine, 1-acetyl-2-methyl-",-1,0.0
"D-(-)-Fructofuranose, pentakis",1,0.0
"Butanoic acid, 2,4-bis[(trimethylsilyl)oxy]-",-1,0.0
"Aziridine, 1-(2-buten-2-yl)-",-1,0.0
2-Heptenoic acid,-1,0.0
"2,2,4-Trimethyl-1,3-pentanediol diisobutyrate",-1,0.0
"Benzeneethanamine, N-[(pentafluorophenyl)methylene]-4-[(trimethylsilyl)oxy]-",1,0.0
9-Hexadecenoic acid,1,0.0
L-5-Oxoproline,-1,0.2
"1-Methyl-N,N-bis(trimethylsilyl)-4-[(trimethylsilyl)oxy]-1H-imidazol-2-amine",-1,0.0
"2,3,4-Trihydroxybutyric acid tetrakis",-1,0.0
"Morpholine, 4-[2,3,4,6-tetrakis-O-(trimethylsilyl)-alpha-d-mannopyranosyl]-",1,0.0
Tartronic acid,-1,0.0
Myristic acid,-1,0.0
3'-(Trimethylsilyl)oxy-beta-naphthoflavone,1,0.2
"D-Isoleucine, N-acetyl-",-1,0.0
"2,2-Diallylpyrrolidine",-1,0.0
Neostigmine ,-1,0.0
4-Hydroxybenzeneacetic acid,-1,0.0
Hydroquinone,1,0.0
"1,2-Benzenedicarboxylic acid",1,0.0
D-(-)-Citramalic acid,-1,0.0
Butylated Hydroxytoluene,-1,0.0
p-Toluic acid,-1,0.09090909090909091
Indole-3-lactic acid,-1,0.0
Octan-2-yl palmitate,1,0.0
n-Pentadecanol,1,0.0
"N,9-bis(Trimethylsilyl)-6-[(trimethylsilyl)oxy]-9H-purin-2-amine",-1,0.0
"2,5-Piperazinedione, 3-benzyl-6-isopropyl-",-1,0.0
Octanoic acid,1,0.0
"N,N-Dimethyl-2-cyclohexyloxyethylamine",-1,0.14285714285714285
"N,N-Diethyl-2-aminoethanol",-1,0.16666666666666666
Doconexent,1,0.0
"Cyclopentanone, 2,2,4-trimethyl-",-1,0.0
alpha-Linolenic acid,1,0.0
"D-(+)-Ribono-1,4-lactone (R,S,R)-",-1,0.0
"Benzo[b]fluorene, 5-amino-7-methyl-1,2,3,4,6,7,8,9-octahydro-11-thia-10-aza-",-1,0.0
3-Amino-2-piperidone,-1,0.0
3-Hydroxyisovaleric acid,-1,0.0
1-Cyclopentylethanol,-1,0.0
1-Phenethylamine,-1,0.0
L-Hydroxyproline,-1,0.0
3-Aminobutanoic acid,-1,0.0
"2,4-Imidazolidinedione, 5,5-dimethyl-",-1,0.14285714285714285
Isopropyl palmitate,-1,0.0
D-Mannose,-1,0.2
N-(Trimethylsilyl)hexanamide,-1,0.0
"3beta,4beta-Bis(trimethylsiloxy)cholest-5-ene",-1,0.0
"1,1'-Biphenyl, 3,4-diethyl-",-1,0.0
Deoxycholic Acid,-1,0.0
Desmosterol,-1,0.0
"Butanoic acid, 2-methyl-3-[(trimethylsilyl)oxy]-",-1,0.0
Glyoxime,-1,0.0
"3-(3-Cyclohexylaminopropionylamino)-5-ethylthiophene-2-carboxylic acid, ethyl ester",-1,0.0
N-Methyl-N-(tetrahydro-2-furanylmethyl)-4-piperidinamine,-1,0.0
"3,5-Dimethylpyrazole",-1,0.0
Decanoic acid,1,0.0
N-Valerylglycine,-1,0.0
"1-Piperazineethanol, 4-dibenzo[b,f][1,4]thiazepin-11-yl-",1,0.0
Heptadecanoic acid,-1,0.0
L-Aspartic acid,-1,0.2
L-Cysteine,1,0.0
(CH3)2C=NC2H558,1,0.0
"N,O-Bis(trimethylsilyl)carbamate",-1,0.0
"1-Butanamine, N,N-diethyl-",-1,0.14285714285714285
5-Henicosylresorcinol,-1,0.0
1-Hexadecanol,1,0.0
Nonadecanoic acid,-1,0.0
L-Alanine,1,0.0
"beta-D-Galactofuranose, 1,2,3,5,6-pentakis-O-(trimethylsilyl)-",-1,0.0
"Cyclopentaneacetic acid, 3-oxo-2-pentyl-",-1,0.0
2-Hydroxy-5-methoxybenzaldehyde,1,0.0
"Glycine, N-[4-[(trimethylsilyl)oxy]benzoyl]-",-1,0.0
Glycolic acid,-1,0.0
Aspartic acid,1,0.0
"(9H-fluoren-9-yl)methanol, O-methoxycarbonyl-",-1,0.0
"7-Isoquinolinol, 1,2,3,4-tetrahydro-1-[(4-hydroxyphenyl)methyl]-6-methoxy-",1,0.0
"Stigmast-5-ene, 3beta-",-1,0.0
Cadaverine,-1,0.0
3-Indoleacetic acid,-1,0.0
4-Hydroxybutanoic acid,1,0.0
3-Hexenedinitrile,-1,0.0
13-Docosenamide,1,0.0
Dodecylcyclohexane,-1,0.0
"Benzaldehyde, 2,5-dimethyl-",-1,0.0
"3-Buten-2-one, 3-trimethylsilyloxy-",1,0.0
1-(4-Hydroxybenzylidene)acetone,-1,0.06451612903225806
"DL-Proline, 5-oxo-",-1,0.0
Benzeneacetamide,1,0.0
"Acetamide, N,N-diethyl-",-1,0.2
"Benzene, 3-cyclohexen-1-yl-",1,0.0
"Cholesta-3,5-diene ",-1,0.0
Trimethylsilyl 3-((trimethylsilyl)thio)propanoate,-1,0.0
"1,3-Cyclohexanebis(methylamine)",-1,0.0
S-Methyl-L-cysteine,-1,0.06666666666666667
Pyrrole-2-carboxylic acid,-1,0.0
"Pregn-16-en-20-one, 3,18-bis(acetyloxy)-14,15-epoxy-, (3beta,5alpha,14beta,15beta)-",-1,0.0
3-Hydroxybutyric acid,-1,0.0
"3,4-dimethyl-5-(3,4-methylenedioxy)phenyloxazolidine",1,0.0
5-Hydroxytryptophan,-1,0.0
Dodecanoic acid,-1,0.2
"Acetin, bis-1,3-trimethylsilyl ether",-1,0.14285714285714285
"2,5-Dimethoxyphenol",-1,0.0
p-Hydroxydiisopropylbenzene,-1,0.0
4-Cumylphenol,-1,0.17647058823529413
Itaconic acid,-1,0.058823529411764705
"2',2,3,6'-Tetramethoxychalcone",1,0.0
L-Tyrosine,-1,0.0
"D-(-)-Ribofuranose, tetrakis",1,0.0
"Pentanedioic acid, 2-[(trimethylsilyl)oxy]-",1,0.16666666666666666
"5alpha-Pregnane-3,20-dione",-1,0.0
Citric acid,1,0.0
"(S,S)-(-)-Hydrobenzoin",-1,0.0
3'-Hydroxyacetophenone,-1,0.0
"2-Propanone, bis(1-methylethyl)hydrazone",-1,0.19047619047619047
"O-Methyl-N,N'-diisopropylisourea ",1,0.0
2-Furoic acid,-1,0.0
Cholesterol,-1,0.0
1-Tetradecanol,-1,0.14285714285714285
DL-Phenylalanine,-1,0.0
1-Hexanol,1,0.0
Mirin,-1,0.0
Ketamine ,1,0.0
"Ethanamine, N,N-diethyl-2,2-dimethyl-2-[(3,5-dimethoxy)phenyl]-",-1,0.0
Xylose,-1,0.0
"Benzene, 1,1'-(1,2-cyclobutanediyl)bis-",1,0.0
alpha-Tocopherol,-1,0.0
5-Aminovaleric acid,1,0.0
Methyl isovanillate,-1,0.0
Bis(trimethylsilyl)acetylene,-1,0.0
"Cetaben, N,O-bis(trimethylsilyl)-",-1,0.0
Cyclo(L-prolyl-L-valine) ,-1,0.0
Palmitic Acid,1,0.0
Lactic Acid,1,0.0
Pentylone,1,0.0
Diphenyl ether,-1,0.037037037037037035
D-Leucylglycylglycine,1,0.0
"Butanal, 2,3,4-tris[(trimethylsilyl)oxy]-, O-methyloxime, [R-(R*,R*)]-",-1,0.18181818181818182
4-Hydroxy-5-(hydroxymethyl)oxolan-2-one,1,0.0
(pm)-alpha-Tocopherol acetate,-1,0.030303030303030304
Trimethylsilyl oct-2-enoate ,-1,0.0
"Dimethyl hexopyranosiduronate, alpha-D-",1,0.0
Octopamine,1,0.0
(pm)-Phenylpropanolamine,1,0.0
7-(Trimethylsilyl)amino-4-methylcoumarin,-1,0.0
4-Hydroxybenzaldehyde,1,0.0
N-Acetyl-L-glutamic acid,-1,0.0
"2,5-Dimethoxybenzonitrile",-1,0.0
1-Octanol,-1,0.14285714285714285
"5-Androsten-17alpha-methyl-3beta,17beta-diol",-1,0.18181818181818182
Boric acid,1,0.0
Niacinamide,1,0.0
"7-Acetyl-6-ethyl-1,1,4,4-tetramethyltetralin ",1,0.0
2-Pyrrolidinone,1,0.0
 5-Hydroxyhexanoic acid,-1,0.08333333333333333
Palmitelaidic acid,-1,0.0
Delorazepam,-1,0.0
"beta-d-Fructopyranose, 1-deoxy-1-(4-morpholinyl)-2,3,4,5-tetrakis-O-(trimethylsilyl)-",-1,0.09090909090909091
Metanephrine,-1,0.0
Dimethyl fumarate,-1,0.0
Gln-Ala,-1,0.0
Isoxaben,-1,0.0
"1,3-Dioxane-4-methanol, 4,5-dimethyl-",-1,0.2
Vanillylmandelic acid,-1,0.0
"Trimethylsilyl (5-benzyl-3,6-dioxopiperazin-2-yl)acetate",-1,0.09090909090909091
1-Phenylethanol,1,0.0
5-Ethyluracil,-1,0.0
3-Indolepropionic acid,-1,0.2
"Cephalotaxine, 3-deoxy-3,11-epoxy-, (3alpha,11alpha)-",1,0.0
Glucose,-1,0.0
Ornithine,-1,0.0
"Benzene, 1,3-bis(1,1-dimethylethyl)-",1,0.0
Tetradecanenitrile,1,0.0
Salsoline,-1,0.0
Niacin,1,0.0
L-Threitol,-1,0.0
"3,4-Dihydroxymandelic acid, ethyl ester",-1,0.0
Benzeneacetic acid,-1,0.09090909090909091
5-(2-Aminopropyl)-2-methylphenol,1,0.06666666666666667
Indole-3-carboxaldehyde,-1,0.0
"Phenol, 3,5-bis(1,1-dimethylethyl)-",1,0.0
"Cholest-22-ene-21-ol, 3,5-dehydro-6-methoxy-, pivalate",-1,0.0
"Thymine, 1,3-dimethyl-6-(trimethylsilyloxymethyl)-",-1,0.15789473684210525
2-Naphthol,-1,0.18181818181818182
"9,12-Octadecadienoic acid",-1,0.0
"1,3-bis[(Trimethylsilyl)ethynyl]benzene",-1,0.0
L-Glutamic acid,-1,0.0
"2-Hexenoic acid, 2-[(trimethylsilyl)oxy]-",-1,0.0
"2-Amino-4,6-dihydroxypyrimidine",1,0.16666666666666666
6-Hydroxyflavone-beta-D-glucoside,-1,0.0
"(R*,S*)-2,3-Dihydroxybutanoic acid",-1,0.08333333333333333
Succinic anhydride,-1,0.0
"Acetohydrazide, 2-(2-isopropyl-5-methylphenoxy)-N2-benzylideno-",-1,0.16666666666666666
Phloroglucinol,-1,0.0
D-Proline,-1,0.0
"(2S,3R)-3-[(4E,7E)-Nona-4,7-dienoyl]-N,N-bis(trimethylsilyl)oxirane-2-carboxamide ",-1,0.2
Eicosapentaenoic acid,-1,0.2
Quazodine,1,0.0
1-Monoacetin,-1,0.05
D-Threitol,1,0.0
2-Hexen-1-ol,-1,0.0
Phlorizin,-1,0.19047619047619047
Naphthofluorescein,-1,0.0
Arabinaric acid,-1,0.125
"2-Acetyl-3-(1-methyl-2-pyrrolyl)-1,4-benzenediol",1,0.0
12-Hydroxyoctadecanoic acid,-1,0.0
Cinnamic acid,-1,0.0
3-Amino-5-morpholinomethyl-2-oxazolidinone,-1,0.0625
Hexanedioic acid,-1,0.0
D-Ribose,-1,0.0
3-(2-Hydroxyethyl)imidazole-2-thione,1,0.0
"Methyl (3,4-dimethoxyphenyl)(hydroxy)acetate",-1,0.0
"Pyrazine, 3,6-dihydro-3,6-dimethyl-",1,0.0
l-Histidine ethyl ester,-1,0.0
(pm)-Norketamine,1,0.0
Methyl alpha-Lyxofuranoside,1,0.0
(pm)-N-Propylamphetamine,1,0.0
DL-Ornithine,-1,0.0
"D-Xylofuranose, 1,2,3,5-tetrakis-O-",-1,0.0
"5-Cholesten-3beta, 7alpha-bis[(trimethylsilyl)oxy]- ",-1,0.0
"D-Erythro-Pentofuranose, 2-deoxy-1,3-bis-O-",-1,0.0
Phenylpropanolamine,1,0.0
Dobutamine,1,0.0
"2,2,8,8-Tetramethyl-3,7-dioxa-4-aza-2,8-disilanon-4-ene",-1,0.0
beta-Hydroxypyruvic acid,-1,0.0
"Talonic acid, gamma-lactone",1,0.0
N-Isobutyrylglycine,1,0.0
"D-(-)-Lyxose, tetrakis",-1,0.0
Norketamine,1,0.0
Ammeline,-1,0.0
"Ribonic acid, 2,3,4,5-tetrakis-",1,0.0
L-Norleucine,1,0.0
L-Leucine,-1,0.0
Phthalazin-1-one,1,0.0
