ID,0,2,32,33,78
ENSMUSG00000000290-S,2.26321423360707,,2.621845004245046,2.0423970085452283,2.064868084993182
ENSMUSG00000000308-S,7.327553815521061,,7.769916622383644,7.714195235809224,8.252986622125475
ENSMUSG00000000530-S,6.090512698871723,,5.794405462035118,6.105272409516371,5.607607214433364
ENSMUSG00000000732-S,0.0,,0.0,1.3559447911127125,0.844778749955519
ENSMUSG00000000782-S,4.126746549432686,,1.6823230436248209,4.052804403939795,3.861143296675938
ENSMUSG00000000792-S,0.0,,3.186071338753683,2.6912581186573203,4.080639405811446
ENSMUSG00000000823-S,5.889372328035105,,5.850725501210491,5.429966238348063,5.458887943651132
ENSMUSG00000000826-S,8.411596228138393,,8.785994082441738,8.433301501897331,8.888188101768588
ENSMUSG00000001016-S,6.526919529245073,,6.383460321688005,6.274684655649204,5.784694305055399
ENSMUSG00000001089-S,6.747075215445127,,6.8657645576813,6.81397035086718,6.592736807110766
ENSMUSG00000001098-S,4.972912567716291,,4.27887886248814,5.9132863207311885,5.293057237287886
ENSMUSG00000001270-S,11.834013232105637,,11.862317855407454,11.905451564568944,11.581559700417454
ENSMUSG00000001300-S,5.6913846556423415,,5.093460814098599,5.9132863207311885,4.76911829029325
ENSMUSG00000001552-S,6.290550342652554,,5.695358997917038,7.625822107100162,5.997363642006089
ENSMUSG00000001642-S,3.302766897125048,,2.931367198849669,2.6912581186573203,1.374053800136395
ENSMUSG00000001763-S,2.601093752360736,,4.482716089351869,3.2597331424017173,3.1634814935907785
ENSMUSG00000001946-S,5.655574469218728,,5.544170885067059,4.561624278897442,4.682329912363613
ENSMUSG00000001964-S,6.243080671973298,,5.674706765679343,5.894496643252485,6.118008297597605
ENSMUSG00000002012-S,6.358948830400547,,6.69168587723951,6.575291692396467,7.420732572144345
ENSMUSG00000002031-S,4.85155189802365,,4.574762344175038,5.0769260645507375,4.491321505236016
ENSMUSG00000002032-S,3.302766897125048,,4.742913686803112,4.3572413286157525,4.329392232052772
ENSMUSG00000002109-S,3.477020443035322,,3.7570422747133985,3.752446213259583,3.6021539842484165
ENSMUSG00000002210-S,5.137724218345812,,5.269053161594472,4.899826589689134,4.726376620298633
ENSMUSG00000002266-S,0.0,,2.227249844054192,0.0,0.0
ENSMUSG00000002393-S,4.786815279692381,,4.33260110728844,4.561624278897442,5.5597175314526615
ENSMUSG00000002459-S,6.861518922793284,,6.660515476785856,7.258005996254737,7.764931870347841
ENSMUSG00000002500-S,0.0,,0.7961666898816678,0.8317341290971091,1.7604201977081373
ENSMUSG00000002732-S,1.8211927228012197,,2.78489101335991,1.7396192879436825,1.7604201977081373
ENSMUSG00000002797-S,4.786815279692381,,5.269053161594472,5.0769260645507375,5.510183427598411
ENSMUSG00000002968-S,6.42425078451097,,6.540091370437092,6.230418742204215,6.032875175572488
ENSMUSG00000002996-S,5.461837858816886,,5.154397313375428,5.264218318642998,4.965673165836876
ENSMUSG00000003198-S,2.8746652925573732,,3.4996207884379342,3.5750131237805056,2.530054697354864
ENSMUSG00000003402-S,6.54660475548998,,6.712098178861441,6.4902471531718655,6.873006462219784
ENSMUSG00000003436-S,2.601093752360736,,1.980363283128017,3.003316355234346,1.7604201977081373
ENSMUSG00000003500-S,6.402810220633256,,5.715719760191584,6.0888373199806125,6.360906905400829
ENSMUSG00000003657-S,3.632477045653246,,4.33260110728844,3.666455701973876,4.928446311046513
ENSMUSG00000003808-S,6.5851872819356245,,6.828855016736037,6.345570491594267,7.124143413560729
ENSMUSG00000004071-S,8.0121989089208,,8.083684377678757,8.264304707888387,8.361713928613751
ENSMUSG00000004266-S,3.477020443035322,,2.227249844054192,2.2925218004081125,3.399426999157458
ENSMUSG00000004508-S,4.573107272288827,,4.702677302321721,4.937028443001285,5.293057237287886
ENSMUSG00000004530-S,6.938040463344364,,7.26854727904251,7.782214491389406,7.791091464483492
ENSMUSG00000004929-S,3.477020443035322,,4.384394485319665,4.3572413286157525,4.329392232052772
ENSMUSG00000004947-S,4.32214388552565,,2.621845004245046,4.3572413286157525,3.7798720476427223
ENSMUSG00000005087-S,2.26321423360707,,2.227249844054192,3.2597331424017173,2.064868084993182
ENSMUSG00000005267-S,4.018135034750366,,4.482716089351869,3.666455701973876,3.6021539842484165
ENSMUSG00000005268-S,1.180699185220324,,0.0,0.0,0.0
ENSMUSG00000005360-S,9.131740775518328,,9.924340523278214,9.53797918136426,9.426136333511751
ENSMUSG00000005506-S,9.470004293073917,,9.108231304113731,9.186729040460971,8.902657222823933
ENSMUSG00000006235-S,4.410738485203573,,4.165032775462761,4.561624278897442,3.504348456188822
ENSMUSG00000006471-S,1.180699185220324,,3.7570422747133985,2.2925218004081125,2.8812562906739636
ENSMUSG00000006575-S,8.779179845899078,,8.921448435114666,8.957008294650741,8.963732173147491
ENSMUSG00000006587-S,1.8211927228012197,,1.6823230436248209,1.7396192879436825,1.7604201977081373
ENSMUSG00000006673-S,5.6188527379130795,,5.3231357424814165,5.455829865423693,5.904561354476428
ENSMUSG00000006850-S,3.302766897125048,,2.621845004245046,1.7396192879436825,1.374053800136395
ENSMUSG00000006941-S,7.624716861060692,,7.986484943473803,7.797466058513493,8.279099037175273
ENSMUSG00000007888-S,0.0,,0.0,0.0,1.7604201977081373
ENSMUSG00000008489-S,6.829736485821246,,7.854984151463012,6.956661943861958,7.548910468725996
ENSMUSG00000009894-S,8.379027060524594,,9.061269384257203,8.4844569249792,9.237362697641723
ENSMUSG00000010025-S,4.410738485203573,,4.928808187170593,5.1098790248754815,4.5899845187509225
ENSMUSG00000011306-S,5.461837858816886,,6.040242257115923,5.9132863207311885,5.350478318313092
ENSMUSG00000011752-S,3.632477045653246,,3.676233241294307,3.2597331424017173,4.210370508285599
ENSMUSG00000012848-S,9.112057932983822,,8.655060785742245,9.123588434565905,9.074379026456324
ENSMUSG00000013698-S,8.887345716843202,,9.186906702643942,8.947924460816083,9.419443670873058
ENSMUSG00000013736-S,4.719036769414442,,4.43439271895589,4.3572413286157525,3.938079422653366
ENSMUSG00000014767-S,4.494205908083582,,4.702677302321721,4.463049083034355,4.329392232052772
ENSMUSG00000015133-S,2.26321423360707,,3.4996207884379342,0.8317341290971091,2.7163160285157155
ENSMUSG00000015342-S,4.494205908083582,,4.384394485319665,4.243055062085477,4.636895955907879
ENSMUSG00000015377-S,5.655574469218728,,5.755598992005469,5.321609651127723,5.7424184034617936
ENSMUSG00000015405-S,1.8211927228012197,,1.980363283128017,1.3559447911127125,1.374053800136395
ENSMUSG00000015668-S,5.419760731891743,,5.241232090841001,5.2044489977384245,5.845872373682212
ENSMUSG00000015843-S,8.101414135278063,,7.473750053690307,8.161965143845105,7.722064128501798
ENSMUSG00000015937-S,7.661291504772604,,7.715348593170965,7.322685140715801,7.466901424045324
ENSMUSG00000016087-S,3.302766897125048,,3.186071338753683,3.5750131237805056,3.2862723427425684
ENSMUSG00000016386-S,8.09474391496958,,7.689845804007641,8.043303478922613,7.548910468725996
ENSMUSG00000016541-S,7.633947816134925,,7.642772975551159,7.719542867846222,7.943480098668372
ENSMUSG00000016833-S,6.445377370644526,,5.755598992005469,5.875459015936688,5.825766565203651
ENSMUSG00000016933-S,6.641192781750017,,6.178688044244445,6.3593390900973885,6.651032479887036
ENSMUSG00000017491-S,7.468374700151043,,6.383460321688005,7.308560507585486,6.118008297597605
ENSMUSG00000018411-S,9.979318617926523,,10.538401211705056,10.302358262829369,10.40150868635508
ENSMUSG00000018412-S,5.726327457819175,,6.236197713032027,5.601970698833189,5.535163059702323
ENSMUSG00000018574-S,5.137724218345812,,4.661286461214416,5.403630469156801,5.202398844213415
ENSMUSG00000018809-S,2.8746652925573732,,4.384394485319665,3.003316355234346,3.861143296675938
ENSMUSG00000018858-S,5.979029323457224,,5.813424149359178,5.894496643252485,6.51952271171396
ENSMUSG00000018920-S,1.8211927228012197,,1.980363283128017,0.0,0.844778749955519
ENSMUSG00000018995-S,3.302766897125048,,3.833564065919452,4.608496019872126,2.3161302344029373
ENSMUSG00000019146-S,7.519075737416856,,8.525536695408205,7.852048253114889,8.933517866685753
ENSMUSG00000019158-S,7.066314642608516,,6.828855016736037,7.001253024619352,6.802742678773206
ENSMUSG00000019188-S,6.466199042312456,,6.540091370437092,6.289143197045673,7.280046206838941
ENSMUSG00000019820-S,6.506961982803897,,6.761900061140272,7.078200252220725,6.639560270045309
ENSMUSG00000019843-S,7.437076159144018,,7.153849577926063,7.272631810057072,6.7396668915748394
ENSMUSG00000019872-S,4.227750747369705,,4.384394485319665,4.243055062085477,5.037363408511542
ENSMUSG00000019951-S,7.5290055825318944,,7.400176576311246,7.782214491389406,7.373037249023943
ENSMUSG00000019984-S,4.410738485203573,,5.212863948805189,3.833598373092191,4.329392232052772
ENSMUSG00000020014-S,2.601093752360736,,2.437996420839007,2.2925218004081125,1.7604201977081373
ENSMUSG00000020015-S,8.18543218619415,,8.031848953118622,8.433301501897331,8.13130262328048
ENSMUSG00000020111-S,7.548662558544431,,6.828855016736037,7.197973309155783,6.882770516708895
ENSMUSG00000020142-S,5.331735650224338,,5.794405462035118,5.647569995832419,6.213950191180273
ENSMUSG00000020163-S,8.179140148070735,,7.789258722523998,8.861071222043883,8.275397504092712
ENSMUSG00000020178-S,9.030526002226535,,8.3607772169167,9.36109135348552,9.01346522554961
ENSMUSG00000020189-S,8.101414135278063,,7.012878224438868,7.740737352655088,6.995058179244153
ENSMUSG00000020193-S,1.180699185220324,,0.7961666898816678,1.3559447911127125,0.844778749955519
ENSMUSG00000020218-S,1.180699185220324,,0.7961666898816678,0.8317341290971091,0.0
ENSMUSG00000020220-S,5.461837858816886,,5.974171589163948,5.5786189367854035,5.825766565203651
ENSMUSG00000020238-S,6.007718153182145,,5.850725501210491,6.0888373199806125,6.1507030018326585
ENSMUSG00000020261-S,6.007718153182145,,6.481843487885485,5.9318344241185725,6.303907677710908
ENSMUSG00000020381-S,1.8211927228012197,,3.9062306980162873,3.477380039340968,3.7798720476427223
ENSMUSG00000020589-S,8.12779083472191,,7.760147450797317,8.177592310211146,7.984866186683633
ENSMUSG00000020605-S,3.477020443035322,,3.833564065919452,4.463049083034355,4.271108427408695
ENSMUSG00000020610-S,5.760443903029827,,5.850725501210491,6.289143197045673,6.213950191180273
ENSMUSG00000020623-S,2.8746652925573732,,3.2983317563394525,2.50562182692906,3.399426999157458
ENSMUSG00000020635-S,3.477020443035322,,4.574762344175038,3.752446213259583,4.636895955907879
ENSMUSG00000020642-S,6.218746971938168,,6.331632786051896,6.317632702743529,5.885262424660063
ENSMUSG00000020672-S,3.104537396339549,,2.437996420839007,3.5750131237805056,2.530054697354864
ENSMUSG00000020695-S,3.104537396339549,,1.6823230436248209,2.0423970085452283,2.3161302344029373
ENSMUSG00000020708-S,8.019260940915627,,8.408462627131607,8.234731336923186,8.902657222823933
ENSMUSG00000020718-S,1.180699185220324,,0.7961666898816678,2.0423970085452283,3.1634814935907785
ENSMUSG00000020720-S,6.42425078451097,,6.2915025046959965,6.3864882400822856,6.568742582839227
ENSMUSG00000020723-S,8.711033038770887,,8.27419442508039,8.877908963369874,8.86127850268196
ENSMUSG00000020806-S,0.0,,0.7961666898816678,1.7396192879436825,0.844778749955519
ENSMUSG00000020811-S,6.907917125749837,,6.761900061140272,6.793832231259857,6.967794921221328
ENSMUSG00000020823-S,8.929189121980384,,8.392741969330974,9.0533284223856,8.102344854231294
ENSMUSG00000020941-S,3.302766897125048,,3.590627906247127,3.003316355234346,2.064868084993182
ENSMUSG00000020953-S,6.218746971938168,,5.375263962380294,5.796692242859528,4.726376620298633
ENSMUSG00000021115-S,6.193995787680783,,5.450086278394862,5.6249504970944155,5.784694305055399
ENSMUSG00000021124-S,8.754000502830738,,8.55972823059589,8.506279403781157,9.020116091317812
ENSMUSG00000021130-S,6.445377370644526,,5.715719760191584,6.8534224112966475,6.415739489433844
ENSMUSG00000021265-S,2.8746652925573732,,3.186071338753683,3.5750131237805056,3.7798720476427223
ENSMUSG00000021266-S,5.7937721747944355,,5.974171589163948,6.245325468504068,5.825766565203651
ENSMUSG00000021285-S,6.526919529245073,,5.349435280174275,6.1534833139002725,5.805376591588491
ENSMUSG00000021376-S,4.32214388552565,,4.43439271895589,3.137214032327693,4.439338668484022
ENSMUSG00000021379-S,9.160770515400102,,8.417813447617712,9.25091961590437,8.436542295592066
ENSMUSG00000021451-S,5.6188527379130795,,5.695358997917038,5.9318344241185725,6.08455544348617
ENSMUSG00000021461-S,2.601093752360736,,3.186071338753683,4.411114985683685,3.0292591548347514
ENSMUSG00000021481-S,3.772800031732916,,5.061999384226845,5.1098790248754815,4.965673165836876
ENSMUSG00000021500-S,6.76399071050805,,6.357779273619124,6.872751108926612,7.030625812125136
ENSMUSG00000021536-S,5.137724218345812,,6.408692211638543,5.856166807250958,6.244563512514029
ENSMUSG00000021606-S,7.6881265681267505,,7.9822893253329585,8.293284020276776,8.403009724522077
ENSMUSG00000021662-S,3.632477045653246,,4.742913686803112,3.752446213259583,4.385412561266791
ENSMUSG00000021704-S,4.9135079764576135,,4.574762344175038,5.264218318642998,5.202398844213415
ENSMUSG00000021721-S,0.0,,2.621845004245046,0.8317341290971091,2.8812562906739636
ENSMUSG00000021806-S,2.8746652925573732,,1.3062401618500368,2.2925218004081125,0.844778749955519
ENSMUSG00000021991-S,8.282542656597323,,7.653367138676311,7.950842838821775,7.573234024732529
ENSMUSG00000022003-S,3.477020443035322,,4.893496281527594,4.119048361420754,4.146962688160749
ENSMUSG00000022075-S,7.643120083081221,,7.335862614332859,7.766799966840448,7.309302448455034
ENSMUSG00000022103-S,4.018135034750366,,6.540091370437092,3.477380039340968,5.904561354476428
ENSMUSG00000022131-S,3.900676263966144,,4.041427218328107,4.052804403939795,3.861143296675938
ENSMUSG00000022178-S,0.0,,0.7961666898816678,0.8317341290971091,1.7604201977081373
ENSMUSG00000022185-S,8.147261631812981,,7.774776512760802,7.777094594425459,7.821869436740489
ENSMUSG00000022194-S,3.772800031732916,,5.1242507690217325,4.899826589689134,4.146962688160749
ENSMUSG00000022195-S,5.285623542169431,,5.755598992005469,5.264218318642998,5.535163059702323
ENSMUSG00000022257-S,6.117087632077458,,6.722197038354648,6.539456092607681,6.911672338667789
ENSMUSG00000022299-S,3.900676263966144,,5.154397313375428,4.973295061718629,4.726376620298633
ENSMUSG00000022307-S,5.889372328035105,,6.639354665750667,5.968230209780689,6.455538192239998
ENSMUSG00000022339-S,5.760443903029827,,5.4006383529656246,5.601970698833189,5.2634662784007675
ENSMUSG00000022365-S,5.137724218345812,,6.277873790904034,6.055394564101956,6.4423935705336195
ENSMUSG00000022436-S,5.137724218345812,,3.4996207884379342,4.937028443001285,4.491321505236016
ENSMUSG00000022439-S,1.180699185220324,,3.186071338753683,1.7396192879436825,2.7163160285157155
ENSMUSG00000022474-S,6.747075215445127,,6.987983210720269,7.35740331390709,7.806562524923096
ENSMUSG00000022577-S,7.066314642608516,,6.856625321031916,6.539456092607681,7.871750416531678
ENSMUSG00000022587-S,6.641192781750017,,7.315995740822604,6.699561260829363,7.359115295884734
ENSMUSG00000022619-S,8.311596335342424,,8.11468145646717,8.267959116053142,8.513976628075927
ENSMUSG00000022751-S,4.494205908083582,,4.104553358958403,4.243055062085477,3.0292591548347514
ENSMUSG00000022752-S,8.987964425513901,,8.55125601485997,9.127616723117784,8.813582283417134
ENSMUSG00000022774-S,6.358948830400547,,5.5890080603669805,5.950147086361276,5.720806629645893
ENSMUSG00000022840-S,10.274643945579854,,9.48406384802288,10.490845279801466,9.9576747078176
ENSMUSG00000022844-S,3.477020443035322,,2.931367198849669,3.137214032327693,2.530054697354864
ENSMUSG00000022864-S,5.084851704201086,,4.52947317960316,5.455829865423693,4.329392232052772
ENSMUSG00000022865-S,5.084851704201086,,4.43439271895589,3.910427770373536,3.2862723427425684
ENSMUSG00000022956-S,8.474608468647888,,8.977327371583273,8.407027103315507,8.853851565051853
ENSMUSG00000022995-S,7.740344127634441,,8.167373681190297,7.880972312390299,8.159690570807044
ENSMUSG00000023055-S,6.712637341065606,,6.236197713032027,6.551500467442269,7.099233855251648
ENSMUSG00000023206-S,1.8211927228012197,,3.2983317563394525,0.0,2.3161302344029373
ENSMUSG00000023249-S,3.772800031732916,,2.621845004245046,2.6912581186573203,2.8812562906739636
ENSMUSG00000023411-S,2.26321423360707,,1.6823230436248209,1.3559447911127125,0.844778749955519
ENSMUSG00000023800-S,6.641192781750017,,5.869020637844989,6.39987359958715,6.332688770019728
ENSMUSG00000023919-S,2.601093752360736,,2.931367198849669,3.003316355234346,2.064868084993182
ENSMUSG00000023921-S,5.7937721747944355,,5.974171589163948,6.303458273033261,5.997363642006089
ENSMUSG00000023972-S,4.018135034750366,,2.931367198849669,3.833598373092191,2.064868084993182
ENSMUSG00000024030-S,5.979029323457224,,6.344765261814278,6.372977526946326,5.97927461365253
ENSMUSG00000024052-S,5.419760731891743,,6.149050035600199,5.6249504970944155,5.233255650477007
ENSMUSG00000024077-S,8.29423443292711,,7.669113928335856,7.950842838821775,7.727492774040434
ENSMUSG00000024122-S,8.92543493036081,,8.537024146304036,9.0276905594822,8.237850260773161
ENSMUSG00000024151-S,5.084851704201086,,5.269053161594472,5.506206354485812,5.105659237083043
ENSMUSG00000024220-S,7.447584632130604,,7.520793932498349,7.751218964942522,7.727492774040434
ENSMUSG00000024277-S,8.31733751358287,,8.47864975266765,8.314642780486288,8.163700774315938
ENSMUSG00000024346-S,6.952869504259925,,7.108372656939837,7.018710577933765,6.696030254346032
ENSMUSG00000024349-S,1.180699185220324,,2.621845004245046,3.003316355234346,3.693747807420617
ENSMUSG00000024424-S,4.494205908083582,,3.4996207884379342,4.052804403939795,3.693747807420617
ENSMUSG00000024426-S,5.6188527379130795,,5.18392678806256,6.055394564101956,5.071915417616783
ENSMUSG00000024436-S,0.0,,1.3062401618500368,1.7396192879436825,0.0
ENSMUSG00000024457-S,3.632477045653246,,4.43439271895589,4.3572413286157525,4.329392232052772
ENSMUSG00000024556-S,6.193995787680783,,5.653754597187683,5.481237981589055,4.726376620298633
ENSMUSG00000024563-S,4.227750747369705,,3.590627906247127,5.234643158481114,4.5899845187509225
ENSMUSG00000024583-S,6.466199042312456,,6.236197713032027,6.3864882400822856,6.506950816387344
ENSMUSG00000024598-S,1.8211927228012197,,1.3062401618500368,1.3559447911127125,0.844778749955519
ENSMUSG00000024614-S,6.42425078451097,,6.421144579077377,6.345570491594267,6.2892989145937195
ENSMUSG00000024647-S,2.26321423360707,,5.610914692271953,2.2925218004081125,4.76911829029325
ENSMUSG00000024683-S,5.979029323457224,,6.236197713032027,6.317632702743529,6.134448264645966
ENSMUSG00000024764-S,5.419760731891743,,5.735797165310329,5.0769260645507375,4.890233365105016
ENSMUSG00000024766-S,2.601093752360736,,3.676233241294307,3.003316355234346,3.6021539842484165
ENSMUSG00000024776-S,2.26321423360707,,2.931367198849669,2.2925218004081125,3.0292591548347514
ENSMUSG00000024855-S,5.2379887750302405,,6.024006089490384,5.950147086361276,5.784694305055399
ENSMUSG00000024867-S,2.26321423360707,,3.676233241294307,3.137214032327693,1.374053800136395
ENSMUSG00000024871-S,1.180699185220324,,0.0,2.2925218004081125,3.938079422653366
ENSMUSG00000024875-S,5.461837858816886,,4.9632763958356065,5.894496643252485,5.105659237083043
ENSMUSG00000024924-S,7.757338264519703,,6.892839945520432,6.803936428476264,6.7396668915748394
ENSMUSG00000024948-S,4.972912567716291,,5.18392678806256,5.008672317596116,4.491321505236016
ENSMUSG00000024966-S,7.415826758818708,,6.936866135558827,7.384588575169784,7.924698183699931
ENSMUSG00000025066-S,7.839429943412006,,7.694982554787639,7.488479396006891,7.842029251913003
ENSMUSG00000025147-S,4.227750747369705,,4.482716089351869,4.973295061718629,4.965673165836876
ENSMUSG00000025198-S,4.32214388552565,,4.041427218328107,5.349471270288547,4.491321505236016
ENSMUSG00000025231-S,3.772800031732916,,3.9062306980162873,4.182383674658582,4.439338668484022
ENSMUSG00000025266-S,7.327553815521061,,7.387541105033168,7.061452032637736,7.4603956449683935
ENSMUSG00000025401-S,1.8211927228012197,,2.437996420839007,0.0,1.7604201977081373
ENSMUSG00000025410-S,7.5290055825318944,,7.689845804007641,7.579518983634644,8.033888159170937
ENSMUSG00000025425-S,3.477020443035322,,5.18392678806256,3.833598373092191,4.439338668484022
ENSMUSG00000025468-S,8.808010872011527,,8.182081761483554,8.599140811056273,8.696670031933017
ENSMUSG00000025475-S,3.477020443035322,,5.869020637844989,3.477380039340968,5.202398844213415
ENSMUSG00000025481-S,0.0,,2.621845004245046,0.0,2.064868084993182
ENSMUSG00000025485-S,4.786815279692381,,5.4006383529656246,5.2044489977384245,5.233255650477007
ENSMUSG00000025613-S,7.983599931050934,,8.011405602452202,7.977870315167809,8.282791097506802
ENSMUSG00000025665-S,0.0,,2.621845004245046,1.7396192879436825,2.7163160285157155
ENSMUSG00000025738-S,10.64822499262992,,10.219926442748006,10.67070152904327,10.139705896698056
ENSMUSG00000025873-S,5.6913846556423415,,5.241232090841001,5.69177208362667,5.7424184034617936
ENSMUSG00000025894-S,4.494205908083582,,4.52947317960316,4.899826589689134,5.138631812343161
ENSMUSG00000025934-S,1.180699185220324,,1.6823230436248209,2.2925218004081125,2.064868084993182
ENSMUSG00000025937-S,3.772800031732916,,4.33260110728844,2.8557082036670782,3.1634814935907785
ENSMUSG00000025938-S,3.900676263966144,,3.186071338753683,3.2597331424017173,3.2862723427425684
ENSMUSG00000025997-S,4.32214388552565,,4.223078506868023,3.137214032327693,3.399426999157458
ENSMUSG00000026029-S,2.26321423360707,,2.621845004245046,2.0423970085452283,2.8812562906739636
ENSMUSG00000026087-S,6.007718153182145,,6.072176496687759,6.731674249609431,6.7715494732388555
ENSMUSG00000026135-S,4.9135079764576135,,4.996940284926763,5.1736093704529384,5.001963544318842
ENSMUSG00000026259-S,9.86832921743059,,9.157438785247564,9.83015726531241,9.659869509681933
ENSMUSG00000026277-S,5.826347869764584,,6.30500367597236,6.33166922302089,6.274540708250153
ENSMUSG00000026317-S,5.2379887750302405,,5.212863948805189,5.293199349064153,5.607607214433364
ENSMUSG00000026355-S,2.601093752360736,,1.980363283128017,3.003316355234346,3.2862723427425684
ENSMUSG00000026360-S,9.944499734216562,,8.874680072337304,9.613168626018464,8.72950622166054
ENSMUSG00000026433-S,2.26321423360707,,3.0643329050026566,2.50562182692906,2.064868084993182
ENSMUSG00000026483-S,2.8746652925573732,,0.7961666898816678,0.8317341290971091,0.0
ENSMUSG00000026634-S,6.604098384334493,,6.8005396554934885,7.205615435015789,6.494268403606043
ENSMUSG00000026659-S,4.410738485203573,,3.9754120556404127,3.910427770373536,4.210370508285599
ENSMUSG00000026712-S,1.8211927228012197,,1.6823230436248209,2.2925218004081125,0.0
ENSMUSG00000026781-S,6.381046205533428,,6.408692211638543,6.021158145924178,6.544342539021199
ENSMUSG00000026782-S,8.8282573194719,,8.908240031092202,8.889816732318454,8.501356097782757
ENSMUSG00000026787-S,8.56906938437568,,7.956856107061294,8.575742825082422,8.764255130186186
ENSMUSG00000026806-S,2.601093752360736,,2.621845004245046,2.0423970085452283,2.7163160285157155
ENSMUSG00000026918-S,7.245619896945924,,7.012878224438868,7.377840133455843,7.6206843921844944
ENSMUSG00000026970-S,7.568055300966401,,7.26854727904251,7.053004442859119,6.556594144513868
ENSMUSG00000026988-S,3.302766897125048,,4.482716089351869,3.666455701973876,3.2862723427425684
ENSMUSG00000027009-S,1.180699185220324,,2.437996420839007,1.3559447911127125,1.374053800136395
ENSMUSG00000027160-S,6.143181886891341,,6.22203378534359,6.2001351032711405,6.494268403606043
ENSMUSG00000027185-S,4.573107272288827,,3.590627906247127,4.182383674658582,4.210370508285599
ENSMUSG00000027187-S,5.029967537586857,,5.349435280174275,5.376804998845362,5.170867611962996
ENSMUSG00000027298-S,8.252891834910198,,8.367227076146145,8.189202593207373,8.8388819954448
ENSMUSG00000027301-S,0.0,,0.0,0.0,0.844778749955519
ENSMUSG00000027357-S,1.8211927228012197,,4.104553358958403,4.608496019872126,3.1634814935907785
ENSMUSG00000027395-S,2.26321423360707,,3.9062306980162873,3.3726570172805195,3.861143296675938
ENSMUSG00000027405-S,5.331735650224338,,5.813424149359178,4.301277600843022,5.607607214433364
ENSMUSG00000027408-S,1.180699185220324,,0.0,0.8317341290971091,1.7604201977081373
ENSMUSG00000027499-S,7.839429943412006,,8.24647327945956,7.771956463025045,8.22255340753725
ENSMUSG00000027534-S,6.313712023455637,,6.469906292481664,6.2001351032711405,6.415739489433844
ENSMUSG00000027655-S,4.227750747369705,,3.676233241294307,4.463049083034355,3.861143296675938
ENSMUSG00000027710-S,0.0,,2.931367198849669,1.7396192879436825,1.374053800136395
ENSMUSG00000027716-S,4.410738485203573,,5.093460814098599,4.463049083034355,4.439338668484022
ENSMUSG00000027827-S,8.140800520003825,,7.28226396416557,8.260641019439317,7.386826138869594
ENSMUSG00000027854-S,6.747075215445127,,6.087882393863415,5.894496643252485,5.923605526675563
ENSMUSG00000027861-S,4.719036769414442,,3.7570422747133985,4.411114985683685,4.080639405811446
ENSMUSG00000027882-S,3.772800031732916,,4.43439271895589,4.937028443001285,3.1634814935907785
ENSMUSG00000027896-S,1.180699185220324,,1.6823230436248209,1.3559447911127125,0.844778749955519
ENSMUSG00000027905-S,4.410738485203573,,4.482716089351869,4.301277600843022,4.385412561266791
ENSMUSG00000027952-S,5.655574469218728,,5.296347862688087,5.713375429137858,5.960955895588095
ENSMUSG00000028007-S,4.126746549432686,,3.9062306980162873,3.2597331424017173,3.0292591548347514
ENSMUSG00000028033-S,6.566024993214148,,6.8005396554934885,6.5273103178818275,6.967794921221328
ENSMUSG00000028082-S,3.477020443035322,,3.2983317563394525,2.6912581186573203,3.399426999157458
ENSMUSG00000028099-S,3.477020443035322,,4.661286461214416,4.561624278897442,4.76911829029325
ENSMUSG00000028295-S,5.084851704201086,,4.9632763958356065,4.861639986891392,4.146962688160749
ENSMUSG00000028345-S,4.410738485203573,,4.33260110728844,3.833598373092191,3.938079422653366
ENSMUSG00000028423-S,7.0526123460874715,,6.573943692536665,6.633107890601263,6.4814735130430385
ENSMUSG00000028445-S,6.486724475939367,,6.701928128765658,6.59869693705707,6.802742678773206
ENSMUSG00000028469-S,4.9135079764576135,,5.061999384226845,5.2044489977384245,5.653958159641769
ENSMUSG00000028532-S,3.302766897125048,,3.590627906247127,3.752446213259583,4.271108427408695
ENSMUSG00000028545-S,1.8211927228012197,,3.9754120556404127,2.6912581186573203,3.2862723427425684
ENSMUSG00000028622-S,5.760443903029827,,6.118790365027386,6.39987359958715,6.4814735130430385
ENSMUSG00000028637-S,4.494205908083582,,4.742913686803112,3.910427770373536,4.329392232052772
ENSMUSG00000028747-S,2.8746652925573732,,1.6823230436248209,2.8557082036670782,2.530054697354864
ENSMUSG00000028792-S,5.419760731891743,,5.0298365378369825,5.403630469156801,5.202398844213415
ENSMUSG00000028847-S,6.6227648005812485,,6.207729420748157,6.587041777934058,6.60458591201022
ENSMUSG00000028869-S,6.090512698871723,,6.26411510186608,6.00373036413272,6.592736807110766
ENSMUSG00000028932-S,7.415826758818708,,7.335862614332859,7.294296219534942,7.434075122953151
ENSMUSG00000028937-S,8.276661043544644,,8.522650483572406,8.45590551046677,9.140984178193582
ENSMUSG00000028988-S,7.269508228328582,,7.831853001483454,7.250637108101006,7.957407793008024
ENSMUSG00000028992-S,1.8211927228012197,,2.437996420839007,3.2597331424017173,2.3161302344029373
ENSMUSG00000029009-S,3.302766897125048,,4.223078506868023,3.752446213259583,3.7798720476427223
ENSMUSG00000029060-S,6.506961982803897,,6.649973868094437,6.289143197045673,6.166776636682516
ENSMUSG00000029147-S,6.677357272289351,,6.585053553323011,6.539456092607681,7.004032631308072
ENSMUSG00000029165-S,3.104537396339549,,3.186071338753683,3.3726570172805195,3.504348456188822
ENSMUSG00000029211-S,8.578662146613686,,8.27419442508039,8.545951395942424,7.831984557489411
ENSMUSG00000029217-S,1.8211927228012197,,1.3062401618500368,0.8317341290971091,0.0
ENSMUSG00000029307-S,1.180699185220324,,0.7961666898816678,0.0,1.374053800136395
ENSMUSG00000029352-S,1.180699185220324,,0.0,0.0,0.844778749955519
ENSMUSG00000029376-S,0.0,,2.621845004245046,3.003316355234346,3.1634814935907785
ENSMUSG00000029557-S,3.772800031732916,,3.676233241294307,3.833598373092191,4.210370508285599
ENSMUSG00000029716-S,0.0,,0.7961666898816678,2.50562182692906,2.530054697354864
ENSMUSG00000029755-S,4.494205908083582,,3.833564065919452,3.983371732358669,4.8106300348484785
ENSMUSG00000029763-S,6.996463449268553,,7.28226396416557,7.102963574115179,7.2577079828448685
ENSMUSG00000029775-S,5.7937721747944355,,6.087882393863415,6.317632702743529,6.684911702102829
ENSMUSG00000029823-S,8.101414135278063,,8.152514108240343,7.642809685999203,7.2501843795877345
ENSMUSG00000029922-S,7.7741345483586,,7.219485071318646,7.665153046656198,7.754333757189564
ENSMUSG00000029999-S,7.1841090440781565,,6.528628413532284,6.833831234302193,5.535163059702323
ENSMUSG00000030058-S,7.894235496598148,,7.822495689552715,8.134203551940612,8.249217393851731
ENSMUSG00000030265-S,6.712637341065606,,7.400176576311246,6.81397035086718,7.386826138869594
ENSMUSG00000030282-S,6.952869504259925,,7.577520357337674,7.174800999966597,7.938807493413193
ENSMUSG00000030323-S,4.786815279692381,,5.375263962380294,4.182383674658582,5.138631812343161
ENSMUSG00000030346-S,0.0,,0.7961666898816678,0.0,0.844778749955519
ENSMUSG00000030350-S,7.394259692161056,,7.740408384398278,7.766799966840448,8.191464353943477
ENSMUSG00000030357-S,7.587190819453881,,7.335862614332859,7.614384900771397,8.218703716675588
ENSMUSG00000030469-S,3.632477045653246,,3.2983317563394525,3.003316355234346,2.8812562906739636
ENSMUSG00000030606-S,2.601093752360736,,0.7961666898816678,1.3559447911127125,0.0
ENSMUSG00000030641-S,2.601093752360736,,1.3062401618500368,0.8317341290971091,0.0
ENSMUSG00000030691-S,6.42425078451097,,5.735797165310329,5.986089477493292,5.865701828822003
ENSMUSG00000030731-S,6.677357272289351,,6.433490385215128,6.464998600440462,6.4814735130430385
ENSMUSG00000030770-S,4.410738485203573,,5.3231357424814165,4.653892740450859,5.105659237083043
ENSMUSG00000030786-S,3.632477045653246,,3.9062306980162873,4.301277600843022,4.271108427408695
ENSMUSG00000030805-S,6.143181886891341,,6.103419148532566,6.0888373199806125,6.303907677710908
ENSMUSG00000030846-S,6.381046205533428,,6.421144579077377,6.42627741359281,6.166776636682516
ENSMUSG00000030982-S,6.090512698871723,,5.755598992005469,5.836613116007251,5.405701180749388
ENSMUSG00000030990-S,4.227750747369705,,5.544170885067059,4.861639986891392,3.693747807420617
ENSMUSG00000031090-S,0.0,,1.980363283128017,0.8317341290971091,2.064868084993182
ENSMUSG00000031134-S,6.0358475945364605,,5.922553893543434,5.5548829709304925,5.698866178559341
ENSMUSG00000031158-S,5.461837858816886,,4.9632763958356065,5.321609651127723,5.5597175314526615
ENSMUSG00000031242-S,6.090512698871723,,5.794405462035118,5.856166807250958,5.805376591588491
ENSMUSG00000031309-S,6.445377370644526,,5.904929270844407,5.894496643252485,5.76371120229152
ENSMUSG00000031371-S,0.0,,2.227249844054192,2.50562182692906,1.7604201977081373
ENSMUSG00000031429-S,4.227750747369705,,4.82016874224802,5.008672317596116,5.458887943651132
ENSMUSG00000031432-S,7.010706869411135,,7.361933242923561,7.078200252220725,7.871750416531678
ENSMUSG00000031485-S,6.143181886891341,,5.497895405695837,5.875459015936688,5.378353958034683
ENSMUSG00000031503-S,3.900676263966144,,4.742913686803112,3.983371732358669,4.636895955907879
ENSMUSG00000031529-S,6.695105147576355,,6.133999533684124,6.215356381833697,5.845872373682212
ENSMUSG00000031532-S,8.047168374862753,,8.29802103540995,8.238461331003887,8.93586464273829
ENSMUSG00000031636-S,0.0,,1.3062401618500368,2.50562182692906,2.530054697354864
ENSMUSG00000031753-S,4.972912567716291,,5.735797165310329,5.234643158481114,5.904561354476428
ENSMUSG00000031772-S,2.8746652925573732,,4.33260110728844,3.137214032327693,3.861143296675938
ENSMUSG00000031776-S,6.381046205533428,,7.012878224438868,6.872751108926612,7.486244566525644
ENSMUSG00000031812-S,8.12779083472191,,8.4964114042433,8.468664836330612,9.101809268155844
ENSMUSG00000031962-S,2.601093752360736,,2.227249844054192,2.2925218004081125,3.0292591548347514
ENSMUSG00000031970-S,3.302766897125048,,3.2983317563394525,2.50562182692906,4.329392232052772
ENSMUSG00000032120-S,8.520124827364736,,8.067932461481465,8.622165370952931,8.319201158905347
ENSMUSG00000032258-S,3.900676263966144,,3.186071338753683,2.2925218004081125,2.7163160285157155
ENSMUSG00000032300-S,2.601093752360736,,3.590627906247127,3.5750131237805056,3.938079422653366
ENSMUSG00000032334-S,3.477020443035322,,1.3062401618500368,3.137214032327693,1.7604201977081373
ENSMUSG00000032336-S,9.443999213762249,,9.744039116372653,9.69281222303068,9.705972339395991
ENSMUSG00000032350-S,6.526919529245073,,6.331632786051896,6.677748485111494,5.484763652035961
ENSMUSG00000032409-S,4.227750747369705,,5.3231357424814165,3.666455701973876,3.504348456188822
ENSMUSG00000032415-S,3.477020443035322,,2.437996420839007,2.2925218004081125,2.3161302344029373
ENSMUSG00000032435-S,7.1841090440781565,,7.153849577926063,7.243230388384193,7.099233855251648
ENSMUSG00000032456-S,2.8746652925573732,,3.2983317563394525,4.182383674658582,1.7604201977081373
ENSMUSG00000032485-S,6.938040463344364,,6.481843487885485,7.417865247804883,7.1075849202108135
ENSMUSG00000032513-S,4.126746549432686,,3.9062306980162873,4.243055062085477,3.938079422653366
ENSMUSG00000032534-S,5.760443903029827,,5.3231357424814165,5.647569995832419,5.698866178559341
ENSMUSG00000032567-S,3.477020443035322,,3.590627906247127,3.3726570172805195,3.1634814935907785
ENSMUSG00000032572-S,2.601093752360736,,2.78489101335991,3.003316355234346,2.064868084993182
ENSMUSG00000032586-S,7.245619896945924,,6.596078513028592,7.035959406626271,6.198396433203197
ENSMUSG00000032594-S,8.323055935439358,,8.156243374688813,8.373496562019369,8.403009724522077
ENSMUSG00000032598-S,4.719036769414442,,5.832195376757626,5.376804998845362,5.6765868983997505
ENSMUSG00000032599-S,6.677357272289351,,6.163945147145716,6.245325468504068,6.244563512514029
ENSMUSG00000032604-S,5.949758404927755,,5.957170068987951,5.950147086361276,6.118008297597605
ENSMUSG00000032698-S,6.5851872819356245,,5.755598992005469,6.587041777934058,5.607607214433364
ENSMUSG00000032757-S,4.410738485203573,,1.980363283128017,4.052804403939795,3.0292591548347514
ENSMUSG00000032777-S,7.519075737416856,,7.021082005343955,7.687155641199888,6.853277841439862
ENSMUSG00000032786-S,5.760443903029827,,5.850725501210491,5.376804998845362,5.458887943651132
ENSMUSG00000032946-S,9.887752178097635,,9.302473975418062,9.239797414287542,9.519844857740814
ENSMUSG00000032968-S,4.9135079764576135,,4.78205827031907,5.142096076148488,3.938079422653366
ENSMUSG00000033054-S,4.647916342178991,,5.349435280174275,4.513178437135883,4.146962688160749
ENSMUSG00000033063-S,4.719036769414442,,4.996940284926763,4.052804403939795,4.8106300348484785
ENSMUSG00000033152-S,3.302766897125048,,3.676233241294307,2.8557082036670782,2.8812562906739636
ENSMUSG00000033253-S,4.227750747369705,,3.676233241294307,3.5750131237805056,3.938079422653366
ENSMUSG00000033365-S,6.42425078451097,,6.505425590003968,6.621728525755991,6.7070637731247515
ENSMUSG00000033373-S,5.6913846556423415,,5.241232090841001,6.169202125257103,5.350478318313092
ENSMUSG00000033417-S,6.143181886891341,,6.207729420748157,6.230418742204215,6.718013549226595
ENSMUSG00000033629-S,7.478658454090999,,7.594112280952804,7.6086321155332195,8.020682874138455
ENSMUSG00000033658-S,4.972912567716291,,4.384394485319665,4.463049083034355,3.0292591548347514
ENSMUSG00000033717-S,0.0,,3.590627906247127,3.2597331424017173,3.938079422653366
ENSMUSG00000033721-S,3.900676263966144,,2.78489101335991,3.137214032327693,3.504348456188822
ENSMUSG00000033735-S,4.786815279692381,,5.061999384226845,5.647569995832419,6.429128084047077
ENSMUSG00000033910-S,8.019260940915627,,7.029239399692354,7.397991489749264,7.632307080943331
ENSMUSG00000033916-S,7.596664234571439,,7.247724581566245,7.81755386956701,7.732901068950755
ENSMUSG00000033960-S,9.134995299126157,,8.487557912218449,9.036287236143387,8.286473733447806
ENSMUSG00000034055-S,2.601093752360736,,4.223078506868023,4.561624278897442,4.439338668484022
ENSMUSG00000034064-S,4.410738485203573,,5.674706765679343,6.169202125257103,6.318369993843996
ENSMUSG00000034154-S,6.063439045397185,,6.072176496687759,5.455829865423693,4.850980662711481
ENSMUSG00000034156-S,8.432907572592752,,7.7552379456108,7.740737352655088,7.21196633278528
ENSMUSG00000034402-S,2.601093752360736,,2.227249844054192,1.3559447911127125,1.374053800136395
ENSMUSG00000034532-S,1.180699185220324,,2.437996420839007,4.182383674658582,3.693747807420617
ENSMUSG00000034848-S,4.227750747369705,,4.104553358958403,3.752446213259583,3.2862723427425684
ENSMUSG00000034892-S,10.552896093442634,,10.33380203272935,10.561782441309855,10.658977502563411
ENSMUSG00000034919-S,1.8211927228012197,,0.0,1.3559447911127125,0.844778749955519
ENSMUSG00000034981-S,5.6188527379130795,,6.024006089490384,6.072212843400301,6.592736807110766
ENSMUSG00000035007-S,6.952869504259925,,5.3231357424814165,6.1215223784668105,5.805376591588491
ENSMUSG00000035021-S,5.726327457819175,,4.742913686803112,5.481237981589055,5.071915417616783
ENSMUSG00000035151-S,3.104537396339549,,4.104553358958403,3.477380039340968,3.938079422653366
ENSMUSG00000035208-S,1.180699185220324,,0.7961666898816678,0.0,1.374053800136395
ENSMUSG00000035274-S,3.104537396339549,,3.40248398294994,4.3572413286157525,2.8812562906739636
ENSMUSG00000035277-S,5.3764194359494795,,4.9632763958356065,5.043202788113192,4.965673165836876
ENSMUSG00000035278-S,4.410738485203573,,4.52947317960316,5.429966238348063,4.928446311046513
ENSMUSG00000035397-S,7.281305683195875,,6.481843487885485,7.220779304779907,7.172708248133311
ENSMUSG00000035495-S,4.494205908083582,,4.33260110728844,3.983371732358669,5.293057237287886
ENSMUSG00000035595-S,3.302766897125048,,1.980363283128017,3.833598373092191,3.1634814935907785
ENSMUSG00000035601-S,3.302766897125048,,4.384394485319665,3.2597331424017173,3.693747807420617
ENSMUSG00000035686-S,4.410738485203573,,4.661286461214416,3.477380039340968,4.541496268329317
ENSMUSG00000035776-S,6.336507724002191,,6.573943692536665,6.18475151733561,6.332688770019728
ENSMUSG00000035863-S,7.839429943412006,,7.289073709495059,7.807544926114865,7.47337799720966
ENSMUSG00000035914-S,2.601093752360736,,3.0643329050026566,3.477380039340968,3.7798720476427223
ENSMUSG00000035967-S,5.760443903029827,,5.832195376757626,5.349471270288547,4.439338668484022
ENSMUSG00000036053-S,5.502722477462356,,5.521218677331764,4.973295061718629,5.202398844213415
ENSMUSG00000036114-S,5.084851704201086,,4.104553358958403,5.1736093704529384,4.928446311046513
ENSMUSG00000036169-S,0.0,,0.7961666898816678,0.0,2.064868084993182
ENSMUSG00000036199-S,8.749760887098727,,8.47864975266765,9.021209267401526,8.947541601118187
ENSMUSG00000036225-S,7.878788054557437,,7.543752845111695,7.787316282881753,7.505331790506025
ENSMUSG00000036381-S,2.26321423360707,,1.6823230436248209,2.0423970085452283,0.0
ENSMUSG00000036501-S,5.2379887750302405,,5.093460814098599,4.697904450960577,3.861143296675938
ENSMUSG00000036632-S,3.104537396339549,,4.742913686803112,4.411114985683685,5.2634662784007675
ENSMUSG00000036698-S,7.765760849716276,,7.219485071318646,6.983581633273827,7.180645792491533
ENSMUSG00000036949-S,4.410738485203573,,4.618672954614729,4.937028443001285,4.541496268329317
ENSMUSG00000036966-S,7.615426461995578,,7.418924679597156,7.620114837701956,8.159690570807044
ENSMUSG00000037139-S,3.302766897125048,,3.590627906247127,2.6912581186573203,1.374053800136395
ENSMUSG00000037148-S,6.813578790298709,,6.072176496687759,6.038377910157575,5.535163059702323
ENSMUSG00000037185-S,0.0,,1.6823230436248209,0.0,1.374053800136395
ENSMUSG00000037266-S,8.35131291452397,,8.344525274617803,8.47500243051879,7.632307080943331
ENSMUSG00000037474-S,2.26321423360707,,2.621845004245046,1.3559447911127125,2.064868084993182
ENSMUSG00000037553-S,5.979029323457224,,5.269053161594472,5.376804998845362,5.510183427598411
ENSMUSG00000037570-S,4.227750747369705,,4.43439271895589,4.937028443001285,2.8812562906739636
ENSMUSG00000037601-S,7.823381051490779,,8.08759562990849,7.6595995636376895,8.297465573014284
ENSMUSG00000037697-S,6.336507724002191,,6.540091370437092,6.105272409516371,5.845872373682212
ENSMUSG00000037791-S,6.063439045397185,,6.236197713032027,5.6249504970944155,5.653958159641769
ENSMUSG00000037815-S,6.5851872819356245,,5.5890080603669805,6.5273103178818275,5.720806629645893
ENSMUSG00000037936-S,6.007718153182145,,6.040242257115923,5.875459015936688,5.405701180749388
ENSMUSG00000038034-S,8.706665062190371,,8.2359389674254,8.678168695109113,8.764255130186186
ENSMUSG00000038042-S,4.494205908083582,,4.33260110728844,4.243055062085477,4.271108427408695
ENSMUSG00000038046-S,4.227750747369705,,3.676233241294307,4.411114985683685,4.5899845187509225
ENSMUSG00000038065-S,3.632477045653246,,5.869020637844989,5.2044489977384245,6.101378830428276
ENSMUSG00000038115-S,5.826347869764584,,3.2983317563394525,5.349471270288547,3.504348456188822
ENSMUSG00000038168-S,1.180699185220324,,1.6823230436248209,2.2925218004081125,0.844778749955519
ENSMUSG00000038365-S,6.797238082451591,,6.2502239345786075,6.230418742204215,6.360906905400829
ENSMUSG00000038374-S,7.7741345483586,,7.594112280952804,7.507152714764867,7.517917740828407
ENSMUSG00000038503-S,5.5811718403126225,,5.4006383529656246,6.021158145924178,6.032875175572488
ENSMUSG00000038524-S,1.8211927228012197,,1.980363283128017,0.8317341290971091,3.399426999157458
ENSMUSG00000038563-S,4.647916342178991,,4.165032775462761,4.3572413286157525,3.861143296675938
ENSMUSG00000038564-S,4.410738485203573,,4.893496281527594,4.561624278897442,4.329392232052772
ENSMUSG00000038602-S,6.89261626119589,,7.387541105033168,6.956661943861958,8.479000975362167
ENSMUSG00000038665-S,5.889372328035105,,4.702677302321721,4.301277600843022,3.938079422653366
ENSMUSG00000038677-S,4.972912567716291,,5.093460814098599,4.822415080282418,4.682329912363613
ENSMUSG00000038773-S,4.9135079764576135,,3.9754120556404127,3.910427770373536,3.1634814935907785
ENSMUSG00000038780-S,5.6913846556423415,,5.990975085337055,5.816790756541362,5.720806629645893
ENSMUSG00000038884-S,5.655574469218728,,5.869020637844989,5.481237981589055,5.825766565203651
ENSMUSG00000038894-S,6.659388342385852,,5.813424149359178,5.776309771665048,6.556594144513868
ENSMUSG00000038970-S,5.029967537586857,,5.4741888748942795,6.021158145924178,4.146962688160749
ENSMUSG00000038984-S,6.290550342652554,,6.649973868094437,6.289143197045673,6.506950816387344
ENSMUSG00000039202-S,6.967547671269452,,7.41270234320534,7.213217292844246,6.750372897005865
ENSMUSG00000039375-S,6.466199042312456,,5.957170068987951,5.796692242859528,5.7424184034617936
ENSMUSG00000039611-S,6.695105147576355,,6.987983210720269,6.413135910178806,7.227375253806388
ENSMUSG00000039629-S,6.1688125435255605,,5.715719760191584,5.506206354485812,5.510183427598411
ENSMUSG00000039637-S,6.780710168910063,,6.2502239345786075,6.59869693705707,6.067533560676121
ENSMUSG00000039715-S,4.126746549432686,,4.165032775462761,4.243055062085477,4.385412561266791
ENSMUSG00000039716-S,7.765760849716276,,7.789258722523998,7.537747650317082,7.555029911618179
ENSMUSG00000039771-S,5.979029323457224,,5.450086278394862,5.601970698833189,6.166776636682516
ENSMUSG00000039804-S,6.0358475945364605,,5.653754597187683,5.429966238348063,6.259629969533987
ENSMUSG00000039954-S,5.760443903029827,,4.857298337061463,5.6249504970944155,4.726376620298633
ENSMUSG00000039960-S,5.3764194359494795,,5.5890080603669805,6.515061421415712,5.653958159641769
ENSMUSG00000039982-S,3.302766897125048,,5.544170885067059,4.822415080282418,5.378353958034683
ENSMUSG00000040055-S,3.772800031732916,,5.5890080603669805,5.601970698833189,5.583861073671838
ENSMUSG00000040112-S,4.85155189802365,,4.928808187170593,4.608496019872126,5.535163059702323
ENSMUSG00000040219-S,3.104537396339549,,3.2983317563394525,2.0423970085452283,2.3161302344029373
ENSMUSG00000040236-S,5.655574469218728,,6.072176496687759,5.968230209780689,6.213950191180273
ENSMUSG00000040272-S,0.0,,2.437996420839007,1.7396192879436825,0.844778749955519
ENSMUSG00000040289-S,6.466199042312456,,6.103419148532566,6.464998600440462,6.332688770019728
ENSMUSG00000040363-S,5.188727345909205,,4.482716089351869,4.697904450960577,5.037363408511542
ENSMUSG00000040380-S,1.8211927228012197,,2.621845004245046,0.8317341290971091,1.7604201977081373
ENSMUSG00000040447-S,4.227750747369705,,4.52947317960316,4.411114985683685,4.5899845187509225
ENSMUSG00000040659-S,6.336507724002191,,7.926605997485815,6.515061421415712,7.172708248133311
ENSMUSG00000040759-S,6.861518922793284,,6.344765261814278,6.8631191297174166,6.415739489433844
ENSMUSG00000040850-S,5.949758404927755,,5.794405462035118,5.008672317596116,5.510183427598411
ENSMUSG00000040875-S,1.8211927228012197,,2.227249844054192,2.2925218004081125,1.7604201977081373
ENSMUSG00000040913-S,5.54248032288637,,4.893496281527594,5.043202788113192,5.037363408511542
ENSMUSG00000041236-S,7.35013354532427,,7.387541105033168,7.343616139987425,7.227375253806388
ENSMUSG00000041261-S,3.302766897125048,,4.104553358958403,4.052804403939795,3.0292591548347514
ENSMUSG00000041272-S,4.494205908083582,,5.653754597187683,3.5750131237805056,4.726376620298633
ENSMUSG00000041298-S,6.1688125435255605,,7.116052393342165,6.477678110350122,7.47337799720966
ENSMUSG00000041354-S,4.126746549432686,,4.52947317960316,4.301277600843022,3.938079422653366
ENSMUSG00000041380-S,6.358948830400547,,6.103419148532566,6.00373036413272,6.2892989145937195
ENSMUSG00000041439-S,6.143181886891341,,6.396131427329469,5.894496643252485,6.40222548030443
ENSMUSG00000041488-S,5.502722477462356,,5.0298365378369825,3.666455701973876,3.6021539842484165
ENSMUSG00000041515-S,3.900676263966144,,4.482716089351869,4.119048361420754,4.146962688160749
ENSMUSG00000041528-S,5.137724218345812,,5.061999384226845,4.861639986891392,5.432539647915318
ENSMUSG00000041608-S,4.85155189802365,,4.702677302321721,4.740613166023327,4.890233365105016
ENSMUSG00000041710-S,2.601093752360736,,3.0643329050026566,0.0,1.374053800136395
ENSMUSG00000041712-S,5.5811718403126225,,4.742913686803112,5.0769260645507375,5.001963544318842
ENSMUSG00000041911-S,3.302766897125048,,4.384394485319665,3.477380039340968,3.504348456188822
ENSMUSG00000041992-S,6.604098384334493,,6.670980617545428,6.1215223784668105,6.415739489433844
ENSMUSG00000042063-S,3.900676263966144,,4.82016874224802,3.910427770373536,4.385412561266791
ENSMUSG00000042202-S,5.2379887750302405,,4.661286461214416,5.043202788113192,5.071915417616783
ENSMUSG00000042203-S,5.2379887750302405,,5.450086278394862,5.234643158481114,5.865701828822003
ENSMUSG00000042216-S,6.358948830400547,,6.874846263024498,6.289143197045673,7.591211295342789
ENSMUSG00000042258-S,5.6188527379130795,,4.702677302321721,5.5548829709304925,5.607607214433364
ENSMUSG00000042312-S,6.6227648005812485,,6.781349214624646,6.77340902595375,6.415739489433844
ENSMUSG00000042350-S,7.643120083081221,,7.3811816264293055,7.751218964942522,7.775452696621519
ENSMUSG00000042359-S,6.445377370644526,,5.957170068987951,5.647569995832419,5.405701180749388
ENSMUSG00000042417-S,3.772800031732916,,3.7570422747133985,3.910427770373536,2.7163160285157155
ENSMUSG00000042510-S,3.477020443035322,,1.6823230436248209,2.6912581186573203,0.844778749955519
ENSMUSG00000042644-S,2.601093752360736,,1.980363283128017,1.3559447911127125,1.374053800136395
ENSMUSG00000042854-S,2.601093752360736,,3.590627906247127,2.50562182692906,4.210370508285599
ENSMUSG00000042942-S,0.0,,3.0643329050026566,0.0,2.7163160285157155
ENSMUSG00000043207-S,5.084851704201086,,5.4006383529656246,5.008672317596116,5.170867611962996
ENSMUSG00000043311-S,2.601093752360736,,3.833564065919452,4.653892740450859,4.636895955907879
ENSMUSG00000043388-S,7.0526123460874715,,7.329270674282138,7.377840133455843,8.488624189503724
ENSMUSG00000043909-S,6.729959032042752,,7.205155287782785,6.77340902595375,7.386826138869594
ENSMUSG00000043924-S,1.180699185220324,,2.437996420839007,2.6912581186573203,1.7604201977081373
ENSMUSG00000044149-S,3.477020443035322,,3.2983317563394525,3.910427770373536,3.938079422653366
ENSMUSG00000044348-S,4.719036769414442,,4.893496281527594,4.243055062085477,3.504348456188822
ENSMUSG00000044499-S,4.85155189802365,,4.27887886248814,4.411114985683685,4.726376620298633
ENSMUSG00000044501-S,1.8211927228012197,,2.621845004245046,2.8557082036670782,1.7604201977081373
ENSMUSG00000044700-S,6.336507724002191,,5.922553893543434,6.072212843400301,5.805376591588491
ENSMUSG00000044709-S,4.410738485203573,,4.27887886248814,4.513178437135883,4.682329912363613
ENSMUSG00000045027-S,0.0,,2.227249844054192,1.7396192879436825,2.064868084993182
ENSMUSG00000045062-S,4.9135079764576135,,4.574762344175038,4.119048361420754,4.850980662711481
ENSMUSG00000045107-S,3.302766897125048,,2.621845004245046,4.052804403939795,4.01111958227159
ENSMUSG00000045136-S,9.93145689166949,,9.725332643845652,9.607410979112322,10.532881946922798
ENSMUSG00000045237-S,1.180699185220324,,2.931367198849669,2.0423970085452283,2.530054697354864
ENSMUSG00000045275-S,0.0,,1.980363283128017,2.8557082036670782,0.844778749955519
ENSMUSG00000045573-S,11.542646357177002,,10.835052902584604,11.705046685213825,11.71222556953431
ENSMUSG00000045672-S,3.477020443035322,,3.40248398294994,4.119048361420754,3.7798720476427223
ENSMUSG00000045690-S,4.227750747369705,,4.165032775462761,3.5750131237805056,4.890233365105016
ENSMUSG00000045731-S,1.8211927228012197,,2.227249844054192,0.8317341290971091,1.374053800136395
ENSMUSG00000045763-S,8.958876065812714,,10.608131824995644,8.877908963369874,9.711461759183756
ENSMUSG00000045838-S,1.8211927228012197,,2.437996420839007,2.2925218004081125,1.374053800136395
ENSMUSG00000045948-S,6.5851872819356245,,6.701928128765658,6.515061421415712,7.447295407064414
ENSMUSG00000046109-S,1.180699185220324,,0.7961666898816678,1.7396192879436825,2.7163160285157155
ENSMUSG00000046178-S,5.3764194359494795,,4.857298337061463,5.376804998845362,5.001963544318842
ENSMUSG00000046191-S,4.719036769414442,,4.482716089351869,4.182383674658582,3.7798720476427223
ENSMUSG00000046280-S,4.018135034750366,,3.0643329050026566,3.003316355234346,2.3161302344029373
ENSMUSG00000046410-S,2.601093752360736,,1.6823230436248209,1.3559447911127125,3.1634814935907785
ENSMUSG00000046480-S,10.302408908131753,,9.580197048895078,10.576592488904346,9.05291813947055
ENSMUSG00000046561-S,0.0,,0.7961666898816678,0.0,0.0
ENSMUSG00000046613-S,2.8746652925573732,,4.78205827031907,2.6912581186573203,4.146962688160749
ENSMUSG00000046785-S,7.066314642608516,,7.108372656939837,6.9106485561106465,7.420732572144345
ENSMUSG00000047085-S,7.661291504772604,,7.004627526409607,7.620114837701956,7.626507440919723
ENSMUSG00000047181-S,3.302766897125048,,3.590627906247127,3.833598373092191,4.5899845187509225
ENSMUSG00000047307-S,2.601093752360736,,2.437996420839007,1.7396192879436825,0.844778749955519
ENSMUSG00000047368-S,6.358948830400547,,6.344765261814278,6.1534833139002725,5.904561354476428
ENSMUSG00000047539-S,5.858204226246697,,5.0298365378369825,5.376804998845362,5.405701180749388
ENSMUSG00000047591-S,4.786815279692381,,3.9754120556404127,4.697904450960577,5.001963544318842
ENSMUSG00000047604-S,4.410738485203573,,3.0643329050026566,4.513178437135883,3.6021539842484165
ENSMUSG00000047649-S,5.979029323457224,,6.30500367597236,6.072212843400301,6.182673160277125
ENSMUSG00000047935-S,3.632477045653246,,3.4996207884379342,3.2597331424017173,4.682329912363613
ENSMUSG00000048038-S,5.084851704201086,,4.384394485319665,4.513178437135883,4.385412561266791
ENSMUSG00000048126-S,1.180699185220324,,0.7961666898816678,0.0,2.064868084993182
ENSMUSG00000048186-S,4.494205908083582,,3.0643329050026566,2.8557082036670782,2.064868084993182
ENSMUSG00000048218-S,3.104537396339549,,2.437996420839007,3.137214032327693,4.210370508285599
ENSMUSG00000048240-S,10.578222218688484,,9.584355242343849,10.439109765517,9.696315306480924
ENSMUSG00000048546-S,5.949758404927755,,5.5890080603669805,5.776309771665048,4.5899845187509225
ENSMUSG00000048782-S,3.477020443035322,,2.78489101335991,2.2925218004081125,2.064868084993182
ENSMUSG00000049047-S,4.018135034750366,,4.27887886248814,4.822415080282418,4.329392232052772
ENSMUSG00000049124-S,1.180699185220324,,1.6823230436248209,1.3559447911127125,1.374053800136395
ENSMUSG00000049411-S,1.180699185220324,,3.590627906247127,1.7396192879436825,2.8812562906739636
ENSMUSG00000049643-S,4.410738485203573,,4.384394485319665,5.1736093704529384,4.5899845187509225
ENSMUSG00000050002-S,5.2379887750302405,,4.82016874224802,5.234643158481114,5.378353958034683
ENSMUSG00000050240-S,4.32214388552565,,4.384394485319665,3.5750131237805056,5.037363408511542
ENSMUSG00000050272-S,4.85155189802365,,5.832195376757626,5.142096076148488,5.865701828822003
ENSMUSG00000050315-S,4.126746549432686,,3.7570422747133985,5.142096076148488,3.693747807420617
ENSMUSG00000050473-S,6.506961982803897,,5.610914692271953,6.33166922302089,6.4814735130430385
ENSMUSG00000050549-S,5.285623542169431,,3.9754120556404127,4.3572413286157525,3.861143296675938
ENSMUSG00000050552-S,6.877151378389819,,6.9017533223084016,7.061452032637736,7.280046206838941
ENSMUSG00000050555-S,1.180699185220324,,0.0,0.0,0.844778749955519
ENSMUSG00000050587-S,7.670292101042423,,8.414703236742008,7.364247804466515,8.326374187737828
ENSMUSG00000050711-S,8.611743247513745,,8.649779643492904,8.686384795913622,9.061540841052729
ENSMUSG00000050973-S,3.632477045653246,,3.0643329050026566,2.2925218004081125,4.080639405811446
ENSMUSG00000051391-S,9.490476041965096,,10.091424800814568,9.663978845171002,10.41250388322513
ENSMUSG00000051451-S,4.018135034750366,,4.384394485319665,4.3572413286157525,4.080639405811446
ENSMUSG00000051615-S,6.747075215445127,,6.60701985943928,6.26007974409295,5.923605526675563
ENSMUSG00000051674-S,5.979029323457224,,6.024006089490384,6.575291692396467,6.213950191180273
ENSMUSG00000051811-S,3.302766897125048,,3.0643329050026566,3.137214032327693,3.6021539842484165
ENSMUSG00000052085-S,1.180699185220324,,1.980363283128017,2.2925218004081125,0.0
ENSMUSG00000052336-S,7.132939450992261,,7.509175994264389,7.258005996254737,7.837015646645918
ENSMUSG00000052516-S,7.5290055825318944,,6.945512415737117,7.205615435015789,6.4423935705336195
ENSMUSG00000052593-S,4.410738485203573,,4.52947317960316,4.301277600843022,5.233255650477007
ENSMUSG00000052712-S,6.381046205533428,,6.573943692536665,6.413135910178806,6.303907677710908
ENSMUSG00000052848-S,2.26321423360707,,3.40248398294994,2.50562182692906,2.530054697354864
ENSMUSG00000053063-S,4.786815279692381,,2.621845004245046,3.5750131237805056,2.7163160285157155
ENSMUSG00000053192-S,8.25887095130925,,8.795590368317573,8.622165370952931,8.954502678201532
ENSMUSG00000053519-S,4.227750747369705,,4.78205827031907,2.6912581186573203,5.322053437870917
ENSMUSG00000053916-S,2.601093752360736,,3.0643329050026566,2.6912581186573203,3.0292591548347514
ENSMUSG00000053980-S,1.8211927228012197,,2.437996420839007,0.0,0.0
ENSMUSG00000054162-S,8.955198433920973,,8.122327771910578,8.880298392923171,7.905668525074882
ENSMUSG00000054484-S,4.647916342178991,,4.52947317960316,3.477380039340968,4.439338668484022
ENSMUSG00000054690-S,3.104537396339549,,2.78489101335991,3.3726570172805195,2.7163160285157155
ENSMUSG00000055003-S,8.35131291452397,,8.099266164085142,7.932539062140812,8.368679171383057
ENSMUSG00000055200-S,4.32214388552565,,3.2983317563394525,2.2925218004081125,3.938079422653366
ENSMUSG00000055202-S,2.26321423360707,,4.041427218328107,3.2597331424017173,3.861143296675938
ENSMUSG00000055214-S,5.6188527379130795,,5.212863948805189,6.072212843400301,6.08455544348617
ENSMUSG00000055692-S,8.081310237099284,,8.079762492924843,8.11404159376293,7.886384499585507
ENSMUSG00000055760-S,3.104537396339549,,2.621845004245046,3.3726570172805195,2.3161302344029373
ENSMUSG00000056004-S,4.972912567716291,,5.212863948805189,4.937028443001285,5.138631812343161
ENSMUSG00000056069-S,4.786815279692381,,5.241232090841001,5.455829865423693,4.491321505236016
ENSMUSG00000056076-S,6.89261626119589,,6.469906292481664,6.8631191297174166,6.728880844269653
ENSMUSG00000056091-S,7.831427813810407,,8.90381021953134,8.293284020276776,9.405964477426153
ENSMUSG00000056145-S,3.302766897125048,,5.4006383529656246,4.653892740450859,4.541496268329317
ENSMUSG00000056687-S,1.180699185220324,,3.4996207884379342,2.6912581186573203,2.530054697354864
ENSMUSG00000057098-S,6.6227648005812485,,5.5667636511927965,6.1215223784668105,5.105659237083043
ENSMUSG00000057132-S,0.0,,1.6823230436248209,1.3559447911127125,1.374053800136395
ENSMUSG00000057457-S,3.302766897125048,,2.621845004245046,2.0423970085452283,0.0
ENSMUSG00000057969-S,2.8746652925573732,,2.227249844054192,0.0,2.7163160285157155
ENSMUSG00000058153-S,3.632477045653246,,5.375263962380294,4.740613166023327,6.050308441987805
ENSMUSG00000058260-S,6.506961982803897,,5.241232090841001,6.539456092607681,5.923605526675563
ENSMUSG00000058498-S,4.126746549432686,,3.590627906247127,4.052804403939795,2.3161302344029373
ENSMUSG00000058669-S,2.8746652925573732,,1.3062401618500368,4.463049083034355,2.3161302344029373
ENSMUSG00000059534-S,8.44868699778321,,8.40533217001127,8.710756031835926,8.883332633154174
ENSMUSG00000059751-S,0.0,,0.0,1.3559447911127125,0.0
ENSMUSG00000059923-S,7.548662558544431,,7.841150012840726,7.856909379279857,8.110677982373788
ENSMUSG00000060862-S,2.8746652925573732,,2.931367198849669,1.7396192879436825,4.146962688160749
ENSMUSG00000060969-S,1.180699185220324,,0.0,1.7396192879436825,0.0
ENSMUSG00000060988-S,6.0358475945364605,,5.3231357424814165,6.245325468504068,5.037363408511542
ENSMUSG00000061207-S,6.0358475945364605,,6.528628413532284,6.169202125257103,6.696030254346032
ENSMUSG00000061666-S,6.267010738107423,,6.26411510186608,5.9132863207311885,6.303907677710908
ENSMUSG00000062175-S,1.8211927228012197,,0.0,0.0,0.844778749955519
ENSMUSG00000062198-S,4.786815279692381,,4.482716089351869,3.3726570172805195,2.8812562906739636
ENSMUSG00000062296-S,8.276661043544644,,7.845776147699061,7.397991489749264,6.4814735130430385
ENSMUSG00000062580-S,7.024811040959071,,7.077238257005846,7.159143404239441,7.030625812125136
ENSMUSG00000062761-S,5.084851704201086,,6.00758511738845,5.455829865423693,6.40222548030443
ENSMUSG00000062778-S,3.302766897125048,,1.6823230436248209,3.137214032327693,2.8812562906739636
ENSMUSG00000062867-S,5.188727345909205,,4.384394485319665,4.411114985683685,4.890233365105016
ENSMUSG00000062908-S,5.54248032288637,,4.857298337061463,5.796692242859528,5.001963544318842
ENSMUSG00000062961-S,4.719036769414442,,5.957170068987951,4.653892740450859,5.97927461365253
ENSMUSG00000063019-S,6.290550342652554,,5.939965801791251,5.69177208362667,6.198396433203197
ENSMUSG00000063450-S,4.972912567716291,,4.574762344175038,2.50562182692906,3.2862723427425684
ENSMUSG00000063511-S,9.323656912678622,,8.949658426596546,8.708068358739311,8.218703716675588
ENSMUSG00000063576-S,6.381046205533428,,6.26411510186608,6.8631191297174166,6.198396433203197
ENSMUSG00000063600-S,3.302766897125048,,2.931367198849669,2.0423970085452283,3.0292591548347514
ENSMUSG00000063873-S,7.171485783444062,,7.956856107061294,7.174800999966597,7.486244566525644
ENSMUSG00000063875-S,1.180699185220324,,2.227249844054192,1.3559447911127125,1.7604201977081373
ENSMUSG00000064325-S,5.826347869764584,,5.1242507690217325,4.973295061718629,4.439338668484022
ENSMUSG00000064341-S,14.963761471383128,,15.066618973017684,15.123689672323067,15.055613324067536
ENSMUSG00000064370-S,15.175971595125134,,15.580055157657103,15.402570208776083,15.389601449819043
ENSMUSG00000065979-S,5.54248032288637,,5.715719760191584,6.00373036413272,5.233255650477007
ENSMUSG00000066090-S,1.180699185220324,,1.980363283128017,0.8317341290971091,2.064868084993182
ENSMUSG00000066129-S,5.5811718403126225,,6.528628413532284,5.796692242859528,5.535163059702323
ENSMUSG00000066233-S,3.104537396339549,,4.384394485319665,4.243055062085477,4.5899845187509225
ENSMUSG00000066705-S,5.858204226246697,,7.069348527542488,5.9318344241185725,7.896058732485889
ENSMUSG00000066842-S,3.104537396339549,,2.931367198849669,0.0,1.374053800136395
ENSMUSG00000066880-S,5.826347869764584,,6.118790365027386,5.734660046576275,5.825766565203651
ENSMUSG00000067071-S,2.8746652925573732,,4.104553358958403,4.301277600843022,4.682329912363613
ENSMUSG00000067795-S,0.0,,1.980363283128017,0.8317341290971091,0.0
ENSMUSG00000067873-S,6.402810220633256,,6.585053553323011,6.752692547257997,6.1507030018326585
ENSMUSG00000068015-S,3.772800031732916,,4.742913686803112,3.752446213259583,4.329392232052772
ENSMUSG00000068079-S,1.180699185220324,,1.980363283128017,0.0,1.374053800136395
ENSMUSG00000068267-S,7.066314642608516,,6.910611967713979,7.4112710339284975,6.580789576979406
ENSMUSG00000068696-S,10.413784394967877,,9.589880922501782,10.54982395610687,9.76787372711803
ENSMUSG00000069237-S,7.0526123460874715,,7.146368946018065,7.294296219534942,7.486244566525644
ENSMUSG00000069581-S,2.26321423360707,,1.6823230436248209,2.0423970085452283,0.844778749955519
ENSMUSG00000070462-S,7.863173419525674,,6.596078513028592,7.777094594425459,7.330861750470642
ENSMUSG00000070639-S,6.267010738107423,,6.712098178861441,6.872751108926612,6.506950816387344
ENSMUSG00000070687-S,4.786815279692381,,3.40248398294994,4.782093824406085,4.329392232052772
ENSMUSG00000071042-S,4.126746549432686,,4.104553358958403,4.119048361420754,3.1634814935907785
ENSMUSG00000071253-S,4.85155189802365,,5.0298365378369825,4.243055062085477,3.7798720476427223
ENSMUSG00000071266-S,1.8211927228012197,,1.6823230436248209,1.3559447911127125,2.3161302344029373
ENSMUSG00000071456-S,3.477020443035322,,4.041427218328107,4.119048361420754,3.504348456188822
ENSMUSG00000071632-S,5.419760731891743,,5.832195376757626,5.0769260645507375,6.015228669335165
ENSMUSG00000071661-S,1.8211927228012197,,1.980363283128017,3.2597331424017173,2.064868084993182
ENSMUSG00000071757-S,3.104537396339549,,3.0643329050026566,3.003316355234346,4.271108427408695
ENSMUSG00000072487-S,0.0,,2.78489101335991,0.8317341290971091,0.0
ENSMUSG00000073424-S,4.227750747369705,,4.165032775462761,4.119048361420754,4.491321505236016
ENSMUSG00000073427-S,4.126746549432686,,4.482716089351869,3.003316355234346,3.399426999157458
ENSMUSG00000073805-S,2.8746652925573732,,2.227249844054192,1.7396192879436825,3.504348456188822
ENSMUSG00000073968-S,3.104537396339549,,1.980363283128017,2.50562182692906,1.7604201977081373
ENSMUSG00000074238-S,7.361292254375042,,7.44354907896282,7.450391646002082,7.3020438201924
ENSMUSG00000074406-S,4.32214388552565,,4.384394485319665,4.182383674658582,5.233255650477007
ENSMUSG00000074461-S,4.126746549432686,,4.618672954614729,4.608496019872126,4.965673165836876
ENSMUSG00000074591-S,2.26321423360707,,1.6823230436248209,2.50562182692906,1.7604201977081373
ENSMUSG00000074682-S,5.331735650224338,,5.093460814098599,5.2044489977384245,5.405701180749388
ENSMUSG00000074886-S,5.54248032288637,,5.154397313375428,6.072212843400301,5.7424184034617936
ENSMUSG00000075514-S,2.8746652925573732,,3.186071338753683,3.137214032327693,2.064868084993182
ENSMUSG00000076435-S,3.477020443035322,,2.227249844054192,2.50562182692906,3.504348456188822
ENSMUSG00000078307-S,9.39053909557454,,9.08494142099757,9.499639283715522,8.679967356132789
ENSMUSG00000078572-S,6.829736485821246,,6.971144626773269,6.76308797124904,7.030625812125136
ENSMUSG00000078627-S,2.601093752360736,,1.3062401618500368,1.7396192879436825,0.844778749955519
ENSMUSG00000078676-S,6.445377370644526,,6.277873790904034,6.793832231259857,6.4423935705336195
ENSMUSG00000078695-S,5.6913846556423415,,6.149050035600199,5.1098790248754815,5.885262424660063
ENSMUSG00000078908-S,5.029967537586857,,4.574762344175038,3.833598373092191,4.541496268329317
ENSMUSG00000079037-S,9.414841587130066,,9.7576046644806,9.355949775324545,9.32053750914664
ENSMUSG00000079056-S,7.171485783444062,,6.856625321031916,7.404646541026969,7.1075849202108135
ENSMUSG00000079434-S,3.772800031732916,,3.676233241294307,3.833598373092191,3.6021539842484165
ENSMUSG00000079469-S,3.302766897125048,,3.9062306980162873,2.50562182692906,3.7798720476427223
ENSMUSG00000080316-S,5.084851704201086,,5.061999384226845,3.5750131237805056,4.080639405811446
ENSMUSG00000082396-S,0.0,,1.3062401618500368,0.0,2.7163160285157155
ENSMUSG00000084291-S,0.0,,0.7961666898816678,0.0,0.844778749955519
ENSMUSG00000085041-S,2.601093752360736,,0.7961666898816678,2.6912581186573203,1.7604201977081373
ENSMUSG00000085287-S,1.180699185220324,,2.621845004245046,1.3559447911127125,1.374053800136395
ENSMUSG00000085396-S,6.193995787680783,,5.610914692271953,5.0769260645507375,4.965673165836876
ENSMUSG00000086022-S,0.0,,2.437996420839007,0.0,0.844778749955519
ENSMUSG00000086290-S,4.9135079764576135,,5.450086278394862,5.734660046576275,5.865701828822003
ENSMUSG00000086324-S,1.180699185220324,,0.0,1.7396192879436825,0.844778749955519
ENSMUSG00000087260-S,5.6913846556423415,,5.715719760191584,5.836613116007251,6.4685641317466684
ENSMUSG00000087461-S,1.8211927228012197,,2.227249844054192,2.2925218004081125,0.844778749955519
ENSMUSG00000087651-S,3.477020443035322,,4.742913686803112,4.653892740450859,4.850980662711481
ENSMUSG00000087674-S,1.8211927228012197,,3.2983317563394525,3.3726570172805195,3.399426999157458
ENSMUSG00000089840-S,0.0,,0.7961666898816678,0.0,0.844778749955519
ENSMUSG00000089997-S,3.632477045653246,,2.931367198849669,2.50562182692906,3.0292591548347514
ENSMUSG00000090015-S,2.8746652925573732,,4.165032775462761,3.2597331424017173,2.3161302344029373
ENSMUSG00000090050-S,2.26321423360707,,2.931367198849669,3.3726570172805195,2.064868084993182
ENSMUSG00000090523-S,0.0,,0.7961666898816678,0.0,0.844778749955519
ENSMUSG00000090935-S,5.7937721747944355,,6.2502239345786075,6.42627741359281,6.37481166330314
ENSMUSG00000091742-S,1.180699185220324,,0.7961666898816678,1.7396192879436825,3.0292591548347514
ENSMUSG00000091780-S,4.410738485203573,,3.676233241294307,3.477380039340968,4.491321505236016
ENSMUSG00000091971-S,1.180699185220324,,1.6823230436248209,3.910427770373536,3.504348456188822
ENSMUSG00000092090-S,3.772800031732916,,3.40248398294994,0.8317341290971091,3.0292591548347514
ENSMUSG00000093677-S,1.8211927228012197,,3.590627906247127,3.910427770373536,2.8812562906739636
ENSMUSG00000093858-S,3.302766897125048,,3.833564065919452,1.3559447911127125,1.7604201977081373
ENSMUSG00000094595-S,1.180699185220324,,3.40248398294994,1.7396192879436825,0.844778749955519
ENSMUSG00000094732-S,1.8211927228012197,,1.6823230436248209,2.0423970085452283,0.844778749955519
ENSMUSG00000096883-S,2.26321423360707,,1.980363283128017,3.137214032327693,4.385412561266791
ENSMUSG00000096974-S,4.972912567716291,,4.742913686803112,5.816790756541362,5.458887943651132
ENSMUSG00000097023-S,4.018135034750366,,5.269053161594472,4.561624278897442,5.001963544318842
ENSMUSG00000097061-S,3.772800031732916,,3.833564065919452,4.411114985683685,4.080639405811446
ENSMUSG00000097063-S,1.180699185220324,,3.40248398294994,2.0423970085452283,3.399426999157458
ENSMUSG00000097333-S,4.573107272288827,,4.104553358958403,4.182383674658582,3.938079422653366
ENSMUSG00000097385-S,4.786815279692381,,4.9632763958356065,3.666455701973876,3.861143296675938
ENSMUSG00000097466-S,3.900676263966144,,3.2983317563394525,4.463049083034355,4.01111958227159
ENSMUSG00000097604-S,3.772800031732916,,4.661286461214416,4.653892740450859,4.8106300348484785
ENSMUSG00000097652-S,1.8211927228012197,,4.43439271895589,4.243055062085477,3.7798720476427223
ENSMUSG00000097806-S,1.8211927228012197,,1.6823230436248209,1.3559447911127125,2.530054697354864
ENSMUSG00000098113-S,1.8211927228012197,,0.0,2.6912581186573203,0.0
ENSMUSG00000098449-S,2.26321423360707,,2.78489101335991,3.666455701973876,2.3161302344029373
ENSMUSG00000098729-S,0.0,,0.0,1.7396192879436825,0.844778749955519
ENSMUSG00000099471-S,0.0,,0.7961666898816678,0.0,0.0
ENSMUSG00000099625-S,1.180699185220324,,1.3062401618500368,0.0,0.0
ENSMUSG00000100680-S,0.0,,2.621845004245046,1.7396192879436825,2.064868084993182
ENSMUSG00000100764-S,2.601093752360736,,1.3062401618500368,0.8317341290971091,0.0
ENSMUSG00000102543-S,4.227750747369705,,4.661286461214416,3.137214032327693,3.399426999157458
ENSMUSG00000102556-S,2.26321423360707,,1.980363283128017,1.7396192879436825,1.7604201977081373
ENSMUSG00000103038-S,3.772800031732916,,4.82016874224802,3.5750131237805056,2.7163160285157155
ENSMUSG00000103427-S,2.26321423360707,,1.6823230436248209,0.0,0.844778749955519
ENSMUSG00000103567-S,2.8746652925573732,,1.3062401618500368,0.8317341290971091,0.0
ENSMUSG00000103731-S,1.8211927228012197,,1.6823230436248209,0.8317341290971091,2.7163160285157155
ENSMUSG00000103793-S,4.018135034750366,,4.041427218328107,3.3726570172805195,4.439338668484022
ENSMUSG00000103916-S,0.0,,2.437996420839007,0.0,0.844778749955519
ENSMUSG00000103983-S,4.786815279692381,,4.574762344175038,3.137214032327693,2.530054697354864
ENSMUSG00000104204-S,0.0,,2.227249844054192,0.0,1.7604201977081373
ENSMUSG00000104508-S,2.601093752360736,,2.78489101335991,1.3559447911127125,3.0292591548347514
ENSMUSG00000104586-S,0.0,,1.6823230436248209,0.0,0.0
ENSMUSG00000104735-S,1.180699185220324,,1.980363283128017,1.3559447911127125,0.0
ENSMUSG00000105137-S,1.8211927228012197,,1.980363283128017,1.7396192879436825,0.0
ENSMUSG00000105434-S,4.32214388552565,,3.9062306980162873,2.50562182692906,1.7604201977081373
ENSMUSG00000105584-S,0.0,,2.931367198849669,0.0,0.0
ENSMUSG00000105601-S,1.180699185220324,,1.980363283128017,0.8317341290971091,0.0
ENSMUSG00000106019-S,2.26321423360707,,3.9062306980162873,2.6912581186573203,2.8812562906739636
ENSMUSG00000106032-S,1.8211927228012197,,2.931367198849669,2.0423970085452283,3.0292591548347514
ENSMUSG00000106047-S,2.601093752360736,,3.4996207884379342,2.2925218004081125,0.0
ENSMUSG00000106093-S,4.227750747369705,,3.833564065919452,2.2925218004081125,1.374053800136395
ENSMUSG00000106767-S,0.0,,2.227249844054192,0.8317341290971091,1.374053800136395
ENSMUSG00000107278-S,0.0,,0.0,0.8317341290971091,0.844778749955519
